date,delta_1d,ret_1d_raw,delta_zero,delta_zero_lag1,delta_zero_lag2,delta_zero_lag3,delta_zero_roll5_rate,delta_zero_roll20_rate,delta_zero_streak_lag1,days_since_delta_zero,zero_to_nonzero_lag1,nonzero_to_zero_lag1,delta_lag1,delta_lag2,delta_lag3,delta_roll5_mean,delta_roll5_std,delta_roll20_mean,delta_roll20_std,ret_lag1_raw,ret_lag2_raw,ret_lag3_raw,ret_roll5_mean_raw,ret_roll5_std_raw,ret_roll20_mean_raw,ret_roll20_std_raw,prev_vintage_transition
2015-04-09,0.0,0.0,1,,,,,,0.0,,0.0,0.0,,,,,,,,,,,,,,,0
2015-04-10,0.0,0.0,1,1.0,,,,,1.0,0.0,0.0,0.0,0.0,,,,,,,0.0,,,,,,,0
2015-04-13,0.0,0.0,1,1.0,1.0,,,,2.0,0.0,0.0,0.0,0.0,0.0,,,,,,0.0,0.0,,,,,,0
2015-04-14,0.0,0.0,1,1.0,1.0,1.0,1.0,,3.0,0.0,0.0,0.0,0.0,0.0,0.0,0.0,0.0,,,0.0,0.0,0.0,0.0,0.0,,,0
2015-04-15,0.0,0.0,1,1.0,1.0,1.0,1.0,,4.0,0.0,0.0,0.0,0.0,0.0,0.0,0.0,0.0,,,0.0,0.0,0.0,0.0,0.0,,,0
2015-04-16,0.0,0.0,1,1.0,1.0,1.0,1.0,,5.0,0.0,0.0,0.0,0.0,0.0,0.0,0.0,0.0,,,0.0,0.0,0.0,0.0,0.0,,,0
2015-04-17,0.0,0.0,1,1.0,1.0,1.0,1.0,,6.0,0.0,0.0,0.0,0.0,0.0,0.0,0.0,0.0,,,0.0,0.0,0.0,0.0,0.0,,,0
2015-04-20,150.0,0.014851485148514865,0,1.0,1.0,1.0,1.0,,7.0,0.0,0.0,0.0,0.0,0.0,0.0,0.0,0.0,,,0.0,0.0,0.0,0.0,0.0,,,0
2015-04-21,0.0,0.0,1,0.0,1.0,1.0,0.8,,0.0,1.0,1.0,0.0,150.0,0.0,0.0,30.0,67.08203932499369,,,0.014851485148514865,0.0,0.0,0.002970297029702973,0.006641786071781559,,,0
2015-04-22,0.0,0.0,1,1.0,0.0,1.0,0.8,,1.0,0.0,0.0,1.0,0.0,150.0,0.0,30.0,67.08203932499369,,,0.0,0.014851485148514865,0.0,0.002970297029702973,0.006641786071781559,,,0
2015-04-23,50.0,0.004878048780487809,0,1.0,1.0,0.0,0.8,0.9,2.0,0.0,0.0,0.0,0.0,0.0,150.0,30.0,67.08203932499369,15.0,47.43416490252569,0.0,0.0,0.014851485148514865,0.002970297029702973,0.006641786071781559,0.0014851485148514865,0.004696451970547102,0
2015-04-24,0.0,0.0,1,0.0,1.0,1.0,0.6,0.8181818181818182,0.0,1.0,1.0,0.0,50.0,0.0,0.0,40.0,65.19202405202648,18.181818181818183,46.22081388685877,0.004878048780487809,0.0,0.0,0.003945906785800535,0.0064519584083098875,0.0017935939935456975,0.004571380507799159,0
2015-04-27,0.0,0.0,1,1.0,0.0,1.0,0.6,0.8333333333333334,1.0,0.0,0.0,1.0,0.0,50.0,0.0,40.0,65.19202405202648,16.666666666666668,44.38126822992973,0.0,0.004878048780487809,0.0,0.003945906785800535,0.0064519584083098875,0.0016441278274168896,0.004389285459209808,0
2015-04-28,0.0,0.0,1,1.0,1.0,0.0,0.8,0.8461538461538461,2.0,0.0,0.0,0.0,0.0,0.0,50.0,10.0,22.360679774997898,15.384615384615385,42.74252071325552,0.0,0.0,0.004878048780487809,0.0009756097560975618,0.0021815297341461373,0.0015176564560771288,0.004227088403762024,0
2015-04-29,0.0,0.0,1,1.0,1.0,1.0,0.8,0.8571428571428571,3.0,0.0,0.0,0.0,0.0,0.0,0.0,10.0,22.360679774997898,14.285714285714286,41.271015292777854,0.0,0.0,0.0,0.0009756097560975618,0.0021815297341461373,0.001409252423500191,0.004081459745628347,0
2015-04-30,0.0,0.0,1,1.0,1.0,1.0,0.8,0.8666666666666667,4.0,0.0,0.0,0.0,0.0,0.0,0.0,10.0,22.360679774997898,13.333333333333334,39.94043183589901,0.0,0.0,0.0,0.0009756097560975618,0.0021815297341461373,0.0013153022619335115,0.003949789057818377,0
2015-05-04,0.0,0.0,1,1.0,1.0,1.0,1.0,0.875,5.0,0.0,0.0,0.0,0.0,0.0,0.0,0.0,0.0,12.5,38.72983346207417,0.0,0.0,0.0,0.0,0.0,0.0012330958705626671,0.0038300005587936664,0
2015-05-06,0.0,0.0,1,1.0,1.0,1.0,1.0,0.8823529411764706,6.0,0.0,0.0,0.0,0.0,0.0,0.0,0.0,0.0,11.764705882352942,37.62234942784127,0.0,0.0,0.0,0.0,0.0,0.0011605608193530985,0.003720422077527613,0
2015-05-07,0.0,0.0,1,1.0,1.0,1.0,1.0,0.8888888888888888,7.0,0.0,0.0,0.0,0.0,0.0,0.0,0.0,0.0,11.11111111111111,36.604224907047985,0.0,0.0,0.0,0.0,0.0,0.0010960852182779262,0.003619690598723497,0
2015-05-08,0.0,0.0,1,1.0,1.0,1.0,1.0,0.8947368421052632,8.0,0.0,0.0,0.0,0.0,0.0,0.0,0.0,0.0,10.526315789473685,35.66412517588793,0.0,0.0,0.0,0.0,0.0,0.001038396522579088,0.00352668314108781,0
2015-05-11,0.0,0.0,1,1.0,1.0,1.0,1.0,0.9,9.0,0.0,0.0,0.0,0.0,0.0,0.0,0.0,0.0,10.0,34.79261869692297,0.0,0.0,0.0,0.0,0.0,0.0009864766964501337,0.0034404654333893532,0
2015-05-12,0.0,0.0,1,1.0,1.0,1.0,1.0,0.9,10.0,0.0,0.0,0.0,0.0,0.0,0.0,0.0,0.0,10.0,34.79261869692297,0.0,0.0,0.0,0.0,0.0,0.0009864766964501337,0.0034404654333893532,0
2015-05-13,0.0,0.0,1,1.0,1.0,1.0,1.0,0.9,11.0,0.0,0.0,0.0,0.0,0.0,0.0,0.0,0.0,10.0,34.79261869692297,0.0,0.0,0.0,0.0,0.0,0.0009864766964501337,0.0034404654333893532,0
2015-05-14,0.0,0.0,1,1.0,1.0,1.0,1.0,0.9,12.0,0.0,0.0,0.0,0.0,0.0,0.0,0.0,0.0,10.0,34.79261869692297,0.0,0.0,0.0,0.0,0.0,0.0009864766964501337,0.0034404654333893532,0
2015-05-15,0.0,0.0,1,1.0,1.0,1.0,1.0,0.9,13.0,0.0,0.0,0.0,0.0,0.0,0.0,0.0,0.0,10.0,34.79261869692297,0.0,0.0,0.0,0.0,0.0,0.0009864766964501337,0.0034404654333893532,0
2015-05-18,0.0,0.0,1,1.0,1.0,1.0,1.0,0.9,14.0,0.0,0.0,0.0,0.0,0.0,0.0,0.0,0.0,10.0,34.79261869692297,0.0,0.0,0.0,0.0,0.0,0.0009864766964501337,0.0034404654333893532,0
2015-05-19,0.0,0.0,1,1.0,1.0,1.0,1.0,0.9,15.0,0.0,0.0,0.0,0.0,0.0,0.0,0.0,0.0,10.0,34.79261869692297,0.0,0.0,0.0,0.0,0.0,0.0009864766964501337,0.0034404654333893532,0
2015-05-20,0.0,0.0,1,1.0,1.0,1.0,1.0,0.9,16.0,0.0,0.0,0.0,0.0,0.0,0.0,0.0,0.0,10.0,34.79261869692297,0.0,0.0,0.0,0.0,0.0,0.0009864766964501337,0.0034404654333893532,0
2015-05-21,0.0,0.0,1,1.0,1.0,1.0,1.0,0.95,17.0,0.0,0.0,0.0,0.0,0.0,0.0,0.0,0.0,2.5,11.18033988749895,0.0,0.0,0.0,0.0,0.0,0.00024390243902439046,0.001090764867073069,0
2015-05-22,0.0,0.0,1,1.0,1.0,1.0,1.0,0.95,18.0,0.0,0.0,0.0,0.0,0.0,0.0,0.0,0.0,2.5,11.18033988749895,0.0,0.0,0.0,0.0,0.0,0.00024390243902439046,0.001090764867073069,0
2015-05-26,0.0,0.0,1,1.0,1.0,1.0,1.0,0.95,19.0,0.0,0.0,0.0,0.0,0.0,0.0,0.0,0.0,2.5,11.18033988749895,0.0,0.0,0.0,0.0,0.0,0.00024390243902439046,0.001090764867073069,0
2015-05-27,0.0,0.0,1,1.0,1.0,1.0,1.0,1.0,20.0,0.0,0.0,0.0,0.0,0.0,0.0,0.0,0.0,0.0,0.0,0.0,0.0,0.0,0.0,0.0,0.0,0.0,0
2015-05-28,0.0,0.0,1,1.0,1.0,1.0,1.0,1.0,21.0,0.0,0.0,0.0,0.0,0.0,0.0,0.0,0.0,0.0,0.0,0.0,0.0,0.0,0.0,0.0,0.0,0.0,0
2015-05-29,0.0,0.0,1,1.0,1.0,1.0,1.0,1.0,22.0,0.0,0.0,0.0,0.0,0.0,0.0,0.0,0.0,0.0,0.0,0.0,0.0,0.0,0.0,0.0,0.0,0.0,0
2015-06-01,0.0,0.0,1,1.0,1.0,1.0,1.0,1.0,23.0,0.0,0.0,0.0,0.0,0.0,0.0,0.0,0.0,0.0,0.0,0.0,0.0,0.0,0.0,0.0,0.0,0.0,0
2015-06-02,0.0,0.0,1,1.0,1.0,1.0,1.0,1.0,24.0,0.0,0.0,0.0,0.0,0.0,0.0,0.0,0.0,0.0,0.0,0.0,0.0,0.0,0.0,0.0,0.0,0.0,0
2015-06-03,0.0,0.0,1,1.0,1.0,1.0,1.0,1.0,25.0,0.0,0.0,0.0,0.0,0.0,0.0,0.0,0.0,0.0,0.0,0.0,0.0,0.0,0.0,0.0,0.0,0.0,0
2015-06-04,0.0,0.0,1,1.0,1.0,1.0,1.0,1.0,26.0,0.0,0.0,0.0,0.0,0.0,0.0,0.0,0.0,0.0,0.0,0.0,0.0,0.0,0.0,0.0,0.0,0.0,0
2015-06-05,0.0,0.0,1,1.0,1.0,1.0,1.0,1.0,27.0,0.0,0.0,0.0,0.0,0.0,0.0,0.0,0.0,0.0,0.0,0.0,0.0,0.0,0.0,0.0,0.0,0.0,0
2015-06-08,0.0,0.0,1,1.0,1.0,1.0,1.0,1.0,28.0,0.0,0.0,0.0,0.0,0.0,0.0,0.0,0.0,0.0,0.0,0.0,0.0,0.0,0.0,0.0,0.0,0.0,0
2015-06-09,0.0,0.0,1,1.0,1.0,1.0,1.0,1.0,29.0,0.0,0.0,0.0,0.0,0.0,0.0,0.0,0.0,0.0,0.0,0.0,0.0,0.0,0.0,0.0,0.0,0.0,0
2015-06-10,0.0,0.0,1,1.0,1.0,1.0,1.0,1.0,30.0,0.0,0.0,0.0,0.0,0.0,0.0,0.0,0.0,0.0,0.0,0.0,0.0,0.0,0.0,0.0,0.0,0.0,0
2015-06-11,0.0,0.0,1,1.0,1.0,1.0,1.0,1.0,31.0,0.0,0.0,0.0,0.0,0.0,0.0,0.0,0.0,0.0,0.0,0.0,0.0,0.0,0.0,0.0,0.0,0.0,0
2015-06-12,0.0,0.0,1,1.0,1.0,1.0,1.0,1.0,32.0,0.0,0.0,0.0,0.0,0.0,0.0,0.0,0.0,0.0,0.0,0.0,0.0,0.0,0.0,0.0,0.0,0.0,0
2015-06-15,0.0,0.0,1,1.0,1.0,1.0,1.0,1.0,33.0,0.0,0.0,0.0,0.0,0.0,0.0,0.0,0.0,0.0,0.0,0.0,0.0,0.0,0.0,0.0,0.0,0.0,0
2015-06-16,0.0,0.0,1,1.0,1.0,1.0,1.0,1.0,34.0,0.0,0.0,0.0,0.0,0.0,0.0,0.0,0.0,0.0,0.0,0.0,0.0,0.0,0.0,0.0,0.0,0.0,0
2015-06-17,0.0,0.0,1,1.0,1.0,1.0,1.0,1.0,35.0,0.0,0.0,0.0,0.0,0.0,0.0,0.0,0.0,0.0,0.0,0.0,0.0,0.0,0.0,0.0,0.0,0.0,0
2015-06-18,0.0,0.0,1,1.0,1.0,1.0,1.0,1.0,36.0,0.0,0.0,0.0,0.0,0.0,0.0,0.0,0.0,0.0,0.0,0.0,0.0,0.0,0.0,0.0,0.0,0.0,0
2015-06-19,0.0,0.0,1,1.0,1.0,1.0,1.0,1.0,37.0,0.0,0.0,0.0,0.0,0.0,0.0,0.0,0.0,0.0,0.0,0.0,0.0,0.0,0.0,0.0,0.0,0.0,0
2015-06-22,0.0,0.0,1,1.0,1.0,1.0,1.0,1.0,38.0,0.0,0.0,0.0,0.0,0.0,0.0,0.0,0.0,0.0,0.0,0.0,0.0,0.0,0.0,0.0,0.0,0.0,0
2015-06-23,0.0,0.0,1,1.0,1.0,1.0,1.0,1.0,39.0,0.0,0.0,0.0,0.0,0.0,0.0,0.0,0.0,0.0,0.0,0.0,0.0,0.0,0.0,0.0,0.0,0.0,0
2015-06-24,0.0,0.0,1,1.0,1.0,1.0,1.0,1.0,40.0,0.0,0.0,0.0,0.0,0.0,0.0,0.0,0.0,0.0,0.0,0.0,0.0,0.0,0.0,0.0,0.0,0.0,0
2015-06-25,0.0,0.0,1,1.0,1.0,1.0,1.0,1.0,41.0,0.0,0.0,0.0,0.0,0.0,0.0,0.0,0.0,0.0,0.0,0.0,0.0,0.0,0.0,0.0,0.0,0.0,0
2015-06-26,0.0,0.0,1,1.0,1.0,1.0,1.0,1.0,42.0,0.0,0.0,0.0,0.0,0.0,0.0,0.0,0.0,0.0,0.0,0.0,0.0,0.0,0.0,0.0,0.0,0.0,0
2015-06-29,0.0,0.0,1,1.0,1.0,1.0,1.0,1.0,43.0,0.0,0.0,0.0,0.0,0.0,0.0,0.0,0.0,0.0,0.0,0.0,0.0,0.0,0.0,0.0,0.0,0.0,0
2015-06-30,0.0,0.0,1,1.0,1.0,1.0,1.0,1.0,44.0,0.0,0.0,0.0,0.0,0.0,0.0,0.0,0.0,0.0,0.0,0.0,0.0,0.0,0.0,0.0,0.0,0.0,0
2015-07-01,0.0,0.0,1,1.0,1.0,1.0,1.0,1.0,45.0,0.0,0.0,0.0,0.0,0.0,0.0,0.0,0.0,0.0,0.0,0.0,0.0,0.0,0.0,0.0,0.0,0.0,0
2015-07-02,0.0,0.0,1,1.0,1.0,1.0,1.0,1.0,46.0,0.0,0.0,0.0,0.0,0.0,0.0,0.0,0.0,0.0,0.0,0.0,0.0,0.0,0.0,0.0,0.0,0.0,0
2015-07-03,0.0,0.0,1,1.0,1.0,1.0,1.0,1.0,47.0,0.0,0.0,0.0,0.0,0.0,0.0,0.0,0.0,0.0,0.0,0.0,0.0,0.0,0.0,0.0,0.0,0.0,0
2015-07-06,0.0,0.0,1,1.0,1.0,1.0,1.0,1.0,48.0,0.0,0.0,0.0,0.0,0.0,0.0,0.0,0.0,0.0,0.0,0.0,0.0,0.0,0.0,0.0,0.0,0.0,0
2015-07-07,0.0,0.0,1,1.0,1.0,1.0,1.0,1.0,49.0,0.0,0.0,0.0,0.0,0.0,0.0,0.0,0.0,0.0,0.0,0.0,0.0,0.0,0.0,0.0,0.0,0.0,0
2015-07-08,0.0,0.0,1,1.0,1.0,1.0,1.0,1.0,50.0,0.0,0.0,0.0,0.0,0.0,0.0,0.0,0.0,0.0,0.0,0.0,0.0,0.0,0.0,0.0,0.0,0.0,0
2015-07-09,0.0,0.0,1,1.0,1.0,1.0,1.0,1.0,51.0,0.0,0.0,0.0,0.0,0.0,0.0,0.0,0.0,0.0,0.0,0.0,0.0,0.0,0.0,0.0,0.0,0.0,0
2015-07-10,0.0,0.0,1,1.0,1.0,1.0,1.0,1.0,52.0,0.0,0.0,0.0,0.0,0.0,0.0,0.0,0.0,0.0,0.0,0.0,0.0,0.0,0.0,0.0,0.0,0.0,0
2015-07-13,0.0,0.0,1,1.0,1.0,1.0,1.0,1.0,53.0,0.0,0.0,0.0,0.0,0.0,0.0,0.0,0.0,0.0,0.0,0.0,0.0,0.0,0.0,0.0,0.0,0.0,0
2015-07-14,0.0,0.0,1,1.0,1.0,1.0,1.0,1.0,54.0,0.0,0.0,0.0,0.0,0.0,0.0,0.0,0.0,0.0,0.0,0.0,0.0,0.0,0.0,0.0,0.0,0.0,0
2015-07-15,0.0,0.0,1,1.0,1.0,1.0,1.0,1.0,55.0,0.0,0.0,0.0,0.0,0.0,0.0,0.0,0.0,0.0,0.0,0.0,0.0,0.0,0.0,0.0,0.0,0.0,0
2015-07-16,0.0,0.0,1,1.0,1.0,1.0,1.0,1.0,56.0,0.0,0.0,0.0,0.0,0.0,0.0,0.0,0.0,0.0,0.0,0.0,0.0,0.0,0.0,0.0,0.0,0.0,0
2015-07-17,0.0,0.0,1,1.0,1.0,1.0,1.0,1.0,57.0,0.0,0.0,0.0,0.0,0.0,0.0,0.0,0.0,0.0,0.0,0.0,0.0,0.0,0.0,0.0,0.0,0.0,0
2015-07-20,0.0,0.0,1,1.0,1.0,1.0,1.0,1.0,58.0,0.0,0.0,0.0,0.0,0.0,0.0,0.0,0.0,0.0,0.0,0.0,0.0,0.0,0.0,0.0,0.0,0.0,0
2015-07-21,0.0,0.0,1,1.0,1.0,1.0,1.0,1.0,59.0,0.0,0.0,0.0,0.0,0.0,0.0,0.0,0.0,0.0,0.0,0.0,0.0,0.0,0.0,0.0,0.0,0.0,0
2015-07-22,0.0,0.0,1,1.0,1.0,1.0,1.0,1.0,60.0,0.0,0.0,0.0,0.0,0.0,0.0,0.0,0.0,0.0,0.0,0.0,0.0,0.0,0.0,0.0,0.0,0.0,0
2015-07-23,0.0,0.0,1,1.0,1.0,1.0,1.0,1.0,61.0,0.0,0.0,0.0,0.0,0.0,0.0,0.0,0.0,0.0,0.0,0.0,0.0,0.0,0.0,0.0,0.0,0.0,0
2015-07-24,0.0,0.0,1,1.0,1.0,1.0,1.0,1.0,62.0,0.0,0.0,0.0,0.0,0.0,0.0,0.0,0.0,0.0,0.0,0.0,0.0,0.0,0.0,0.0,0.0,0.0,0
2015-07-27,0.0,0.0,1,1.0,1.0,1.0,1.0,1.0,63.0,0.0,0.0,0.0,0.0,0.0,0.0,0.0,0.0,0.0,0.0,0.0,0.0,0.0,0.0,0.0,0.0,0.0,0
2015-07-28,0.0,0.0,1,1.0,1.0,1.0,1.0,1.0,64.0,0.0,0.0,0.0,0.0,0.0,0.0,0.0,0.0,0.0,0.0,0.0,0.0,0.0,0.0,0.0,0.0,0.0,0
2015-07-29,0.0,0.0,1,1.0,1.0,1.0,1.0,1.0,65.0,0.0,0.0,0.0,0.0,0.0,0.0,0.0,0.0,0.0,0.0,0.0,0.0,0.0,0.0,0.0,0.0,0.0,0
2015-07-30,0.0,0.0,1,1.0,1.0,1.0,1.0,1.0,66.0,0.0,0.0,0.0,0.0,0.0,0.0,0.0,0.0,0.0,0.0,0.0,0.0,0.0,0.0,0.0,0.0,0.0,0
2015-07-31,0.0,0.0,1,1.0,1.0,1.0,1.0,1.0,67.0,0.0,0.0,0.0,0.0,0.0,0.0,0.0,0.0,0.0,0.0,0.0,0.0,0.0,0.0,0.0,0.0,0.0,0
2015-08-03,0.0,0.0,1,1.0,1.0,1.0,1.0,1.0,68.0,0.0,0.0,0.0,0.0,0.0,0.0,0.0,0.0,0.0,0.0,0.0,0.0,0.0,0.0,0.0,0.0,0.0,0
2015-08-04,0.0,0.0,1,1.0,1.0,1.0,1.0,1.0,69.0,0.0,0.0,0.0,0.0,0.0,0.0,0.0,0.0,0.0,0.0,0.0,0.0,0.0,0.0,0.0,0.0,0.0,0
2015-08-05,0.0,0.0,1,1.0,1.0,1.0,1.0,1.0,70.0,0.0,0.0,0.0,0.0,0.0,0.0,0.0,0.0,0.0,0.0,0.0,0.0,0.0,0.0,0.0,0.0,0.0,0
2015-08-06,0.0,0.0,1,1.0,1.0,1.0,1.0,1.0,71.0,0.0,0.0,0.0,0.0,0.0,0.0,0.0,0.0,0.0,0.0,0.0,0.0,0.0,0.0,0.0,0.0,0.0,0
2015-08-07,0.0,0.0,1,1.0,1.0,1.0,1.0,1.0,72.0,0.0,0.0,0.0,0.0,0.0,0.0,0.0,0.0,0.0,0.0,0.0,0.0,0.0,0.0,0.0,0.0,0.0,0
2015-08-10,0.0,0.0,1,1.0,1.0,1.0,1.0,1.0,73.0,0.0,0.0,0.0,0.0,0.0,0.0,0.0,0.0,0.0,0.0,0.0,0.0,0.0,0.0,0.0,0.0,0.0,0
2015-08-11,0.0,0.0,1,1.0,1.0,1.0,1.0,1.0,74.0,0.0,0.0,0.0,0.0,0.0,0.0,0.0,0.0,0.0,0.0,0.0,0.0,0.0,0.0,0.0,0.0,0.0,0
2015-08-12,0.0,0.0,1,1.0,1.0,1.0,1.0,1.0,75.0,0.0,0.0,0.0,0.0,0.0,0.0,0.0,0.0,0.0,0.0,0.0,0.0,0.0,0.0,0.0,0.0,0.0,0
2015-08-13,0.0,0.0,1,1.0,1.0,1.0,1.0,1.0,76.0,0.0,0.0,0.0,0.0,0.0,0.0,0.0,0.0,0.0,0.0,0.0,0.0,0.0,0.0,0.0,0.0,0.0,0
2015-08-17,0.0,0.0,1,1.0,1.0,1.0,1.0,1.0,77.0,0.0,0.0,0.0,0.0,0.0,0.0,0.0,0.0,0.0,0.0,0.0,0.0,0.0,0.0,0.0,0.0,0.0,0
2015-08-18,0.0,0.0,1,1.0,1.0,1.0,1.0,1.0,78.0,0.0,0.0,0.0,0.0,0.0,0.0,0.0,0.0,0.0,0.0,0.0,0.0,0.0,0.0,0.0,0.0,0.0,0
2015-08-19,0.0,0.0,1,1.0,1.0,1.0,1.0,1.0,79.0,0.0,0.0,0.0,0.0,0.0,0.0,0.0,0.0,0.0,0.0,0.0,0.0,0.0,0.0,0.0,0.0,0.0,0
2015-08-20,0.0,0.0,1,1.0,1.0,1.0,1.0,1.0,80.0,0.0,0.0,0.0,0.0,0.0,0.0,0.0,0.0,0.0,0.0,0.0,0.0,0.0,0.0,0.0,0.0,0.0,0
2015-08-21,0.0,0.0,1,1.0,1.0,1.0,1.0,1.0,81.0,0.0,0.0,0.0,0.0,0.0,0.0,0.0,0.0,0.0,0.0,0.0,0.0,0.0,0.0,0.0,0.0,0.0,0
2015-08-24,0.0,0.0,1,1.0,1.0,1.0,1.0,1.0,82.0,0.0,0.0,0.0,0.0,0.0,0.0,0.0,0.0,0.0,0.0,0.0,0.0,0.0,0.0,0.0,0.0,0.0,0
2015-08-25,0.0,0.0,1,1.0,1.0,1.0,1.0,1.0,83.0,0.0,0.0,0.0,0.0,0.0,0.0,0.0,0.0,0.0,0.0,0.0,0.0,0.0,0.0,0.0,0.0,0.0,0
2015-08-26,0.0,0.0,1,1.0,1.0,1.0,1.0,1.0,84.0,0.0,0.0,0.0,0.0,0.0,0.0,0.0,0.0,0.0,0.0,0.0,0.0,0.0,0.0,0.0,0.0,0.0,0
2015-08-27,0.0,0.0,1,1.0,1.0,1.0,1.0,1.0,85.0,0.0,0.0,0.0,0.0,0.0,0.0,0.0,0.0,0.0,0.0,0.0,0.0,0.0,0.0,0.0,0.0,0.0,0
2015-08-28,0.0,0.0,1,1.0,1.0,1.0,1.0,1.0,86.0,0.0,0.0,0.0,0.0,0.0,0.0,0.0,0.0,0.0,0.0,0.0,0.0,0.0,0.0,0.0,0.0,0.0,0
2015-08-31,0.0,0.0,1,1.0,1.0,1.0,1.0,1.0,87.0,0.0,0.0,0.0,0.0,0.0,0.0,0.0,0.0,0.0,0.0,0.0,0.0,0.0,0.0,0.0,0.0,0.0,0
2015-09-01,0.0,0.0,1,1.0,1.0,1.0,1.0,1.0,88.0,0.0,0.0,0.0,0.0,0.0,0.0,0.0,0.0,0.0,0.0,0.0,0.0,0.0,0.0,0.0,0.0,0.0,0
2015-09-02,0.0,0.0,1,1.0,1.0,1.0,1.0,1.0,89.0,0.0,0.0,0.0,0.0,0.0,0.0,0.0,0.0,0.0,0.0,0.0,0.0,0.0,0.0,0.0,0.0,0.0,0
2015-09-03,0.0,0.0,1,1.0,1.0,1.0,1.0,1.0,90.0,0.0,0.0,0.0,0.0,0.0,0.0,0.0,0.0,0.0,0.0,0.0,0.0,0.0,0.0,0.0,0.0,0.0,0
2015-09-04,0.0,0.0,1,1.0,1.0,1.0,1.0,1.0,91.0,0.0,0.0,0.0,0.0,0.0,0.0,0.0,0.0,0.0,0.0,0.0,0.0,0.0,0.0,0.0,0.0,0.0,0
2015-09-07,0.0,0.0,1,1.0,1.0,1.0,1.0,1.0,92.0,0.0,0.0,0.0,0.0,0.0,0.0,0.0,0.0,0.0,0.0,0.0,0.0,0.0,0.0,0.0,0.0,0.0,0
2015-09-08,0.0,0.0,1,1.0,1.0,1.0,1.0,1.0,93.0,0.0,0.0,0.0,0.0,0.0,0.0,0.0,0.0,0.0,0.0,0.0,0.0,0.0,0.0,0.0,0.0,0.0,0
2015-09-09,0.0,0.0,1,1.0,1.0,1.0,1.0,1.0,94.0,0.0,0.0,0.0,0.0,0.0,0.0,0.0,0.0,0.0,0.0,0.0,0.0,0.0,0.0,0.0,0.0,0.0,0
2015-09-10,0.0,0.0,1,1.0,1.0,1.0,1.0,1.0,95.0,0.0,0.0,0.0,0.0,0.0,0.0,0.0,0.0,0.0,0.0,0.0,0.0,0.0,0.0,0.0,0.0,0.0,0
2015-09-11,0.0,0.0,1,1.0,1.0,1.0,1.0,1.0,96.0,0.0,0.0,0.0,0.0,0.0,0.0,0.0,0.0,0.0,0.0,0.0,0.0,0.0,0.0,0.0,0.0,0.0,0
2015-09-14,0.0,0.0,1,1.0,1.0,1.0,1.0,1.0,97.0,0.0,0.0,0.0,0.0,0.0,0.0,0.0,0.0,0.0,0.0,0.0,0.0,0.0,0.0,0.0,0.0,0.0,0
2015-09-15,0.0,0.0,1,1.0,1.0,1.0,1.0,1.0,98.0,0.0,0.0,0.0,0.0,0.0,0.0,0.0,0.0,0.0,0.0,0.0,0.0,0.0,0.0,0.0,0.0,0.0,0
2015-09-16,0.0,0.0,1,1.0,1.0,1.0,1.0,1.0,99.0,0.0,0.0,0.0,0.0,0.0,0.0,0.0,0.0,0.0,0.0,0.0,0.0,0.0,0.0,0.0,0.0,0.0,0
2015-09-17,0.0,0.0,1,1.0,1.0,1.0,1.0,1.0,100.0,0.0,0.0,0.0,0.0,0.0,0.0,0.0,0.0,0.0,0.0,0.0,0.0,0.0,0.0,0.0,0.0,0.0,0
2015-09-18,0.0,0.0,1,1.0,1.0,1.0,1.0,1.0,101.0,0.0,0.0,0.0,0.0,0.0,0.0,0.0,0.0,0.0,0.0,0.0,0.0,0.0,0.0,0.0,0.0,0.0,0
2015-09-21,0.0,0.0,1,1.0,1.0,1.0,1.0,1.0,102.0,0.0,0.0,0.0,0.0,0.0,0.0,0.0,0.0,0.0,0.0,0.0,0.0,0.0,0.0,0.0,0.0,0.0,0
2015-09-22,0.0,0.0,1,1.0,1.0,1.0,1.0,1.0,103.0,0.0,0.0,0.0,0.0,0.0,0.0,0.0,0.0,0.0,0.0,0.0,0.0,0.0,0.0,0.0,0.0,0.0,0
2015-09-23,0.0,0.0,1,1.0,1.0,1.0,1.0,1.0,104.0,0.0,0.0,0.0,0.0,0.0,0.0,0.0,0.0,0.0,0.0,0.0,0.0,0.0,0.0,0.0,0.0,0.0,0
2015-09-24,0.0,0.0,1,1.0,1.0,1.0,1.0,1.0,105.0,0.0,0.0,0.0,0.0,0.0,0.0,0.0,0.0,0.0,0.0,0.0,0.0,0.0,0.0,0.0,0.0,0.0,0
2015-09-25,0.0,0.0,1,1.0,1.0,1.0,1.0,1.0,106.0,0.0,0.0,0.0,0.0,0.0,0.0,0.0,0.0,0.0,0.0,0.0,0.0,0.0,0.0,0.0,0.0,0.0,0
2015-09-30,0.0,0.0,1,1.0,1.0,1.0,1.0,1.0,107.0,0.0,0.0,0.0,0.0,0.0,0.0,0.0,0.0,0.0,0.0,0.0,0.0,0.0,0.0,0.0,0.0,0.0,0
2015-10-01,0.0,0.0,1,1.0,1.0,1.0,1.0,1.0,108.0,0.0,0.0,0.0,0.0,0.0,0.0,0.0,0.0,0.0,0.0,0.0,0.0,0.0,0.0,0.0,0.0,0.0,0
2015-10-02,0.0,0.0,1,1.0,1.0,1.0,1.0,1.0,109.0,0.0,0.0,0.0,0.0,0.0,0.0,0.0,0.0,0.0,0.0,0.0,0.0,0.0,0.0,0.0,0.0,0.0,0
2015-10-05,0.0,0.0,1,1.0,1.0,1.0,1.0,1.0,110.0,0.0,0.0,0.0,0.0,0.0,0.0,0.0,0.0,0.0,0.0,0.0,0.0,0.0,0.0,0.0,0.0,0.0,0
2015-10-06,0.0,0.0,1,1.0,1.0,1.0,1.0,1.0,111.0,0.0,0.0,0.0,0.0,0.0,0.0,0.0,0.0,0.0,0.0,0.0,0.0,0.0,0.0,0.0,0.0,0.0,0
2015-10-07,1000.0,0.09708737864077666,0,1.0,1.0,1.0,1.0,1.0,112.0,0.0,0.0,0.0,0.0,0.0,0.0,0.0,0.0,0.0,0.0,0.0,0.0,0.0,0.0,0.0,0.0,0.0,0
2015-10-08,0.0,0.0,1,0.0,1.0,1.0,0.8,0.95,0.0,1.0,1.0,0.0,1000.0,0.0,0.0,200.0,447.21359549995793,50.0,223.60679774997897,0.09708737864077666,0.0,0.0,0.01941747572815533,0.04341879567960755,0.004854368932038833,0.021709397839803773,0
2015-10-12,0.0,0.0,1,1.0,0.0,1.0,0.8,0.95,1.0,0.0,0.0,1.0,0.0,1000.0,0.0,200.0,447.21359549995793,50.0,223.60679774997897,0.0,0.09708737864077666,0.0,0.01941747572815533,0.04341879567960755,0.004854368932038833,0.021709397839803773,0
2015-10-13,0.0,0.0,1,1.0,1.0,0.0,0.8,0.95,2.0,0.0,0.0,0.0,0.0,0.0,1000.0,200.0,447.21359549995793,50.0,223.60679774997897,0.0,0.0,0.09708737864077666,0.01941747572815533,0.04341879567960755,0.004854368932038833,0.021709397839803773,0
2015-10-14,0.0,0.0,1,1.0,1.0,1.0,0.8,0.95,3.0,0.0,0.0,0.0,0.0,0.0,0.0,200.0,447.21359549995793,50.0,223.60679774997897,0.0,0.0,0.0,0.01941747572815533,0.04341879567960755,0.004854368932038833,0.021709397839803773,0
2015-10-15,0.0,0.0,1,1.0,1.0,1.0,0.8,0.95,4.0,0.0,0.0,0.0,0.0,0.0,0.0,200.0,447.21359549995793,50.0,223.60679774997897,0.0,0.0,0.0,0.01941747572815533,0.04341879567960755,0.004854368932038833,0.021709397839803773,0
2015-10-16,0.0,0.0,1,1.0,1.0,1.0,1.0,0.95,5.0,0.0,0.0,0.0,0.0,0.0,0.0,0.0,0.0,50.0,223.60679774997897,0.0,0.0,0.0,0.0,0.0,0.004854368932038833,0.021709397839803773,0
2015-10-19,0.0,0.0,1,1.0,1.0,1.0,1.0,0.95,6.0,0.0,0.0,0.0,0.0,0.0,0.0,0.0,0.0,50.0,223.60679774997897,0.0,0.0,0.0,0.0,0.0,0.004854368932038833,0.021709397839803773,0
2015-10-20,0.0,0.0,1,1.0,1.0,1.0,1.0,0.95,7.0,0.0,0.0,0.0,0.0,0.0,0.0,0.0,0.0,50.0,223.60679774997897,0.0,0.0,0.0,0.0,0.0,0.004854368932038833,0.021709397839803773,0
2015-10-21,0.0,0.0,1,1.0,1.0,1.0,1.0,0.95,8.0,0.0,0.0,0.0,0.0,0.0,0.0,0.0,0.0,50.0,223.60679774997897,0.0,0.0,0.0,0.0,0.0,0.004854368932038833,0.021709397839803773,0
2015-10-22,0.0,0.0,1,1.0,1.0,1.0,1.0,0.95,9.0,0.0,0.0,0.0,0.0,0.0,0.0,0.0,0.0,50.0,223.60679774997897,0.0,0.0,0.0,0.0,0.0,0.004854368932038833,0.021709397839803773,0
2015-10-23,0.0,0.0,1,1.0,1.0,1.0,1.0,0.95,10.0,0.0,0.0,0.0,0.0,0.0,0.0,0.0,0.0,50.0,223.60679774997897,0.0,0.0,0.0,0.0,0.0,0.004854368932038833,0.021709397839803773,0
2015-10-26,0.0,0.0,1,1.0,1.0,1.0,1.0,0.95,11.0,0.0,0.0,0.0,0.0,0.0,0.0,0.0,0.0,50.0,223.60679774997897,0.0,0.0,0.0,0.0,0.0,0.004854368932038833,0.021709397839803773,0
2015-10-27,0.0,0.0,1,1.0,1.0,1.0,1.0,0.95,12.0,0.0,0.0,0.0,0.0,0.0,0.0,0.0,0.0,50.0,223.60679774997897,0.0,0.0,0.0,0.0,0.0,0.004854368932038833,0.021709397839803773,0
2015-10-28,0.0,0.0,1,1.0,1.0,1.0,1.0,0.95,13.0,0.0,0.0,0.0,0.0,0.0,0.0,0.0,0.0,50.0,223.60679774997897,0.0,0.0,0.0,0.0,0.0,0.004854368932038833,0.021709397839803773,0
2015-10-29,0.0,0.0,1,1.0,1.0,1.0,1.0,0.95,14.0,0.0,0.0,0.0,0.0,0.0,0.0,0.0,0.0,50.0,223.60679774997897,0.0,0.0,0.0,0.0,0.0,0.004854368932038833,0.021709397839803773,0
2015-10-30,0.0,0.0,1,1.0,1.0,1.0,1.0,0.95,15.0,0.0,0.0,0.0,0.0,0.0,0.0,0.0,0.0,50.0,223.60679774997897,0.0,0.0,0.0,0.0,0.0,0.004854368932038833,0.021709397839803773,0
2015-11-02,0.0,0.0,1,1.0,1.0,1.0,1.0,0.95,16.0,0.0,0.0,0.0,0.0,0.0,0.0,0.0,0.0,50.0,223.60679774997897,0.0,0.0,0.0,0.0,0.0,0.004854368932038833,0.021709397839803773,0
2015-11-03,0.0,0.0,1,1.0,1.0,1.0,1.0,0.95,17.0,0.0,0.0,0.0,0.0,0.0,0.0,0.0,0.0,50.0,223.60679774997897,0.0,0.0,0.0,0.0,0.0,0.004854368932038833,0.021709397839803773,0
2015-11-04,0.0,0.0,1,1.0,1.0,1.0,1.0,0.95,18.0,0.0,0.0,0.0,0.0,0.0,0.0,0.0,0.0,50.0,223.60679774997897,0.0,0.0,0.0,0.0,0.0,0.004854368932038833,0.021709397839803773,0
2015-11-05,0.0,0.0,1,1.0,1.0,1.0,1.0,0.95,19.0,0.0,0.0,0.0,0.0,0.0,0.0,0.0,0.0,50.0,223.60679774997897,0.0,0.0,0.0,0.0,0.0,0.004854368932038833,0.021709397839803773,0
2015-11-06,0.0,0.0,1,1.0,1.0,1.0,1.0,1.0,20.0,0.0,0.0,0.0,0.0,0.0,0.0,0.0,0.0,0.0,0.0,0.0,0.0,0.0,0.0,0.0,0.0,0.0,0
2015-11-09,200.0,0.017699115044247815,0,1.0,1.0,1.0,1.0,1.0,21.0,0.0,0.0,0.0,0.0,0.0,0.0,0.0,0.0,0.0,0.0,0.0,0.0,0.0,0.0,0.0,0.0,0.0,0
2015-11-10,0.0,0.0,1,0.0,1.0,1.0,0.8,0.95,0.0,1.0,1.0,0.0,200.0,0.0,0.0,40.0,89.44271909999159,10.0,44.721359549995796,0.017699115044247815,0.0,0.0,0.003539823008849563,0.007915284876105462,0.0008849557522123908,0.003957642438052731,0
2015-11-11,0.0,0.0,1,1.0,0.0,1.0,0.8,0.95,1.0,0.0,0.0,1.0,0.0,200.0,0.0,40.0,89.44271909999159,10.0,44.721359549995796,0.0,0.017699115044247815,0.0,0.003539823008849563,0.007915284876105462,0.0008849557522123908,0.003957642438052731,0
2015-11-12,0.0,0.0,1,1.0,1.0,0.0,0.8,0.95,2.0,0.0,0.0,0.0,0.0,0.0,200.0,40.0,89.44271909999159,10.0,44.721359549995796,0.0,0.0,0.017699115044247815,0.003539823008849563,0.007915284876105462,0.0008849557522123908,0.003957642438052731,0
2015-11-13,0.0,0.0,1,1.0,1.0,1.0,0.8,0.95,3.0,0.0,0.0,0.0,0.0,0.0,0.0,40.0,89.44271909999159,10.0,44.721359549995796,0.0,0.0,0.0,0.003539823008849563,0.007915284876105462,0.0008849557522123908,0.003957642438052731,0
2015-11-16,0.0,0.0,1,1.0,1.0,1.0,0.8,0.95,4.0,0.0,0.0,0.0,0.0,0.0,0.0,40.0,89.44271909999159,10.0,44.721359549995796,0.0,0.0,0.0,0.003539823008849563,0.007915284876105462,0.0008849557522123908,0.003957642438052731,0
2015-11-17,0.0,0.0,1,1.0,1.0,1.0,1.0,0.95,5.0,0.0,0.0,0.0,0.0,0.0,0.0,0.0,0.0,10.0,44.721359549995796,0.0,0.0,0.0,0.0,0.0,0.0008849557522123908,0.003957642438052731,0
2015-11-18,0.0,0.0,1,1.0,1.0,1.0,1.0,0.95,6.0,0.0,0.0,0.0,0.0,0.0,0.0,0.0,0.0,10.0,44.721359549995796,0.0,0.0,0.0,0.0,0.0,0.0008849557522123908,0.003957642438052731,0
2015-11-19,0.0,0.0,1,1.0,1.0,1.0,1.0,0.95,7.0,0.0,0.0,0.0,0.0,0.0,0.0,0.0,0.0,10.0,44.721359549995796,0.0,0.0,0.0,0.0,0.0,0.0008849557522123908,0.003957642438052731,0
2015-11-20,0.0,0.0,1,1.0,1.0,1.0,1.0,0.95,8.0,0.0,0.0,0.0,0.0,0.0,0.0,0.0,0.0,10.0,44.721359549995796,0.0,0.0,0.0,0.0,0.0,0.0008849557522123908,0.003957642438052731,0
2015-11-23,0.0,0.0,1,1.0,1.0,1.0,1.0,0.95,9.0,0.0,0.0,0.0,0.0,0.0,0.0,0.0,0.0,10.0,44.721359549995796,0.0,0.0,0.0,0.0,0.0,0.0008849557522123908,0.003957642438052731,0
2015-11-24,0.0,0.0,1,1.0,1.0,1.0,1.0,0.95,10.0,0.0,0.0,0.0,0.0,0.0,0.0,0.0,0.0,10.0,44.721359549995796,0.0,0.0,0.0,0.0,0.0,0.0008849557522123908,0.003957642438052731,0
2015-11-25,0.0,0.0,1,1.0,1.0,1.0,1.0,0.95,11.0,0.0,0.0,0.0,0.0,0.0,0.0,0.0,0.0,10.0,44.721359549995796,0.0,0.0,0.0,0.0,0.0,0.0008849557522123908,0.003957642438052731,0
2015-11-26,0.0,0.0,1,1.0,1.0,1.0,1.0,0.95,12.0,0.0,0.0,0.0,0.0,0.0,0.0,0.0,0.0,10.0,44.721359549995796,0.0,0.0,0.0,0.0,0.0,0.0008849557522123908,0.003957642438052731,0
2015-11-27,0.0,0.0,1,1.0,1.0,1.0,1.0,0.95,13.0,0.0,0.0,0.0,0.0,0.0,0.0,0.0,0.0,10.0,44.721359549995796,0.0,0.0,0.0,0.0,0.0,0.0008849557522123908,0.003957642438052731,0
2015-11-30,0.0,0.0,1,1.0,1.0,1.0,1.0,0.95,14.0,0.0,0.0,0.0,0.0,0.0,0.0,0.0,0.0,10.0,44.721359549995796,0.0,0.0,0.0,0.0,0.0,0.0008849557522123908,0.003957642438052731,0
2015-12-01,0.0,0.0,1,1.0,1.0,1.0,1.0,0.95,15.0,0.0,0.0,0.0,0.0,0.0,0.0,0.0,0.0,10.0,44.721359549995796,0.0,0.0,0.0,0.0,0.0,0.0008849557522123908,0.003957642438052731,0
2015-12-02,0.0,0.0,1,1.0,1.0,1.0,1.0,0.95,16.0,0.0,0.0,0.0,0.0,0.0,0.0,0.0,0.0,10.0,44.721359549995796,0.0,0.0,0.0,0.0,0.0,0.0008849557522123908,0.003957642438052731,0
2015-12-03,0.0,0.0,1,1.0,1.0,1.0,1.0,0.95,17.0,0.0,0.0,0.0,0.0,0.0,0.0,0.0,0.0,10.0,44.721359549995796,0.0,0.0,0.0,0.0,0.0,0.0008849557522123908,0.003957642438052731,0
2015-12-04,0.0,0.0,1,1.0,1.0,1.0,1.0,0.95,18.0,0.0,0.0,0.0,0.0,0.0,0.0,0.0,0.0,10.0,44.721359549995796,0.0,0.0,0.0,0.0,0.0,0.0008849557522123908,0.003957642438052731,0
2015-12-07,100.0,0.008695652173912993,0,1.0,1.0,1.0,1.0,0.95,19.0,0.0,0.0,0.0,0.0,0.0,0.0,0.0,0.0,10.0,44.721359549995796,0.0,0.0,0.0,0.0,0.0,0.0008849557522123908,0.003957642438052731,0
2015-12-08,0.0,0.0,1,0.0,1.0,1.0,0.8,0.95,0.0,1.0,1.0,0.0,100.0,0.0,0.0,20.0,44.721359549995796,5.0,22.360679774997898,0.008695652173912993,0.0,0.0,0.0017391304347825986,0.003888813873912655,0.00043478260869564964,0.0019444069369563275,0
2015-12-09,0.0,0.0,1,1.0,0.0,1.0,0.8,0.95,1.0,0.0,0.0,1.0,0.0,100.0,0.0,20.0,44.721359549995796,5.0,22.360679774997898,0.0,0.008695652173912993,0.0,0.0017391304347825986,0.003888813873912655,0.00043478260869564964,0.0019444069369563275,0
2015-12-10,0.0,0.0,1,1.0,1.0,0.0,0.8,0.95,2.0,0.0,0.0,0.0,0.0,0.0,100.0,20.0,44.721359549995796,5.0,22.360679774997898,0.0,0.0,0.008695652173912993,0.0017391304347825986,0.003888813873912655,0.00043478260869564964,0.0019444069369563275,0
2015-12-11,0.0,0.0,1,1.0,1.0,1.0,0.8,0.95,3.0,0.0,0.0,0.0,0.0,0.0,0.0,20.0,44.721359549995796,5.0,22.360679774997898,0.0,0.0,0.0,0.0017391304347825986,0.003888813873912655,0.00043478260869564964,0.0019444069369563275,0
2015-12-14,0.0,0.0,1,1.0,1.0,1.0,0.8,0.95,4.0,0.0,0.0,0.0,0.0,0.0,0.0,20.0,44.721359549995796,5.0,22.360679774997898,0.0,0.0,0.0,0.0017391304347825986,0.003888813873912655,0.00043478260869564964,0.0019444069369563275,0
2015-12-15,0.0,0.0,1,1.0,1.0,1.0,1.0,0.95,5.0,0.0,0.0,0.0,0.0,0.0,0.0,0.0,0.0,5.0,22.360679774997898,0.0,0.0,0.0,0.0,0.0,0.00043478260869564964,0.0019444069369563275,0
2015-12-16,0.0,0.0,1,1.0,1.0,1.0,1.0,0.95,6.0,0.0,0.0,0.0,0.0,0.0,0.0,0.0,0.0,5.0,22.360679774997898,0.0,0.0,0.0,0.0,0.0,0.00043478260869564964,0.0019444069369563275,0
2015-12-17,0.0,0.0,1,1.0,1.0,1.0,1.0,0.95,7.0,0.0,0.0,0.0,0.0,0.0,0.0,0.0,0.0,5.0,22.360679774997898,0.0,0.0,0.0,0.0,0.0,0.00043478260869564964,0.0019444069369563275,0
2015-12-18,0.0,0.0,1,1.0,1.0,1.0,1.0,0.95,8.0,0.0,0.0,0.0,0.0,0.0,0.0,0.0,0.0,5.0,22.360679774997898,0.0,0.0,0.0,0.0,0.0,0.00043478260869564964,0.0019444069369563275,0
2015-12-21,100.0,0.008620689655172376,0,1.0,1.0,1.0,1.0,0.95,9.0,0.0,0.0,0.0,0.0,0.0,0.0,0.0,0.0,5.0,22.360679774997898,0.0,0.0,0.0,0.0,0.0,0.00043478260869564964,0.0019444069369563275,0
2015-12-22,0.0,0.0,1,0.0,1.0,1.0,0.8,0.9,0.0,1.0,1.0,0.0,100.0,0.0,0.0,20.0,44.721359549995796,10.0,30.779350562554622,0.008620689655172376,0.0,0.0,0.0017241379310344751,0.0038552896163789306,0.0008658170914542685,0.002664956523229711,0
2015-12-23,300.0,0.02564102564102555,0,1.0,0.0,1.0,0.8,0.9,1.0,0.0,0.0,1.0,0.0,100.0,0.0,20.0,44.721359549995796,10.0,30.779350562554622,0.0,0.008620689655172376,0.0,0.0017241379310344751,0.0038552896163789306,0.0008658170914542685,0.002664956523229711,0
2015-12-24,0.0,0.0,1,0.0,1.0,0.0,0.6,0.85,0.0,1.0,1.0,0.0,300.0,0.0,100.0,80.0,130.38404810405297,25.0,71.63503994113789,0.02564102564102555,0.0,0.008620689655172376,0.006852343059239585,0.011146809622566686,0.0021478683735055458,0.006134999171218132,0
2015-12-28,0.0,0.0,1,1.0,0.0,1.0,0.6,0.85,1.0,0.0,0.0,1.0,0.0,300.0,0.0,80.0,130.38404810405297,25.0,71.63503994113789,0.0,0.02564102564102555,0.0,0.006852343059239585,0.011146809622566686,0.0021478683735055458,0.006134999171218132,0
2015-12-29,0.0,0.0,1,1.0,1.0,0.0,0.6,0.85,2.0,0.0,0.0,0.0,0.0,0.0,300.0,80.0,130.38404810405297,25.0,71.63503994113789,0.0,0.0,0.02564102564102555,0.006852343059239585,0.011146809622566686,0.0021478683735055458,0.006134999171218132,0
2015-12-30,0.0,0.0,1,1.0,1.0,1.0,0.8,0.85,3.0,0.0,0.0,0.0,0.0,0.0,0.0,60.0,134.16407864998737,25.0,71.63503994113789,0.0,0.0,0.0,0.00512820512820511,0.01146701526922965,0.0021478683735055458,0.006134999171218132,0
2016-01-04,0.0,0.0,1,1.0,1.0,1.0,0.8,0.85,4.0,0.0,0.0,0.0,0.0,0.0,0.0,60.0,134.16407864998737,25.0,71.63503994113789,0.0,0.0,0.0,0.00512820512820511,0.01146701526922965,0.0021478683735055458,0.006134999171218132,0
2016-01-05,0.0,0.0,1,1.0,1.0,1.0,1.0,0.85,5.0,0.0,0.0,0.0,0.0,0.0,0.0,0.0,0.0,25.0,71.63503994113789,0.0,0.0,0.0,0.0,0.0,0.0021478683735055458,0.006134999171218132,0
2016-01-06,0.0,0.0,1,1.0,1.0,1.0,1.0,0.85,6.0,0.0,0.0,0.0,0.0,0.0,0.0,0.0,0.0,25.0,71.63503994113789,0.0,0.0,0.0,0.0,0.0,0.0021478683735055458,0.006134999171218132,0
2016-01-07,0.0,0.0,1,1.0,1.0,1.0,1.0,0.85,7.0,0.0,0.0,0.0,0.0,0.0,0.0,0.0,0.0,25.0,71.63503994113789,0.0,0.0,0.0,0.0,0.0,0.0021478683735055458,0.006134999171218132,0
2016-01-08,0.0,0.0,1,1.0,1.0,1.0,1.0,0.9,8.0,0.0,0.0,0.0,0.0,0.0,0.0,0.0,0.0,20.0,69.58523739384594,0.0,0.0,0.0,0.0,0.0,0.0017130857648098962,0.005951935683821646,0
2016-01-11,0.0,0.0,1,1.0,1.0,1.0,1.0,0.9,9.0,0.0,0.0,0.0,0.0,0.0,0.0,0.0,0.0,20.0,69.58523739384594,0.0,0.0,0.0,0.0,0.0,0.0017130857648098962,0.005951935683821646,0
2016-01-12,0.0,0.0,1,1.0,1.0,1.0,1.0,0.9,10.0,0.0,0.0,0.0,0.0,0.0,0.0,0.0,0.0,20.0,69.58523739384594,0.0,0.0,0.0,0.0,0.0,0.0017130857648098962,0.005951935683821646,0
2016-01-13,0.0,0.0,1,1.0,1.0,1.0,1.0,0.9,11.0,0.0,0.0,0.0,0.0,0.0,0.0,0.0,0.0,20.0,69.58523739384594,0.0,0.0,0.0,0.0,0.0,0.0017130857648098962,0.005951935683821646,0
2016-01-14,0.0,0.0,1,1.0,1.0,1.0,1.0,0.9,12.0,0.0,0.0,0.0,0.0,0.0,0.0,0.0,0.0,20.0,69.58523739384594,0.0,0.0,0.0,0.0,0.0,0.0017130857648098962,0.005951935683821646,0
2016-01-15,600.0,0.050000000000000044,0,1.0,1.0,1.0,1.0,0.9,13.0,0.0,0.0,0.0,0.0,0.0,0.0,0.0,0.0,20.0,69.58523739384594,0.0,0.0,0.0,0.0,0.0,0.0017130857648098962,0.005951935683821646,0
2016-01-18,0.0,0.0,1,0.0,1.0,1.0,0.8,0.85,0.0,1.0,1.0,0.0,600.0,0.0,0.0,120.0,268.32815729997475,50.0,146.89774459950382,0.050000000000000044,0.0,0.0,0.010000000000000009,0.022360679774997918,0.004213085764809899,0.01230484853693572,0
2016-01-19,0.0,0.0,1,1.0,0.0,1.0,0.8,0.85,1.0,0.0,0.0,1.0,0.0,600.0,0.0,120.0,268.32815729997475,50.0,146.89774459950382,0.0,0.050000000000000044,0.0,0.010000000000000009,0.022360679774997918,0.004213085764809899,0.01230484853693572,0
2016-01-20,0.0,0.0,1,1.0,1.0,0.0,0.8,0.85,2.0,0.0,0.0,0.0,0.0,0.0,600.0,120.0,268.32815729997475,50.0,146.89774459950382,0.0,0.0,0.050000000000000044,0.010000000000000009,0.022360679774997918,0.004213085764809899,0.01230484853693572,0
2016-01-21,0.0,0.0,1,1.0,1.0,1.0,0.8,0.85,3.0,0.0,0.0,0.0,0.0,0.0,0.0,120.0,268.32815729997475,50.0,146.89774459950382,0.0,0.0,0.0,0.010000000000000009,0.022360679774997918,0.004213085764809899,0.01230484853693572,0
2016-01-22,0.0,0.0,1,1.0,1.0,1.0,0.8,0.9,4.0,0.0,0.0,0.0,0.0,0.0,0.0,120.0,268.32815729997475,45.0,146.80814547887786,0.0,0.0,0.0,0.010000000000000009,0.022360679774997918,0.0037820512820512797,0.01229331002901989,0
2016-01-25,100.0,0.007936507936507908,0,1.0,1.0,1.0,1.0,0.9,5.0,0.0,0.0,0.0,0.0,0.0,0.0,0.0,0.0,45.0,146.80814547887786,0.0,0.0,0.0,0.0,0.0,0.0037820512820512797,0.01229331002901989,0
2016-01-26,0.0,0.0,1,0.0,1.0,1.0,0.8,0.9,0.0,1.0,1.0,0.0,100.0,0.0,0.0,20.0,44.721359549995796,35.0,134.84884325167863,0.007936507936507908,0.0,0.0,0.0015873015873015817,0.0035493142499996534,0.0028968253968253976,0.011227682449694559,0
2016-01-27,0.0,0.0,1,1.0,0.0,1.0,0.8,0.9,1.0,0.0,0.0,1.0,0.0,100.0,0.0,20.0,44.721359549995796,35.0,134.84884325167863,0.0,0.007936507936507908,0.0,0.0015873015873015817,0.0035493142499996534,0.0028968253968253976,0.011227682449694559,0
2016-01-28,0.0,0.0,1,1.0,1.0,0.0,0.8,0.9,2.0,0.0,0.0,0.0,0.0,0.0,100.0,20.0,44.721359549995796,35.0,134.84884325167863,0.0,0.0,0.007936507936507908,0.0015873015873015817,0.0035493142499996534,0.0028968253968253976,0.011227682449694559,0
2016-01-29,0.0,0.0,1,1.0,1.0,1.0,0.8,0.9,3.0,0.0,0.0,0.0,0.0,0.0,0.0,20.0,44.721359549995796,35.0,134.84884325167863,0.0,0.0,0.0,0.0015873015873015817,0.0035493142499996534,0.0028968253968253976,0.011227682449694559,0
2016-02-01,0.0,0.0,1,1.0,1.0,1.0,0.8,0.9,4.0,0.0,0.0,0.0,0.0,0.0,0.0,20.0,44.721359549995796,35.0,134.84884325167863,0.0,0.0,0.0,0.0015873015873015817,0.0035493142499996534,0.0028968253968253976,0.011227682449694559,0
2016-02-02,0.0,0.0,1,1.0,1.0,1.0,1.0,0.9,5.0,0.0,0.0,0.0,0.0,0.0,0.0,0.0,0.0,35.0,134.84884325167863,0.0,0.0,0.0,0.0,0.0,0.0028968253968253976,0.011227682449694559,0
2016-02-03,0.0,0.0,1,1.0,1.0,1.0,1.0,0.9,6.0,0.0,0.0,0.0,0.0,0.0,0.0,0.0,0.0,35.0,134.84884325167863,0.0,0.0,0.0,0.0,0.0,0.0028968253968253976,0.011227682449694559,0
2016-02-04,0.0,0.0,1,1.0,1.0,1.0,1.0,0.9,7.0,0.0,0.0,0.0,0.0,0.0,0.0,0.0,0.0,35.0,134.84884325167863,0.0,0.0,0.0,0.0,0.0,0.0028968253968253976,0.011227682449694559,0
2016-02-05,100.0,0.007874015748031482,0,1.0,1.0,1.0,1.0,0.9,8.0,0.0,0.0,0.0,0.0,0.0,0.0,0.0,0.0,35.0,134.84884325167863,0.0,0.0,0.0,0.0,0.0,0.0028968253968253976,0.011227682449694559,0
2016-02-11,0.0,0.0,1,0.0,1.0,1.0,0.8,0.85,0.0,1.0,1.0,0.0,100.0,0.0,0.0,20.0,44.721359549995796,40.0,135.33583957579089,0.007874015748031482,0.0,0.0,0.0015748031496062964,0.00352136689370045,0.0032905261842269716,0.011258767416048514,0
2016-02-12,0.0,0.0,1,1.0,0.0,1.0,0.8,0.85,1.0,0.0,0.0,1.0,0.0,100.0,0.0,20.0,44.721359549995796,40.0,135.33583957579089,0.0,0.007874015748031482,0.0,0.0015748031496062964,0.00352136689370045,0.0032905261842269716,0.011258767416048514,0
2016-02-15,0.0,0.0,1,1.0,1.0,0.0,0.8,0.85,2.0,0.0,0.0,0.0,0.0,0.0,100.0,20.0,44.721359549995796,40.0,135.33583957579089,0.0,0.0,0.007874015748031482,0.0015748031496062964,0.00352136689370045,0.0032905261842269716,0.011258767416048514,0
2016-02-16,0.0,0.0,1,1.0,1.0,1.0,0.8,0.85,3.0,0.0,0.0,0.0,0.0,0.0,0.0,20.0,44.721359549995796,40.0,135.33583957579089,0.0,0.0,0.0,0.0015748031496062964,0.00352136689370045,0.0032905261842269716,0.011258767416048514,0
2016-02-17,0.0,0.0,1,1.0,1.0,1.0,0.8,0.85,4.0,0.0,0.0,0.0,0.0,0.0,0.0,20.0,44.721359549995796,40.0,135.33583957579089,0.0,0.0,0.0,0.0015748031496062964,0.00352136689370045,0.0032905261842269716,0.011258767416048514,0
2016-02-18,0.0,0.0,1,1.0,1.0,1.0,1.0,0.9,5.0,0.0,0.0,0.0,0.0,0.0,0.0,0.0,0.0,10.0,30.77935056255459,0.0,0.0,0.0,0.0,0.0,0.0007905261842269696,0.002433209373684449,0
2016-02-19,300.0,0.0234375,0,1.0,1.0,1.0,1.0,0.9,6.0,0.0,0.0,0.0,0.0,0.0,0.0,0.0,0.0,10.0,30.77935056255459,0.0,0.0,0.0,0.0,0.0,0.0007905261842269696,0.002433209373684449,0
2016-02-22,1300.0,0.0992366412213741,0,0.0,1.0,1.0,0.8,0.85,0.0,1.0,1.0,0.0,300.0,0.0,0.0,60.0,134.16407864998737,25.0,71.63503994113788,0.0234375,0.0,0.0,0.0046875,0.010481568644530264,0.0019624011842269695,0.005606783111456639,0
2016-02-23,1400.0,0.09722222222222232,0,0.0,0.0,1.0,0.6,0.8,0.0,2.0,0.0,0.0,1300.0,300.0,0.0,320.0,563.0275304103699,90.0,293.6162909577557,0.0992366412213741,0.0234375,0.0,0.02453482824427482,0.042975104369475936,0.0069242332452956745,0.022435070676194574,0
2016-02-24,200.0,0.012658227848101333,0,0.0,0.0,0.0,0.4,0.75,0.0,3.0,0.0,0.0,1400.0,1300.0,300.0,600.0,696.419413859206,160.0,413.4578193976414,0.09722222222222232,0.0992366412213741,0.0234375,0.04397927268871928,0.050444290385120036,0.011785344356406791,0.03008452068425119,0
2016-02-25,0.0,0.0,1,0.0,0.0,0.0,0.2,0.7,0.0,4.0,0.0,0.0,200.0,1400.0,1300.0,640.0,658.027355054484,170.0,411.7996446919558,0.012658227848101333,0.09722222222222232,0.0992366412213741,0.04651091825833955,0.04794082552236047,0.012418255748811858,0.0299564116312526,0
2016-02-26,0.0,0.0,1,1.0,0.0,0.0,0.2,0.75,1.0,0.0,0.0,1.0,0.0,200.0,1400.0,640.0,658.027355054484,165.0,413.29866860865184,0.0,0.012658227848101333,0.09722222222222232,0.04651091825833955,0.04794082552236047,0.012021430351986462,0.030071251320014824,0
2016-02-29,0.0,0.0,1,1.0,1.0,0.0,0.4,0.75,2.0,0.0,0.0,0.0,0.0,0.0,200.0,580.0,708.5195833567341,165.0,413.29866860865184,0.0,0.0,0.012658227848101333,0.04182341825833955,0.05175497708655976,0.012021430351986462,0.030071251320014824,0
2016-03-02,0.0,0.0,1,1.0,1.0,1.0,0.6,0.75,3.0,0.0,0.0,0.0,0.0,0.0,0.0,320.0,609.9180272790762,165.0,413.29866860865184,0.0,0.0,0.0,0.021976090014064732,0.042419478322317475,0.012021430351986462,0.030071251320014824,0
2016-03-03,0.0,0.0,1,1.0,1.0,1.0,0.8,0.75,4.0,0.0,0.0,0.0,0.0,0.0,0.0,40.0,89.44271909999159,165.0,413.29866860865184,0.0,0.0,0.0,0.0025316455696202667,0.005660931588607066,0.012021430351986462,0.030071251320014824,0
2016-03-04,0.0,0.0,1,1.0,1.0,1.0,1.0,0.75,5.0,0.0,0.0,0.0,0.0,0.0,0.0,0.0,0.0,165.0,413.29866860865184,0.0,0.0,0.0,0.0,0.0,0.012021430351986462,0.030071251320014824,0
2016-03-07,800.0,0.050000000000000044,0,1.0,1.0,1.0,1.0,0.75,6.0,0.0,0.0,0.0,0.0,0.0,0.0,0.0,0.0,165.0,413.29866860865184,0.0,0.0,0.0,0.0,0.0,0.012021430351986462,0.030071251320014824,0
2016-03-08,0.0,0.0,1,0.0,1.0,1.0,0.8,0.7,0.0,1.0,1.0,0.0,800.0,0.0,0.0,160.0,357.77087639996637,205.0,434.65049480194887,0.050000000000000044,0.0,0.0,0.010000000000000009,0.02236067977499791,0.014521430351986464,0.0310806928797993,0
2016-03-09,0.0,0.0,1,1.0,0.0,1.0,0.8,0.7,1.0,0.0,0.0,1.0,0.0,800.0,0.0,160.0,357.77087639996637,205.0,434.65049480194887,0.0,0.050000000000000044,0.0,0.010000000000000009,0.02236067977499791,0.014521430351986464,0.0310806928797993,0
2016-03-10,0.0,0.0,1,1.0,1.0,0.0,0.8,0.7,2.0,0.0,0.0,0.0,0.0,0.0,800.0,160.0,357.77087639996637,205.0,434.65049480194887,0.0,0.0,0.050000000000000044,0.010000000000000009,0.02236067977499791,0.014521430351986464,0.0310806928797993,0
2016-03-11,0.0,0.0,1,1.0,1.0,1.0,0.8,0.75,3.0,0.0,0.0,0.0,0.0,0.0,0.0,160.0,357.77087639996637,200.0,436.49320245505965,0.0,0.0,0.0,0.010000000000000009,0.02236067977499791,0.01412772956458489,0.031218890823068245,0
2016-03-14,0.0,0.0,1,1.0,1.0,1.0,0.8,0.75,4.0,0.0,0.0,0.0,0.0,0.0,0.0,160.0,357.77087639996637,200.0,436.49320245505965,0.0,0.0,0.0,0.010000000000000009,0.02236067977499791,0.01412772956458489,0.031218890823068245,0
2016-03-15,1650.0,0.09821428571428581,0,1.0,1.0,1.0,1.0,0.75,5.0,0.0,0.0,0.0,0.0,0.0,0.0,0.0,0.0,200.0,436.49320245505965,0.0,0.0,0.0,0.0,0.0,0.01412772956458489,0.031218890823068245,0
2016-03-16,0.0,0.0,1,0.0,1.0,1.0,0.8,0.7,0.0,1.0,1.0,0.0,1650.0,0.0,0.0,330.0,737.9024325749306,282.5,540.291100874529,0.09821428571428581,0.0,0.0,0.019642857142857163,0.04392276384374591,0.01903844385029918,0.03620585706235855,0
2016-03-17,0.0,0.0,1,1.0,0.0,1.0,0.8,0.7,1.0,0.0,0.0,1.0,0.0,1650.0,0.0,330.0,737.9024325749306,282.5,540.291100874529,0.0,0.09821428571428581,0.0,0.019642857142857163,0.04392276384374591,0.01903844385029918,0.03620585706235855,0
2016-03-18,0.0,0.0,1,1.0,1.0,0.0,0.8,0.7,2.0,0.0,0.0,0.0,0.0,0.0,1650.0,330.0,737.9024325749306,282.5,540.291100874529,0.0,0.0,0.09821428571428581,0.019642857142857163,0.04392276384374591,0.01903844385029918,0.03620585706235855,0
2016-03-21,0.0,0.0,1,1.0,1.0,1.0,0.8,0.7,3.0,0.0,0.0,0.0,0.0,0.0,0.0,330.0,737.9024325749306,282.5,540.291100874529,0.0,0.0,0.0,0.019642857142857163,0.04392276384374591,0.01903844385029918,0.03620585706235855,0
2016-03-22,0.0,0.0,1,1.0,1.0,1.0,0.8,0.75,4.0,0.0,0.0,0.0,0.0,0.0,0.0,330.0,737.9024325749306,267.5,543.9318358997414,0.0,0.0,0.0,0.019642857142857163,0.04392276384374591,0.01786656885029918,0.03643455737829931,0
2016-03-23,0.0,0.0,1,1.0,1.0,1.0,1.0,0.8,5.0,0.0,0.0,0.0,0.0,0.0,0.0,0.0,0.0,202.5,488.95027193064595,0.0,0.0,0.0,0.0,0.0,0.012904736789230476,0.031142957734380357,0
2016-03-24,0.0,0.0,1,1.0,1.0,1.0,1.0,0.85,6.0,0.0,0.0,0.0,0.0,0.0,0.0,0.0,0.0,132.5,400.7476565253081,0.0,0.0,0.0,0.0,0.0,0.00804362567811936,0.024074750225110596,0
2016-03-25,0.0,0.0,1,1.0,1.0,1.0,1.0,0.9,7.0,0.0,0.0,0.0,0.0,0.0,0.0,0.0,0.0,122.5,401.46934077080823,0.0,0.0,0.0,0.0,0.0,0.007410714285714293,0.024113407707263487,0
2016-03-28,0.0,0.0,1,1.0,1.0,1.0,1.0,0.9,8.0,0.0,0.0,0.0,0.0,0.0,0.0,0.0,0.0,122.5,401.46934077080823,0.0,0.0,0.0,0.0,0.0,0.007410714285714293,0.024113407707263487,0
2016-03-29,0.0,0.0,1,1.0,1.0,1.0,1.0,0.9,9.0,0.0,0.0,0.0,0.0,0.0,0.0,0.0,0.0,122.5,401.46934077080823,0.0,0.0,0.0,0.0,0.0,0.007410714285714293,0.024113407707263487,0
2016-03-30,0.0,0.0,1,1.0,1.0,1.0,1.0,0.9,10.0,0.0,0.0,0.0,0.0,0.0,0.0,0.0,0.0,122.5,401.46934077080823,0.0,0.0,0.0,0.0,0.0,0.007410714285714293,0.024113407707263487,0
2016-03-31,0.0,0.0,1,1.0,1.0,1.0,1.0,0.9,11.0,0.0,0.0,0.0,0.0,0.0,0.0,0.0,0.0,122.5,401.46934077080823,0.0,0.0,0.0,0.0,0.0,0.007410714285714293,0.024113407707263487,0
2016-04-01,0.0,0.0,1,1.0,1.0,1.0,1.0,0.9,12.0,0.0,0.0,0.0,0.0,0.0,0.0,0.0,0.0,122.5,401.46934077080823,0.0,0.0,0.0,0.0,0.0,0.007410714285714293,0.024113407707263487,0
2016-04-04,0.0,0.0,1,1.0,1.0,1.0,1.0,0.9,13.0,0.0,0.0,0.0,0.0,0.0,0.0,0.0,0.0,122.5,401.46934077080823,0.0,0.0,0.0,0.0,0.0,0.007410714285714293,0.024113407707263487,0
2016-04-05,0.0,0.0,1,1.0,1.0,1.0,1.0,0.95,14.0,0.0,0.0,0.0,0.0,0.0,0.0,0.0,0.0,82.5,368.9512162874653,0.0,0.0,0.0,0.0,0.0,0.004910714285714291,0.02196138192187295,0
2016-04-06,0.0,0.0,1,1.0,1.0,1.0,1.0,0.95,15.0,0.0,0.0,0.0,0.0,0.0,0.0,0.0,0.0,82.5,368.9512162874653,0.0,0.0,0.0,0.0,0.0,0.004910714285714291,0.02196138192187295,0
2016-04-07,0.0,0.0,1,1.0,1.0,1.0,1.0,0.95,16.0,0.0,0.0,0.0,0.0,0.0,0.0,0.0,0.0,82.5,368.9512162874653,0.0,0.0,0.0,0.0,0.0,0.004910714285714291,0.02196138192187295,0
2016-04-08,0.0,0.0,1,1.0,1.0,1.0,1.0,0.95,17.0,0.0,0.0,0.0,0.0,0.0,0.0,0.0,0.0,82.5,368.9512162874653,0.0,0.0,0.0,0.0,0.0,0.004910714285714291,0.02196138192187295,0
2016-04-11,0.0,0.0,1,1.0,1.0,1.0,1.0,0.95,18.0,0.0,0.0,0.0,0.0,0.0,0.0,0.0,0.0,82.5,368.9512162874653,0.0,0.0,0.0,0.0,0.0,0.004910714285714291,0.02196138192187295,0
2016-04-12,0.0,0.0,1,1.0,1.0,1.0,1.0,0.95,19.0,0.0,0.0,0.0,0.0,0.0,0.0,0.0,0.0,82.5,368.9512162874653,0.0,0.0,0.0,0.0,0.0,0.004910714285714291,0.02196138192187295,0
2016-04-14,0.0,0.0,1,1.0,1.0,1.0,1.0,1.0,20.0,0.0,0.0,0.0,0.0,0.0,0.0,0.0,0.0,0.0,0.0,0.0,0.0,0.0,0.0,0.0,0.0,0.0,0
2016-04-15,0.0,0.0,1,1.0,1.0,1.0,1.0,1.0,21.0,0.0,0.0,0.0,0.0,0.0,0.0,0.0,0.0,0.0,0.0,0.0,0.0,0.0,0.0,0.0,0.0,0.0,0
2016-04-18,0.0,0.0,1,1.0,1.0,1.0,1.0,1.0,22.0,0.0,0.0,0.0,0.0,0.0,0.0,0.0,0.0,0.0,0.0,0.0,0.0,0.0,0.0,0.0,0.0,0.0,0
2016-04-19,0.0,0.0,1,1.0,1.0,1.0,1.0,1.0,23.0,0.0,0.0,0.0,0.0,0.0,0.0,0.0,0.0,0.0,0.0,0.0,0.0,0.0,0.0,0.0,0.0,0.0,0
2016-04-20,0.0,0.0,1,1.0,1.0,1.0,1.0,1.0,24.0,0.0,0.0,0.0,0.0,0.0,0.0,0.0,0.0,0.0,0.0,0.0,0.0,0.0,0.0,0.0,0.0,0.0,0
2016-04-21,0.0,0.0,1,1.0,1.0,1.0,1.0,1.0,25.0,0.0,0.0,0.0,0.0,0.0,0.0,0.0,0.0,0.0,0.0,0.0,0.0,0.0,0.0,0.0,0.0,0.0,0
2016-04-22,0.0,0.0,1,1.0,1.0,1.0,1.0,1.0,26.0,0.0,0.0,0.0,0.0,0.0,0.0,0.0,0.0,0.0,0.0,0.0,0.0,0.0,0.0,0.0,0.0,0.0,0
2016-04-25,0.0,0.0,1,1.0,1.0,1.0,1.0,1.0,27.0,0.0,0.0,0.0,0.0,0.0,0.0,0.0,0.0,0.0,0.0,0.0,0.0,0.0,0.0,0.0,0.0,0.0,0
2016-04-26,0.0,0.0,1,1.0,1.0,1.0,1.0,1.0,28.0,0.0,0.0,0.0,0.0,0.0,0.0,0.0,0.0,0.0,0.0,0.0,0.0,0.0,0.0,0.0,0.0,0.0,0
2016-04-27,0.0,0.0,1,1.0,1.0,1.0,1.0,1.0,29.0,0.0,0.0,0.0,0.0,0.0,0.0,0.0,0.0,0.0,0.0,0.0,0.0,0.0,0.0,0.0,0.0,0.0,0
2016-04-28,550.0,0.02981029810298108,0,1.0,1.0,1.0,1.0,1.0,30.0,0.0,0.0,0.0,0.0,0.0,0.0,0.0,0.0,0.0,0.0,0.0,0.0,0.0,0.0,0.0,0.0,0.0,0
2016-04-29,0.0,0.0,1,0.0,1.0,1.0,0.8,0.95,0.0,1.0,1.0,0.0,550.0,0.0,0.0,110.0,245.96747752497686,27.5,122.98373876248843,0.02981029810298108,0.0,0.0,0.005962059620596216,0.013331570597559737,0.001490514905149054,0.006665785298779859,0
2016-05-02,100.0,0.0052631578947368585,0,1.0,0.0,1.0,0.8,0.95,1.0,0.0,0.0,1.0,0.0,550.0,0.0,110.0,245.96747752497686,27.5,122.98373876248843,0.0,0.02981029810298108,0.0,0.005962059620596216,0.013331570597559737,0.001490514905149054,0.006665785298779859,0
2016-05-03,100.0,0.005235602094240788,0,0.0,1.0,0.0,0.6,0.9,0.0,1.0,1.0,0.0,100.0,0.0,550.0,130.0,238.74672772626644,32.5,123.83669212228448,0.0052631578947368585,0.0,0.02981029810298108,0.007014691199543588,0.012945320012351531,0.001753672799885897,0.006707605024904399,0
2016-05-04,0.0,0.0,1,0.0,0.0,1.0,0.4,0.85,0.0,2.0,0.0,0.0,100.0,100.0,0.0,150.0,229.128784747792,37.5,124.47257148718178,0.005235602094240788,0.0052631578947368585,0.0,0.008061811618391746,0.012437867587036026,0.0020154529045979365,0.006737660163469598,0
2016-05-09,0.0,0.0,1,1.0,0.0,0.0,0.4,0.85,1.0,0.0,0.0,1.0,0.0,100.0,100.0,150.0,229.128784747792,37.5,124.47257148718178,0.0,0.005235602094240788,0.0052631578947368585,0.008061811618391746,0.012437867587036026,0.0020154529045979365,0.006737660163469598,0
2016-05-10,0.0,0.0,1,1.0,1.0,0.0,0.6,0.85,2.0,0.0,0.0,0.0,0.0,0.0,100.0,40.0,54.772255750516614,37.5,124.47257148718178,0.0,0.0,0.005235602094240788,0.0020997519977955293,0.002875220341683273,0.0020154529045979365,0.006737660163469598,0
2016-05-11,100.0,0.005208333333333259,0,1.0,1.0,1.0,0.6,0.85,3.0,0.0,0.0,0.0,0.0,0.0,0.0,40.0,54.772255750516614,37.5,124.47257148718178,0.0,0.0,0.0,0.0020997519977955293,0.002875220341683273,0.0020154529045979365,0.006737660163469598,0
2016-05-12,0.0,0.0,1,0.0,1.0,1.0,0.6,0.8,0.0,1.0,1.0,0.0,100.0,0.0,0.0,40.0,54.772255750516614,42.5,124.89469248341307,0.005208333333333259,0.0,0.0,0.0020887870855148096,0.002860205759961198,0.0022758695712645992,0.006756288779257486,0
2016-05-13,0.0,0.0,1,1.0,0.0,1.0,0.8,0.8,1.0,0.0,0.0,1.0,0.0,100.0,0.0,20.0,44.721359549995796,42.5,124.89469248341307,0.0,0.005208333333333259,0.0,0.001041666666666652,0.0023292374765622077,0.0022758695712645992,0.006756288779257486,0
2016-05-16,0.0,0.0,1,1.0,1.0,0.0,0.8,0.8,2.0,0.0,0.0,0.0,0.0,0.0,100.0,20.0,44.721359549995796,42.5,124.89469248341307,0.0,0.0,0.005208333333333259,0.001041666666666652,0.0023292374765622077,0.0022758695712645992,0.006756288779257486,0
2016-05-17,0.0,0.0,1,1.0,1.0,1.0,0.8,0.8,3.0,0.0,0.0,0.0,0.0,0.0,0.0,20.0,44.721359549995796,42.5,124.89469248341307,0.0,0.0,0.0,0.001041666666666652,0.0023292374765622077,0.0022758695712645992,0.006756288779257486,0
2016-05-18,100.0,0.005181347150259086,0,1.0,1.0,1.0,0.8,0.8,4.0,0.0,0.0,0.0,0.0,0.0,0.0,20.0,44.721359549995796,42.5,124.89469248341307,0.0,0.0,0.0,0.001041666666666652,0.0023292374765622077,0.0022758695712645992,0.006756288779257486,0
2016-05-19,1600.0,0.08247422680412364,0,0.0,1.0,1.0,0.8,0.75,0.0,1.0,1.0,0.0,100.0,0.0,0.0,20.0,44.721359549995796,47.5,125.10521887384908,0.005181347150259086,0.0,0.0,0.0010362694300518171,0.0023171688886007864,0.002534936928777554,0.006763762667596025,0
2016-05-20,0.0,0.0,1,0.0,0.0,1.0,0.6,0.7,0.0,2.0,0.0,0.0,1600.0,100.0,0.0,340.0,705.691150575094,127.5,368.3087234772938,0.08247422680412364,0.005181347150259086,0.0,0.017531114790876545,0.036373563601106884,0.006658648268983736,0.019074625579884055,0
2016-05-23,0.0,0.0,1,1.0,0.0,0.0,0.6,0.7,1.0,0.0,0.0,1.0,0.0,1600.0,100.0,340.0,705.691150575094,127.5,368.3087234772938,0.0,0.08247422680412364,0.005181347150259086,0.017531114790876545,0.036373563601106884,0.006658648268983736,0.019074625579884055,0
2016-05-24,0.0,0.0,1,1.0,1.0,0.0,0.6,0.7,2.0,0.0,0.0,0.0,0.0,0.0,1600.0,340.0,705.691150575094,127.5,368.3087234772938,0.0,0.0,0.08247422680412364,0.017531114790876545,0.036373563601106884,0.006658648268983736,0.019074625579884055,0
2016-05-25,0.0,0.0,1,1.0,1.0,1.0,0.6,0.7,3.0,0.0,0.0,0.0,0.0,0.0,0.0,340.0,705.691150575094,127.5,368.3087234772938,0.0,0.0,0.0,0.017531114790876545,0.036373563601106884,0.006658648268983736,0.019074625579884055,0
2016-05-26,0.0,0.0,1,1.0,1.0,1.0,0.8,0.7,4.0,0.0,0.0,0.0,0.0,0.0,0.0,320.0,715.5417527999327,127.5,368.3087234772938,0.0,0.0,0.0,0.01649484536082473,0.036883595505151134,0.006658648268983736,0.019074625579884055,0
2016-05-27,-2050.0,-0.0976190476190476,0,1.0,1.0,1.0,1.0,0.7,5.0,0.0,0.0,0.0,0.0,0.0,0.0,0.0,0.0,127.5,368.3087234772938,0.0,0.0,0.0,0.0,0.0,0.006658648268983736,0.019074625579884055,0
2016-05-30,-450.0,-0.0237467018469657,0,0.0,1.0,1.0,0.8,0.65,0.0,1.0,1.0,0.0,-2050.0,0.0,0.0,-410.0,916.7878707749138,25.0,610.9742005062166,-0.0976190476190476,0.0,0.0,-0.01952380952380952,0.04365656527499588,0.0017776958880313554,0.030145272667086442,0
2016-05-31,0.0,0.0,1,0.0,0.0,1.0,0.6,0.65,0.0,2.0,0.0,0.0,-450.0,-2050.0,0.0,-500.0,888.1159834165805,-25.0,606.6517252835218,-0.0237467018469657,-0.0976190476190476,0.0,-0.024273149893202662,0.042271312015269714,-0.0009001541094659837,0.029901823830924792,0
2016-06-01,0.0,0.0,1,1.0,0.0,0.0,0.6,0.65,1.0,0.0,0.0,1.0,0.0,-450.0,-2050.0,-500.0,888.1159834165805,-25.0,606.6517252835218,0.0,-0.0237467018469657,-0.0976190476190476,-0.024273149893202662,0.042271312015269714,-0.0009001541094659837,0.029901823830924792,0
2016-06-02,-100.0,-0.00540540540540535,0,1.0,1.0,0.0,0.6,0.7,2.0,0.0,0.0,0.0,0.0,0.0,-450.0,-500.0,888.1159834165805,-30.0,605.9789817442429,0.0,0.0,-0.0237467018469657,-0.024273149893202662,0.042271312015269714,-0.0011633120042028266,0.029867867896441174,0
2016-06-03,0.0,0.0,1,0.0,1.0,1.0,0.4,0.7,0.0,1.0,1.0,0.0,-100.0,0.0,0.0,-520.0,875.0714256562146,-40.0,605.3706998282344,-0.00540540540540535,0.0,0.0,-0.025354230974283732,0.041558445509813975,-0.0016953623791851336,0.029842647709242217,0
2016-06-07,-500.0,-0.02717391304347827,0,1.0,0.0,1.0,0.6,0.7,1.0,0.0,0.0,1.0,0.0,-100.0,0.0,-110.0,194.93588689617928,-40.0,605.3706998282344,0.0,-0.00540540540540535,0.0,-0.005830421450474211,0.010285368062868701,-0.0016953623791851336,0.029842647709242217,0
2016-06-08,-300.0,-0.016759776536312887,0,0.0,1.0,0.0,0.6,0.65,0.0,1.0,1.0,0.0,-500.0,0.0,-100.0,-120.0,216.79483388678798,-65.0,613.8960995580861,-0.02717391304347827,0.0,-0.00540540540540535,-0.006515863689776724,0.011783012768096995,-0.003054058031359047,0.030375240988008576,0
2016-06-09,-900.0,-0.051136363636363646,0,0.0,0.0,1.0,0.4,0.6,0.0,2.0,0.0,0.0,-300.0,-500.0,0.0,-180.0,216.79483388678798,-80.0,615.8861822396117,-0.016759776536312887,-0.02717391304347827,0.0,-0.009867818997039302,0.011849692068222662,-0.0038920468581746916,0.030517402266069606,0
2016-06-10,-100.0,-0.005988023952095856,0,0.0,0.0,0.0,0.2,0.6,0.0,3.0,0.0,0.0,-900.0,-300.0,-500.0,-360.0,357.77087639996637,-130.0,640.6000476526923,-0.051136363636363646,-0.016759776536312887,-0.02717391304347827,-0.02009509172431203,0.020275565319777707,-0.0067092817066595365,0.03218809626709083,0
2016-06-13,0.0,0.0,1,0.0,0.0,0.0,0.2,0.55,0.0,4.0,0.0,0.0,-100.0,-900.0,-300.0,-360.0,357.77087639996637,-135.0,639.9218702310462,-0.005988023952095856,-0.051136363636363646,-0.016759776536312887,-0.020211615433650132,0.02017144506631916,-0.00700868290426433,0.03215023141021513,0
2016-06-14,400.0,0.024096385542168752,0,1.0,0.0,0.0,0.2,0.55,1.0,0.0,0.0,1.0,0.0,-100.0,-900.0,-360.0,357.77087639996637,-135.0,639.9218702310462,0.0,-0.005988023952095856,-0.051136363636363646,-0.020211615433650132,0.02017144506631916,-0.00700868290426433,0.03215023141021513,0
2016-06-15,0.0,0.0,1,0.0,1.0,0.0,0.2,0.5,0.0,1.0,1.0,0.0,400.0,0.0,-100.0,-180.0,476.44516998286383,-115.0,650.5261028785208,0.024096385542168752,0.0,-0.005988023952095856,-0.009957555716520728,0.02746154330744721,-0.005803863627155892,0.03287014488629317,0
2016-06-16,0.0,0.0,1,1.0,0.0,1.0,0.4,0.5,1.0,0.0,0.0,1.0,0.0,400.0,0.0,-120.0,476.44516998286383,-115.0,650.5261028785208,0.0,0.024096385542168752,0.0,-0.00660560040925815,0.027446539532171296,-0.005803863627155892,0.03287014488629317,0
2016-06-17,50.0,0.002941176470588225,0,1.0,1.0,0.0,0.6,0.55,2.0,0.0,0.0,0.0,0.0,0.0,400.0,60.0,194.93588689617928,-120.0,649.1695099367953,0.0,0.0,0.024096385542168752,0.0036216723180145793,0.01173573256290744,-0.006062930984668846,0.03279934990637532,0
2016-06-20,-50.0,-0.0029325513196480912,0,0.0,1.0,1.0,0.6,0.55,0.0,1.0,1.0,0.0,50.0,0.0,0.0,90.0,174.64249196572982,-197.5,510.7978794828837,0.002941176470588225,0.0,0.0,0.005407512402551396,0.010524737090650316,-0.010039583501345617,0.025511731118217643,0
2016-06-21,0.0,0.0,1,0.0,0.0,1.0,0.4,0.5,0.0,2.0,0.0,0.0,-50.0,50.0,0.0,80.0,182.3458252881047,-200.0,509.9019513592785,-0.0029325513196480912,0.002941176470588225,0.0,0.004821002138621777,0.010973557585935483,-0.010186211067328022,0.025459365710259006,0
2016-06-22,-200.0,-0.0117647058823529,0,1.0,0.0,0.0,0.6,0.5,1.0,0.0,0.0,1.0,0.0,-50.0,50.0,0.0,35.35533905932738,-200.0,509.9019513592785,0.0,-0.0029325513196480912,0.002941176470588225,1.7250301880267216e-06,0.0020766777190299947,-0.010186211067328022,0.025459365710259006,0
2016-06-23,200.0,0.011904761904761862,0,0.0,1.0,0.0,0.4,0.45,0.0,1.0,1.0,0.0,-200.0,0.0,-50.0,-40.0,96.17692030835673,-210.0,507.7297250350924,-0.0117647058823529,0.0,-0.0029325513196480912,-0.002351216146282553,0.005657243010934704,-0.010774446361445667,0.025347292058992603,0
2016-06-24,0.0,0.0,1,0.0,0.0,1.0,0.2,0.4,0.0,2.0,0.0,0.0,200.0,-200.0,0.0,0.0,145.7737973711325,-200.0,514.0141304631512,0.011904761904761862,-0.0117647058823529,0.0,2.9736234669819338e-05,0.008622320099059545,-0.010179208266207574,0.02575020766920798,0
2016-06-27,0.0,0.0,1,1.0,0.0,0.0,0.4,0.4,1.0,0.0,0.0,1.0,0.0,200.0,-200.0,-10.0,143.17821063276352,-200.0,514.0141304631512,0.0,0.011904761904761862,-0.0117647058823529,-0.0005584990594478256,0.008473073700739952,-0.010179208266207574,0.02575020766920798,0
2016-06-28,0.0,0.0,1,1.0,1.0,0.0,0.6,0.45,2.0,0.0,0.0,0.0,0.0,0.0,200.0,0.0,141.4213562373095,-97.5,274.089401473315,0.0,0.0,0.011904761904761862,2.8011204481792616e-05,0.00836850848971088,-0.005298255885255193,0.015525543565555504,0
2016-06-29,0.0,0.0,1,1.0,1.0,1.0,0.6,0.5,3.0,0.0,0.0,0.0,0.0,0.0,0.0,0.0,141.4213562373095,-75.0,261.82557472284367,0.0,0.0,0.0,2.8011204481792616e-05,0.00836850848971088,-0.004110920792906908,0.01493730515698748,0
2016-06-30,0.0,0.0,1,1.0,1.0,1.0,0.8,0.5,4.0,0.0,0.0,0.0,0.0,0.0,0.0,40.0,89.44271909999159,-75.0,261.82557472284367,0.0,0.0,0.0,0.0023809523809523725,0.0053239713749994024,-0.004110920792906908,0.01493730515698748,0
2016-07-01,0.0,0.0,1,1.0,1.0,1.0,1.0,0.5,5.0,0.0,0.0,0.0,0.0,0.0,0.0,0.0,0.0,-75.0,261.82557472284367,0.0,0.0,0.0,0.0,0.0,-0.004110920792906908,0.01493730515698748,0
2016-07-04,0.0,0.0,1,1.0,1.0,1.0,1.0,0.55,6.0,0.0,0.0,0.0,0.0,0.0,0.0,0.0,0.0,-70.0,262.2774746031587,0.0,0.0,0.0,0.0,0.0,-0.0038406505226366407,0.01496153257116053,1
2016-07-05,0.0,0.0,1,1.0,1.0,1.0,1.0,0.55,7.0,0.0,0.0,0.0,0.0,0.0,0.0,0.0,0.0,-70.0,262.2774746031587,0.0,0.0,0.0,0.0,0.0,-0.0038406505226366407,0.01496153257116053,0
2016-07-06,0.0,0.0,1,1.0,1.0,1.0,1.0,0.6,8.0,0.0,0.0,0.0,0.0,0.0,0.0,0.0,0.0,-45.0,242.19391969420315,0.0,0.0,0.0,0.0,0.0,-0.002481954870462727,0.01392931414744467,0
2016-07-07,0.0,0.0,1,1.0,1.0,1.0,1.0,0.65,9.0,0.0,0.0,0.0,0.0,0.0,0.0,0.0,0.0,-30.0,234.7451025216389,0.0,0.0,0.0,0.0,0.0,-0.0016439660436470827,0.013523370536584898,0
2016-07-08,0.0,0.0,1,1.0,1.0,1.0,1.0,0.7,10.0,0.0,0.0,0.0,0.0,0.0,0.0,0.0,0.0,15.0,114.82251750556514,0.0,0.0,0.0,0.0,0.0,0.0009128521381710997,0.006871789329935475,0
2016-07-11,0.0,0.0,1,1.0,1.0,1.0,1.0,0.75,11.0,0.0,0.0,0.0,0.0,0.0,0.0,0.0,0.0,20.0,111.68564908047202,0.0,0.0,0.0,0.0,0.0,0.0012122533357758925,0.006683155061620804,0
2016-07-12,0.0,0.0,1,1.0,1.0,1.0,1.0,0.75,12.0,0.0,0.0,0.0,0.0,0.0,0.0,0.0,0.0,20.0,111.68564908047202,0.0,0.0,0.0,0.0,0.0,0.0012122533357758925,0.006683155061620804,0
2016-07-13,0.0,0.0,1,1.0,1.0,1.0,1.0,0.8,13.0,0.0,0.0,0.0,0.0,0.0,0.0,0.0,0.0,0.0,66.88560540599406,0.0,0.0,0.0,0.0,0.0,7.4340586674548345e-06,0.003956213843112592,0
2016-07-14,0.0,0.0,1,1.0,1.0,1.0,1.0,0.8,14.0,0.0,0.0,0.0,0.0,0.0,0.0,0.0,0.0,0.0,66.88560540599406,0.0,0.0,0.0,0.0,0.0,7.4340586674548345e-06,0.003956213843112592,0
2016-07-15,0.0,0.0,1,1.0,1.0,1.0,1.0,0.8,15.0,0.0,0.0,0.0,0.0,0.0,0.0,0.0,0.0,0.0,66.88560540599406,0.0,0.0,0.0,0.0,0.0,7.4340586674548345e-06,0.003956213843112592,0
2016-07-18,0.0,0.0,1,1.0,1.0,1.0,1.0,0.85,16.0,0.0,0.0,0.0,0.0,0.0,0.0,0.0,0.0,-2.5,65.84471365105553,0.0,0.0,0.0,0.0,0.0,-0.0001396247648619564,0.0038956224842118885,0
2016-07-19,0.0,0.0,1,1.0,1.0,1.0,1.0,0.9,17.0,0.0,0.0,0.0,0.0,0.0,0.0,0.0,0.0,0.0,64.88856845230521,0.0,0.0,0.0,0.0,0.0,7.002801120448154e-06,0.0038397551986309973,0
2016-07-20,0.0,0.0,1,1.0,1.0,1.0,1.0,0.9,18.0,0.0,0.0,0.0,0.0,0.0,0.0,0.0,0.0,0.0,64.88856845230521,0.0,0.0,0.0,0.0,0.0,7.002801120448154e-06,0.0038397551986309973,0
2016-07-21,0.0,0.0,1,1.0,1.0,1.0,1.0,0.95,19.0,0.0,0.0,0.0,0.0,0.0,0.0,0.0,0.0,10.0,44.72135954999607,0.0,0.0,0.0,0.0,0.0,0.0005952380952380931,0.0026619856874996813,0
2016-07-22,0.0,0.0,1,1.0,1.0,1.0,1.0,1.0,20.0,0.0,0.0,0.0,0.0,0.0,0.0,0.0,0.0,0.0,0.0,0.0,0.0,0.0,0.0,0.0,0.0,0.0,0
2016-07-25,0.0,0.0,1,1.0,1.0,1.0,1.0,1.0,21.0,0.0,0.0,0.0,0.0,0.0,0.0,0.0,0.0,0.0,0.0,0.0,0.0,0.0,0.0,0.0,0.0,0.0,0
2016-07-26,0.0,0.0,1,1.0,1.0,1.0,1.0,1.0,22.0,0.0,0.0,0.0,0.0,0.0,0.0,0.0,0.0,0.0,0.0,0.0,0.0,0.0,0.0,0.0,0.0,0.0,0
2016-07-27,0.0,0.0,1,1.0,1.0,1.0,1.0,1.0,23.0,0.0,0.0,0.0,0.0,0.0,0.0,0.0,0.0,0.0,0.0,0.0,0.0,0.0,0.0,0.0,0.0,0.0,0
2016-07-28,0.0,0.0,1,1.0,1.0,1.0,1.0,1.0,24.0,0.0,0.0,0.0,0.0,0.0,0.0,0.0,0.0,0.0,0.0,0.0,0.0,0.0,0.0,0.0,0.0,0.0,0
2016-07-29,0.0,0.0,1,1.0,1.0,1.0,1.0,1.0,25.0,0.0,0.0,0.0,0.0,0.0,0.0,0.0,0.0,0.0,0.0,0.0,0.0,0.0,0.0,0.0,0.0,0.0,0
2016-08-01,0.0,0.0,1,1.0,1.0,1.0,1.0,1.0,26.0,0.0,0.0,0.0,0.0,0.0,0.0,0.0,0.0,0.0,0.0,0.0,0.0,0.0,0.0,0.0,0.0,0.0,0
2016-08-02,0.0,0.0,1,1.0,1.0,1.0,1.0,1.0,27.0,0.0,0.0,0.0,0.0,0.0,0.0,0.0,0.0,0.0,0.0,0.0,0.0,0.0,0.0,0.0,0.0,0.0,0
2016-08-03,0.0,0.0,1,1.0,1.0,1.0,1.0,1.0,28.0,0.0,0.0,0.0,0.0,0.0,0.0,0.0,0.0,0.0,0.0,0.0,0.0,0.0,0.0,0.0,0.0,0.0,0
2016-08-04,0.0,0.0,1,1.0,1.0,1.0,1.0,1.0,29.0,0.0,0.0,0.0,0.0,0.0,0.0,0.0,0.0,0.0,0.0,0.0,0.0,0.0,0.0,0.0,0.0,0.0,0
2016-08-05,0.0,0.0,1,1.0,1.0,1.0,1.0,1.0,30.0,0.0,0.0,0.0,0.0,0.0,0.0,0.0,0.0,0.0,0.0,0.0,0.0,0.0,0.0,0.0,0.0,0.0,0
2016-08-08,0.0,0.0,1,1.0,1.0,1.0,1.0,1.0,31.0,0.0,0.0,0.0,0.0,0.0,0.0,0.0,0.0,0.0,0.0,0.0,0.0,0.0,0.0,0.0,0.0,0.0,0
2016-08-09,0.0,0.0,1,1.0,1.0,1.0,1.0,1.0,32.0,0.0,0.0,0.0,0.0,0.0,0.0,0.0,0.0,0.0,0.0,0.0,0.0,0.0,0.0,0.0,0.0,0.0,0
2016-08-10,0.0,0.0,1,1.0,1.0,1.0,1.0,1.0,33.0,0.0,0.0,0.0,0.0,0.0,0.0,0.0,0.0,0.0,0.0,0.0,0.0,0.0,0.0,0.0,0.0,0.0,0
2016-08-11,-500.0,-0.02941176470588236,0,1.0,1.0,1.0,1.0,1.0,34.0,0.0,0.0,0.0,0.0,0.0,0.0,0.0,0.0,0.0,0.0,0.0,0.0,0.0,0.0,0.0,0.0,0.0,0
2016-08-12,0.0,0.0,1,0.0,1.0,1.0,0.8,0.95,0.0,1.0,1.0,0.0,-500.0,0.0,0.0,-100.0,223.60679774997897,-25.0,111.8033988749896,-0.02941176470588236,0.0,0.0,-0.005882352941176472,0.013153341044116381,-0.001470588235294118,0.006576670522058183,0
2016-08-16,0.0,0.0,1,1.0,0.0,1.0,0.8,0.95,1.0,0.0,0.0,1.0,0.0,-500.0,0.0,-100.0,223.60679774997897,-25.0,111.8033988749896,0.0,-0.02941176470588236,0.0,-0.005882352941176472,0.013153341044116381,-0.001470588235294118,0.006576670522058183,0
2016-08-17,0.0,0.0,1,1.0,1.0,0.0,0.8,0.95,2.0,0.0,0.0,0.0,0.0,0.0,-500.0,-100.0,223.60679774997897,-25.0,111.8033988749896,0.0,0.0,-0.02941176470588236,-0.005882352941176472,0.013153341044116381,-0.001470588235294118,0.006576670522058183,0
2016-08-18,0.0,0.0,1,1.0,1.0,1.0,0.8,0.95,3.0,0.0,0.0,0.0,0.0,0.0,0.0,-100.0,223.60679774997897,-25.0,111.8033988749896,0.0,0.0,0.0,-0.005882352941176472,0.013153341044116381,-0.001470588235294118,0.006576670522058183,0
2016-08-19,0.0,0.0,1,1.0,1.0,1.0,0.8,0.95,4.0,0.0,0.0,0.0,0.0,0.0,0.0,-100.0,223.60679774997897,-25.0,111.8033988749896,0.0,0.0,0.0,-0.005882352941176472,0.013153341044116381,-0.001470588235294118,0.006576670522058183,0
2016-08-22,500.0,0.030303030303030276,0,1.0,1.0,1.0,1.0,0.95,5.0,0.0,0.0,0.0,0.0,0.0,0.0,0.0,0.0,-25.0,111.8033988749896,0.0,0.0,0.0,0.0,0.0,-0.001470588235294118,0.006576670522058183,0
2016-08-23,0.0,0.0,1,0.0,1.0,1.0,0.8,0.9,0.0,1.0,1.0,0.0,500.0,0.0,0.0,100.0,223.60679774997897,0.0,162.22142113076262,0.030303030303030276,0.0,0.0,0.006060606060606055,0.013551927136362319,4.456327985739583e-05,0.009687989935841397,0
2016-08-24,0.0,0.0,1,1.0,0.0,1.0,0.8,0.9,1.0,0.0,0.0,1.0,0.0,500.0,0.0,100.0,223.60679774997897,0.0,162.22142113076262,0.0,0.030303030303030276,0.0,0.006060606060606055,0.013551927136362319,4.456327985739583e-05,0.009687989935841397,0
2016-08-25,0.0,0.0,1,1.0,1.0,0.0,0.8,0.9,2.0,0.0,0.0,0.0,0.0,0.0,500.0,100.0,223.60679774997897,0.0,162.22142113076262,0.0,0.0,0.030303030303030276,0.006060606060606055,0.013551927136362319,4.456327985739583e-05,0.009687989935841397,0
2016-08-26,0.0,0.0,1,1.0,1.0,1.0,0.8,0.9,3.0,0.0,0.0,0.0,0.0,0.0,0.0,100.0,223.60679774997897,0.0,162.22142113076262,0.0,0.0,0.0,0.006060606060606055,0.013551927136362319,4.456327985739583e-05,0.009687989935841397,0
2016-08-29,0.0,0.0,1,1.0,1.0,1.0,0.8,0.9,4.0,0.0,0.0,0.0,0.0,0.0,0.0,100.0,223.60679774997897,0.0,162.22142113076262,0.0,0.0,0.0,0.006060606060606055,0.013551927136362319,4.456327985739583e-05,0.009687989935841397,0
2016-08-30,0.0,0.0,1,1.0,1.0,1.0,1.0,0.9,5.0,0.0,0.0,0.0,0.0,0.0,0.0,0.0,0.0,0.0,162.22142113076262,0.0,0.0,0.0,0.0,0.0,4.456327985739583e-05,0.009687989935841397,0
2016-08-31,0.0,0.0,1,1.0,1.0,1.0,1.0,0.9,6.0,0.0,0.0,0.0,0.0,0.0,0.0,0.0,0.0,0.0,162.22142113076262,0.0,0.0,0.0,0.0,0.0,4.456327985739583e-05,0.009687989935841397,0
2016-09-01,0.0,0.0,1,1.0,1.0,1.0,1.0,0.9,7.0,0.0,0.0,0.0,0.0,0.0,0.0,0.0,0.0,0.0,162.22142113076262,0.0,0.0,0.0,0.0,0.0,4.456327985739583e-05,0.009687989935841397,0
2016-09-02,0.0,0.0,1,1.0,1.0,1.0,1.0,0.9,8.0,0.0,0.0,0.0,0.0,0.0,0.0,0.0,0.0,0.0,162.22142113076262,0.0,0.0,0.0,0.0,0.0,4.456327985739583e-05,0.009687989935841397,0
2016-09-05,0.0,0.0,1,1.0,1.0,1.0,1.0,0.9,9.0,0.0,0.0,0.0,0.0,0.0,0.0,0.0,0.0,0.0,162.22142113076262,0.0,0.0,0.0,0.0,0.0,4.456327985739583e-05,0.009687989935841397,0
2016-09-06,0.0,0.0,1,1.0,1.0,1.0,1.0,0.9,10.0,0.0,0.0,0.0,0.0,0.0,0.0,0.0,0.0,0.0,162.22142113076262,0.0,0.0,0.0,0.0,0.0,4.456327985739583e-05,0.009687989935841397,0
2016-09-07,0.0,0.0,1,1.0,1.0,1.0,1.0,0.9,11.0,0.0,0.0,0.0,0.0,0.0,0.0,0.0,0.0,0.0,162.22142113076262,0.0,0.0,0.0,0.0,0.0,4.456327985739583e-05,0.009687989935841397,0
2016-09-08,0.0,0.0,1,1.0,1.0,1.0,1.0,0.9,12.0,0.0,0.0,0.0,0.0,0.0,0.0,0.0,0.0,0.0,162.22142113076262,0.0,0.0,0.0,0.0,0.0,4.456327985739583e-05,0.009687989935841397,0
2016-09-09,0.0,0.0,1,1.0,1.0,1.0,1.0,0.9,13.0,0.0,0.0,0.0,0.0,0.0,0.0,0.0,0.0,0.0,162.22142113076262,0.0,0.0,0.0,0.0,0.0,4.456327985739583e-05,0.009687989935841397,0
2016-09-12,0.0,0.0,1,1.0,1.0,1.0,1.0,0.95,14.0,0.0,0.0,0.0,0.0,0.0,0.0,0.0,0.0,25.0,111.8033988749896,0.0,0.0,0.0,0.0,0.0,0.0015151515151515138,0.006775963568181152,0
2016-09-13,0.0,0.0,1,1.0,1.0,1.0,1.0,0.95,15.0,0.0,0.0,0.0,0.0,0.0,0.0,0.0,0.0,25.0,111.8033988749896,0.0,0.0,0.0,0.0,0.0,0.0015151515151515138,0.006775963568181152,0
2016-09-19,0.0,0.0,1,1.0,1.0,1.0,1.0,0.95,16.0,0.0,0.0,0.0,0.0,0.0,0.0,0.0,0.0,25.0,111.8033988749896,0.0,0.0,0.0,0.0,0.0,0.0015151515151515138,0.006775963568181152,0
2016-09-20,0.0,0.0,1,1.0,1.0,1.0,1.0,0.95,17.0,0.0,0.0,0.0,0.0,0.0,0.0,0.0,0.0,25.0,111.8033988749896,0.0,0.0,0.0,0.0,0.0,0.0015151515151515138,0.006775963568181152,0
2016-09-21,500.0,0.02941176470588225,0,1.0,1.0,1.0,1.0,0.95,18.0,0.0,0.0,0.0,0.0,0.0,0.0,0.0,0.0,25.0,111.8033988749896,0.0,0.0,0.0,0.0,0.0,0.0015151515151515138,0.006775963568181152,0
2016-09-22,0.0,0.0,1,0.0,1.0,1.0,0.8,0.9,0.0,1.0,1.0,0.0,500.0,0.0,0.0,100.0,223.60679774997897,50.0,153.8967528127732,0.02941176470588225,0.0,0.0,0.00588235294117645,0.013153341044116331,0.002985739750445626,0.009191050313706846,0
2016-09-23,0.0,0.0,1,1.0,0.0,1.0,0.8,0.95,1.0,0.0,0.0,1.0,0.0,500.0,0.0,100.0,223.60679774997897,25.0,111.8033988749896,0.0,0.02941176470588225,0.0,0.00588235294117645,0.013153341044116331,0.0014705882352941124,0.006576670522058157,0
2016-09-26,0.0,0.0,1,1.0,1.0,0.0,0.8,0.95,2.0,0.0,0.0,0.0,0.0,0.0,500.0,100.0,223.60679774997897,25.0,111.8033988749896,0.0,0.0,0.02941176470588225,0.00588235294117645,0.013153341044116331,0.0014705882352941124,0.006576670522058157,0
2016-09-27,0.0,0.0,1,1.0,1.0,1.0,0.8,0.95,3.0,0.0,0.0,0.0,0.0,0.0,0.0,100.0,223.60679774997897,25.0,111.8033988749896,0.0,0.0,0.0,0.00588235294117645,0.013153341044116331,0.0014705882352941124,0.006576670522058157,0
2016-09-28,0.0,0.0,1,1.0,1.0,1.0,0.8,0.95,4.0,0.0,0.0,0.0,0.0,0.0,0.0,100.0,223.60679774997897,25.0,111.8033988749896,0.0,0.0,0.0,0.00588235294117645,0.013153341044116331,0.0014705882352941124,0.006576670522058157,0
2016-09-29,0.0,0.0,1,1.0,1.0,1.0,1.0,0.95,5.0,0.0,0.0,0.0,0.0,0.0,0.0,0.0,0.0,25.0,111.8033988749896,0.0,0.0,0.0,0.0,0.0,0.0014705882352941124,0.006576670522058157,0
2016-09-30,500.0,0.02857142857142847,0,1.0,1.0,1.0,1.0,0.95,6.0,0.0,0.0,0.0,0.0,0.0,0.0,0.0,0.0,25.0,111.8033988749896,0.0,0.0,0.0,0.0,0.0,0.0014705882352941124,0.006576670522058157,0
2016-10-04,0.0,0.0,1,0.0,1.0,1.0,0.8,0.9,0.0,1.0,1.0,0.0,500.0,0.0,0.0,100.0,223.60679774997897,50.0,153.8967528127732,0.02857142857142847,0.0,0.0,0.005714285714285694,0.01277753129999872,0.002899159663865536,0.008924466366457865,0
2016-10-05,0.0,0.0,1,1.0,0.0,1.0,0.8,0.9,1.0,0.0,0.0,1.0,0.0,500.0,0.0,100.0,223.60679774997897,50.0,153.8967528127732,0.0,0.02857142857142847,0.0,0.005714285714285694,0.01277753129999872,0.002899159663865536,0.008924466366457865,0
2016-10-06,0.0,0.0,1,1.0,1.0,0.0,0.8,0.9,2.0,0.0,0.0,0.0,0.0,0.0,500.0,100.0,223.60679774997897,50.0,153.8967528127732,0.0,0.0,0.02857142857142847,0.005714285714285694,0.01277753129999872,0.002899159663865536,0.008924466366457865,0
2016-10-07,0.0,0.0,1,1.0,1.0,1.0,0.8,0.9,3.0,0.0,0.0,0.0,0.0,0.0,0.0,100.0,223.60679774997897,50.0,153.8967528127732,0.0,0.0,0.0,0.005714285714285694,0.01277753129999872,0.002899159663865536,0.008924466366457865,0
2016-10-10,0.0,0.0,1,1.0,1.0,1.0,0.8,0.9,4.0,0.0,0.0,0.0,0.0,0.0,0.0,100.0,223.60679774997897,50.0,153.8967528127732,0.0,0.0,0.0,0.005714285714285694,0.01277753129999872,0.002899159663865536,0.008924466366457865,0
2016-10-11,0.0,0.0,1,1.0,1.0,1.0,1.0,0.9,5.0,0.0,0.0,0.0,0.0,0.0,0.0,0.0,0.0,50.0,153.8967528127732,0.0,0.0,0.0,0.0,0.0,0.002899159663865536,0.008924466366457865,0
2016-10-12,0.0,0.0,1,1.0,1.0,1.0,1.0,0.9,6.0,0.0,0.0,0.0,0.0,0.0,0.0,0.0,0.0,50.0,153.8967528127732,0.0,0.0,0.0,0.0,0.0,0.002899159663865536,0.008924466366457865,0
2016-10-13,0.0,0.0,1,1.0,1.0,1.0,1.0,0.9,7.0,0.0,0.0,0.0,0.0,0.0,0.0,0.0,0.0,50.0,153.8967528127732,0.0,0.0,0.0,0.0,0.0,0.002899159663865536,0.008924466366457865,0
2016-10-14,0.0,0.0,1,1.0,1.0,1.0,1.0,0.9,8.0,0.0,0.0,0.0,0.0,0.0,0.0,0.0,0.0,50.0,153.8967528127732,0.0,0.0,0.0,0.0,0.0,0.002899159663865536,0.008924466366457865,0
2016-10-17,0.0,0.0,1,1.0,1.0,1.0,1.0,0.9,9.0,0.0,0.0,0.0,0.0,0.0,0.0,0.0,0.0,50.0,153.8967528127732,0.0,0.0,0.0,0.0,0.0,0.002899159663865536,0.008924466366457865,0
2016-10-18,0.0,0.0,1,1.0,1.0,1.0,1.0,0.9,10.0,0.0,0.0,0.0,0.0,0.0,0.0,0.0,0.0,50.0,153.8967528127732,0.0,0.0,0.0,0.0,0.0,0.002899159663865536,0.008924466366457865,0
2016-10-19,0.0,0.0,1,1.0,1.0,1.0,1.0,0.9,11.0,0.0,0.0,0.0,0.0,0.0,0.0,0.0,0.0,50.0,153.8967528127732,0.0,0.0,0.0,0.0,0.0,0.002899159663865536,0.008924466366457865,0
2016-10-20,0.0,0.0,1,1.0,1.0,1.0,1.0,0.9,12.0,0.0,0.0,0.0,0.0,0.0,0.0,0.0,0.0,50.0,153.8967528127732,0.0,0.0,0.0,0.0,0.0,0.002899159663865536,0.008924466366457865,0
2016-10-21,0.0,0.0,1,1.0,1.0,1.0,1.0,0.95,13.0,0.0,0.0,0.0,0.0,0.0,0.0,0.0,0.0,25.0,111.8033988749896,0.0,0.0,0.0,0.0,0.0,0.0014285714285714236,0.006388765649999351,0
2016-10-24,0.0,0.0,1,1.0,1.0,1.0,1.0,0.95,14.0,0.0,0.0,0.0,0.0,0.0,0.0,0.0,0.0,25.0,111.8033988749896,0.0,0.0,0.0,0.0,0.0,0.0014285714285714236,0.006388765649999351,0
2016-10-25,500.0,0.02777777777777768,0,1.0,1.0,1.0,1.0,0.95,15.0,0.0,0.0,0.0,0.0,0.0,0.0,0.0,0.0,25.0,111.8033988749896,0.0,0.0,0.0,0.0,0.0,0.0014285714285714236,0.006388765649999351,0
2016-10-26,0.0,0.0,1,0.0,1.0,1.0,0.8,0.9,0.0,1.0,1.0,0.0,500.0,0.0,0.0,100.0,223.60679774997897,50.0,153.8967528127732,0.02777777777777768,0.0,0.0,0.005555555555555536,0.012422599874998753,0.0028174603174603075,0.008672915542303193,0
2016-10-27,0.0,0.0,1,1.0,0.0,1.0,0.8,0.9,1.0,0.0,0.0,1.0,0.0,500.0,0.0,100.0,223.60679774997897,50.0,153.8967528127732,0.0,0.02777777777777768,0.0,0.005555555555555536,0.012422599874998753,0.0028174603174603075,0.008672915542303193,0
2016-10-28,0.0,0.0,1,1.0,1.0,0.0,0.8,0.9,2.0,0.0,0.0,0.0,0.0,0.0,500.0,100.0,223.60679774997897,50.0,153.8967528127732,0.0,0.0,0.02777777777777768,0.005555555555555536,0.012422599874998753,0.0028174603174603075,0.008672915542303193,0
2016-10-31,0.0,0.0,1,1.0,1.0,1.0,0.8,0.9,3.0,0.0,0.0,0.0,0.0,0.0,0.0,100.0,223.60679774997897,50.0,153.8967528127732,0.0,0.0,0.0,0.005555555555555536,0.012422599874998753,0.0028174603174603075,0.008672915542303193,0
2016-11-01,0.0,0.0,1,1.0,1.0,1.0,0.8,0.95,4.0,0.0,0.0,0.0,0.0,0.0,0.0,100.0,223.60679774997897,25.0,111.8033988749896,0.0,0.0,0.0,0.005555555555555536,0.012422599874998753,0.001388888888888884,0.006211299937499367,0
2016-11-02,0.0,0.0,1,1.0,1.0,1.0,1.0,0.95,5.0,0.0,0.0,0.0,0.0,0.0,0.0,0.0,0.0,25.0,111.8033988749896,0.0,0.0,0.0,0.0,0.0,0.001388888888888884,0.006211299937499367,0
2016-11-03,0.0,0.0,1,1.0,1.0,1.0,1.0,0.95,6.0,0.0,0.0,0.0,0.0,0.0,0.0,0.0,0.0,25.0,111.8033988749896,0.0,0.0,0.0,0.0,0.0,0.001388888888888884,0.006211299937499367,0
2016-11-04,0.0,0.0,1,1.0,1.0,1.0,1.0,0.95,7.0,0.0,0.0,0.0,0.0,0.0,0.0,0.0,0.0,25.0,111.8033988749896,0.0,0.0,0.0,0.0,0.0,0.001388888888888884,0.006211299937499367,0
2016-11-07,0.0,0.0,1,1.0,1.0,1.0,1.0,0.95,8.0,0.0,0.0,0.0,0.0,0.0,0.0,0.0,0.0,25.0,111.8033988749896,0.0,0.0,0.0,0.0,0.0,0.001388888888888884,0.006211299937499367,0
2016-11-08,0.0,0.0,1,1.0,1.0,1.0,1.0,0.95,9.0,0.0,0.0,0.0,0.0,0.0,0.0,0.0,0.0,25.0,111.8033988749896,0.0,0.0,0.0,0.0,0.0,0.001388888888888884,0.006211299937499367,0
2016-11-09,0.0,0.0,1,1.0,1.0,1.0,1.0,0.95,10.0,0.0,0.0,0.0,0.0,0.0,0.0,0.0,0.0,25.0,111.8033988749896,0.0,0.0,0.0,0.0,0.0,0.001388888888888884,0.006211299937499367,0
2016-11-10,0.0,0.0,1,1.0,1.0,1.0,1.0,0.95,11.0,0.0,0.0,0.0,0.0,0.0,0.0,0.0,0.0,25.0,111.8033988749896,0.0,0.0,0.0,0.0,0.0,0.001388888888888884,0.006211299937499367,0
2016-11-11,0.0,0.0,1,1.0,1.0,1.0,1.0,0.95,12.0,0.0,0.0,0.0,0.0,0.0,0.0,0.0,0.0,25.0,111.8033988749896,0.0,0.0,0.0,0.0,0.0,0.001388888888888884,0.006211299937499367,0
2016-11-14,0.0,0.0,1,1.0,1.0,1.0,1.0,0.95,13.0,0.0,0.0,0.0,0.0,0.0,0.0,0.0,0.0,25.0,111.8033988749896,0.0,0.0,0.0,0.0,0.0,0.001388888888888884,0.006211299937499367,0
2016-11-15,0.0,0.0,1,1.0,1.0,1.0,1.0,0.95,14.0,0.0,0.0,0.0,0.0,0.0,0.0,0.0,0.0,25.0,111.8033988749896,0.0,0.0,0.0,0.0,0.0,0.001388888888888884,0.006211299937499367,0
2016-11-16,0.0,0.0,1,1.0,1.0,1.0,1.0,0.95,15.0,0.0,0.0,0.0,0.0,0.0,0.0,0.0,0.0,25.0,111.8033988749896,0.0,0.0,0.0,0.0,0.0,0.001388888888888884,0.006211299937499367,0
2016-11-17,0.0,0.0,1,1.0,1.0,1.0,1.0,0.95,16.0,0.0,0.0,0.0,0.0,0.0,0.0,0.0,0.0,25.0,111.8033988749896,0.0,0.0,0.0,0.0,0.0,0.001388888888888884,0.006211299937499367,0
2016-11-18,0.0,0.0,1,1.0,1.0,1.0,1.0,0.95,17.0,0.0,0.0,0.0,0.0,0.0,0.0,0.0,0.0,25.0,111.8033988749896,0.0,0.0,0.0,0.0,0.0,0.001388888888888884,0.006211299937499367,0
2016-11-21,0.0,0.0,1,1.0,1.0,1.0,1.0,0.95,18.0,0.0,0.0,0.0,0.0,0.0,0.0,0.0,0.0,25.0,111.8033988749896,0.0,0.0,0.0,0.0,0.0,0.001388888888888884,0.006211299937499367,0
2016-11-22,0.0,0.0,1,1.0,1.0,1.0,1.0,0.95,19.0,0.0,0.0,0.0,0.0,0.0,0.0,0.0,0.0,25.0,111.8033988749896,0.0,0.0,0.0,0.0,0.0,0.001388888888888884,0.006211299937499367,0
2016-11-23,0.0,0.0,1,1.0,1.0,1.0,1.0,1.0,20.0,0.0,0.0,0.0,0.0,0.0,0.0,0.0,0.0,0.0,0.0,0.0,0.0,0.0,0.0,0.0,0.0,0.0,0
2016-11-24,0.0,0.0,1,1.0,1.0,1.0,1.0,1.0,21.0,0.0,0.0,0.0,0.0,0.0,0.0,0.0,0.0,0.0,0.0,0.0,0.0,0.0,0.0,0.0,0.0,0.0,0
2016-11-25,0.0,0.0,1,1.0,1.0,1.0,1.0,1.0,22.0,0.0,0.0,0.0,0.0,0.0,0.0,0.0,0.0,0.0,0.0,0.0,0.0,0.0,0.0,0.0,0.0,0.0,0
2016-11-28,0.0,0.0,1,1.0,1.0,1.0,1.0,1.0,23.0,0.0,0.0,0.0,0.0,0.0,0.0,0.0,0.0,0.0,0.0,0.0,0.0,0.0,0.0,0.0,0.0,0.0,0
2016-11-29,100.0,0.00540540540540535,0,1.0,1.0,1.0,1.0,1.0,24.0,0.0,0.0,0.0,0.0,0.0,0.0,0.0,0.0,0.0,0.0,0.0,0.0,0.0,0.0,0.0,0.0,0.0,0
2016-11-30,0.0,0.0,1,0.0,1.0,1.0,0.8,0.95,0.0,1.0,1.0,0.0,100.0,0.0,0.0,20.0,44.721359549995796,5.0,22.360679774998484,0.00540540540540535,0.0,0.0,0.00108108108108107,0.0024173707864860606,0.0002702702702702675,0.0012086853932429802,0
2016-12-01,0.0,0.0,1,1.0,0.0,1.0,0.8,0.95,1.0,0.0,0.0,1.0,0.0,100.0,0.0,20.0,44.721359549995796,5.0,22.360679774998484,0.0,0.00540540540540535,0.0,0.00108108108108107,0.0024173707864860606,0.0002702702702702675,0.0012086853932429802,0
2016-12-02,0.0,0.0,1,1.0,1.0,0.0,0.8,0.95,2.0,0.0,0.0,0.0,0.0,0.0,100.0,20.0,44.721359549995796,5.0,22.360679774998484,0.0,0.0,0.00540540540540535,0.00108108108108107,0.0024173707864860606,0.0002702702702702675,0.0012086853932429802,0
2016-12-05,400.0,0.021505376344086002,0,1.0,1.0,1.0,0.8,0.95,3.0,0.0,0.0,0.0,0.0,0.0,0.0,20.0,44.721359549995796,5.0,22.360679774998484,0.0,0.0,0.0,0.00108108108108107,0.0024173707864860606,0.0002702702702702675,0.0012086853932429802,0
2016-12-06,100.0,0.0052631578947368585,0,0.0,1.0,1.0,0.6,0.9,0.0,1.0,1.0,0.0,400.0,0.0,0.0,100.0,173.20508075688772,25.0,91.04654680003274,0.021505376344086002,0.0,0.0,0.005382156349898271,0.009312110185449436,0.0013455390874745677,0.004896239752574446,0
2016-12-07,0.0,0.0,1,0.0,0.0,1.0,0.6,0.85,0.0,2.0,0.0,0.0,100.0,400.0,0.0,100.0,173.20508075688772,30.0,92.338051687664,0.0052631578947368585,0.021505376344086002,0.0,0.005353706847764572,0.009312238689846484,0.0016086969822114105,0.0049611242927329845,0
2016-12-08,0.0,0.0,1,1.0,0.0,0.0,0.6,0.85,1.0,0.0,0.0,1.0,0.0,100.0,400.0,100.0,173.20508075688772,30.0,92.338051687664,0.0,0.0052631578947368585,0.021505376344086002,0.005353706847764572,0.009312238689846484,0.0016086969822114105,0.0049611242927329845,0
2016-12-09,0.0,0.0,1,1.0,1.0,0.0,0.6,0.85,2.0,0.0,0.0,0.0,0.0,0.0,100.0,100.0,173.20508075688772,30.0,92.338051687664,0.0,0.0,0.0052631578947368585,0.005353706847764572,0.009312238689846484,0.0016086969822114105,0.0049611242927329845,0
2016-12-12,0.0,0.0,1,1.0,1.0,1.0,0.6,0.85,3.0,0.0,0.0,0.0,0.0,0.0,0.0,100.0,173.20508075688772,30.0,92.338051687664,0.0,0.0,0.0,0.005353706847764572,0.009312238689846484,0.0016086969822114105,0.0049611242927329845,0
2016-12-13,0.0,0.0,1,1.0,1.0,1.0,0.8,0.85,4.0,0.0,0.0,0.0,0.0,0.0,0.0,20.0,44.721359549995796,30.0,92.338051687664,0.0,0.0,0.0,0.0010526315789473716,0.0023537557657890822,0.0016086969822114105,0.0049611242927329845,0
2016-12-14,0.0,0.0,1,1.0,1.0,1.0,1.0,0.85,5.0,0.0,0.0,0.0,0.0,0.0,0.0,0.0,0.0,30.0,92.338051687664,0.0,0.0,0.0,0.0,0.0,0.0016086969822114105,0.0049611242927329845,0
2016-12-15,0.0,0.0,1,1.0,1.0,1.0,1.0,0.85,6.0,0.0,0.0,0.0,0.0,0.0,0.0,0.0,0.0,30.0,92.338051687664,0.0,0.0,0.0,0.0,0.0,0.0016086969822114105,0.0049611242927329845,0
2016-12-16,0.0,0.0,1,1.0,1.0,1.0,1.0,0.85,7.0,0.0,0.0,0.0,0.0,0.0,0.0,0.0,0.0,30.0,92.338051687664,0.0,0.0,0.0,0.0,0.0,0.0016086969822114105,0.0049611242927329845,0
2016-12-19,0.0,0.0,1,1.0,1.0,1.0,1.0,0.85,8.0,0.0,0.0,0.0,0.0,0.0,0.0,0.0,0.0,30.0,92.338051687664,0.0,0.0,0.0,0.0,0.0,0.0016086969822114105,0.0049611242927329845,0
2016-12-20,100.0,0.005235602094240788,0,1.0,1.0,1.0,1.0,0.85,9.0,0.0,0.0,0.0,0.0,0.0,0.0,0.0,0.0,30.0,92.338051687664,0.0,0.0,0.0,0.0,0.0,0.0016086969822114105,0.0049611242927329845,0
2016-12-21,0.0,0.0,1,0.0,1.0,1.0,0.8,0.8,0.0,1.0,1.0,0.0,100.0,0.0,0.0,20.0,44.721359549995796,35.0,93.3302004486731,0.005235602094240788,0.0,0.0,0.0010471204188481575,0.002341432437172354,0.00187047708692345,0.005009665862150833,0
2016-12-22,0.0,0.0,1,1.0,0.0,1.0,0.8,0.8,1.0,0.0,0.0,1.0,0.0,100.0,0.0,20.0,44.721359549995796,35.0,93.3302004486731,0.0,0.005235602094240788,0.0,0.0010471204188481575,0.002341432437172354,0.00187047708692345,0.005009665862150833,0
2016-12-23,100.0,0.005208333333333259,0,1.0,1.0,0.0,0.8,0.8,2.0,0.0,0.0,0.0,0.0,0.0,100.0,20.0,44.721359549995796,35.0,93.3302004486731,0.0,0.0,0.005235602094240788,0.0010471204188481575,0.002341432437172354,0.00187047708692345,0.005009665862150833,0
2016-12-26,0.0,0.0,1,0.0,1.0,1.0,0.6,0.75,0.0,1.0,1.0,0.0,100.0,0.0,0.0,40.0,54.772255750516614,40.0,94.0324691963256,0.005208333333333259,0.0,0.0,0.0020887870855148096,0.0028602057599610843,0.002130893753590113,0.0050425794983218735,0
2016-12-27,0.0,0.0,1,1.0,0.0,1.0,0.6,0.75,1.0,0.0,0.0,1.0,0.0,100.0,0.0,40.0,54.772255750516614,40.0,94.0324691963256,0.0,0.005208333333333259,0.0,0.0020887870855148096,0.0028602057599610843,0.002130893753590113,0.0050425794983218735,0
2016-12-28,0.0,0.0,1,1.0,1.0,0.0,0.8,0.8,2.0,0.0,0.0,0.0,0.0,0.0,100.0,20.0,44.721359549995796,35.0,93.3302004486731,0.0,0.0,0.005208333333333259,0.001041666666666652,0.002329237476562068,0.0018606234833198454,0.005002535742224304,0
2016-12-29,0.0,0.0,1,1.0,1.0,1.0,0.8,0.8,3.0,0.0,0.0,0.0,0.0,0.0,0.0,20.0,44.721359549995796,35.0,93.3302004486731,0.0,0.0,0.0,0.001041666666666652,0.002329237476562068,0.0018606234833198454,0.005002535742224304,0
2017-01-02,0.0,0.0,1,1.0,1.0,1.0,0.8,0.8,4.0,0.0,0.0,0.0,0.0,0.0,0.0,20.0,44.721359549995796,35.0,93.3302004486731,0.0,0.0,0.0,0.001041666666666652,0.002329237476562068,0.0018606234833198454,0.005002535742224304,0
2017-01-03,200.0,0.010362694300518172,0,1.0,1.0,1.0,1.0,0.8,5.0,0.0,0.0,0.0,0.0,0.0,0.0,0.0,0.0,35.0,93.3302004486731,0.0,0.0,0.0,0.0,0.0,0.0018606234833198454,0.005002535742224304,0
2017-01-04,0.0,0.0,1,0.0,1.0,1.0,0.8,0.8,0.0,1.0,1.0,0.0,200.0,0.0,0.0,40.0,89.44271909999159,25.0,55.011960422018326,0.010362694300518172,0.0,0.0,0.0020725388601036342,0.004634337777201562,0.0013034893811414538,0.0028621195518841644,0
2017-01-05,0.0,0.0,1,1.0,0.0,1.0,0.8,0.85,1.0,0.0,0.0,1.0,0.0,200.0,0.0,40.0,89.44271909999159,20.0,52.31483637805995,0.0,0.010362694300518172,0.0,0.0020725388601036342,0.004634337777201562,0.0010403314864046108,0.002717176422746092,0
2017-01-06,0.0,0.0,1,1.0,1.0,0.0,0.8,0.85,2.0,0.0,0.0,0.0,0.0,0.0,200.0,40.0,89.44271909999159,20.0,52.31483637805995,0.0,0.0,0.010362694300518172,0.0020725388601036342,0.004634337777201562,0.0010403314864046108,0.002717176422746092,0
2017-01-09,0.0,0.0,1,1.0,1.0,1.0,0.8,0.85,3.0,0.0,0.0,0.0,0.0,0.0,0.0,40.0,89.44271909999159,20.0,52.31483637805995,0.0,0.0,0.0,0.0020725388601036342,0.004634337777201562,0.0010403314864046108,0.002717176422746092,0
2017-01-10,0.0,0.0,1,1.0,1.0,1.0,0.8,0.85,4.0,0.0,0.0,0.0,0.0,0.0,0.0,40.0,89.44271909999159,20.0,52.31483637805995,0.0,0.0,0.0,0.0020725388601036342,0.004634337777201562,0.0010403314864046108,0.002717176422746092,0
2017-01-11,100.0,0.00512820512820511,0,1.0,1.0,1.0,1.0,0.85,5.0,0.0,0.0,0.0,0.0,0.0,0.0,0.0,0.0,20.0,52.31483637805995,0.0,0.0,0.0,0.0,0.0,0.0010403314864046108,0.002717176422746092,0
2017-01-12,0.0,0.0,1,0.0,1.0,1.0,0.8,0.8,0.0,1.0,1.0,0.0,100.0,0.0,0.0,20.0,44.721359549995796,25.0,55.011960422018326,0.00512820512820511,0.0,0.0,0.001025641025641022,0.0022934030538457476,0.0012967417428148664,0.002852435740796504,0
2017-01-13,0.0,0.0,1,1.0,0.0,1.0,0.8,0.8,1.0,0.0,0.0,1.0,0.0,100.0,0.0,20.0,44.721359549995796,25.0,55.011960422018326,0.0,0.00512820512820511,0.0,0.001025641025641022,0.0022934030538457476,0.0012967417428148664,0.002852435740796504,0
2017-01-16,0.0,0.0,1,1.0,1.0,0.0,0.8,0.8,2.0,0.0,0.0,0.0,0.0,0.0,100.0,20.0,44.721359549995796,25.0,55.011960422018326,0.0,0.0,0.00512820512820511,0.001025641025641022,0.0022934030538457476,0.0012967417428148664,0.002852435740796504,0
2017-01-17,900.0,0.04591836734693877,0,1.0,1.0,1.0,0.8,0.8,3.0,0.0,0.0,0.0,0.0,0.0,0.0,20.0,44.721359549995796,25.0,55.011960422018326,0.0,0.0,0.0,0.001025641025641022,0.0022934030538457476,0.0012967417428148664,0.002852435740796504,0
2017-01-18,350.0,0.017073170731707332,0,0.0,1.0,1.0,0.6,0.75,0.0,1.0,1.0,0.0,900.0,0.0,0.0,200.0,393.70039370059055,70.0,202.87408591745307,0.04591836734693877,0.0,0.0,0.010209314495028775,0.020085096684814185,0.003592660110161805,0.010358252527050261,0
2017-01-19,0.0,0.0,1,0.0,0.0,1.0,0.6,0.75,0.0,2.0,0.0,0.0,350.0,900.0,0.0,250.0,393.70039370059055,82.5,212.30253983655652,0.017073170731707332,0.04591836734693877,0.0,0.01259830761572922,0.02003997782396311,0.004184538542035132,0.01078642670347891,0
2017-01-20,0.0,0.0,1,1.0,0.0,0.0,0.6,0.75,1.0,0.0,0.0,1.0,0.0,350.0,900.0,250.0,393.70039370059055,82.5,212.30253983655652,0.0,0.017073170731707332,0.04591836734693877,0.01259830761572922,0.02003997782396311,0.004184538542035132,0.01078642670347891,0
2017-01-23,50.0,0.0023980815347721673,0,1.0,1.0,0.0,0.6,0.75,2.0,0.0,0.0,0.0,0.0,0.0,350.0,250.0,393.70039370059055,82.5,212.30253983655652,0.0,0.0,0.017073170731707332,0.01259830761572922,0.02003997782396311,0.004184538542035132,0.01078642670347891,0
2017-01-24,100.0,0.004784688995215225,0,0.0,1.0,1.0,0.4,0.75,0.0,1.0,1.0,0.0,50.0,0.0,0.0,260.0,386.32887544163714,80.0,212.3799970757481,0.0023980815347721673,0.0,0.0,0.013077923922683653,0.01968870198268759,0.004044025952107078,0.010790691448179523,0
2017-01-25,1000.0,0.04761904761904767,0,0.0,0.0,1.0,0.4,0.7,0.0,2.0,0.0,0.0,100.0,50.0,0.0,100.0,145.7737973711325,85.0,211.57305569173235,0.004784688995215225,0.0023980815347721673,0.0,0.004851188252338945,0.0071145461092788,0.004283260401867839,0.010749274614619456,0
2017-01-26,1000.0,0.045454545454545414,0,0.0,0.0,0.0,0.4,0.65,0.0,3.0,0.0,0.0,1000.0,100.0,50.0,230.0,432.43496620879307,135.0,292.94332126485534,0.04761904761904767,0.004784688995215225,0.0023980815347721673,0.010960363629807013,0.020588649090490938,0.006664212782820223,0.014403319499200186,0
2017-01-31,0.0,0.0,1,0.0,0.0,0.0,0.2,0.6,0.0,4.0,0.0,0.0,1000.0,1000.0,100.0,430.0,521.5361924162119,185.0,348.71946197179017,0.045454545454545414,0.04761904761904767,0.004784688995215225,0.020051272720716096,0.024249050258979953,0.008936940055547493,0.016699557244318604,0
2017-02-01,550.0,0.023913043478260843,0,1.0,0.0,0.0,0.2,0.6,1.0,0.0,0.0,1.0,0.0,1000.0,1000.0,430.0,521.5361924162119,185.0,348.71946197179017,0.0,0.045454545454545414,0.04761904761904767,0.020051272720716096,0.024249050258979953,0.008936940055547493,0.016699557244318604,0
2017-02-02,750.0,0.031847133757961776,0,0.0,1.0,0.0,0.2,0.55,0.0,1.0,1.0,0.0,550.0,0.0,1000.0,530.0,476.44516998286383,212.5,354.9925870241593,0.023913043478260843,0.0,0.045454545454545414,0.024354265109413832,0.022151552714767698,0.010132592229460535,0.016881088959513093,0
2017-02-03,700.0,0.028806584362139898,0,0.0,0.0,1.0,0.2,0.55,0.0,2.0,0.0,0.0,750.0,550.0,0.0,660.0,414.427315702042,240.0,374.7279715094391,0.031847133757961776,0.023913043478260843,0.0,0.029766754061963142,0.01929679208241727,0.011206814202332716,0.017566177780656205,0
2017-02-06,1000.0,0.040000000000000036,0,0.0,0.0,0.0,0.2,0.5,0.0,3.0,0.0,0.0,700.0,750.0,550.0,600.0,372.4916106437835,275.0,383.71453204858324,0.028806584362139898,0.031847133757961776,0.023913043478260843,0.026004261410581587,0.016589910522165293,0.01264714342043971,0.017778623614052195,0
2017-02-07,500.0,0.019230769230769162,0,0.0,0.0,0.0,0.2,0.45,0.0,4.0,0.0,0.0,1000.0,700.0,750.0,600.0,372.4916106437835,325.0,410.2310003939373,0.040000000000000036,0.028806584362139898,0.031847133757961776,0.02491335231967251,0.015103950315920052,0.014647143420439712,0.018515623873334903,0
2017-02-08,0.0,0.0,1,0.0,0.0,0.0,0.0,0.4,0.0,5.0,0.0,0.0,500.0,1000.0,700.0,700.0,196.85019685029528,350.0,404.5790534942656,0.019230769230769162,0.040000000000000036,0.028806584362139898,0.028759506165826343,0.007908371992702808,0.01560868188197817,0.018211791888321626,0
2017-02-09,-50.0,-0.0018867924528301883,0,1.0,0.0,0.0,0.2,0.4,1.0,0.0,0.0,1.0,0.0,500.0,1000.0,590.0,374.83329627982624,350.0,404.5790534942656,0.0,0.019230769230769162,0.040000000000000036,0.023976897470174174,0.01532500942040057,0.01560868188197817,0.018211791888321626,0
2017-02-10,-2600.0,-0.09829867674858228,0,0.0,1.0,0.0,0.2,0.35,0.0,1.0,1.0,0.0,-50.0,0.0,500.0,430.0,452.21676218380054,347.5,407.00284494027034,-0.0018867924528301883,0.0,0.019230769230769162,0.017230112228015782,0.01815776649694382,0.01551434225933666,0.01830156821682424,0
2017-02-13,1150.0,0.048218029350104885,0,0.0,0.0,1.0,0.2,0.35,0.0,2.0,0.0,0.0,-2600.0,-50.0,0.0,-230.0,1391.7614738165444,212.5,774.9151057068326,-0.09829867674858228,-0.0018867924528301883,0.0,-0.008190939994128654,0.05315203390170583,0.010342998165497292,0.03135088015314374,0
2017-02-14,0.0,0.0,1,0.0,0.0,0.0,0.2,0.3,0.0,3.0,0.0,0.0,1150.0,-2600.0,-50.0,-200.0,1426.096069695166,270.0,800.5590152150592,0.048218029350104885,-0.09829867674858228,-0.0018867924528301883,-0.006547334124107684,0.055105926984384976,0.012753899633002535,0.03235165943813636,0
2017-02-15,0.0,0.0,1,1.0,0.0,0.0,0.4,0.3,1.0,0.0,0.0,1.0,0.0,1150.0,-2600.0,-300.0,1381.5751879648099,270.0,800.5590152150592,0.0,0.048218029350104885,-0.09829867674858228,-0.010393487970261517,0.05350477836079233,0.012753899633002535,0.03235165943813636,0
2017-02-16,-1000.0,-0.040000000000000036,0,1.0,1.0,0.0,0.4,0.3,2.0,0.0,0.0,0.0,0.0,0.0,1150.0,-300.0,1381.5751879648099,270.0,800.5590152150592,0.0,0.0,0.048218029350104885,-0.010393487970261517,0.05350477836079233,0.012753899633002535,0.03235165943813636,0
2017-02-17,0.0,0.0,1,0.0,1.0,1.0,0.4,0.3,0.0,1.0,1.0,0.0,-1000.0,0.0,0.0,-490.0,1403.744991086344,175.0,833.9033138452595,-0.040000000000000036,0.0,0.0,-0.018016129479695487,0.05469164378080092,0.008457981265655595,0.03340340450264882,0
2017-02-20,0.0,0.0,1,1.0,0.0,1.0,0.6,0.35,1.0,0.0,0.0,1.0,0.0,-1000.0,0.0,30.0,761.2489737267302,157.5,833.7100025914602,0.0,-0.040000000000000036,0.0,0.00164360587002097,0.03127087763849831,0.007604322729070229,0.033389805026618626,0
2017-02-21,0.0,0.0,1,1.0,1.0,0.0,0.8,0.35,2.0,0.0,0.0,0.0,0.0,0.0,-1000.0,-200.0,447.21359549995793,157.5,833.7100025914602,0.0,0.0,-0.040000000000000036,-0.008000000000000007,0.01788854381999829,0.007604322729070229,0.033389805026618626,0
2017-02-22,0.0,0.0,1,1.0,1.0,1.0,0.8,0.35,3.0,0.0,0.0,0.0,0.0,0.0,0.0,-200.0,447.21359549995793,157.5,833.7100025914602,0.0,0.0,0.0,-0.008000000000000007,0.01788854381999829,0.007604322729070229,0.033389805026618626,0
2017-02-23,-200.0,-0.008333333333333304,0,1.0,1.0,1.0,0.8,0.4,4.0,0.0,0.0,0.0,0.0,0.0,0.0,-200.0,447.21359549995793,155.0,834.1241861346168,0.0,0.0,0.0,-0.008000000000000007,0.01788854381999829,0.007484418652331621,0.03341378202229764,0
2017-02-24,200.0,0.008403361344537785,0,0.0,1.0,1.0,0.8,0.4,0.0,1.0,1.0,0.0,-200.0,0.0,0.0,-40.0,89.44271909999159,140.0,837.8544026261364,-0.008333333333333304,0.0,0.0,-0.0016666666666666607,0.00372677996249944,0.0068285175359041935,0.03359781036396543,0
2017-02-27,0.0,0.0,1,0.0,0.0,1.0,0.6,0.4,0.0,2.0,0.0,0.0,200.0,-200.0,0.0,0.0,141.4213562373095,100.0,813.375034881463,0.008403361344537785,-0.008333333333333304,0.0,1.4005602240896308e-05,0.005917346228395786,0.0048677332221787,0.03220752090156109,0
2017-02-28,-100.0,-0.004166666666666652,0,1.0,0.0,0.0,0.6,0.45,1.0,0.0,0.0,1.0,0.0,200.0,-200.0,0.0,141.4213562373095,50.0,785.3929623208741,0.0,0.008403361344537785,-0.008333333333333304,1.4005602240896308e-05,0.005917346228395786,0.002595005949451429,0.03076418232148201,0
2017-03-02,-100.0,-0.004184100418409997,0,0.0,1.0,0.0,0.4,0.4,0.0,1.0,1.0,0.0,-100.0,0.0,200.0,-20.0,148.32396974191326,45.0,786.0460680218632,-0.004166666666666652,0.0,0.008403361344537785,-0.0008193277310924341,0.006206157180327767,0.002386672616118096,0.030796771421191006,0
2017-03-03,0.0,0.0,1,0.0,0.0,1.0,0.2,0.4,0.0,2.0,0.0,0.0,-100.0,-100.0,0.0,-40.0,151.65750888103102,12.5,777.4579020588087,-0.004184100418409997,-0.004166666666666652,0.0,-0.0016561478147744334,0.006348515689353084,0.0009818154212845541,0.030401436436312573,0
2017-03-06,-100.0,-0.004201680672268893,0,1.0,0.0,0.0,0.4,0.45,1.0,0.0,0.0,1.0,0.0,-100.0,-100.0,0.0,122.47448713915891,-25.0,757.8536173055835,0.0,-0.004184100418409997,-0.004166666666666652,1.0518851892227232e-05,0.005135263773120376,-0.0006105412666135346,0.029520985844595272,0
2017-03-07,0.0,0.0,1,0.0,1.0,0.0,0.4,0.45,0.0,1.0,1.0,0.0,-100.0,0.0,-100.0,-60.0,54.772255750516614,-65.0,738.4371833028254,-0.004201680672268893,0.0,-0.004184100418409997,-0.0025104895514691085,0.0022917863640610128,-0.002260954518333974,0.028701123417810115,0
2017-03-08,-700.0,-0.029535864978902926,0,1.0,0.0,1.0,0.4,0.5,1.0,0.0,0.0,1.0,0.0,-100.0,0.0,-60.0,54.772255750516614,-115.0,695.1145305101281,0.0,-0.004201680672268893,0.0,-0.0025104895514691085,0.0022917863640610128,-0.0042609545183339755,0.02694092842339589,0
2017-03-09,-100.0,-0.004347826086956497,0,0.0,1.0,0.0,0.4,0.5,0.0,1.0,1.0,0.0,-700.0,0.0,-100.0,-180.0,294.95762407505254,-175.0,691.0137480542627,-0.029535864978902926,0.0,-0.004201680672268893,-0.007584329213916363,0.01244907515349744,-0.00669928622881758,0.026909702462176877,0
2017-03-10,-700.0,-0.03056768558951961,0,0.0,0.0,1.0,0.4,0.45,0.0,2.0,0.0,0.0,-100.0,-700.0,0.0,-180.0,294.95762407505254,-180.0,690.0419514325503,-0.004347826086956497,-0.029535864978902926,0.0,-0.007617074347625663,0.012438106006541261,-0.0069166775331654055,0.026870266677122476,0
2017-03-13,-200.0,-0.009009009009009028,0,0.0,0.0,0.0,0.2,0.45,0.0,3.0,0.0,0.0,-700.0,-100.0,-700.0,-320.0,349.28498393145964,-212.5,698.8477358443231,-0.03056768558951961,-0.004347826086956497,-0.029535864978902926,-0.013730611465529586,0.015005498812261943,-0.008350722189999877,0.02734877477415178,0
2017-03-14,-500.0,-0.022727272727272707,0,0.0,0.0,0.0,0.2,0.45,0.0,4.0,0.0,0.0,-200.0,-700.0,-100.0,-340.0,336.1547262794322,-92.5,416.2093982094767,-0.009009009009009028,-0.03056768558951961,-0.004347826086956497,-0.014692077132877613,0.014383418447698745,-0.0038862388030212135,0.01735438777417073,0
2017-03-15,-100.0,-0.0046511627906976605,0,0.0,0.0,0.0,0.0,0.45,0.0,5.0,0.0,0.0,-500.0,-200.0,-700.0,-440.0,279.28480087537883,-175.0,305.8637467549029,-0.022727272727272707,-0.009009009009009028,-0.03056768558951961,-0.019237531678332153,0.011968002732329616,-0.0074335039068900936,0.012795535262716179,0
2017-03-16,0.0,0.0,1,0.0,0.0,0.0,0.0,0.4,0.0,6.0,0.0,0.0,-100.0,-500.0,-200.0,-320.0,268.32815729997475,-180.0,303.6618618064993,-0.0046511627906976605,-0.022727272727272707,-0.009009009009009028,-0.0142605912406911,0.011787590567643261,-0.007666062046424976,0.012695194918834193,0
2017-03-17,0.0,0.0,1,1.0,0.0,0.0,0.2,0.4,1.0,0.0,0.0,1.0,0.0,-100.0,-500.0,-300.0,291.547594742265,-180.0,303.6618618064993,0.0,-0.0046511627906976605,-0.022727272727272707,-0.013391026023299802,0.012817078418716045,-0.007666062046424976,0.012695194918834193,0
2017-03-20,-100.0,-0.004672897196261627,0,1.0,1.0,0.0,0.4,0.45,2.0,0.0,0.0,0.0,0.0,0.0,-100.0,-160.0,207.3644135332772,-130.0,236.42067769572367,0.0,0.0,-0.0046511627906976605,-0.007277488905395879,0.009414287817049723,-0.0056660620464249745,0.010248174343782493,0
2017-03-21,-300.0,-0.014084507042253502,0,0.0,1.0,1.0,0.4,0.4,0.0,1.0,1.0,0.0,-100.0,0.0,0.0,-140.0,207.3644135332772,-135.0,234.5768867332706,-0.004672897196261627,0.0,0.0,-0.006410266542846399,0.009414624572713299,-0.005899706906238056,0.010165128184466306,0
2017-03-22,-200.0,-0.00952380952380949,0,0.0,0.0,1.0,0.4,0.35,0.0,2.0,0.0,0.0,-300.0,-100.0,0.0,-100.0,122.47448713915891,-150.0,235.0811729908136,-0.014084507042253502,-0.004672897196261627,0.0,-0.004681713405842558,0.005750009131806944,-0.006603932258350731,0.010222607901586085,0
2017-03-23,-200.0,-0.009615384615384581,0,0.0,0.0,0.0,0.4,0.3,0.0,3.0,0.0,0.0,-200.0,-300.0,-100.0,-120.0,130.38404810405297,-160.0,232.60538075868908,-0.00952380952380949,-0.014084507042253502,-0.004672897196261627,-0.005656242752464924,0.006143021331190716,-0.007080122734541205,0.010120097639590353,0
2017-03-24,0.0,0.0,1,0.0,0.0,0.0,0.2,0.25,0.0,4.0,0.0,0.0,-200.0,-200.0,-300.0,-160.0,114.0175425099138,-170.0,229.64503501113,-0.009615384615384581,-0.00952380952380949,-0.014084507042253502,-0.0075793196755418405,0.005388354160998808,-0.007560891965310434,0.009993650042494626,0
2017-03-27,-100.0,-0.004854368932038833,0,1.0,0.0,0.0,0.2,0.3,1.0,0.0,0.0,1.0,0.0,-200.0,-200.0,-160.0,114.0175425099138,-160.0,232.60538075868908,0.0,-0.009615384615384581,-0.00952380952380949,-0.0075793196755418405,0.005388354160998808,-0.007144225298643769,0.010132506266797299,0
2017-03-28,0.0,0.0,1,0.0,1.0,0.0,0.2,0.3,0.0,1.0,1.0,0.0,-100.0,0.0,-200.0,-160.0,114.0175425099138,-175.0,217.34038305216805,-0.004854368932038833,0.0,-0.009615384615384581,-0.007615614022697281,0.005364441275326063,-0.0078071118124726,0.009474102103921776,0
2017-03-29,100.0,0.004878048780487809,0,1.0,0.0,1.0,0.4,0.3,1.0,0.0,0.0,1.0,0.0,-100.0,0.0,-100.0,100.0,-175.0,217.34038305216805,0.0,-0.004854368932038833,0.0,-0.004798712614246581,0.004785009224266717,-0.0078071118124726,0.009474102103921776,0
2017-03-30,0.0,0.0,1,0.0,1.0,0.0,0.4,0.3,0.0,1.0,1.0,0.0,100.0,0.0,-100.0,-40.0,114.0175425099138,-165.0,225.42357790099106,0.004878048780487809,0.0,-0.004854368932038833,-0.001918340953387121,0.005509440054754198,-0.007354876040114877,0.009864833120387365,0
2017-03-31,0.0,0.0,1,1.0,0.0,1.0,0.6,0.35,1.0,0.0,0.0,1.0,0.0,100.0,0.0,0.0,70.71067811865476,-160.0,228.03508501982756,0.0,0.004878048780487809,0.0,4.735969689795283e-06,0.0034409353919432934,-0.007145671019194377,0.00997931746974034,0
2017-04-03,0.0,0.0,1,1.0,1.0,0.0,0.6,0.35,2.0,0.0,0.0,0.0,0.0,0.0,100.0,0.0,70.71067811865476,-160.0,228.03508501982756,0.0,0.0,0.004878048780487809,4.735969689795283e-06,0.0034409353919432934,-0.007145671019194377,0.00997931746974034,0
2017-04-04,100.0,0.004854368932038833,0,1.0,1.0,1.0,0.8,0.4,3.0,0.0,0.0,0.0,0.0,0.0,0.0,20.0,44.721359549995796,-155.0,230.50288273114592,0.0,0.0,0.0,0.0009756097560975618,0.0021815297341457865,-0.0069355869855809325,0.010088189016978973,0
2017-04-05,100.0,0.004830917874396157,0,0.0,1.0,1.0,0.6,0.35,0.0,1.0,1.0,0.0,100.0,0.0,0.0,40.0,54.772255750516614,-150.0,235.0811729908136,0.004854368932038833,0.0,0.0,0.0019464835425053284,0.0026653455088850976,-0.006692868538978991,0.010319582927164941,0
2017-04-06,0.0,0.0,1,0.0,0.0,1.0,0.6,0.35,0.0,2.0,0.0,0.0,100.0,100.0,0.0,40.0,54.772255750516614,-110.0,202.35456115702613,0.004830917874396157,0.004854368932038833,0.0,0.001937057361286998,0.0026524379885737785,-0.004974529396314037,0.009105589442420488,0
2017-04-07,-350.0,-0.016826923076923128,0,1.0,0.0,0.0,0.6,0.4,1.0,0.0,0.0,1.0,0.0,100.0,100.0,40.0,54.772255750516614,-105.0,203.8446260732604,0.0,0.004830917874396157,0.004854368932038833,0.001937057361286998,0.0026524379885737785,-0.004757138091966212,0.009172990756268562,0
2017-04-10,0.0,0.0,1,0.0,1.0,0.0,0.4,0.4,0.0,1.0,1.0,0.0,-350.0,0.0,100.0,-30.0,185.7417562100671,-87.5,160.4885632914957,-0.016826923076923128,0.0,0.004830917874396157,-0.0014283272540976278,0.008942139170106275,-0.004070099966336388,0.007500127537917128,0
2017-04-11,0.0,0.0,1,1.0,0.0,1.0,0.4,0.45,1.0,0.0,0.0,1.0,0.0,-350.0,0.0,-30.0,185.7417562100671,-77.5,159.3366181853275,0.0,-0.016826923076923128,0.0,-0.0014283272540976278,0.008942139170106275,-0.0036196495158859364,0.007458309134090125,0
2017-04-12,0.0,0.0,1,1.0,1.0,0.0,0.6,0.5,2.0,0.0,0.0,0.0,0.0,0.0,-350.0,-50.0,173.20508075688772,-52.5,125.10521887384907,0.0,0.0,-0.016826923076923128,-0.0023992010405053943,0.008332200783436982,-0.0024832858795223013,0.005978361328033164,0
2017-04-13,0.0,0.0,1,1.0,1.0,1.0,0.8,0.55,3.0,0.0,0.0,0.0,0.0,0.0,0.0,-70.0,156.52475842498527,-47.5,125.10521887384907,0.0,0.0,0.0,-0.0033653846153846255,0.007525228770431905,-0.0022507277399874182,0.005980057348317145,0
2017-04-14,0.0,0.0,1,1.0,1.0,1.0,0.8,0.55,4.0,0.0,0.0,0.0,0.0,0.0,0.0,-70.0,156.52475842498527,-47.5,125.10521887384907,0.0,0.0,0.0,-0.0033653846153846255,0.007525228770431905,-0.0022507277399874182,0.005980057348317145,0
2017-04-17,0.0,0.0,1,1.0,1.0,1.0,1.0,0.55,5.0,0.0,0.0,0.0,0.0,0.0,0.0,0.0,0.0,-47.5,125.10521887384907,0.0,0.0,0.0,0.0,0.0,-0.0022507277399874182,0.005980057348317145,0
2017-04-18,0.0,0.0,1,1.0,1.0,1.0,1.0,0.6,6.0,0.0,0.0,0.0,0.0,0.0,0.0,0.0,0.0,-42.5,124.89469248341307,0.0,0.0,0.0,0.0,0.0,-0.002017082880174337,0.005971721536006071,0
2017-04-19,0.0,0.0,1,1.0,1.0,1.0,1.0,0.65,7.0,0.0,0.0,0.0,0.0,0.0,0.0,0.0,0.0,-27.5,109.39426522061335,0.0,0.0,0.0,0.0,0.0,-0.0013128575280616616,0.005262053503874755,0
2017-04-20,0.0,0.0,1,1.0,1.0,1.0,1.0,0.7,8.0,0.0,0.0,0.0,0.0,0.0,0.0,0.0,0.0,-17.5,101.66379058342,0.0,0.0,0.0,0.0,0.0,-0.0008366670518711872,0.004898246997357932,0
2017-04-21,0.0,0.0,1,1.0,1.0,1.0,1.0,0.75,9.0,0.0,0.0,0.0,0.0,0.0,0.0,0.0,0.0,-7.5,92.1597583147416,0.0,0.0,0.0,0.0,0.0,-0.0003558978211019581,0.004441876073095653,0
2017-04-24,50.0,0.0024449877750611915,0,1.0,1.0,1.0,1.0,0.75,10.0,0.0,0.0,0.0,0.0,0.0,0.0,0.0,0.0,-7.5,92.1597583147416,0.0,0.0,0.0,0.0,0.0,-0.0003558978211019581,0.004441876073095653,0
2017-04-25,0.0,0.0,1,0.0,1.0,1.0,0.8,0.75,0.0,1.0,1.0,0.0,50.0,0.0,0.0,10.0,22.360679774997898,0.0,90.32106474595011,0.0024449877750611915,0.0,0.0,0.0004889975550122383,0.0010934317738378544,9.070014253043102e-06,0.004351767247162441,0
2017-04-26,0.0,0.0,1,1.0,0.0,1.0,0.8,0.75,1.0,0.0,0.0,1.0,0.0,50.0,0.0,10.0,22.360679774997898,0.0,90.32106474595011,0.0,0.0024449877750611915,0.0,0.0004889975550122383,0.0010934317738378544,9.070014253043102e-06,0.004351767247162441,0
2017-04-27,0.0,0.0,1,1.0,1.0,0.0,0.8,0.8,2.0,0.0,0.0,0.0,0.0,0.0,50.0,10.0,22.360679774997898,-5.0,87.20815992723813,0.0,0.0,0.0024449877750611915,0.0004889975550122383,0.0010934317738378544,-0.00023483242477134736,0.004198515059172784,0
2017-04-28,0.0,0.0,1,1.0,1.0,1.0,0.8,0.8,3.0,0.0,0.0,0.0,0.0,0.0,0.0,10.0,22.360679774997898,-5.0,87.20815992723813,0.0,0.0,0.0,0.0004889975550122383,0.0010934317738378544,-0.00023483242477134736,0.004198515059172784,0
2017-05-02,0.0,0.0,1,1.0,1.0,1.0,0.8,0.8,4.0,0.0,0.0,0.0,0.0,0.0,0.0,10.0,22.360679774997898,-5.0,87.20815992723813,0.0,0.0,0.0,0.0004889975550122383,0.0010934317738378544,-0.00023483242477134736,0.004198515059172784,0
2017-05-04,0.0,0.0,1,1.0,1.0,1.0,1.0,0.8,5.0,0.0,0.0,0.0,0.0,0.0,0.0,0.0,0.0,-5.0,87.20815992723813,0.0,0.0,0.0,0.0,0.0,-0.00023483242477134736,0.004198515059172784,0
2017-05-08,0.0,0.0,1,1.0,1.0,1.0,1.0,0.85,6.0,0.0,0.0,0.0,0.0,0.0,0.0,0.0,0.0,-10.0,83.66600265340759,0.0,0.0,0.0,0.0,0.0,-0.000477550871373289,0.004025575972330318,0
2017-05-10,0.0,0.0,1,1.0,1.0,1.0,1.0,0.9,7.0,0.0,0.0,0.0,0.0,0.0,0.0,0.0,0.0,-15.0,79.63733586175456,0.0,0.0,0.0,0.0,0.0,-0.0007190967650930969,0.003830496067266517,0
2017-05-11,0.0,0.0,1,1.0,1.0,1.0,1.0,0.9,8.0,0.0,0.0,0.0,0.0,0.0,0.0,0.0,0.0,-15.0,79.63733586175456,0.0,0.0,0.0,0.0,0.0,-0.0007190967650930969,0.003830496067266517,0
2017-05-12,50.0,0.0024390243902439046,0,1.0,1.0,1.0,1.0,0.95,9.0,0.0,0.0,0.0,0.0,0.0,0.0,0.0,0.0,2.5,11.180339887499242,0.0,0.0,0.0,0.0,0.0,0.00012224938875305958,0.0005467158869193284,0
2017-05-15,50.0,0.0024330900243310083,0,0.0,1.0,1.0,0.8,0.9,0.0,1.0,1.0,0.0,50.0,0.0,0.0,10.0,22.360679774997898,5.0,15.389675281277535,0.0024390243902439046,0.0,0.0,0.0004878048780487809,0.001090764867072364,0.0002442006082652548,0.0007516342354763395,0
2017-05-16,0.0,0.0,1,0.0,0.0,1.0,0.6,0.85,0.0,2.0,0.0,0.0,50.0,50.0,0.0,20.0,27.386127875258307,7.5,18.31737742662636,0.0024330900243310083,0.0024390243902439046,0.0,0.0009744228829149826,0.0013342851334100065,0.00036585510948180524,0.000893536234361584,0
2017-05-17,0.0,0.0,1,1.0,0.0,0.0,0.6,0.85,1.0,0.0,0.0,1.0,0.0,50.0,50.0,20.0,27.386127875258307,7.5,18.31737742662636,0.0,0.0024330900243310083,0.0024390243902439046,0.0009744228829149826,0.0013342851334100065,0.00036585510948180524,0.000893536234361584,0
2017-05-18,50.0,0.0024271844660195274,0,1.0,1.0,0.0,0.6,0.85,2.0,0.0,0.0,0.0,0.0,0.0,50.0,20.0,27.386127875258307,7.5,18.31737742662636,0.0,0.0,0.0024330900243310083,0.0009744228829149826,0.0013342851334100065,0.00036585510948180524,0.000893536234361584,0
2017-05-19,0.0,0.0,1,0.0,1.0,1.0,0.4,0.8,0.0,1.0,1.0,0.0,50.0,0.0,0.0,30.0,27.386127875258307,10.0,20.51956704170327,0.0024271844660195274,0.0,0.0,0.001459859776118888,0.001332670124705905,0.0004872143327827816,0.0009997473516004576,0
2017-05-22,0.0,0.0,1,1.0,0.0,1.0,0.6,0.8,1.0,0.0,0.0,1.0,0.0,50.0,0.0,20.0,27.386127875258307,10.0,20.51956704170327,0.0,0.0024271844660195274,0.0,0.0009720548980701072,0.0013310426246244877,0.0004872143327827816,0.0009997473516004576,0
2017-05-23,0.0,0.0,1,1.0,1.0,0.0,0.8,0.8,2.0,0.0,0.0,0.0,0.0,0.0,50.0,10.0,22.360679774997898,10.0,20.51956704170327,0.0,0.0,0.0024271844660195274,0.0004854368932039055,0.0010854698919895295,0.0004872143327827816,0.0009997473516004576,0
2017-05-24,50.0,0.002421307506053294,0,1.0,1.0,1.0,0.8,0.8,3.0,0.0,0.0,0.0,0.0,0.0,0.0,10.0,22.360679774997898,10.0,20.51956704170327,0.0,0.0,0.0,0.0004854368932039055,0.0010854698919895295,0.0004872143327827816,0.0009997473516004576,0
2017-05-25,100.0,0.004830917874396157,0,0.0,1.0,1.0,0.6,0.75,0.0,1.0,1.0,0.0,50.0,0.0,0.0,20.0,27.386127875258307,12.5,22.213082915966144,0.002421307506053294,0.0,0.0,0.0009696983944145643,0.0013278158372209837,0.0006082797080854463,0.0010809499396483475,0
2017-05-26,0.0,0.0,1,0.0,0.0,1.0,0.6,0.7,0.0,2.0,0.0,0.0,100.0,50.0,0.0,30.0,44.721359549995796,17.5,29.357147430620138,0.004830917874396157,0.002421307506053294,0.0,0.00145044507608989,0.002161107525914497,0.0008498256018052541,0.0014233833520939665,0
2017-05-29,0.0,0.0,1,1.0,0.0,0.0,0.6,0.75,1.0,0.0,0.0,1.0,0.0,100.0,50.0,30.0,44.721359549995796,15.0,28.562028528874116,0.0,0.004830917874396157,0.002421307506053294,0.00145044507608989,0.002161107525914497,0.0007275762130521946,0.0013836098116470556,0
2017-05-30,50.0,0.0024038461538462563,0,1.0,1.0,0.0,0.6,0.75,2.0,0.0,0.0,0.0,0.0,0.0,100.0,30.0,44.721359549995796,15.0,28.562028528874116,0.0,0.0,0.004830917874396157,0.00145044507608989,0.002161107525914497,0.0007275762130521946,0.0013836098116470556,0
2017-05-31,100.0,0.004796163069544335,0,0.0,1.0,1.0,0.4,0.7,0.0,1.0,1.0,0.0,50.0,0.0,0.0,40.0,41.83300132670378,17.5,29.357147430620138,0.0024038461538462563,0.0,0.0,0.0019312143068591415,0.0020205834791155266,0.0008477685207445073,0.0014209843893152729,0
2017-06-01,50.0,0.0023866348448686736,0,0.0,0.0,1.0,0.4,0.65,0.0,2.0,0.0,0.0,100.0,50.0,0.0,50.0,50.0,22.5,34.31663705766312,0.004796163069544335,0.0024038461538462563,0.0,0.0024061854195573497,0.0024068019581866625,0.001087576674221724,0.0016557028257640806,0
2017-06-02,-500.0,-0.023809523809523836,0,0.0,0.0,0.0,0.4,0.6,0.0,3.0,0.0,0.0,50.0,100.0,50.0,40.0,41.83300132670378,25.0,34.412360080584406,0.0023866348448686736,0.004796163069544335,0.0024038461538462563,0.001917328813651853,0.00200604919589846,0.0012069084164651577,0.0016591946827792597,0
2017-06-05,100.0,0.004878048780487809,0,0.0,0.0,0.0,0.2,0.55,0.0,4.0,0.0,0.0,-500.0,50.0,100.0,-60.0,248.49547279578354,0.0,122.47448713915894,-0.023809523809523836,0.0023866348448686736,0.004796163069544335,-0.0028445759482529144,0.011841801434042301,1.6432225988965986e-05,0.005841440860023315,0
2017-06-07,-100.0,-0.004854368932038833,0,0.0,0.0,0.0,0.0,0.5,0.0,5.0,0.0,0.0,100.0,-500.0,50.0,-40.0,258.36021365527625,5.0,124.49899597988735,0.004878048780487809,-0.023809523809523836,0.0023866348448686736,-0.0018689661921553525,0.012325799093849456,0.0002603346650133564,0.00594169687180325,0
2017-06-08,0.0,0.0,1,0.0,0.0,0.0,0.0,0.45,0.0,6.0,0.0,0.0,-100.0,100.0,-500.0,-70.0,253.96850198400588,0.0,126.69898018116552,-0.004854368932038833,0.004878048780487809,-0.023809523809523836,-0.0033206092093323704,0.01212250654914575,1.7616218411414807e-05,0.006051035781161367,0
2017-06-09,0.0,0.0,1,1.0,0.0,0.0,0.2,0.45,1.0,0.0,0.0,1.0,0.0,-100.0,100.0,-90.0,240.8318915758459,0.0,126.69898018116552,0.0,-0.004854368932038833,0.004878048780487809,-0.004279841823241237,0.011493090069606561,1.7616218411414807e-05,0.006051035781161367,0
2017-06-12,-250.0,-0.012195121951219523,0,1.0,1.0,0.0,0.4,0.45,2.0,0.0,0.0,0.0,0.0,0.0,-100.0,-100.0,234.5207879911715,0.0,126.69898018116552,0.0,0.0,-0.004854368932038833,-0.0047571687922149716,0.011192636051008254,1.7616218411414807e-05,0.006051035781161367,0
2017-06-13,250.0,0.012345679012345734,0,0.0,1.0,1.0,0.4,0.45,0.0,1.0,1.0,0.0,-250.0,0.0,0.0,-50.0,132.28756555322954,-15.0,137.74499704354537,-0.012195121951219523,0.0,0.0,-0.0024342884205541095,0.006450822747255841,-0.0007140910986617565,0.006602493510553748,0
2017-06-14,50.0,0.0024390243902439046,0,0.0,0.0,1.0,0.4,0.45,0.0,2.0,0.0,0.0,250.0,-250.0,0.0,-20.0,182.3458252881047,-5.0,149.47275759534878,0.012345679012345734,-0.012195121951219523,0.0,-0.0009407623741825244,0.008948135534651064,-0.0002184616492610203,0.00719650999439955,0
2017-06-15,-250.0,-0.012165450121654486,0,0.0,0.0,0.0,0.4,0.4,0.0,3.0,0.0,0.0,50.0,250.0,-250.0,10.0,178.18529681205462,-2.5,149.97806857214687,0.0024390243902439046,0.012345679012345734,-0.012195121951219523,0.0005179162902740231,0.008742774777473867,-9.651042974882506e-05,0.007221030799901935,0
2017-06-16,700.0,0.034482758620689724,0,0.0,0.0,0.0,0.2,0.35,0.0,4.0,0.0,0.0,-250.0,50.0,250.0,-40.0,213.3072900770154,-15.0,159.85190514644287,-0.012165450121654486,0.0024390243902439046,0.012345679012345734,-0.0019151737340568741,0.010449214733193414,-0.0007047829358315493,0.007708411375142836,0
2017-06-19,0.0,0.0,1,0.0,0.0,0.0,0.0,0.35,0.0,5.0,0.0,0.0,700.0,-250.0,50.0,100.0,396.8626966596886,17.5,226.1083810919003,0.034482758620689724,-0.012165450121654486,0.0024390243902439046,0.0049813779900810705,0.01949406201264941,0.0008979957719019605,0.011016610382094498,0
2017-06-20,0.0,0.0,1,1.0,0.0,0.0,0.2,0.35,1.0,0.0,0.0,1.0,0.0,700.0,-250.0,150.0,355.31676008879737,17.5,226.1083810919003,0.0,0.034482758620689724,-0.012165450121654486,0.007420402380324975,0.017465047892702902,0.0008979957719019605,0.011016610382094498,0
2017-06-21,0.0,0.0,1,1.0,1.0,0.0,0.4,0.35,2.0,0.0,0.0,0.0,0.0,0.0,700.0,100.0,355.31676008879737,17.5,226.1083810919003,0.0,0.0,0.034482758620689724,0.0049512665778558285,0.017467344210744036,0.0008979957719019605,0.011016610382094498,0
2017-06-22,0.0,0.0,1,1.0,1.0,1.0,0.6,0.35,3.0,0.0,0.0,0.0,0.0,0.0,0.0,90.0,357.77087639996637,17.5,226.1083810919003,0.0,0.0,0.0,0.0044634616998070475,0.017588677942265776,0.0008979957719019605,0.011016610382094498,0
2017-06-23,-800.0,-0.03809523809523807,0,1.0,1.0,1.0,0.8,0.4,4.0,0.0,0.0,0.0,0.0,0.0,0.0,140.0,313.04951684997053,15.0,226.00652063252747,0.0,0.0,0.0,0.006896551724137945,0.015421158465515774,0.0007769303965992957,0.011012292564917914,0
2017-06-26,800.0,0.03960396039603964,0,0.0,1.0,1.0,0.8,0.4,0.0,1.0,1.0,0.0,-800.0,0.0,0.0,-160.0,357.77087639996637,-30.0,289.0091967212699,-0.03809523809523807,0.0,0.0,-0.007619047619047614,0.01703670839999834,-0.0013693774018824155,0.013967290903812553,0
2017-06-27,0.0,0.0,1,0.0,0.0,1.0,0.6,0.35,0.0,2.0,0.0,0.0,800.0,-800.0,0.0,0.0,565.685424949238,10.0,343.5878804308257,0.03960396039603964,-0.03809523809523807,0.0,0.00030174446016031367,0.027473922162606128,0.0006108206179195663,0.01670980585185027,0
2017-06-28,0.0,0.0,1,1.0,0.0,0.0,0.6,0.35,1.0,0.0,0.0,1.0,0.0,800.0,-800.0,0.0,565.685424949238,10.0,343.5878804308257,0.0,0.03960396039603964,-0.03809523809523807,0.00030174446016031367,0.027473922162606128,0.0006108206179195663,0.01670980585185027,0
2017-06-29,500.0,0.023809523809523725,0,1.0,1.0,0.0,0.6,0.4,2.0,0.0,0.0,0.0,0.0,0.0,800.0,0.0,565.685424949238,7.5,343.4633972684104,0.0,0.0,0.03960396039603964,0.00030174446016031367,0.027473922162606128,0.0004906283102272535,0.01670487457688904,0
2017-06-30,0.0,0.0,1,0.0,1.0,1.0,0.4,0.4,0.0,1.0,1.0,0.0,500.0,0.0,0.0,100.0,608.276253029822,27.5,360.3634860876767,0.023809523809523725,0.0,0.0,0.005063649222065059,0.029404130455599368,0.001441296347226223,0.017485575591227782,0
2017-07-03,-1150.0,-0.05348837209302326,0,1.0,0.0,1.0,0.6,0.45,1.0,0.0,0.0,1.0,0.0,500.0,0.0,260.0,371.4835124201342,25.0,360.3726141823648,0.0,0.023809523809523725,0.0,0.012682696841112673,0.018242211401509827,0.0013219646049827893,0.017486928336641002,0
2017-07-04,0.0,0.0,1,0.0,1.0,0.0,0.6,0.45,0.0,1.0,1.0,0.0,-1150.0,0.0,500.0,-130.0,609.9180272790762,-7.5,432.3360656760092,-0.05348837209302326,0.0,0.023809523809523725,-0.005935769656699908,0.028511982420164086,-0.00016197780919218195,0.020696554744581982,1
2017-07-05,0.0,0.0,1,1.0,0.0,1.0,0.6,0.5,1.0,0.0,0.0,1.0,0.0,-1150.0,0.0,-130.0,609.9180272790762,-12.5,431.6050216770446,0.0,-0.05348837209302326,0.0,-0.005935769656699908,0.028511982420164086,-0.0004058802482165724,0.020662749076290135,0
2017-07-06,0.0,0.0,1,1.0,1.0,0.0,0.6,0.55,2.0,0.0,0.0,0.0,0.0,0.0,-1150.0,-130.0,609.9180272790762,-7.5,431.11697032854454,0.0,0.0,-0.05348837209302326,-0.005935769656699908,0.028511982420164086,-0.00016316180161463079,0.02063623822146018,0
2017-07-07,0.0,0.0,1,1.0,1.0,1.0,0.8,0.55,3.0,0.0,0.0,0.0,0.0,0.0,0.0,-230.0,514.2956348249517,-7.5,431.11697032854454,0.0,0.0,0.0,-0.010697674418604652,0.02392072720116051,-0.00016316180161463079,0.02063623822146018,0
2017-07-10,0.0,0.0,1,1.0,1.0,1.0,0.8,0.55,4.0,0.0,0.0,0.0,0.0,0.0,0.0,-230.0,514.2956348249517,-7.5,431.11697032854454,0.0,0.0,0.0,-0.010697674418604652,0.02392072720116051,-0.00016316180161463079,0.02063623822146018,0
2017-07-11,0.0,0.0,1,1.0,1.0,1.0,1.0,0.6,5.0,0.0,0.0,0.0,0.0,0.0,0.0,0.0,0.0,5.0,427.32337071343846,0.0,0.0,0.0,0.0,0.0,0.00044659429594634537,0.020441256961925388,0
2017-07-12,0.0,0.0,1,1.0,1.0,1.0,1.0,0.65,6.0,0.0,0.0,0.0,0.0,0.0,0.0,0.0,0.0,-7.5,423.41810865484024,0.0,0.0,0.0,0.0,0.0,-0.00017068965467094134,0.0202485154457115,0
2017-07-13,0.0,0.0,1,1.0,1.0,1.0,1.0,0.7,7.0,0.0,0.0,0.0,0.0,0.0,0.0,0.0,0.0,-10.0,423.208297600478,0.0,0.0,0.0,0.0,0.0,-0.00029264087418313657,0.020239313311255742,0
2017-07-14,0.0,0.0,1,1.0,1.0,1.0,1.0,0.75,8.0,0.0,0.0,0.0,0.0,0.0,0.0,0.0,0.0,2.5,419.4215942035061,0.0,0.0,0.0,0.0,0.0,0.00031563163189958775,0.020045590660100136,0
2017-07-17,0.0,0.0,1,1.0,1.0,1.0,1.0,0.8,9.0,0.0,0.0,0.0,0.0,0.0,0.0,0.0,0.0,-32.5,386.03074598029787,0.0,0.0,0.0,0.0,0.0,-0.0014085062991348984,0.018364643401309413,0
2017-07-18,-50.0,-0.002457002457002422,0,1.0,1.0,1.0,1.0,0.8,10.0,0.0,0.0,0.0,0.0,0.0,0.0,0.0,0.0,-32.5,386.03074598029787,0.0,0.0,0.0,0.0,0.0,-0.0014085062991348984,0.018364643401309413,0
2017-07-19,50.0,0.0024630541871921707,0,0.0,1.0,1.0,0.8,0.75,0.0,1.0,1.0,0.0,-50.0,0.0,0.0,-10.0,22.360679774997898,-35.0,385.9710924545079,-0.002457002457002422,0.0,0.0,-0.0004914004914004843,0.001098804902947593,-0.0015313564219850196,0.01836294327548163,0
2017-07-20,0.0,0.0,1,0.0,0.0,1.0,0.6,0.7,0.0,2.0,0.0,0.0,50.0,-50.0,0.0,0.0,35.35533905932738,-32.5,386.3714465858497,0.0024630541871921707,-0.002457002457002422,0.0,1.2103460379497832e-06,0.0017395034979892318,-0.001408203712625411,0.018382003442812243,0
2017-07-21,0.0,0.0,1,1.0,0.0,0.0,0.6,0.7,1.0,0.0,0.0,1.0,0.0,50.0,-50.0,0.0,35.35533905932738,-32.5,386.3714465858497,0.0,0.0024630541871921707,-0.002457002457002422,1.2103460379497832e-06,0.0017395034979892318,-0.001408203712625411,0.018382003442812243,0
2017-07-24,0.0,0.0,1,1.0,1.0,0.0,0.6,0.75,2.0,0.0,0.0,0.0,0.0,0.0,50.0,0.0,35.35533905932738,7.5,341.5425534094891,0.0,0.0,0.0024630541871921707,1.2103460379497832e-06,0.0017395034979892318,0.0004965581921364925,0.01622789208429063,0
2017-07-25,0.0,0.0,1,1.0,1.0,1.0,0.6,0.8,3.0,0.0,0.0,0.0,0.0,0.0,0.0,0.0,35.35533905932738,-32.5,286.2070468807687,0.0,0.0,0.0,1.2103460379497832e-06,0.0017395034979892318,-0.0014836398276654895,0.013369208785461667,0
2017-07-26,0.0,0.0,1,1.0,1.0,1.0,0.8,0.8,4.0,0.0,0.0,0.0,0.0,0.0,0.0,10.0,22.360679774997898,-32.5,286.2070468807687,0.0,0.0,0.0,0.0004926108374384341,0.0011015113189647482,-0.0014836398276654895,0.013369208785461667,0
2017-07-27,0.0,0.0,1,1.0,1.0,1.0,1.0,0.8,5.0,0.0,0.0,0.0,0.0,0.0,0.0,0.0,0.0,-32.5,286.2070468807687,0.0,0.0,0.0,0.0,0.0,-0.0014836398276654895,0.013369208785461667,0
2017-07-28,0.0,0.0,1,1.0,1.0,1.0,1.0,0.85,6.0,0.0,0.0,0.0,0.0,0.0,0.0,0.0,0.0,-57.5,257.6589953693386,0.0,0.0,0.0,0.0,0.0,-0.0026741160181416755,0.011987035796609676,0
2017-07-31,0.0,0.0,1,1.0,1.0,1.0,1.0,0.85,7.0,0.0,0.0,0.0,0.0,0.0,0.0,0.0,0.0,-57.5,257.6589953693386,0.0,0.0,0.0,0.0,0.0,-0.0026741160181416755,0.011987035796609676,0
2017-08-01,0.0,0.0,1,1.0,1.0,1.0,1.0,0.9,8.0,0.0,0.0,0.0,0.0,0.0,0.0,0.0,0.0,0.0,16.222142113076632,0.0,0.0,0.0,0.0,0.0,3.025865094874458e-07,0.0007981391242525499,0
2017-08-02,0.0,0.0,1,1.0,1.0,1.0,1.0,0.9,9.0,0.0,0.0,0.0,0.0,0.0,0.0,0.0,0.0,0.0,16.222142113076632,0.0,0.0,0.0,0.0,0.0,3.025865094874458e-07,0.0007981391242525499,0
2017-08-03,0.0,0.0,1,1.0,1.0,1.0,1.0,0.9,10.0,0.0,0.0,0.0,0.0,0.0,0.0,0.0,0.0,0.0,16.222142113076632,0.0,0.0,0.0,0.0,0.0,3.025865094874458e-07,0.0007981391242525499,0
2017-08-04,0.0,0.0,1,1.0,1.0,1.0,1.0,0.9,11.0,0.0,0.0,0.0,0.0,0.0,0.0,0.0,0.0,0.0,16.222142113076632,0.0,0.0,0.0,0.0,0.0,3.025865094874458e-07,0.0007981391242525499,0
2017-08-07,-50.0,-0.002457002457002422,0,1.0,1.0,1.0,1.0,0.9,12.0,0.0,0.0,0.0,0.0,0.0,0.0,0.0,0.0,0.0,16.222142113076632,0.0,0.0,0.0,0.0,0.0,3.025865094874458e-07,0.0007981391242525499,0
2017-08-08,0.0,0.0,1,0.0,1.0,1.0,0.8,0.85,0.0,1.0,1.0,0.0,-50.0,0.0,0.0,-10.0,22.360679774997898,-2.5,19.70172314131061,-0.002457002457002422,0.0,0.0,-0.0004914004914004843,0.001098804902947593,-0.00012254753634063364,0.0009689929689390942,0
2017-08-09,0.0,0.0,1,1.0,0.0,1.0,0.8,0.85,1.0,0.0,0.0,1.0,0.0,-50.0,0.0,-10.0,22.360679774997898,-2.5,19.70172314131061,0.0,-0.002457002457002422,0.0,-0.0004914004914004843,0.001098804902947593,-0.00012254753634063364,0.0009689929689390942,0
2017-08-10,0.0,0.0,1,1.0,1.0,0.0,0.8,0.85,2.0,0.0,0.0,0.0,0.0,0.0,-50.0,-10.0,22.360679774997898,-2.5,19.70172314131061,0.0,0.0,-0.002457002457002422,-0.0004914004914004843,0.001098804902947593,-0.00012254753634063364,0.0009689929689390942,0
2017-08-11,0.0,0.0,1,1.0,1.0,1.0,0.8,0.85,3.0,0.0,0.0,0.0,0.0,0.0,0.0,-10.0,22.360679774997898,-2.5,19.70172314131061,0.0,0.0,0.0,-0.0004914004914004843,0.001098804902947593,-0.00012254753634063364,0.0009689929689390942,0
2017-08-14,0.0,0.0,1,1.0,1.0,1.0,0.8,0.85,4.0,0.0,0.0,0.0,0.0,0.0,0.0,-10.0,22.360679774997898,-2.5,19.70172314131061,0.0,0.0,0.0,-0.0004914004914004843,0.001098804902947593,-0.00012254753634063364,0.0009689929689390942,0
2017-08-16,-100.0,-0.0049261083743842304,0,1.0,1.0,1.0,1.0,0.85,5.0,0.0,0.0,0.0,0.0,0.0,0.0,0.0,0.0,-2.5,19.70172314131061,0.0,0.0,0.0,0.0,0.0,-0.00012254753634063364,0.0009689929689390942,0
2017-08-17,-100.0,-0.004950495049504955,0,0.0,1.0,1.0,0.8,0.85,0.0,1.0,1.0,0.0,-100.0,0.0,0.0,-20.0,44.721359549995796,-5.0,27.62531257265433,-0.0049261083743842304,0.0,0.0,-0.0009852216748768461,0.00220302263793048,-0.0002460028322097241,0.0013603345728133867,0
2017-08-18,-100.0,-0.00497512437810943,0,0.0,0.0,1.0,0.6,0.85,0.0,2.0,0.0,0.0,-100.0,-100.0,0.0,-40.0,54.772255750516614,-12.5,31.93331868292541,-0.004950495049504955,-0.0049261083743842304,0.0,-0.001975320684777837,0.0027048329852686617,-0.0006166802940445803,0.001576219900565079,0
2017-08-21,50.0,0.0024999999999999467,0,0.0,0.0,0.0,0.4,0.8,0.0,3.0,0.0,0.0,-100.0,-100.0,-100.0,-60.0,54.772255750516614,-17.5,37.25799101852985,-0.00497512437810943,-0.004950495049504955,-0.0049261083743842304,-0.0029703455603997233,0.0027115974898605645,-0.0008654365129500518,0.001843667132928633,0
2017-08-22,0.0,0.0,1,0.0,0.0,0.0,0.2,0.75,0.0,4.0,0.0,0.0,50.0,-100.0,-100.0,-50.0,70.71067811865476,-15.0,40.06573545930171,0.0024999999999999467,-0.00497512437810943,-0.004950495049504955,-0.0024703455603997337,0.0035093721514706353,-0.0007404365129500545,0.001984780831179502,0
2017-08-23,250.0,0.012468827930174564,0,1.0,0.0,0.0,0.2,0.75,1.0,0.0,0.0,1.0,0.0,50.0,-100.0,-50.0,70.71067811865476,-15.0,40.06573545930171,0.0,0.0024999999999999467,-0.00497512437810943,-0.0024703455603997337,0.0035093721514706357,-0.0007404365129500545,0.001984780831179502,0
2017-08-24,0.0,0.0,1,0.0,1.0,0.0,0.2,0.7,0.0,1.0,1.0,0.0,250.0,0.0,50.0,20.0,144.04860290887933,-2.5,71.58910531638185,0.012468827930174564,0.0,0.0024999999999999467,0.0010086417005120251,0.0071745059649614175,-0.00011699511644132632,0.003561568115677536,0
2017-08-25,0.0,0.0,1,1.0,0.0,1.0,0.4,0.7,1.0,0.0,0.0,1.0,0.0,250.0,0.0,40.0,129.42179105544784,-2.5,71.58910531638185,0.0,0.012468827930174564,0.0,0.0019987407104130163,0.006451718964598545,-0.00011699511644132632,0.003561568115677536,0
2017-08-28,0.0,0.0,1,1.0,1.0,0.0,0.6,0.7,2.0,0.0,0.0,0.0,0.0,0.0,250.0,60.0,108.39741694339399,-2.5,71.58910531638185,0.0,0.0,0.012468827930174564,0.0029937655860349023,0.005406211890771126,-0.00011699511644132632,0.003561568115677536,0
2017-08-29,0.0,0.0,1,1.0,1.0,1.0,0.8,0.7,3.0,0.0,0.0,0.0,0.0,0.0,0.0,50.0,111.80339887498948,-2.5,71.58910531638185,0.0,0.0,0.0,0.0024937655860349127,0.00557622937032353,-0.00011699511644132632,0.003561568115677536,0
2017-08-30,0.0,0.0,1,1.0,1.0,1.0,0.8,0.7,4.0,0.0,0.0,0.0,0.0,0.0,0.0,50.0,111.80339887498948,-2.5,71.58910531638185,0.0,0.0,0.0,0.0024937655860349127,0.00557622937032353,-0.00011699511644132632,0.003561568115677536,0
2017-08-31,0.0,0.0,1,1.0,1.0,1.0,1.0,0.7,5.0,0.0,0.0,0.0,0.0,0.0,0.0,0.0,0.0,-2.5,71.58910531638185,0.0,0.0,0.0,0.0,0.0,-0.00011699511644132632,0.003561568115677536,0
2017-09-01,0.0,0.0,1,1.0,1.0,1.0,1.0,0.7,6.0,0.0,0.0,0.0,0.0,0.0,0.0,0.0,0.0,-2.5,71.58910531638185,0.0,0.0,0.0,0.0,0.0,-0.00011699511644132632,0.003561568115677536,0
2017-09-04,0.0,0.0,1,1.0,1.0,1.0,1.0,0.7,7.0,0.0,0.0,0.0,0.0,0.0,0.0,0.0,0.0,-2.5,71.58910531638185,0.0,0.0,0.0,0.0,0.0,-0.00011699511644132632,0.003561568115677536,0
2017-09-05,0.0,0.0,1,1.0,1.0,1.0,1.0,0.7,8.0,0.0,0.0,0.0,0.0,0.0,0.0,0.0,0.0,-2.5,71.58910531638185,0.0,0.0,0.0,0.0,0.0,-0.00011699511644132632,0.003561568115677536,0
2017-09-06,0.0,0.0,1,1.0,1.0,1.0,1.0,0.75,9.0,0.0,0.0,0.0,0.0,0.0,0.0,0.0,0.0,0.0,70.71067811865484,0.0,0.0,0.0,0.0,0.0,5.855006408794772e-06,0.003518722793551446,0
2017-09-07,0.0,0.0,1,1.0,1.0,1.0,1.0,0.75,10.0,0.0,0.0,0.0,0.0,0.0,0.0,0.0,0.0,0.0,70.71067811865484,0.0,0.0,0.0,0.0,0.0,5.855006408794772e-06,0.003518722793551446,0
2017-09-08,0.0,0.0,1,1.0,1.0,1.0,1.0,0.75,11.0,0.0,0.0,0.0,0.0,0.0,0.0,0.0,0.0,0.0,70.71067811865484,0.0,0.0,0.0,0.0,0.0,5.855006408794772e-06,0.003518722793551446,0
2017-09-11,0.0,0.0,1,1.0,1.0,1.0,1.0,0.75,12.0,0.0,0.0,0.0,0.0,0.0,0.0,0.0,0.0,0.0,70.71067811865484,0.0,0.0,0.0,0.0,0.0,5.855006408794772e-06,0.003518722793551446,0
2017-09-12,0.0,0.0,1,1.0,1.0,1.0,1.0,0.75,13.0,0.0,0.0,0.0,0.0,0.0,0.0,0.0,0.0,0.0,70.71067811865484,0.0,0.0,0.0,0.0,0.0,5.855006408794772e-06,0.003518722793551446,0
2017-09-13,0.0,0.0,1,1.0,1.0,1.0,1.0,0.75,14.0,0.0,0.0,0.0,0.0,0.0,0.0,0.0,0.0,0.0,70.71067811865484,0.0,0.0,0.0,0.0,0.0,5.855006408794772e-06,0.003518722793551446,0
2017-09-14,0.0,0.0,1,1.0,1.0,1.0,1.0,0.8,15.0,0.0,0.0,0.0,0.0,0.0,0.0,0.0,0.0,5.0,66.68859288553512,0.0,0.0,0.0,0.0,0.0,0.0002521604251280063,0.0033222474650779392,0
2017-09-15,0.0,0.0,1,1.0,1.0,1.0,1.0,0.85,16.0,0.0,0.0,0.0,0.0,0.0,0.0,0.0,0.0,10.0,61.984717980788695,0.0,0.0,0.0,0.0,0.0,0.0004996851776032541,0.003090561412086065,0
2017-09-18,200.0,0.009852216748768461,0,1.0,1.0,1.0,1.0,0.9,17.0,0.0,0.0,0.0,0.0,0.0,0.0,0.0,0.0,15.0,56.42880936468361,0.0,0.0,0.0,0.0,0.0,0.0007484413965087256,0.002814608315950564,0
2017-09-19,0.0,0.0,1,0.0,1.0,1.0,0.8,0.9,0.0,1.0,1.0,0.0,200.0,0.0,0.0,40.0,89.44271909999159,22.5,69.72691091152092,0.009852216748768461,0.0,0.0,0.0019704433497536923,0.004406045275861478,0.0011160522339471513,0.003461262266246136,0
2017-09-20,150.0,0.007317073170731714,0,1.0,0.0,1.0,0.8,0.9,1.0,0.0,0.0,1.0,0.0,200.0,0.0,40.0,89.44271909999159,22.5,69.72691091152092,0.0,0.009852216748768461,0.0,0.0019704433497536923,0.004406045275861478,0.0011160522339471513,0.003461262266246136,0
2017-09-21,0.0,0.0,1,0.0,1.0,0.0,0.6,0.9,0.0,1.0,1.0,0.0,150.0,0.0,200.0,70.0,97.46794344808964,17.5,54.47114156283041,0.007317073170731714,0.0,0.009852216748768461,0.003433857983900035,0.0047866698074595536,0.0008584644959750088,0.002674110858954253,0
2017-09-22,0.0,0.0,1,1.0,0.0,1.0,0.6,0.9,1.0,0.0,0.0,1.0,0.0,150.0,0.0,70.0,97.46794344808964,17.5,54.47114156283041,0.0,0.007317073170731714,0.0,0.003433857983900035,0.0047866698074595536,0.0008584644959750088,0.002674110858954253,0
2017-09-25,0.0,0.0,1,1.0,1.0,0.0,0.6,0.9,2.0,0.0,0.0,0.0,0.0,0.0,150.0,70.0,97.46794344808964,17.5,54.47114156283041,0.0,0.0,0.007317073170731714,0.003433857983900035,0.0047866698074595536,0.0008584644959750088,0.002674110858954253,0
2017-09-26,0.0,0.0,1,1.0,1.0,1.0,0.8,0.9,3.0,0.0,0.0,0.0,0.0,0.0,0.0,30.0,67.08203932499369,17.5,54.47114156283041,0.0,0.0,0.0,0.0014634146341463428,0.0032722946012189768,0.0008584644959750088,0.002674110858954253,0
2017-09-27,0.0,0.0,1,1.0,1.0,1.0,0.8,0.9,4.0,0.0,0.0,0.0,0.0,0.0,0.0,30.0,67.08203932499369,17.5,54.47114156283041,0.0,0.0,0.0,0.0014634146341463428,0.0032722946012189768,0.0008584644959750088,0.002674110858954253,0
2017-09-28,50.0,0.002421307506053294,0,1.0,1.0,1.0,1.0,0.9,5.0,0.0,0.0,0.0,0.0,0.0,0.0,0.0,0.0,17.5,54.47114156283041,0.0,0.0,0.0,0.0,0.0,0.0008584644959750088,0.002674110858954253,0
2017-09-29,100.0,0.004830917874396157,0,0.0,1.0,1.0,0.8,0.85,0.0,1.0,1.0,0.0,50.0,0.0,0.0,10.0,22.360679774997898,20.0,54.77225575051676,0.002421307506053294,0.0,0.0,0.0004842615012106588,0.001082841635592432,0.0009795298712776735,0.00268797408856286,0
2017-10-10,0.0,0.0,1,0.0,0.0,1.0,0.6,0.8,0.0,2.0,0.0,0.0,100.0,50.0,0.0,30.0,44.721359549995796,25.0,57.353933467640594,0.004830917874396157,0.002421307506053294,0.0,0.00145044507608989,0.0021611075259145036,0.0012210757649974812,0.0028096236095671253,0
2017-10-11,0.0,0.0,1,1.0,0.0,0.0,0.6,0.8,1.0,0.0,0.0,1.0,0.0,100.0,50.0,30.0,44.721359549995796,25.0,57.353933467640594,0.0,0.004830917874396157,0.002421307506053294,0.00145044507608989,0.0021611075259145036,0.0012210757649974812,0.0028096236095671253,0
2017-10-12,0.0,0.0,1,1.0,1.0,0.0,0.6,0.8,2.0,0.0,0.0,0.0,0.0,0.0,100.0,30.0,44.721359549995796,25.0,57.353933467640594,0.0,0.0,0.004830917874396157,0.00145044507608989,0.0021611075259145036,0.0012210757649974812,0.0028096236095671253,0
2017-10-13,100.0,0.004807692307692291,0,1.0,1.0,1.0,0.6,0.8,3.0,0.0,0.0,0.0,0.0,0.0,0.0,30.0,44.721359549995796,25.0,57.353933467640594,0.0,0.0,0.0,0.00145044507608989,0.0021611075259145036,0.0012210757649974812,0.0028096236095671253,0
2017-10-16,0.0,0.0,1,0.0,1.0,1.0,0.6,0.75,0.0,1.0,1.0,0.0,100.0,0.0,0.0,40.0,54.772255750516614,30.0,59.382790347656304,0.004807692307692291,0.0,0.0,0.0019277220364176894,0.002639654882089041,0.0014614603803820958,0.002903743578786191,0
2017-10-17,150.0,0.0071770334928229484,0,1.0,0.0,1.0,0.8,0.75,1.0,0.0,0.0,1.0,0.0,100.0,0.0,20.0,44.721359549995796,30.0,59.382790347656304,0.0,0.004807692307692291,0.0,0.0009615384615384581,0.002150065362980208,0.0014614603803820958,0.002903743578786191,0
2017-10-18,50.0,0.002375296912114022,0,0.0,1.0,0.0,0.6,0.7,0.0,1.0,1.0,0.0,150.0,0.0,100.0,50.0,70.71067811865476,37.5,64.63460047797456,0.0071770334928229484,0.0,0.004807692307692291,0.0023969451601030477,0.003387365664488882,0.0018203120550232433,0.003146921868880043,0
2017-10-19,100.0,0.004739336492890933,0,0.0,0.0,1.0,0.4,0.65,0.0,2.0,0.0,0.0,50.0,150.0,0.0,60.0,65.19202405202648,40.0,64.0723275517189,0.002375296912114022,0.0071770334928229484,0.0,0.0028720045425258524,0.0031234476160883788,0.0019390769006289443,0.003119308274962795,0
2017-10-20,0.0,0.0,1,0.0,0.0,0.0,0.2,0.6,0.0,3.0,0.0,0.0,100.0,50.0,150.0,80.0,57.0087712549569,45.0,64.68547384317293,0.004739336492890933,0.002375296912114022,0.0071770334928229484,0.0038198718411040387,0.002728092579247829,0.002176043725273491,0.0031441672582454886,0
2017-10-23,50.0,0.002358490566037652,0,1.0,0.0,0.0,0.4,0.6,1.0,0.0,0.0,1.0,0.0,100.0,50.0,60.0,65.19202405202648,45.0,64.68547384317293,0.0,0.004739336492890933,0.002375296912114022,0.0028583333795655806,0.003112989199585685,0.002176043725273491,0.0031441672582454886,0
2017-10-24,100.0,0.004705882352941115,0,0.0,1.0,0.0,0.2,0.55,0.0,1.0,1.0,0.0,50.0,0.0,100.0,70.0,57.0087712549569,47.5,63.815111228083374,0.002358490566037652,0.0,0.004739336492890933,0.003330031492773111,0.0027262650552737668,0.0022939682535753738,0.0031022060391423523,0
2017-10-25,150.0,0.007025761124121788,0,0.0,0.0,1.0,0.2,0.55,0.0,2.0,0.0,0.0,100.0,50.0,0.0,60.0,41.83300132670378,42.5,54.471141562830454,0.004705882352941115,0.002358490566037652,0.0,0.0028358012647967446,0.0019749878617498656,0.002036651533784006,0.0026179133444152493,0
2017-10-26,0.0,0.0,1,0.0,0.0,0.0,0.2,0.5,0.0,3.0,0.0,0.0,150.0,100.0,50.0,80.0,57.0087712549569,50.0,58.48976518656037,0.007025761124121788,0.004705882352941115,0.002358490566037652,0.0037658941071982976,0.002674913274422165,0.002387939589990096,0.0027955898950438635,0
2017-10-27,0.0,0.0,1,1.0,0.0,0.0,0.4,0.55,1.0,0.0,0.0,1.0,0.0,150.0,100.0,60.0,65.19202405202648,42.5,54.471141562830454,0.0,0.007025761124121788,0.004705882352941115,0.002818026808620111,0.0030562538495893126,0.00202208593145351,0.002587622908380252,0
2017-10-30,150.0,0.006976744186046435,0,1.0,1.0,0.0,0.4,0.55,2.0,0.0,0.0,0.0,0.0,0.0,150.0,60.0,65.19202405202648,42.5,54.471141562830454,0.0,0.0,0.007025761124121788,0.002818026808620111,0.0030562538495893126,0.00202208593145351,0.002587622908380252,0
2017-10-31,150.0,0.006928406466512715,0,0.0,1.0,1.0,0.4,0.5,0.0,1.0,1.0,0.0,150.0,0.0,0.0,80.0,75.82875444051551,50.0,58.48976518656037,0.006976744186046435,0.0,0.0,0.0037416775326218677,0.0035419222796327,0.002370923140755832,0.0027648747276966617,0
2017-11-01,0.0,0.0,1,0.0,0.0,1.0,0.4,0.45,0.0,2.0,0.0,0.0,150.0,150.0,0.0,90.0,82.15838362577492,57.5,61.29093691051267,0.006928406466512715,0.006976744186046435,0.0,0.004186182355336188,0.0038215991880141877,0.0027173434640814674,0.0028836686233281476,0
2017-11-02,0.0,0.0,1,1.0,0.0,0.0,0.6,0.45,1.0,0.0,0.0,1.0,0.0,150.0,150.0,60.0,82.15838362577492,57.5,61.29093691051267,0.0,0.006928406466512715,0.006976744186046435,0.00278103013051183,0.0038081206870538083,0.0027173434640814674,0.0028836686233281476,0
2017-11-03,0.0,0.0,1,1.0,1.0,0.0,0.6,0.45,2.0,0.0,0.0,0.0,0.0,0.0,150.0,60.0,82.15838362577492,57.5,61.29093691051267,0.0,0.0,0.006928406466512715,0.00278103013051183,0.0038081206870538083,0.0027173434640814674,0.0028836686233281476,0
2017-11-06,50.0,0.002293577981651307,0,1.0,1.0,1.0,0.6,0.5,3.0,0.0,0.0,0.0,0.0,0.0,0.0,60.0,82.15838362577492,55.0,62.61830907633142,0.0,0.0,0.0,0.00278103013051183,0.0038081206870538083,0.002596278088778803,0.002946885345630776,0
2017-11-07,50.0,0.0022883295194509046,0,0.0,1.0,1.0,0.6,0.5,0.0,1.0,1.0,0.0,50.0,0.0,0.0,40.0,65.19202405202648,52.5,61.71880204861248,0.002293577981651307,0.0,0.0,0.0018443968896328044,0.003010577880187167,0.0024694110941415603,0.002899860607016539,0
2017-11-08,0.0,0.0,1,0.0,0.0,1.0,0.6,0.45,0.0,2.0,0.0,0.0,50.0,50.0,0.0,20.0,27.386127875258307,55.0,60.48053188293013,0.0022883295194509046,0.002293577981651307,0.0,0.0009163815002204423,0.001254808419417951,0.0025838275701141056,0.0028418638810298958,0
2017-11-09,100.0,0.004566210045662045,0,1.0,0.0,0.0,0.6,0.45,1.0,0.0,0.0,1.0,0.0,50.0,50.0,20.0,27.386127875258307,55.0,60.48053188293013,0.0,0.0022883295194509046,0.002293577981651307,0.0009163815002204423,0.001254808419417951,0.0025838275701141056,0.0028418638810298958,0
2017-11-10,100.0,0.00454545454545463,0,0.0,1.0,0.0,0.4,0.4,0.0,1.0,1.0,0.0,100.0,0.0,50.0,40.0,41.83300132670378,60.0,59.82430416161208,0.004566210045662045,0.0,0.0022883295194509046,0.0018296235093528512,0.0019111263170393659,0.0028121380723972076,0.0028065597755968473,0
2017-11-13,350.0,0.015837104072398134,0,0.0,0.0,1.0,0.2,0.4,0.0,2.0,0.0,0.0,100.0,100.0,0.0,60.0,41.83300132670378,60.0,59.82430416161208,0.00454545454545463,0.004566210045662045,0.0,0.002738714418443777,0.0019043108874629683,0.002799026184285325,0.002797343557203561,0
2017-11-14,1150.0,0.05122494432071267,0,0.0,0.0,0.0,0.2,0.35,0.0,3.0,0.0,0.0,350.0,100.0,100.0,120.0,135.09256086106296,77.5,86.56454847471687,0.015837104072398134,0.00454545454545463,0.004566210045662045,0.005447419636593143,0.006107164749491989,0.0035908813879052316,0.0039622808604834765,0
2017-11-15,50.0,0.0021186440677967155,0,0.0,0.0,0.0,0.2,0.35,0.0,4.0,0.0,0.0,1150.0,350.0,100.0,340.0,470.90338711884414,127.5,255.196003103497,0.05122494432071267,0.015837104072398134,0.00454545454545463,0.015234742596845496,0.020951332340123877,0.005793276929299718,0.011372696446641722,0
2017-11-16,350.0,0.014799154334038,0,0.0,0.0,0.0,0.0,0.35,0.0,5.0,0.0,0.0,50.0,1150.0,350.0,350.0,462.33105022267324,127.5,255.196003103497,0.0021186440677967155,0.05122494432071267,0.015837104072398134,0.01565847141040484,0.02058440086205849,0.005780444287083852,0.011376900212865587,0
2017-11-17,400.0,0.016666666666666607,0,0.0,0.0,0.0,0.0,0.35,0.0,6.0,0.0,0.0,350.0,50.0,1150.0,400.0,441.5880433163923,140.0,259.8582609606124,0.014799154334038,0.0021186440677967155,0.05122494432071267,0.017705060268080032,0.019695353318053388,0.006283435179141206,0.011549519332305268,0
2017-11-20,1600.0,0.06557377049180335,0,0.0,0.0,0.0,0.0,0.3,0.0,7.0,0.0,0.0,400.0,350.0,50.0,460.0,409.87803063838396,160.0,263.8779622237683,0.016666666666666607,0.014799154334038,0.0021186440677967155,0.020129302692322427,0.01837216679607256,0.007116768512474536,0.011672905174225503,0
2017-11-21,0.0,0.0,1,0.0,0.0,0.0,0.0,0.3,0.0,8.0,0.0,0.0,1600.0,400.0,350.0,710.0,641.6774890862231,237.5,414.49874610946154,0.06557377049180335,0.016666666666666607,0.014799154334038,0.03007663597620347,0.026935921825756146,0.01027753250876282,0.0174471365159441,0
2017-11-22,1000.0,0.03846153846153855,0,1.0,0.0,0.0,0.2,0.35,1.0,0.0,0.0,1.0,0.0,1600.0,400.0,480.0,650.5766672729663,232.5,416.8411915194664,0.0,0.06557377049180335,0.016666666666666607,0.019831647112060934,0.026621089572421625,0.010042238391115765,0.017557613436442878,0
2017-11-23,1000.0,0.03703703703703698,0,0.0,1.0,0.0,0.2,0.35,0.0,1.0,1.0,0.0,1000.0,0.0,1600.0,670.0,632.0601237224193,275.0,450.0000000000001,0.03846153846153855,0.0,0.06557377049180335,0.0271002259908093,0.025514166752785963,0.011614027257986603,0.018646677534783353,0
2017-11-24,0.0,0.0,1,0.0,0.0,1.0,0.2,0.3,0.0,2.0,0.0,0.0,1000.0,1000.0,0.0,800.0,616.4414002968977,325.0,472.8135272799917,0.03703703703703698,0.03846153846153855,0.0,0.0315478025314091,0.024760906611010915,0.013465879109838453,0.019261537581531124,0
2017-11-27,-2800.0,-0.09999999999999998,0,1.0,0.0,0.0,0.4,0.3,1.0,0.0,0.0,1.0,0.0,1000.0,1000.0,720.0,701.4271166700073,325.0,472.8135272799917,0.0,0.03703703703703698,0.03846153846153855,0.028214469198075777,0.028154351658212264,0.013465879109838453,0.019261537581531124,0
2017-11-28,-700.0,-0.02777777777777779,0,0.0,1.0,0.0,0.4,0.3,0.0,1.0,1.0,0.0,-2800.0,0.0,1000.0,-160.0,1558.2040944625965,177.5,844.4049602187953,-0.09999999999999998,0.0,0.03703703703703698,-0.0049002849002848905,0.056415795866032604,0.008117041900536132,0.03187915127177614,0
2017-11-29,0.0,0.0,1,0.0,0.0,1.0,0.2,0.3,0.0,2.0,0.0,0.0,-700.0,-2800.0,0.0,-300.0,1571.6233645501711,135.0,866.9517075119552,-0.02777777777777779,-0.09999999999999998,0.0,-0.010455840455840448,0.0571752000289306,0.0063817326883216065,0.032876262989283936,0
2017-11-30,-500.0,-0.020408163265306145,0,1.0,0.0,0.0,0.4,0.3,1.0,0.0,0.0,1.0,0.0,-700.0,-2800.0,-500.0,1421.2670403551895,135.0,866.9517075119552,0.0,-0.02777777777777779,-0.09999999999999998,-0.018148148148148156,0.05122638637635583,0.0063817326883216065,0.032876262989283936,0
2017-12-01,-500.0,-0.02083333333333337,0,0.0,1.0,0.0,0.4,0.25,0.0,1.0,1.0,0.0,-500.0,0.0,-700.0,-800.0,1159.7413504743201,110.0,878.1859292403799,-0.020408163265306145,0.0,-0.02777777777777779,-0.029637188208616782,0.04121978724341659,0.005361324525056299,0.03339734629497135,0
2017-12-04,0.0,0.0,1,0.0,0.0,1.0,0.2,0.2,0.0,2.0,0.0,0.0,-500.0,-500.0,0.0,-900.0,1093.1605554537723,85.0,888.5381252371785,-0.02083333333333337,-0.020408163265306145,0.0,-0.03380385487528346,0.03843378338703672,0.00431965785838963,0.03389456326699385,0
2017-12-05,-2350.0,-0.09999999999999998,0,1.0,0.0,0.0,0.4,0.25,1.0,0.0,0.0,1.0,0.0,-500.0,-500.0,-340.0,320.9361307176242,82.5,888.7121077864956,0.0,-0.02083333333333337,-0.020408163265306145,-0.013803854875283461,0.012936322862615693,0.004204978959307065,0.03390565733068704,0
2017-12-06,800.0,0.0378250591016549,0,0.0,1.0,0.0,0.4,0.25,0.0,1.0,1.0,0.0,-2350.0,0.0,-500.0,-670.0,971.8538984847465,-37.5,1042.1227071905232,-0.09999999999999998,0.0,-0.02083333333333337,-0.028248299319727898,0.04141463760965578,-0.0009094375166654789,0.04115064580840922,0
2017-12-07,550.0,0.02505694760820054,0,0.0,0.0,1.0,0.2,0.2,0.0,2.0,0.0,0.0,800.0,-2350.0,0.0,-510.0,1157.7996372429902,2.5,1058.8567568745773,0.0378250591016549,-0.09999999999999998,0.0,-0.020683287499396918,0.05035440420849824,0.000981815438417266,0.042053934514851884,0
2017-12-08,0.0,0.0,1,0.0,0.0,0.0,0.2,0.2,0.0,3.0,0.0,0.0,550.0,800.0,-2350.0,-300.0,1251.4991010783826,25.0,1065.7959713901996,0.02505694760820054,0.0378250591016549,-0.09999999999999998,-0.011590265324695582,0.05436207834000038,0.002006352316544191,0.04239408185075937,0
2017-12-11,0.0,0.0,1,1.0,0.0,0.0,0.4,0.25,1.0,0.0,0.0,1.0,0.0,550.0,800.0,-200.0,1251.4991010783826,20.0,1065.6601610961013,0.0,0.02505694760820054,0.0378250591016549,-0.007423598658028907,0.05427484830542213,0.0017790795892714596,0.04239193735099736,0
2017-12-12,-1000.0,-0.0444444444444444,0,1.0,1.0,0.0,0.4,0.3,2.0,0.0,0.0,0.0,0.0,0.0,550.0,-200.0,1251.4991010783826,2.5,1062.8258014418575,0.0,0.0,0.02505694760820054,-0.007423598658028907,0.05427484830542213,0.0009872243856515529,0.042263239640685124,0
2017-12-13,0.0,0.0,1,0.0,1.0,1.0,0.4,0.3,0.0,1.0,1.0,0.0,-1000.0,0.0,0.0,70.0,692.4593850905626,-105.0,1049.2980109527864,-0.0444444444444444,0.0,0.0,0.003687512453082209,0.03148771832397874,-0.0037962450526063006,0.04168807951837231,0
2017-12-14,300.0,0.013953488372093092,0,1.0,0.0,1.0,0.6,0.35,1.0,0.0,0.0,1.0,0.0,-1000.0,0.0,-90.0,561.6938667993447,-107.5,1048.9687918693241,0.0,-0.0444444444444444,0.0,-0.0038774993672487713,0.025139531910421124,-0.0039021772559961363,0.041674948069447014,0
2017-12-15,0.0,0.0,1,0.0,1.0,0.0,0.6,0.35,0.0,1.0,1.0,0.0,300.0,0.0,-1000.0,-140.0,497.9959839195493,-110.0,1047.880065455464,0.013953488372093092,0.0,-0.0444444444444444,-0.006098191214470261,0.022271443595354455,-0.003944460554093382,0.04165539951698103,0
2017-12-18,200.0,0.00917431192660545,0,1.0,0.0,1.0,0.6,0.4,1.0,0.0,0.0,1.0,0.0,300.0,0.0,-140.0,497.9959839195493,-130.0,1041.4312014571203,0.0,0.013953488372093092,0.0,-0.006098191214470261,0.022271443595354455,-0.004777793887426713,0.041387212100974735,0
2017-12-19,200.0,0.009090909090909038,0,0.0,1.0,0.0,0.4,0.4,0.0,1.0,1.0,0.0,200.0,0.0,300.0,-100.0,519.6152422706632,-200.0,963.136324176058,0.00917431192660545,0.0,0.013953488372093092,-0.0042633288291491715,0.023255626284432836,-0.007597766815686607,0.038135077707958716,0
2017-12-20,-400.0,-0.018018018018018056,0,0.0,0.0,1.0,0.4,0.35,0.0,2.0,0.0,0.0,200.0,200.0,0.0,140.0,134.16407864998737,-190.0,966.3550616947988,0.009090909090909038,0.00917431192660545,0.0,0.006443741877921516,0.0062028908226236835,-0.007143221361141155,0.03828429147119291,0
2017-12-21,200.0,0.00917431192660545,0,0.0,0.0,0.0,0.2,0.35,0.0,3.0,0.0,0.0,-400.0,200.0,200.0,60.0,279.28480087537883,-260.0,925.4586345215689,-0.018018018018018056,0.009090909090909038,0.00917431192660545,0.002840138274317905,0.012706587970294678,-0.009967199185118986,0.03679747028233812,0
2017-12-22,0.0,0.0,1,0.0,0.0,0.0,0.2,0.35,0.0,4.0,0.0,0.0,200.0,-400.0,200.0,40.0,260.76809620810593,-300.0,884.5159247026771,0.00917431192660545,-0.018018018018018056,0.009090909090909038,0.0018843029852203762,0.01180970587429618,-0.011360335440640561,0.03542613161041811,0
2017-12-26,0.0,0.0,1,1.0,0.0,0.0,0.2,0.35,1.0,0.0,0.0,1.0,0.0,200.0,-400.0,40.0,260.76809620810593,-300.0,884.5159247026771,0.0,0.00917431192660545,-0.018018018018018056,0.0018843029852203762,0.01180970587429618,-0.011360335440640561,0.03542613161041811,0
2017-12-27,0.0,0.0,1,1.0,1.0,0.0,0.4,0.4,2.0,0.0,0.0,0.0,0.0,0.0,200.0,0.0,244.94897427831782,-160.0,661.4577203340166,0.0,0.0,0.00917431192660545,4.9440599899286396e-05,0.011084328789543912,-0.006360335440640563,0.028669874437357225,0
2017-12-28,-2000.0,-0.09090909090909094,0,1.0,1.0,1.0,0.6,0.45,3.0,0.0,0.0,0.0,0.0,0.0,0.0,-40.0,219.08902300206645,-125.0,649.7975393191819,0.0,0.0,0.0,-0.0017687412182825213,0.009914317237435084,-0.004971446551751674,0.028247439649752744,0
2018-01-02,0.0,0.0,1,0.0,1.0,1.0,0.6,0.4,0.0,1.0,1.0,0.0,-2000.0,0.0,0.0,-360.0,920.8691546577071,-225.0,771.9592299024472,-0.09090909090909094,0.0,0.0,-0.016346955796497097,0.04187038329828393,-0.00951690109720622,0.034111102826636326,0
2018-01-03,0.0,0.0,1,1.0,0.0,1.0,0.8,0.45,1.0,0.0,0.0,1.0,0.0,-2000.0,0.0,-400.0,894.4271909999159,-200.0,770.6798092729905,0.0,-0.09090909090909094,0.0,-0.018181818181818188,0.040655781409087065,-0.008496492933940914,0.034073377895842076,0
2018-01-04,0.0,0.0,1,1.0,1.0,0.0,0.8,0.5,2.0,0.0,0.0,0.0,0.0,0.0,-2000.0,-400.0,894.4271909999159,-175.0,768.5427084663821,0.0,0.0,-0.09090909090909094,-0.018181818181818188,0.040655781409087065,-0.007454826267274245,0.03399473482117013,0
2018-01-05,2000.0,0.10000000000000009,0,1.0,1.0,1.0,0.8,0.5,3.0,0.0,0.0,0.0,0.0,0.0,0.0,-400.0,894.4271909999159,-175.0,768.5427084663821,0.0,0.0,0.0,-0.018181818181818188,0.040655781409087065,-0.007454826267274245,0.03399473482117013,0
2018-01-08,0.0,0.0,1,0.0,1.0,1.0,0.6,0.5,0.0,1.0,1.0,0.0,2000.0,0.0,0.0,0.0,1414.213562373095,42.5,735.4330983204818,0.10000000000000009,0.0,0.0,0.0018181818181818299,0.06754245680366078,0.0025451737327257585,0.03474654728972255,0
2018-01-09,0.0,0.0,1,1.0,0.0,1.0,0.8,0.55,1.0,0.0,0.0,1.0,0.0,2000.0,0.0,400.0,894.4271909999159,2.5,713.4930752439388,0.0,0.10000000000000009,0.0,0.020000000000000018,0.0447213595499958,0.0006539207776430134,0.033740027193593675,0
2018-01-10,0.0,0.0,1,1.0,1.0,0.0,0.8,0.6,2.0,0.0,0.0,0.0,0.0,0.0,2000.0,400.0,894.4271909999159,-25.0,701.7834423809103,0.0,0.0,0.10000000000000009,0.020000000000000018,0.0447213595499958,-0.0005989266027670137,0.0332478148298049,0
2018-01-11,0.0,0.0,1,1.0,1.0,1.0,0.8,0.6,3.0,0.0,0.0,0.0,0.0,0.0,0.0,400.0,894.4271909999159,-25.0,701.7834423809103,0.0,0.0,0.0,0.020000000000000018,0.0447213595499958,-0.0005989266027670137,0.0332478148298049,0
2018-01-12,0.0,0.0,1,1.0,1.0,1.0,0.8,0.6,4.0,0.0,0.0,0.0,0.0,0.0,0.0,400.0,894.4271909999159,-25.0,701.7834423809103,0.0,0.0,0.0,0.020000000000000018,0.0447213595499958,-0.0005989266027670137,0.0332478148298049,0
2018-01-15,0.0,0.0,1,1.0,1.0,1.0,1.0,0.65,5.0,0.0,0.0,0.0,0.0,0.0,0.0,0.0,0.0,25.0,663.2257692917487,0.0,0.0,0.0,0.0,0.0,0.0016232956194552062,0.03160786916872274,0
2018-01-16,0.0,0.0,1,1.0,1.0,1.0,1.0,0.65,6.0,0.0,0.0,0.0,0.0,0.0,0.0,0.0,0.0,25.0,663.2257692917487,0.0,0.0,0.0,0.0,0.0,0.0016232956194552062,0.03160786916872274,0
2018-01-17,0.0,0.0,1,1.0,1.0,1.0,1.0,0.7,7.0,0.0,0.0,0.0,0.0,0.0,0.0,0.0,0.0,10.0,660.063792770302,0.0,0.0,0.0,0.0,0.0,0.0009256212008505515,0.03147510036589341,0
2018-01-18,0.0,0.0,1,1.0,1.0,1.0,1.0,0.7,8.0,0.0,0.0,0.0,0.0,0.0,0.0,0.0,0.0,10.0,660.063792770302,0.0,0.0,0.0,0.0,0.0,0.0009256212008505515,0.03147510036589341,0
2018-01-19,0.0,0.0,1,1.0,1.0,1.0,1.0,0.75,9.0,0.0,0.0,0.0,0.0,0.0,0.0,0.0,0.0,0.0,658.5470450365078,0.0,0.0,0.0,0.0,0.0,0.0004669056045202791,0.031415353599432524,0
2018-01-22,0.0,0.0,1,1.0,1.0,1.0,1.0,0.8,10.0,0.0,0.0,0.0,0.0,0.0,0.0,0.0,0.0,-10.0,656.8665649966716,0.0,0.0,0.0,0.0,0.0,1.236014997482715e-05,0.03134970555311696,0
2018-01-23,0.0,0.0,1,1.0,1.0,1.0,1.0,0.85,11.0,0.0,0.0,0.0,0.0,0.0,0.0,0.0,0.0,10.0,650.4249622969185,0.0,0.0,0.0,0.0,0.0,0.0009132610508757299,0.03106186517453864,0
2018-01-24,-500.0,-0.022727272727272707,0,1.0,1.0,1.0,1.0,0.9,12.0,0.0,0.0,0.0,0.0,0.0,0.0,0.0,0.0,0.0,648.8856845230505,0.0,0.0,0.0,0.0,0.0,0.00045454545454545747,0.03100112950277816,0
2018-01-25,500.0,0.023255813953488413,0,0.0,1.0,1.0,0.8,0.85,0.0,1.0,1.0,0.0,-500.0,0.0,0.0,-100.0,223.60679774997897,-25.0,658.4471365105537,-0.022727272727272707,0.0,0.0,-0.004545454545454542,0.010163945352271614,-0.0006818181818181779,0.031432211281519934,0
2018-01-26,0.0,0.0,1,0.0,0.0,1.0,0.6,0.8,0.0,2.0,0.0,0.0,500.0,-500.0,0.0,0.0,353.5533905932738,0.0,668.856054059939,0.023255813953488413,-0.022727272727272707,0.0,0.00010570824524314126,0.016258120563994522,0.0004809725158562428,0.031885649244362935,0
2018-01-29,-300.0,-0.013636363636363669,0,1.0,0.0,0.0,0.6,0.8,1.0,0.0,0.0,1.0,0.0,500.0,-500.0,0.0,353.5533905932738,0.0,668.856054059939,0.0,0.023255813953488413,-0.022727272727272707,0.00010570824524314126,0.016258120563994522,0.0004809725158562428,0.031885649244362935,0
2018-01-30,200.0,0.009216589861751112,0,0.0,1.0,0.0,0.4,0.8,0.0,1.0,1.0,0.0,-300.0,0.0,500.0,-60.0,378.15340802378074,85.0,483.70826353343057,-0.013636363636363669,0.0,0.023255813953488413,-0.0026215644820295923,0.017384973539058334,0.004344608879492606,0.023914100327682642,0
2018-01-31,100.0,0.004566210045662045,0,0.0,0.0,1.0,0.2,0.75,0.0,2.0,0.0,0.0,200.0,-300.0,0.0,-20.0,396.23225512317896,95.0,483.9258316377792,0.009216589861751112,-0.013636363636363669,0.0,-0.00077824650967937,0.018201850263179442,0.004805438372580162,0.023914775207311622,0
2018-02-01,0.0,0.0,1,0.0,0.0,0.0,0.2,0.7,0.0,3.0,0.0,0.0,100.0,200.0,-300.0,100.0,291.547594742265,100.0,483.40894750337026,0.004566210045662045,0.009216589861751112,-0.013636363636363669,0.00468045004490758,0.013444757673614437,0.0050337488748632645,0.023888265639099397,0
2018-02-02,-100.0,-0.004545454545454519,0,1.0,0.0,0.0,0.4,0.7,1.0,0.0,0.0,1.0,0.0,100.0,200.0,0.0,187.08286933869707,100.0,483.40894750337026,0.0,0.004566210045662045,0.009216589861751112,2.9287254209897638e-05,0.008540227271092845,0.0050337488748632645,0.023888265639099397,0
2018-02-05,0.0,0.0,1,0.0,1.0,0.0,0.2,0.7,0.0,1.0,1.0,0.0,-100.0,0.0,100.0,-20.0,192.35384061671346,-5.0,184.88972531299888,-0.004545454545454519,0.0,0.004566210045662045,-0.0008798036548810062,0.00878261209369187,-0.00019352385240946622,0.008488444627655991,0
2018-02-06,100.0,0.004566210045662045,0,1.0,0.0,1.0,0.4,0.7,1.0,0.0,0.0,1.0,0.0,-100.0,0.0,40.0,114.0175425099138,-5.0,184.88972531299888,0.0,-0.004545454545454519,0.0,0.0018474690723917276,0.005229513601148762,-0.00019352385240946622,0.008488444627655991,0
2018-02-07,0.0,0.0,1,0.0,1.0,0.0,0.4,0.65,0.0,1.0,1.0,0.0,100.0,0.0,-100.0,20.0,83.66600265340756,0.0,186.37822325921974,0.004566210045662045,0.0,-0.004545454545454519,0.000917393109173914,0.0038129271827295626,3.4786649873636e-05,0.008555070067475223,0
2018-02-08,0.0,0.0,1,1.0,0.0,1.0,0.6,0.65,1.0,0.0,0.0,1.0,0.0,100.0,0.0,0.0,70.71067811865476,0.0,186.37822325921974,0.0,0.004566210045662045,0.0,4.1511000415050955e-06,0.0032214649248334276,3.4786649873636e-05,0.008555070067475223,0
2018-02-09,0.0,0.0,1,1.0,1.0,0.0,0.6,0.65,2.0,0.0,0.0,0.0,0.0,0.0,100.0,0.0,70.71067811865476,0.0,186.37822325921974,0.0,0.0,0.004566210045662045,4.1511000415050955e-06,0.0032214649248334276,3.4786649873636e-05,0.008555070067475223,0
2018-02-12,0.0,0.0,1,1.0,1.0,1.0,0.8,0.65,3.0,0.0,0.0,0.0,0.0,0.0,0.0,20.0,44.721359549995796,0.0,186.37822325921974,0.0,0.0,0.0,0.0009132420091324089,0.002042071212327804,3.4786649873636e-05,0.008555070067475223,0
2018-02-13,200.0,0.009090909090909038,0,1.0,1.0,1.0,0.8,0.65,4.0,0.0,0.0,0.0,0.0,0.0,0.0,20.0,44.721359549995796,0.0,186.37822325921974,0.0,0.0,0.0,0.0009132420091324089,0.002042071212327804,3.4786649873636e-05,0.008555070067475223,0
2018-02-14,-200.0,-0.009009009009009028,0,0.0,1.0,1.0,0.8,0.6,0.0,1.0,1.0,0.0,200.0,0.0,0.0,40.0,89.44271909999159,10.0,191.66857359844767,0.009090909090909038,0.0,0.0,0.0018181818181818078,0.0040655781409083104,0.0004893321044190879,0.00879136886976101,0
2018-02-19,0.0,0.0,1,0.0,0.0,1.0,0.6,0.55,0.0,2.0,0.0,0.0,-200.0,200.0,0.0,0.0,141.4213562373095,0.0,197.35087641318705,-0.009009009009009028,0.009090909090909038,0.0,1.6380016380002083e-05,0.006399326720423079,3.888165396863652e-05,0.009044905781454117,0
2018-02-20,0.0,0.0,1,1.0,0.0,0.0,0.6,0.55,1.0,0.0,0.0,1.0,0.0,-200.0,200.0,0.0,141.4213562373095,0.0,197.35087641318705,0.0,-0.009009009009009028,0.009090909090909038,1.6380016380002083e-05,0.006399326720423079,3.888165396863652e-05,0.009044905781454117,0
2018-02-21,0.0,0.0,1,1.0,1.0,0.0,0.6,0.55,2.0,0.0,0.0,0.0,0.0,0.0,-200.0,0.0,141.4213562373095,0.0,197.35087641318705,0.0,0.0,-0.009009009009009028,1.6380016380002083e-05,0.006399326720423079,3.888165396863652e-05,0.009044905781454117,0
2018-02-22,0.0,0.0,1,1.0,1.0,1.0,0.6,0.55,3.0,0.0,0.0,0.0,0.0,0.0,0.0,0.0,141.4213562373095,0.0,197.35087641318705,0.0,0.0,0.0,1.6380016380002083e-05,0.006399326720423079,3.888165396863652e-05,0.009044905781454117,0
2018-02-23,0.0,0.0,1,1.0,1.0,1.0,0.8,0.55,4.0,0.0,0.0,0.0,0.0,0.0,0.0,-40.0,89.44271909999159,0.0,197.35087641318705,0.0,0.0,0.0,-0.0018018018018018055,0.004028951310810062,3.888165396863652e-05,0.009044905781454117,0
2018-02-26,0.0,0.0,1,1.0,1.0,1.0,1.0,0.6,5.0,0.0,0.0,0.0,0.0,0.0,0.0,0.0,0.0,25.0,158.5294261245174,0.0,0.0,0.0,0.0,0.0,0.0011752452903322718,0.007291932714358019,0
2018-02-27,0.0,0.0,1,1.0,1.0,1.0,1.0,0.65,6.0,0.0,0.0,0.0,0.0,0.0,0.0,0.0,0.0,0.0,112.39029738980501,0.0,0.0,0.0,0.0,0.0,1.2454592657851204e-05,0.00511479493016866,0
2018-02-28,0.0,0.0,1,1.0,1.0,1.0,1.0,0.65,7.0,0.0,0.0,0.0,0.0,0.0,0.0,0.0,0.0,0.0,112.39029738980501,0.0,0.0,0.0,0.0,0.0,1.2454592657851204e-05,0.00511479493016866,0
2018-03-02,0.0,0.0,1,1.0,1.0,1.0,1.0,0.7,8.0,0.0,0.0,0.0,0.0,0.0,0.0,0.0,0.0,15.0,87.50939799154432,0.0,0.0,0.0,0.0,0.0,0.0006942727744760346,0.003983345669836855,0
2018-03-05,0.0,0.0,1,1.0,1.0,1.0,1.0,0.75,9.0,0.0,0.0,0.0,0.0,0.0,0.0,0.0,0.0,5.0,75.91546545162741,0.0,0.0,0.0,0.0,0.0,0.00023344328138847904,0.003441837495002402,0
2018-03-06,200.0,0.009090909090909038,0,1.0,1.0,1.0,1.0,0.8,10.0,0.0,0.0,0.0,0.0,0.0,0.0,0.0,0.0,0.0,72.54762501100387,0.0,0.0,0.0,0.0,0.0,5.132779105376794e-06,0.003287278315287751,0
2018-03-07,0.0,0.0,1,0.0,1.0,1.0,0.8,0.75,0.0,1.0,1.0,0.0,200.0,0.0,0.0,40.0,89.44271909999159,10.0,85.22416262268135,0.009090909090909038,0.0,0.0,0.0018181818181818078,0.0040655781409083104,0.0004596782336508287,0.003864391074513503,0
2018-03-08,0.0,0.0,1,1.0,0.0,1.0,0.8,0.8,1.0,0.0,0.0,1.0,0.0,200.0,0.0,40.0,89.44271909999159,15.0,81.27277008872734,0.0,0.009090909090909038,0.0,0.0018181818181818078,0.0040655781409083104,0.0006869509609235547,0.0036839891225737375,0
2018-03-09,0.0,0.0,1,1.0,1.0,0.0,0.8,0.8,2.0,0.0,0.0,0.0,0.0,0.0,200.0,40.0,89.44271909999159,15.0,81.27277008872734,0.0,0.0,0.009090909090909038,0.0018181818181818078,0.0040655781409083104,0.0006869509609235547,0.0036839891225737375,0
2018-03-12,300.0,0.013513513513513598,0,1.0,1.0,1.0,0.8,0.85,3.0,0.0,0.0,0.0,0.0,0.0,0.0,40.0,89.44271909999159,10.0,78.80689256524374,0.0,0.0,0.0,0.0018181818181818078,0.0040655781409083104,0.00045864045864045245,0.0035706735183385755,0
2018-03-13,-400.0,-0.01777777777777778,0,0.0,1.0,1.0,0.6,0.8,0.0,1.0,1.0,0.0,300.0,0.0,0.0,100.0,141.4213562373095,25.0,101.95458225163625,0.013513513513513598,0.0,0.0,0.0045208845208845275,0.006384898028222699,0.0011343161343161322,0.004607391573680837,0
2018-03-14,0.0,0.0,1,0.0,0.0,1.0,0.6,0.75,0.0,2.0,0.0,0.0,-400.0,300.0,0.0,-20.0,248.99799195977465,5.0,139.453821823043,-0.01777777777777778,0.013513513513513598,0.0,-0.0008528528528528367,0.01112460831055251,0.00024542724542724325,0.006257253639462493,0
2018-03-15,-100.0,-0.004524886877828038,0,1.0,0.0,0.0,0.6,0.75,1.0,0.0,0.0,1.0,0.0,-400.0,300.0,-20.0,248.99799195977465,5.0,139.453821823043,0.0,-0.01777777777777778,0.013513513513513598,-0.0008528528528528367,0.01112460831055251,0.00024542724542724325,0.006257253639462493,0
2018-03-16,200.0,0.009090909090909038,0,0.0,1.0,0.0,0.4,0.7,0.0,1.0,1.0,0.0,-100.0,0.0,-400.0,-40.0,250.99800796022265,0.0,141.42135623731087,-0.004524886877828038,0.0,-0.01777777777777778,-0.0017578302284184445,0.011221510547753631,1.9182901535841345e-05,0.006347743781938503,0
2018-03-19,-200.0,-0.009009009009009028,0,0.0,0.0,1.0,0.2,0.7,0.0,2.0,0.0,0.0,200.0,-100.0,0.0,0.0,273.8612787525831,0.0,141.42135623731087,0.009090909090909038,-0.004524886877828038,0.0,6.03515897633633e-05,0.012265454006887904,1.9182901535841345e-05,0.006347743781938503,0
2018-03-20,0.0,0.0,1,0.0,0.0,0.0,0.2,0.7,0.0,3.0,0.0,0.0,-200.0,200.0,-100.0,-100.0,223.60679774997897,0.0,141.4213562373109,-0.009009009009009028,0.009090909090909038,-0.004524886877828038,-0.004444152914741162,0.0100197103220196,1.9182901535841345e-05,0.006347743781938503,0
2018-03-21,0.0,0.0,1,1.0,0.0,0.0,0.4,0.7,1.0,0.0,0.0,1.0,0.0,-200.0,200.0,-20.0,148.32396974191326,0.0,141.4213562373109,0.0,-0.009009009009009028,0.009090909090909038,-0.0008885973591856056,0.006714414463431426,1.9182901535841345e-05,0.006347743781938503,0
2018-03-22,0.0,0.0,1,1.0,1.0,0.0,0.4,0.7,2.0,0.0,0.0,0.0,0.0,0.0,-200.0,-20.0,148.32396974191326,0.0,141.4213562373109,0.0,0.0,-0.009009009009009028,-0.0008885973591856056,0.006714414463431426,1.9182901535841345e-05,0.006347743781938503,0
2018-03-23,0.0,0.0,1,1.0,1.0,1.0,0.6,0.7,3.0,0.0,0.0,0.0,0.0,0.0,0.0,0.0,141.4213562373095,0.0,141.4213562373109,0.0,0.0,0.0,1.6380016380002083e-05,0.00639932672042308,1.9182901535841345e-05,0.006347743781938503,0
2018-03-26,200.0,0.009090909090909038,0,1.0,1.0,1.0,0.8,0.7,4.0,0.0,0.0,0.0,0.0,0.0,0.0,-40.0,89.44271909999159,0.0,141.4213562373109,0.0,0.0,0.0,-0.0018018018018018055,0.004028951310810064,1.9182901535841345e-05,0.006347743781938503,0
2018-03-27,-200.0,-0.009009009009009028,0,0.0,1.0,1.0,0.8,0.65,0.0,1.0,1.0,0.0,200.0,0.0,0.0,40.0,89.44271909999159,10.0,148.3239697419146,0.009090909090909038,0.0,0.0,0.0018181818181818078,0.004065578140908311,0.0004737283560812933,0.006663912190487101,0
2018-03-28,0.0,0.0,1,0.0,0.0,1.0,0.6,0.6,0.0,2.0,0.0,0.0,-200.0,200.0,0.0,0.0,141.4213562373095,0.0,155.5973210431011,-0.009009009009009028,0.009090909090909038,0.0,1.6380016380002083e-05,0.00639932672042308,2.3277905630841865e-05,0.0069939318253741025,0
2018-03-29,0.0,0.0,1,1.0,0.0,0.0,0.6,0.6,1.0,0.0,0.0,1.0,0.0,-200.0,200.0,0.0,141.4213562373095,0.0,155.5973210431011,0.0,-0.009009009009009028,0.009090909090909038,1.6380016380002083e-05,0.00639932672042308,2.3277905630841865e-05,0.0069939318253741025,0
2018-03-30,0.0,0.0,1,1.0,1.0,0.0,0.6,0.6,2.0,0.0,0.0,0.0,0.0,0.0,-200.0,0.0,141.4213562373095,0.0,155.5973210431011,0.0,0.0,-0.009009009009009028,1.6380016380002083e-05,0.00639932672042308,2.3277905630841865e-05,0.0069939318253741025,0
2018-04-02,0.0,0.0,1,1.0,1.0,1.0,0.6,0.6,3.0,0.0,0.0,0.0,0.0,0.0,0.0,0.0,141.4213562373095,0.0,155.5973210431011,0.0,0.0,0.0,1.6380016380002083e-05,0.00639932672042308,2.3277905630841865e-05,0.0069939318253741025,0
2018-04-03,100.0,0.00454545454545463,0,1.0,1.0,1.0,0.8,0.6,4.0,0.0,0.0,0.0,0.0,0.0,0.0,-40.0,89.44271909999159,0.0,155.5973210431011,0.0,0.0,0.0,-0.0018018018018018055,0.004028951310810065,2.3277905630841865e-05,0.0069939318253741025,0
2018-04-04,-100.0,-0.004524886877828038,0,0.0,1.0,1.0,0.8,0.6,0.0,1.0,1.0,0.0,100.0,0.0,0.0,20.0,44.721359549995796,-5.0,150.35046776746367,0.00454545454545463,0.0,0.0,0.000909090909090926,0.0020327890704536456,-0.00020399482164187854,0.006753485079181954,0
2018-04-05,-100.0,-0.004545454545454519,0,0.0,0.0,1.0,0.6,0.55,0.0,2.0,0.0,0.0,-100.0,100.0,0.0,0.0,70.71067811865476,-10.0,151.83093090325093,-0.004524886877828038,0.00454545454545463,0.0,4.113533525318402e-06,0.003206854910817298,-0.00043023916553328045,0.006821739312826278,0
2018-04-06,-100.0,-0.004566210045662156,0,0.0,0.0,0.0,0.4,0.5,0.0,3.0,0.0,0.0,-100.0,-100.0,100.0,-20.0,83.66600265340756,-15.0,153.12533566021338,-0.004545454545454519,-0.004524886877828038,0.00454545454545463,-0.0009049773755655854,0.003798091463330224,-0.0006575118928060064,0.006882102080275723,0
2018-04-09,0.0,0.0,1,0.0,0.0,0.0,0.2,0.45,0.0,4.0,0.0,0.0,-100.0,-100.0,-100.0,-40.0,89.44271909999159,-20.0,154.23836644690877,-0.004566210045662156,-0.004545454545454519,-0.004524886877828038,-0.0018182193846980165,0.004065635892248696,-0.0008858223950891142,0.0069346814804676455,0
2018-04-10,0.0,0.0,1,1.0,0.0,0.0,0.2,0.5,1.0,0.0,0.0,1.0,0.0,-100.0,-100.0,-40.0,89.44271909999159,-35.0,134.84884325168005,0.0,-0.004566210045662156,-0.004545454545454519,-0.0018182193846980165,0.004065635892248696,-0.0015614980707647941,0.006061176678397078,0
2018-04-11,0.0,0.0,1,1.0,1.0,0.0,0.4,0.55,2.0,0.0,0.0,0.0,0.0,0.0,-100.0,-60.0,54.772255750516614,-15.0,103.99898784932765,0.0,0.0,-0.004566210045662156,-0.0027273102937889425,0.0024897251489869195,-0.000672609181875905,0.004711059057161844,0
2018-04-12,100.0,0.004587155963302836,0,1.0,1.0,1.0,0.6,0.55,3.0,0.0,0.0,0.0,0.0,0.0,0.0,-40.0,54.772255750516614,-15.0,103.99898784932765,0.0,0.0,0.0,-0.001822332918223335,0.0024953429063800598,-0.000672609181875905,0.004711059057161844,0
2018-04-13,0.0,0.0,1,0.0,1.0,1.0,0.6,0.55,0.0,1.0,1.0,0.0,100.0,0.0,0.0,0.0,70.71067811865476,-5.0,105.00626547722796,0.004587155963302836,0.0,0.0,4.18918352813602e-06,0.003236208671673748,-0.00021700703981936131,0.004759262940834668,0
2018-04-16,0.0,0.0,1,1.0,0.0,1.0,0.8,0.6,1.0,0.0,0.0,1.0,0.0,100.0,0.0,20.0,44.721359549995796,-15.0,93.33020044867504,0.0,0.004587155963302836,0.0,0.0009174311926605672,0.0020514385114669947,-0.0006715524943648133,0.004227968586584376,0
2018-04-17,50.0,0.0022831050228311334,0,1.0,1.0,0.0,0.8,0.65,2.0,0.0,0.0,0.0,0.0,0.0,100.0,20.0,44.721359549995796,-5.0,82.55779474819202,0.0,0.0,0.004587155963302836,0.0009174311926605672,0.0020514385114669947,-0.00022110204391436182,0.0037453011857429643,0
2018-04-18,50.0,0.002277904328018332,0,0.0,1.0,1.0,0.6,0.6,0.0,1.0,1.0,0.0,50.0,0.0,0.0,30.0,44.721359549995796,-2.5,83.4691875074766,0.0022831050228311334,0.0,0.0,0.0013740521972267939,0.0020502726143985387,-0.00010694679277280517,0.003786957374426047,0
2018-04-19,0.0,0.0,1,0.0,0.0,1.0,0.4,0.55,0.0,2.0,0.0,0.0,50.0,50.0,0.0,40.0,41.83300132670378,0.0,84.2927230423548,0.002277904328018332,0.0022831050228311334,0.0,0.0018296330628304602,0.0019173960715982866,6.948423628111433e-06,0.0038244126608171424,0
2018-04-20,0.0,0.0,1,1.0,0.0,0.0,0.6,0.55,1.0,0.0,0.0,1.0,0.0,50.0,50.0,20.0,27.386127875258307,0.0,84.2927230423548,0.0,0.002277904328018332,0.0022831050228311334,0.000912201870169893,0.0012490852065773985,6.948423628111433e-06,0.0038244126608171424,0
2018-04-23,0.0,0.0,1,1.0,1.0,0.0,0.6,0.55,2.0,0.0,0.0,0.0,0.0,0.0,50.0,20.0,27.386127875258307,0.0,84.2927230423548,0.0,0.0,0.002277904328018332,0.000912201870169893,0.0012490852065773985,6.948423628111433e-06,0.0038244126608171424,0
2018-04-24,0.0,0.0,1,1.0,1.0,1.0,0.6,0.6,3.0,0.0,0.0,0.0,0.0,0.0,0.0,20.0,27.386127875258307,-10.0,69.96239591456009,0.0,0.0,0.0,0.000912201870169893,0.0012490852065773985,-0.0004475970309173405,0.003172629552537703,0
2018-04-25,100.0,0.00454545454545463,0,1.0,1.0,1.0,0.8,0.65,4.0,0.0,0.0,0.0,0.0,0.0,0.0,10.0,22.360679774997898,0.0,53.80275868490069,0.0,0.0,0.0,0.0004555808656036664,0.0010187097847365047,2.8534195331109123e-06,0.0024504612149373237,0
2018-04-26,-100.0,-0.004524886877828038,0,0.0,1.0,1.0,0.8,0.6,0.0,1.0,1.0,0.0,100.0,0.0,0.0,20.0,44.721359549995796,5.0,58.26437026267132,0.00454545454545463,0.0,0.0,0.000909090909090926,0.0020327890704536456,0.00023012614680584242,0.0026526312869767496,0
2018-04-27,0.0,0.0,1,0.0,0.0,1.0,0.6,0.55,0.0,2.0,0.0,0.0,-100.0,100.0,0.0,0.0,70.71067811865476,0.0,62.828086243757454,-0.004524886877828038,0.00454545454545463,0.0,4.113533525318402e-06,0.003206854910817298,3.881802914440513e-06,0.0028582849376067956,0
2018-04-30,100.0,0.00454545454545463,0,1.0,0.0,0.0,0.6,0.55,1.0,0.0,0.0,1.0,0.0,-100.0,100.0,0.0,70.71067811865476,0.0,62.828086243757454,0.0,-0.004524886877828038,0.00454545454545463,4.113533525318402e-06,0.003206854910817298,3.881802914440513e-06,0.0028582849376067956,0
2018-05-02,-100.0,-0.004524886877828038,0,0.0,1.0,0.0,0.4,0.5,0.0,1.0,1.0,0.0,100.0,0.0,-100.0,20.0,83.66600265340756,5.0,66.68859288553797,0.00454545454545463,0.0,-0.004524886877828038,0.0009132044426162445,0.003795629181593163,0.00023115453018717201,0.0030333139161354463,0
2018-05-03,0.0,0.0,1,0.0,0.0,1.0,0.2,0.5,0.0,2.0,0.0,0.0,-100.0,100.0,0.0,0.0,100.0,-5.0,66.68859288553796,-0.004524886877828038,0.00454545454545463,0.0,8.227067050636805e-06,0.004535173043575506,-0.0002223625409769614,0.0030323871397306334,0
2018-05-04,0.0,0.0,1,1.0,0.0,0.0,0.4,0.55,1.0,0.0,0.0,1.0,0.0,-100.0,100.0,-20.0,83.66600265340756,0.0,62.828086243757454,0.0,-0.004524886877828038,0.00454545454545463,-0.0009008638420402893,0.0037931708776953624,3.881802914440513e-06,0.0028582849376067956,0
2018-05-08,0.0,0.0,1,1.0,1.0,0.0,0.6,0.6,2.0,0.0,0.0,0.0,0.0,0.0,-100.0,0.0,70.71067811865476,5.0,58.26437026267132,0.0,0.0,-0.004524886877828038,4.113533525318402e-06,0.003206854910817298,0.00023115453018716648,0.0026506856998958126,0
2018-05-09,0.0,0.0,1,1.0,1.0,1.0,0.6,0.65,3.0,0.0,0.0,0.0,0.0,0.0,0.0,0.0,70.71067811865476,10.0,52.81546822864418,0.0,0.0,0.0,4.113533525318402e-06,0.003206854910817298,0.00045946503247027424,0.002400578556878668,0
2018-05-10,50.0,0.002272727272727204,0,1.0,1.0,1.0,0.8,0.65,4.0,0.0,0.0,0.0,0.0,0.0,0.0,-20.0,44.721359549995796,10.0,52.81546822864418,0.0,0.0,0.0,-0.0009049773755656076,0.002023590929863307,0.00045946503247027424,0.002400578556878668,0
2018-05-11,0.0,0.0,1,0.0,1.0,1.0,0.8,0.6,0.0,1.0,1.0,0.0,50.0,0.0,0.0,10.0,22.360679774997898,12.5,53.49618776383561,0.002272727272727204,0.0,0.0,0.00045454545454544083,0.0010163945352256543,0.0005731013961066345,0.002431279911143148,0
2018-05-14,0.0,0.0,1,1.0,0.0,1.0,0.8,0.6,1.0,0.0,0.0,1.0,0.0,50.0,0.0,10.0,22.360679774997898,12.5,53.49618776383561,0.0,0.002272727272727204,0.0,0.00045454545454544083,0.0010163945352256543,0.0005731013961066345,0.002431279911143148,0
2018-05-15,50.0,0.0022675736961450532,0,1.0,1.0,0.0,0.8,0.65,2.0,0.0,0.0,0.0,0.0,0.0,50.0,10.0,22.360679774997898,7.5,49.40434670840822,0.0,0.0,0.002272727272727204,0.00045454545454544083,0.0010163945352256543,0.0003437435979414927,0.002241651520765367,0
2018-05-16,50.0,0.002262443438914019,0,0.0,1.0,1.0,0.6,0.6,0.0,1.0,1.0,0.0,50.0,0.0,0.0,20.0,27.386127875258307,10.0,50.2624689950074,0.0022675736961450532,0.0,0.0,0.0009080601937744515,0.0012434139642579184,0.00045712228274874533,0.0022803612056068712,0
2018-05-17,50.0,0.0022573363431150906,0,0.0,0.0,1.0,0.4,0.55,0.0,2.0,0.0,0.0,50.0,50.0,0.0,30.0,27.386127875258307,12.5,50.97729112582104,0.002262443438914019,0.0022675736961450532,0.0,0.0013605488815572552,0.0012420108435905904,0.0005702444546944463,0.0023123830099852204,0
2018-05-18,100.0,0.0045045045045044585,0,0.0,0.0,0.0,0.4,0.55,0.0,3.0,0.0,0.0,50.0,50.0,50.0,30.0,27.386127875258307,12.5,50.97729112582104,0.0022573363431150906,0.002262443438914019,0.0022675736961450532,0.0013574706956348327,0.0012392008211074511,0.0005689560207086441,0.002311385356121352,0
2018-05-21,100.0,0.004484304932735439,0,0.0,0.0,0.0,0.2,0.55,0.0,4.0,0.0,0.0,100.0,50.0,50.0,50.0,35.35533905932738,15.0,54.04676337746179,0.0045045045045044585,0.0022573363431150906,0.002262443438914019,0.0022583715965357244,0.0015925967504813072,0.0006802860295329505,0.0024476378855768036,0
2018-05-23,200.0,0.008928571428571397,0,0.0,0.0,0.0,0.0,0.5,0.0,5.0,0.0,0.0,100.0,100.0,50.0,70.0,27.386127875258307,20.0,57.12405705775143,0.004484304932735439,0.0045045045045044585,0.0022573363431150906,0.003155232583082812,0.0012225175297096223,0.0009045012761697224,0.002583653210768398,0
2018-05-24,400.0,0.017699115044247815,0,0.0,0.0,0.0,0.0,0.45,0.0,6.0,0.0,0.0,200.0,100.0,100.0,100.0,61.237243569579455,30.0,69.58523739384881,0.008928571428571397,0.004484304932735439,0.0045045045045044585,0.004487432129568081,0.0027224952437414542,0.0013509298475982922,0.003132273633784074,0
2018-05-25,2300.0,0.10000000000000009,0,0.0,0.0,0.0,0.0,0.4,0.0,7.0,0.0,0.0,400.0,200.0,100.0,170.0,139.64240043768942,50.0,107.60551736979596,0.017699115044247815,0.008928571428571397,0.004484304932735439,0.00757476645063484,0.006156048775860567,0.002235885599810683,0.0047913674475117025,0
2018-05-28,700.0,0.027667984189723382,0,0.0,0.0,0.0,0.0,0.35,0.0,8.0,0.0,0.0,2300.0,400.0,200.0,620.0,947.100839404126,165.0,513.7836939905029,0.10000000000000009,0.017699115044247815,0.008928571428571397,0.02712329918201184,0.0410944364241708,0.007235885599810687,0.022347741812638062,0
2018-05-29,-300.0,-0.011538461538461497,0,0.0,0.0,0.0,0.0,0.35,0.0,9.0,0.0,0.0,700.0,2300.0,400.0,740.0,901.665126307988,195.0,527.1322614416918,0.027667984189723382,0.10000000000000009,0.017699115044247815,0.03175599511905562,0.03916755120935486,0.008392012082024124,0.02279486251333431,0
2018-05-30,-2550.0,-0.09922178988326846,0,0.0,0.0,0.0,0.0,0.35,0.0,10.0,0.0,0.0,-300.0,700.0,2300.0,660.0,986.4076236526155,185.0,534.863484796281,-0.011538461538461497,0.027667984189723382,0.10000000000000009,0.028551441824816236,0.042472659892931815,0.008041333348992452,0.02305648369999697,0
2018-05-31,50.0,0.002159827213822796,0,0.0,0.0,0.0,0.0,0.3,0.0,11.0,0.0,0.0,-2550.0,-300.0,700.0,110.0,1765.7859439920796,57.5,812.934094564414,-0.09922178988326846,-0.011538461538461497,0.027667984189723382,0.006921369562448265,0.07214109252306623,0.003080243854829029,0.03328417812500479,0
2018-06-01,-200.0,-0.008620689655172376,0,0.0,0.0,0.0,0.0,0.3,0.0,12.0,0.0,0.0,50.0,-2550.0,-300.0,40.0,1758.3372827759752,55.0,812.8733959816481,0.002159827213822796,-0.09922178988326846,-0.011538461538461497,0.0038135119963632613,0.07189500593973541,0.0029609624882474374,0.033282925541342746,0
2018-06-04,-200.0,-0.008695652173912993,0,0.0,0.0,0.0,0.0,0.3,0.0,13.0,0.0,0.0,-200.0,50.0,-2550.0,-460.0,1231.5640462436372,50.0,814.183478610384,-0.008620689655172376,0.002159827213822796,-0.09922178988326846,-0.017910625934671232,0.048006889006429534,0.0027561723493802204,0.033343955078166405,0
2018-06-05,-150.0,-0.006578947368421018,0,0.0,0.0,0.0,0.0,0.25,0.0,14.0,0.0,0.0,-200.0,-200.0,50.0,-640.0,1075.5231285286245,40.0,816.0559836316704,-0.008695652173912993,-0.008620689655172376,0.002159827213822796,-0.025183353207398507,0.041718367654203344,0.0023213897406845706,0.03343834431921496,0
2018-06-07,-450.0,-0.019867549668874163,0,0.0,0.0,0.0,0.0,0.2,0.0,15.0,0.0,0.0,-150.0,-200.0,-200.0,-610.0,1089.3805579318919,32.5,817.1315361485086,-0.006578947368421018,-0.008695652173912993,-0.008620689655172376,-0.024191450373390412,0.04218029839489316,0.00199244237226352,0.03349469523458813,0
2018-06-08,-500.0,-0.022522522522522515,0,0.0,0.0,0.0,0.0,0.15,0.0,16.0,0.0,0.0,-450.0,-150.0,-200.0,-190.0,178.18529681205462,10.0,824.2380851748067,-0.019867549668874163,-0.006578947368421018,-0.008695652173912993,-0.00832060233051155,0.007849131688650266,0.0009990648888198116,0.03384962956902221,0
2018-06-11,-200.0,-0.009216589861751112,0,0.0,0.0,0.0,0.0,0.1,0.0,17.0,0.0,0.0,-500.0,-450.0,-150.0,-300.0,162.0185174601965,-15.0,832.1025999491322,-0.022522522522522515,-0.019867549668874163,-0.006578947368421018,-0.013257072277780613,0.007356067717675908,-0.000127061237306314,0.034256812430368,0
2018-06-12,0.0,0.0,1,0.0,0.0,0.0,0.0,0.1,0.0,18.0,0.0,0.0,-200.0,-500.0,-450.0,-300.0,162.0185174601965,-27.5,832.9521057817888,-0.009216589861751112,-0.022522522522522515,-0.019867549668874163,-0.01337625231909636,0.007266453123565761,-0.0007015270940302299,0.034310743357553235,0
2018-06-14,0.0,0.0,1,1.0,0.0,0.0,0.2,0.1,1.0,0.0,0.0,1.0,0.0,-200.0,-500.0,-260.0,210.3568396796263,-27.5,832.9521057817888,0.0,-0.009216589861751112,-0.022522522522522515,-0.011637121884313761,0.009395458996598025,-0.0007015270940302299,0.034310743357553235,0
2018-06-15,0.0,0.0,1,1.0,1.0,0.0,0.4,0.1,2.0,0.0,0.0,0.0,0.0,0.0,-200.0,-230.0,238.74672772626644,-27.5,832.9521057817888,0.0,0.0,-0.009216589861751112,-0.010321332410629557,0.010656917538022847,-0.0007015270940302299,0.034310743357553235,0
2018-06-18,200.0,0.009302325581395321,0,1.0,1.0,1.0,0.6,0.15,3.0,0.0,0.0,0.0,0.0,0.0,0.0,-140.0,219.08902300206645,-30.0,832.7822739404784,0.0,0.0,0.0,-0.006347822476854725,0.009883512767090256,-0.0008149057788374825,0.03430416160993317,0
2018-06-19,0.0,0.0,1,0.0,1.0,1.0,0.6,0.15,0.0,1.0,1.0,0.0,200.0,0.0,0.0,0.0,141.4213562373095,-22.5,834.2148845976143,0.009302325581395321,0.0,0.0,1.7147143928841756e-05,0.006547467445113377,-0.0004629116717134174,0.03437344818821286,0
2018-06-20,-150.0,-0.00691244239631339,0,1.0,0.0,1.0,0.8,0.2,1.0,0.0,0.0,1.0,0.0,200.0,0.0,40.0,89.44271909999159,-25.0,834.0610857346376,0.0,0.009302325581395321,0.0,0.0018604651162790642,0.00416012646976666,-0.0005757784888691719,0.03436775158119865,0
2018-06-21,50.0,0.002320185614849146,0,0.0,1.0,0.0,0.6,0.2,0.0,1.0,1.0,0.0,-150.0,0.0,200.0,10.0,124.49899597988733,-37.5,833.9624818015687,-0.00691244239631339,0.0,0.009302325581395321,0.0004779766370163863,0.005770026273271044,-0.0011466258339100643,0.03437374405479689,0
2018-06-22,0.0,0.0,1,0.0,0.0,1.0,0.4,0.2,0.0,2.0,0.0,0.0,50.0,-150.0,0.0,20.0,125.49900398011133,-40.0,833.6034649892631,0.002320185614849146,-0.00691244239631339,0.0,0.0009420137599862155,0.005815097436242063,-0.001254831799804379,0.034358488230521185,0
2018-06-25,350.0,0.01620370370370372,0,1.0,0.0,0.0,0.4,0.25,1.0,0.0,0.0,1.0,0.0,50.0,-150.0,20.0,125.49900398011133,-50.0,831.7704642887714,0.0,0.002320185614849146,-0.00691244239631339,0.0009420137599862155,0.005815097436242063,-0.001701260371232949,0.034277117953217355,0
2018-06-26,1050.0,0.04783599088838275,0,0.0,1.0,0.0,0.4,0.25,0.0,1.0,1.0,0.0,350.0,0.0,50.0,50.0,183.71173070873834,-52.5,830.4207874388302,0.01620370370370372,0.0,0.002320185614849146,0.0023222893844478953,0.008496469781054892,-0.0017760309382601537,0.03423417563588671,0
2018-06-27,900.0,0.03913043478260869,0,0.0,0.0,1.0,0.2,0.25,0.0,2.0,0.0,0.0,1050.0,350.0,0.0,260.0,477.4934554525329,-115.0,676.8930569346359,0.04783599088838275,0.01620370370370372,0.0,0.011889487562124445,0.021778473240283574,-0.00438423139384102,0.02737126315928113,0
2018-06-28,2350.0,0.09832635983263605,0,0.0,0.0,0.0,0.2,0.25,0.0,3.0,0.0,0.0,900.0,1050.0,350.0,470.0,482.95962564173004,-105.0,690.8994899861761,0.03913043478260869,0.04783599088838275,0.01620370370370372,0.02109806299790886,0.021574144909100895,-0.003811108864196755,0.028185613306409615,0
2018-06-29,1750.0,0.06666666666666665,0,0.0,0.0,0.0,0.2,0.25,0.0,4.0,0.0,0.0,2350.0,900.0,1050.0,930.0,899.0272520897239,27.5,879.8138260001675,0.09832635983263605,0.03913043478260869,0.04783599088838275,0.04029929784146624,0.03751645961983831,0.0016821322043581222,0.03617427388818389,0
2018-07-02,0.0,0.0,1,0.0,0.0,0.0,0.0,0.25,0.0,5.0,0.0,0.0,1750.0,2350.0,900.0,1280.0,779.1020472312982,242.5,729.3246695979857,0.06666666666666665,0.09832635983263605,0.03913043478260869,0.05363263117479957,0.03087172983891529,0.009976555031854878,0.0303734847672324,0
2018-07-03,0.0,0.0,1,1.0,0.0,0.0,0.2,0.3,1.0,0.0,0.0,1.0,0.0,1750.0,2350.0,1210.0,891.2070466507769,240.0,730.104534692771,0.0,0.06666666666666665,0.09832635983263605,0.050391890434058825,0.03617760814834203,0.009868563671163738,0.03040656104323489,0
2018-07-04,0.0,0.0,1,1.0,1.0,0.0,0.4,0.35,2.0,0.0,0.0,0.0,0.0,0.0,1750.0,1000.0,1048.2127646618314,250.0,725.1134212550551,0.0,0.0,0.06666666666666665,0.04082469225638228,0.042750529001159304,0.010299598153922358,0.030191006312357386,0
2018-07-05,0.0,0.0,1,1.0,1.0,1.0,0.6,0.4,3.0,0.0,0.0,0.0,0.0,0.0,0.0,820.0,1142.6941848106167,260.0,719.9415180927439,0.0,0.0,0.0,0.03299860529986054,0.0465509874323347,0.010734380762618007,0.029964823104224568,0
2018-07-06,0.0,0.0,1,1.0,1.0,1.0,0.8,0.45,4.0,0.0,0.0,0.0,0.0,0.0,0.0,350.0,782.6237921249264,267.5,716.2172193288559,0.0,0.0,0.0,0.01333333333333333,0.02981423969999714,0.011063328131039057,0.029800417978031214,0
2018-07-09,0.0,0.0,1,1.0,1.0,1.0,1.0,0.5,5.0,0.0,0.0,0.0,0.0,0.0,0.0,0.0,0.0,290.0,699.3606102418803,0.0,0.0,0.0,0.0,0.0,0.012056705614482766,0.02903643389461589,0
2018-07-10,0.0,0.0,1,1.0,1.0,1.0,1.0,0.55,6.0,0.0,0.0,0.0,0.0,0.0,0.0,0.0,0.0,315.0,678.2523982924603,0.0,0.0,0.0,0.0,0.0,0.013182831740608891,0.02804456350702906,0
2018-07-11,0.0,0.0,1,1.0,1.0,1.0,1.0,0.6,7.0,0.0,0.0,0.0,0.0,0.0,0.0,0.0,0.0,325.0,671.7024717286041,0.0,0.0,0.0,0.0,0.0,0.013643661233696447,0.027731095022548703,0
2018-07-12,0.0,0.0,1,1.0,1.0,1.0,1.0,0.6,8.0,0.0,0.0,0.0,0.0,0.0,0.0,0.0,0.0,325.0,671.7024717286041,0.0,0.0,0.0,0.0,0.0,0.013643661233696447,0.027731095022548703,0
2018-07-13,0.0,0.0,1,1.0,1.0,1.0,1.0,0.6,9.0,0.0,0.0,0.0,0.0,0.0,0.0,0.0,0.0,325.0,671.7024717286041,0.0,0.0,0.0,0.0,0.0,0.013643661233696447,0.027731095022548703,0
2018-07-16,0.0,0.0,1,1.0,1.0,1.0,1.0,0.6,10.0,0.0,0.0,0.0,0.0,0.0,0.0,0.0,0.0,325.0,671.7024717286041,0.0,0.0,0.0,0.0,0.0,0.013643661233696447,0.027731095022548703,0
2018-07-17,-2800.0,-0.09999999999999998,0,1.0,1.0,1.0,1.0,0.65,11.0,0.0,0.0,0.0,0.0,0.0,0.0,0.0,0.0,315.0,675.1413107444134,0.0,0.0,0.0,0.0,0.0,0.01317854495462668,0.027885324026689338,0
2018-07-18,-2500.0,-0.09920634920634919,0,0.0,1.0,1.0,0.8,0.6,0.0,1.0,1.0,0.0,-2800.0,0.0,0.0,-560.0,1252.1980673998821,175.0,969.8751954436418,-0.09999999999999998,0.0,0.0,-0.019999999999999997,0.04472135954999575,0.008178544954626683,0.03763393178916645,0
2018-07-19,0.0,0.0,1,0.0,0.0,1.0,0.6,0.6,0.0,2.0,0.0,0.0,-2500.0,-2800.0,0.0,-1060.0,1455.3350129781115,57.5,1138.937062167593,-0.09920634920634919,-0.09999999999999998,0.0,-0.03984126984126983,0.054555627138792244,0.003563849614124892,0.044596325638912054,0
2018-07-20,0.0,0.0,1,1.0,0.0,0.0,0.6,0.65,1.0,0.0,0.0,1.0,0.0,-2500.0,-2800.0,-1060.0,1455.3350129781115,55.0,1139.0092647837234,0.0,-0.09920634920634919,-0.09999999999999998,-0.03984126984126983,0.054555627138792244,0.0034478403333824347,0.044602748387238274,0
2018-07-23,0.0,0.0,1,1.0,1.0,0.0,0.6,0.65,2.0,0.0,0.0,0.0,0.0,0.0,-2500.0,-1060.0,1455.3350129781115,55.0,1139.0092647837234,0.0,0.0,-0.09920634920634919,-0.03984126984126983,0.054555627138792244,0.0034478403333824347,0.044602748387238274,0
2018-07-24,0.0,0.0,1,1.0,1.0,1.0,0.6,0.7,3.0,0.0,0.0,0.0,0.0,0.0,0.0,-1060.0,1455.3350129781115,37.5,1136.9251005279666,0.0,0.0,0.0,-0.03984126984126983,0.054555627138792244,0.0026376551481972488,0.044505910702764655,0
2018-07-25,0.0,0.0,1,1.0,1.0,1.0,0.8,0.75,4.0,0.0,0.0,0.0,0.0,0.0,0.0,-500.0,1118.033988749895,-15.0,1111.6725189882516,0.0,0.0,0.0,-0.019841269841269837,0.04436642812499579,0.00024585560377811123,0.043215737406370705,0
2018-07-26,0.0,0.0,1,1.0,1.0,1.0,1.0,0.8,5.0,0.0,0.0,0.0,0.0,0.0,0.0,0.0,0.0,-60.0,1090.7023328788514,0.0,0.0,0.0,0.0,0.0,-0.0017106661353523233,0.04223735540010496,0
2018-07-27,0.0,0.0,1,1.0,1.0,1.0,1.0,0.85,6.0,0.0,0.0,0.0,0.0,0.0,0.0,0.0,0.0,-177.5,932.5227526503184,0.0,0.0,0.0,0.0,0.0,-0.006626984126984125,0.03509986189424813,0
2018-07-30,0.0,0.0,1,1.0,1.0,1.0,1.0,0.9,7.0,0.0,0.0,0.0,0.0,0.0,0.0,0.0,0.0,-265.0,817.1033562144036,0.0,0.0,0.0,0.0,0.0,-0.009960317460317458,0.03065748062283108,0
2018-07-31,-200.0,-0.008810572687224627,0,1.0,1.0,1.0,1.0,0.9,8.0,0.0,0.0,0.0,0.0,0.0,0.0,0.0,0.0,-265.0,817.1033562144036,0.0,0.0,0.0,0.0,0.0,-0.009960317460317458,0.03065748062283108,0
2018-08-01,-500.0,-0.022222222222222254,0,0.0,1.0,1.0,0.8,0.85,0.0,1.0,1.0,0.0,-200.0,0.0,0.0,-40.0,89.44271909999159,-275.0,814.9103922324352,-0.008810572687224627,0.0,0.0,-0.0017621145374449253,0.00394020788986707,-0.01040084609467869,0.030570000709523523,0
2018-08-02,-300.0,-0.013636363636363669,0,0.0,0.0,1.0,0.6,0.8,0.0,2.0,0.0,0.0,-500.0,-200.0,0.0,-140.0,219.08902300206645,-300.0,813.6985087597833,-0.022222222222222254,-0.008810572687224627,0.0,-0.006206558981889376,0.009731989513870313,-0.011511957205789802,0.030575919231578375,0
2018-08-03,0.0,0.0,1,0.0,0.0,0.0,0.4,0.75,0.0,3.0,0.0,0.0,-300.0,-500.0,-200.0,-200.0,212.13203435596427,-315.0,810.6365270251328,-0.013636363636363669,-0.022222222222222254,-0.008810572687224627,-0.00893383170916211,0.009464895928583617,-0.012193775387607986,0.030457511668394412,0
2018-08-06,0.0,0.0,1,1.0,0.0,0.0,0.4,0.75,1.0,0.0,0.0,1.0,0.0,-300.0,-500.0,-200.0,212.13203435596427,-315.0,810.6365270251328,0.0,-0.013636363636363669,-0.022222222222222254,-0.00893383170916211,0.009464895928583617,-0.012193775387607986,0.030457511668394412,0
2018-08-07,-100.0,-0.004608294930875556,0,1.0,1.0,0.0,0.4,0.75,2.0,0.0,0.0,0.0,0.0,0.0,-300.0,-200.0,212.13203435596427,-315.0,810.6365270251328,0.0,0.0,-0.013636363636363669,-0.00893383170916211,0.009464895928583617,-0.012193775387607986,0.030457511668394412,0
2018-08-08,0.0,0.0,1,0.0,1.0,1.0,0.4,0.7,0.0,1.0,1.0,0.0,-100.0,0.0,0.0,-180.0,216.79483388678798,-320.0,808.8978856899581,-0.004608294930875556,0.0,0.0,-0.008093376157892296,0.009663077508242319,-0.012424190134151764,0.03037773583956097,0
2018-08-09,0.0,0.0,1,1.0,0.0,1.0,0.6,0.7,1.0,0.0,0.0,1.0,0.0,-100.0,0.0,-80.0,130.38404810405297,-320.0,808.8978856899581,0.0,-0.004608294930875556,0.0,-0.003648931713447845,0.005929023573617238,-0.012424190134151764,0.03037773583956097,0
2018-08-10,0.0,0.0,1,1.0,1.0,0.0,0.8,0.7,2.0,0.0,0.0,0.0,0.0,0.0,-100.0,-20.0,44.721359549995796,-320.0,808.8978856899581,0.0,0.0,-0.004608294930875556,-0.0009216589861751112,0.002060892145160359,-0.012424190134151764,0.03037773583956097,0
2018-08-13,0.0,0.0,1,1.0,1.0,1.0,0.8,0.7,3.0,0.0,0.0,0.0,0.0,0.0,0.0,-20.0,44.721359549995796,-320.0,808.8978856899581,0.0,0.0,0.0,-0.0009216589861751112,0.002060892145160359,-0.012424190134151764,0.03037773583956097,1
2018-08-14,0.0,0.0,1,1.0,1.0,1.0,0.8,0.7,4.0,0.0,0.0,0.0,0.0,0.0,0.0,-20.0,44.721359549995796,-320.0,808.8978856899581,0.0,0.0,0.0,-0.0009216589861751112,0.002060892145160359,-0.012424190134151764,0.03037773583956097,0
2018-08-16,0.0,0.0,1,1.0,1.0,1.0,1.0,0.75,5.0,0.0,0.0,0.0,0.0,0.0,0.0,0.0,0.0,-180.0,561.5767276629543,0.0,0.0,0.0,0.0,0.0,-0.007424190134151765,0.02238205094649111,0
2018-08-17,0.0,0.0,1,1.0,1.0,1.0,1.0,0.8,6.0,0.0,0.0,0.0,0.0,0.0,0.0,0.0,0.0,-55.0,131.68942730211222,0.0,0.0,0.0,0.0,0.0,-0.0024638726738343054,0.005881401443741408,0
2018-08-20,0.0,0.0,1,1.0,1.0,1.0,1.0,0.8,7.0,0.0,0.0,0.0,0.0,0.0,0.0,0.0,0.0,-55.0,131.68942730211222,0.0,0.0,0.0,0.0,0.0,-0.0024638726738343054,0.005881401443741408,0
2018-08-21,0.0,0.0,1,1.0,1.0,1.0,1.0,0.8,8.0,0.0,0.0,0.0,0.0,0.0,0.0,0.0,0.0,-55.0,131.68942730211222,0.0,0.0,0.0,0.0,0.0,-0.0024638726738343054,0.005881401443741408,0
2018-08-22,0.0,0.0,1,1.0,1.0,1.0,1.0,0.8,9.0,0.0,0.0,0.0,0.0,0.0,0.0,0.0,0.0,-55.0,131.68942730211222,0.0,0.0,0.0,0.0,0.0,-0.0024638726738343054,0.005881401443741408,0
2018-08-23,0.0,0.0,1,1.0,1.0,1.0,1.0,0.8,10.0,0.0,0.0,0.0,0.0,0.0,0.0,0.0,0.0,-55.0,131.68942730211222,0.0,0.0,0.0,0.0,0.0,-0.0024638726738343054,0.005881401443741408,0
2018-08-24,0.0,0.0,1,1.0,1.0,1.0,1.0,0.8,11.0,0.0,0.0,0.0,0.0,0.0,0.0,0.0,0.0,-55.0,131.68942730211222,0.0,0.0,0.0,0.0,0.0,-0.0024638726738343054,0.005881401443741408,0
2018-08-27,0.0,0.0,1,1.0,1.0,1.0,1.0,0.8,12.0,0.0,0.0,0.0,0.0,0.0,0.0,0.0,0.0,-55.0,131.68942730211222,0.0,0.0,0.0,0.0,0.0,-0.0024638726738343054,0.005881401443741408,0
2018-08-28,0.0,0.0,1,1.0,1.0,1.0,1.0,0.8,13.0,0.0,0.0,0.0,0.0,0.0,0.0,0.0,0.0,-55.0,131.68942730211222,0.0,0.0,0.0,0.0,0.0,-0.0024638726738343054,0.005881401443741408,0
2018-08-29,0.0,0.0,1,1.0,1.0,1.0,1.0,0.8,14.0,0.0,0.0,0.0,0.0,0.0,0.0,0.0,0.0,-55.0,131.68942730211222,0.0,0.0,0.0,0.0,0.0,-0.0024638726738343054,0.005881401443741408,0
2018-08-30,0.0,0.0,1,1.0,1.0,1.0,1.0,0.85,15.0,0.0,0.0,0.0,0.0,0.0,0.0,0.0,0.0,-45.0,127.63022245616801,0.0,0.0,0.0,0.0,0.0,-0.002023344039473074,0.005708421912289733,0
2018-08-31,0.0,0.0,1,1.0,1.0,1.0,1.0,0.9,16.0,0.0,0.0,0.0,0.0,0.0,0.0,0.0,0.0,-20.0,69.58523739384889,0.0,0.0,0.0,0.0,0.0,-0.0009122329283619612,0.0031667966305111684,0
2018-09-03,0.0,0.0,1,1.0,1.0,1.0,1.0,0.95,17.0,0.0,0.0,0.0,0.0,0.0,0.0,0.0,0.0,-5.0,22.3606797750071,0.0,0.0,0.0,0.0,0.0,-0.0002304147465437778,0.0010304460725806186,0
2018-09-04,0.0,0.0,1,1.0,1.0,1.0,1.0,0.95,18.0,0.0,0.0,0.0,0.0,0.0,0.0,0.0,0.0,-5.0,22.3606797750071,0.0,0.0,0.0,0.0,0.0,-0.0002304147465437778,0.0010304460725806186,0
2018-09-05,400.0,0.0185185185185186,0,1.0,1.0,1.0,1.0,0.95,19.0,0.0,0.0,0.0,0.0,0.0,0.0,0.0,0.0,-5.0,22.3606797750071,0.0,0.0,0.0,0.0,0.0,-0.0002304147465437778,0.0010304460725806186,0
2018-09-06,0.0,0.0,1,0.0,1.0,1.0,0.8,0.95,0.0,1.0,1.0,0.0,400.0,0.0,0.0,80.0,178.88543819998318,20.0,89.44271909999391,0.0185185185185186,0.0,0.0,0.0037037037037037203,0.008281733249999073,0.0009259259259259301,0.0041408666249996475,0
2018-09-07,0.0,0.0,1,1.0,0.0,1.0,0.8,0.95,1.0,0.0,0.0,1.0,0.0,400.0,0.0,80.0,178.88543819998318,20.0,89.44271909999391,0.0,0.0185185185185186,0.0,0.0037037037037037203,0.008281733249999073,0.0009259259259259301,0.0041408666249996475,0
2018-09-10,0.0,0.0,1,1.0,1.0,0.0,0.8,0.95,2.0,0.0,0.0,0.0,0.0,0.0,400.0,80.0,178.88543819998318,20.0,89.44271909999391,0.0,0.0,0.0185185185185186,0.0037037037037037203,0.008281733249999073,0.0009259259259259301,0.0041408666249996475,0
2018-09-11,50.0,0.002272727272727204,0,1.0,1.0,1.0,0.8,0.95,3.0,0.0,0.0,0.0,0.0,0.0,0.0,80.0,178.88543819998318,20.0,89.44271909999391,0.0,0.0,0.0,0.0037037037037037203,0.008281733249999073,0.0009259259259259301,0.0041408666249996475,0
2018-09-12,0.0,0.0,1,0.0,1.0,1.0,0.6,0.9,0.0,1.0,1.0,0.0,50.0,0.0,0.0,90.0,174.64249196572982,22.5,89.55298343497931,0.002272727272727204,0.0,0.0,0.004158249158249161,0.008087732022429139,0.0010395622895622903,0.004145301857457158,0
2018-09-13,0.0,0.0,1,1.0,0.0,1.0,0.8,0.9,1.0,0.0,0.0,1.0,0.0,50.0,0.0,10.0,22.360679774997898,22.5,89.55298343497931,0.0,0.002272727272727204,0.0,0.00045454545454544083,0.0010163945352256668,0.0010395622895622903,0.004145301857457158,0
2018-09-14,0.0,0.0,1,1.0,1.0,0.0,0.8,0.9,2.0,0.0,0.0,0.0,0.0,0.0,50.0,10.0,22.360679774997898,22.5,89.55298343497931,0.0,0.0,0.002272727272727204,0.00045454545454544083,0.0010163945352256668,0.0010395622895622903,0.004145301857457158,0
2018-09-17,0.0,0.0,1,1.0,1.0,1.0,0.8,0.9,3.0,0.0,0.0,0.0,0.0,0.0,0.0,10.0,22.360679774997898,22.5,89.55298343497931,0.0,0.0,0.0,0.00045454545454544083,0.0010163945352256668,0.0010395622895622903,0.004145301857457158,0
2018-09-18,-50.0,-0.0022675736961451642,0,1.0,1.0,1.0,0.8,0.9,4.0,0.0,0.0,0.0,0.0,0.0,0.0,10.0,22.360679774997898,22.5,89.55298343497931,0.0,0.0,0.0,0.00045454545454544083,0.0010163945352256668,0.0010395622895622903,0.004145301857457158,0
2018-09-19,0.0,0.0,1,0.0,1.0,1.0,0.8,0.85,0.0,1.0,1.0,0.0,-50.0,0.0,0.0,-10.0,22.360679774997898,20.0,90.90191359227406,-0.0022675736961451642,0.0,0.0,-0.0004535147392290328,0.0010140897857127313,0.000926183604755032,0.004205800421035255,0
2018-09-20,0.0,0.0,1,1.0,0.0,1.0,0.8,0.85,1.0,0.0,0.0,1.0,0.0,-50.0,0.0,-10.0,22.360679774997898,20.0,90.90191359227406,0.0,-0.0022675736961451642,0.0,-0.0004535147392290328,0.0010140897857127313,0.000926183604755032,0.004205800421035255,0
2018-09-21,0.0,0.0,1,1.0,1.0,0.0,0.8,0.85,2.0,0.0,0.0,0.0,0.0,0.0,-50.0,-10.0,22.360679774997898,20.0,90.90191359227406,0.0,0.0,-0.0022675736961451642,-0.0004535147392290328,0.0010140897857127313,0.000926183604755032,0.004205800421035255,0
2018-09-27,0.0,0.0,1,1.0,1.0,1.0,0.8,0.85,3.0,0.0,0.0,0.0,0.0,0.0,0.0,-10.0,22.360679774997898,20.0,90.90191359227406,0.0,0.0,0.0,-0.0004535147392290328,0.0010140897857127313,0.000926183604755032,0.004205800421035255,0
2018-09-28,200.0,0.009090909090909038,0,1.0,1.0,1.0,0.8,0.85,4.0,0.0,0.0,0.0,0.0,0.0,0.0,-10.0,22.360679774997898,20.0,90.90191359227406,0.0,0.0,0.0,-0.0004535147392290328,0.0010140897857127313,0.000926183604755032,0.004205800421035255,0
2018-10-01,0.0,0.0,1,0.0,1.0,1.0,0.8,0.8,0.0,1.0,1.0,0.0,200.0,0.0,0.0,40.0,89.44271909999159,30.0,99.20738512408396,0.009090909090909038,0.0,0.0,0.0018181818181818078,0.004065578140908313,0.001380729059300484,0.004575444075310604,0
2018-10-02,0.0,0.0,1,1.0,0.0,1.0,0.8,0.8,1.0,0.0,0.0,1.0,0.0,200.0,0.0,40.0,89.44271909999159,30.0,99.20738512408396,0.0,0.009090909090909038,0.0,0.0018181818181818078,0.004065578140908313,0.001380729059300484,0.004575444075310604,0
2018-10-04,0.0,0.0,1,1.0,1.0,0.0,0.8,0.8,2.0,0.0,0.0,0.0,0.0,0.0,200.0,40.0,89.44271909999159,30.0,99.20738512408396,0.0,0.0,0.009090909090909038,0.0018181818181818078,0.004065578140908313,0.001380729059300484,0.004575444075310604,0
2018-10-05,200.0,0.009009009009008917,0,1.0,1.0,1.0,0.8,0.8,3.0,0.0,0.0,0.0,0.0,0.0,0.0,40.0,89.44271909999159,30.0,99.20738512408396,0.0,0.0,0.0,0.0018181818181818078,0.004065578140908313,0.001380729059300484,0.004575444075310604,0
2018-10-08,0.0,0.0,1,0.0,1.0,1.0,0.6,0.75,0.0,1.0,1.0,0.0,200.0,0.0,0.0,80.0,109.54451150103323,40.0,105.87977293038502,0.009009009009008917,0.0,0.0,0.003619983619983591,0.004956951290329992,0.0018311795097509299,0.004866562665293322,0
2018-10-10,0.0,0.0,1,1.0,0.0,1.0,0.8,0.75,1.0,0.0,0.0,1.0,0.0,200.0,0.0,40.0,89.44271909999159,40.0,105.87977293038502,0.0,0.009009009009008917,0.0,0.0018018018018017834,0.004028951310810015,0.0018311795097509299,0.004866562665293322,0
2018-10-11,0.0,0.0,1,1.0,1.0,0.0,0.8,0.8,2.0,0.0,0.0,0.0,0.0,0.0,200.0,40.0,89.44271909999159,20.0,63.66028258614459,0.0,0.0,0.009009009009008917,0.0018018018018017834,0.004028951310810015,0.0009052535838249998,0.002881194654695447,0
2018-10-12,0.0,0.0,1,1.0,1.0,1.0,0.8,0.8,3.0,0.0,0.0,0.0,0.0,0.0,0.0,40.0,89.44271909999159,20.0,63.66028258614459,0.0,0.0,0.0,0.0018018018018017834,0.004028951310810015,0.0009052535838249998,0.002881194654695447,0
2018-10-15,0.0,0.0,1,1.0,1.0,1.0,0.8,0.8,4.0,0.0,0.0,0.0,0.0,0.0,0.0,40.0,89.44271909999159,20.0,63.66028258614459,0.0,0.0,0.0,0.0018018018018017834,0.004028951310810015,0.0009052535838249998,0.002881194654695447,0
2018-10-16,200.0,0.008928571428571397,0,1.0,1.0,1.0,1.0,0.8,5.0,0.0,0.0,0.0,0.0,0.0,0.0,0.0,0.0,20.0,63.66028258614459,0.0,0.0,0.0,0.0,0.0,0.0009052535838249998,0.002881194654695447,0
2018-10-17,0.0,0.0,1,0.0,1.0,1.0,0.8,0.8,0.0,1.0,1.0,0.0,200.0,0.0,0.0,40.0,89.44271909999159,27.5,75.17523388373395,0.008928571428571397,0.0,0.0,0.0017857142857142794,0.0039929785312492316,0.0012380457916172094,0.0033873837288518,0
2018-10-18,0.0,0.0,1,1.0,0.0,1.0,0.8,0.8,1.0,0.0,0.0,1.0,0.0,200.0,0.0,40.0,89.44271909999159,27.5,75.17523388373395,0.0,0.008928571428571397,0.0,0.0017857142857142794,0.0039929785312492316,0.0012380457916172094,0.0033873837288518,0
2018-10-19,200.0,0.008849557522123908,0,1.0,1.0,0.0,0.8,0.8,2.0,0.0,0.0,0.0,0.0,0.0,200.0,40.0,89.44271909999159,27.5,75.17523388373395,0.0,0.0,0.008928571428571397,0.0017857142857142794,0.0039929785312492316,0.0012380457916172094,0.0033873837288518,0
2018-10-22,0.0,0.0,1,0.0,1.0,1.0,0.6,0.75,0.0,1.0,1.0,0.0,200.0,0.0,0.0,80.0,109.54451150103323,37.5,84.09737463829087,0.008849557522123908,0.0,0.0,0.0035556257901390607,0.004868821271492696,0.0016805236677234047,0.003773171373261069,0
2018-10-23,100.0,0.004385964912280604,0,1.0,0.0,1.0,0.6,0.75,1.0,0.0,0.0,1.0,0.0,200.0,0.0,80.0,109.54451150103323,37.5,84.09737463829087,0.0,0.008849557522123908,0.0,0.0035556257901390607,0.004868821271492696,0.0016805236677234047,0.003773171373261069,0
2018-10-24,0.0,0.0,1,0.0,1.0,0.0,0.6,0.75,0.0,1.0,1.0,0.0,100.0,0.0,200.0,60.0,89.44271909999159,45.0,82.55779474819218,0.004385964912280604,0.0,0.008849557522123908,0.0026471044868809023,0.003953338643690902,0.002013200598144693,0.003699346192308597,0
2018-10-25,0.0,0.0,1,1.0,0.0,1.0,0.6,0.75,1.0,0.0,0.0,1.0,0.0,100.0,0.0,60.0,89.44271909999159,45.0,82.55779474819218,0.0,0.004385964912280604,0.0,0.0026471044868809023,0.003953338643690902,0.002013200598144693,0.003699346192308597,0
2018-10-26,0.0,0.0,1,1.0,1.0,0.0,0.6,0.75,2.0,0.0,0.0,0.0,0.0,0.0,100.0,60.0,89.44271909999159,45.0,82.55779474819218,0.0,0.0,0.004385964912280604,0.0026471044868809023,0.003953338643690902,0.002013200598144693,0.003699346192308597,0
2018-10-29,300.0,0.013100436681222627,0,1.0,1.0,1.0,0.8,0.75,3.0,0.0,0.0,0.0,0.0,0.0,0.0,20.0,44.721359549995796,45.0,82.55779474819218,0.0,0.0,0.0,0.0008771929824561209,0.001961463138156899,0.002013200598144693,0.003699346192308597,0
2018-10-30,0.0,0.0,1,0.0,1.0,1.0,0.6,0.7,0.0,1.0,1.0,0.0,300.0,0.0,0.0,80.0,130.38404810405297,60.0,99.47229183097011,0.013100436681222627,0.0,0.0,0.0034972803187006463,0.0056943674212464835,0.0026682224322058246,0.004414753006216251,0
2018-10-31,0.0,0.0,1,1.0,0.0,1.0,0.8,0.75,1.0,0.0,0.0,1.0,0.0,300.0,0.0,60.0,134.16407864998737,50.0,94.59053029269396,0.0,0.013100436681222627,0.0,0.0026200873362445254,0.005858693390828849,0.0022136769776603727,0.004180450200125747,0
2018-11-01,0.0,0.0,1,1.0,1.0,0.0,0.8,0.75,2.0,0.0,0.0,0.0,0.0,0.0,300.0,60.0,134.16407864998737,50.0,94.59053029269396,0.0,0.0,0.013100436681222627,0.0026200873362445254,0.005858693390828849,0.0022136769776603727,0.004180450200125747,0
2018-11-02,0.0,0.0,1,1.0,1.0,1.0,0.8,0.75,3.0,0.0,0.0,0.0,0.0,0.0,0.0,60.0,134.16407864998737,50.0,94.59053029269396,0.0,0.0,0.0,0.0026200873362445254,0.005858693390828849,0.0022136769776603727,0.004180450200125747,0
2018-11-05,0.0,0.0,1,1.0,1.0,1.0,0.8,0.75,4.0,0.0,0.0,0.0,0.0,0.0,0.0,60.0,134.16407864998737,50.0,94.59053029269396,0.0,0.0,0.0,0.0026200873362445254,0.005858693390828849,0.0022136769776603727,0.004180450200125747,0
2018-11-06,0.0,0.0,1,1.0,1.0,1.0,1.0,0.8,5.0,0.0,0.0,0.0,0.0,0.0,0.0,0.0,0.0,40.0,88.25799501581115,0.0,0.0,0.0,0.0,0.0,0.0017632265272099269,0.00388460409022341,0
2018-11-07,0.0,0.0,1,1.0,1.0,1.0,1.0,0.8,6.0,0.0,0.0,0.0,0.0,0.0,0.0,0.0,0.0,40.0,88.25799501581115,0.0,0.0,0.0,0.0,0.0,0.0017632265272099269,0.00388460409022341,0
2018-11-08,0.0,0.0,1,1.0,1.0,1.0,1.0,0.8,7.0,0.0,0.0,0.0,0.0,0.0,0.0,0.0,0.0,40.0,88.25799501581115,0.0,0.0,0.0,0.0,0.0,0.0017632265272099269,0.00388460409022341,0
2018-11-09,100.0,0.004310344827586299,0,1.0,1.0,1.0,1.0,0.8,8.0,0.0,0.0,0.0,0.0,0.0,0.0,0.0,0.0,40.0,88.25799501581115,0.0,0.0,0.0,0.0,0.0,0.0017632265272099269,0.00388460409022341,0
2018-11-12,0.0,0.0,1,0.0,1.0,1.0,0.8,0.75,0.0,1.0,1.0,0.0,100.0,0.0,0.0,20.0,44.721359549995796,45.0,88.70412083230406,0.004310344827586299,0.0,0.0,0.0008620689655172598,0.0019276448081887367,0.0019787437685892416,0.0039011652782824082,0
2018-11-13,0.0,0.0,1,1.0,0.0,1.0,0.8,0.75,1.0,0.0,0.0,1.0,0.0,100.0,0.0,20.0,44.721359549995796,45.0,88.70412083230406,0.0,0.004310344827586299,0.0,0.0008620689655172598,0.0019276448081887367,0.0019787437685892416,0.0039011652782824082,0
2018-11-14,0.0,0.0,1,1.0,1.0,0.0,0.8,0.8,2.0,0.0,0.0,0.0,0.0,0.0,100.0,20.0,44.721359549995796,35.0,81.27277008872746,0.0,0.0,0.004310344827586299,0.0008620689655172598,0.0019276448081887367,0.001532315197160672,0.0035599532304110815,0
2018-11-15,0.0,0.0,1,1.0,1.0,1.0,0.8,0.8,3.0,0.0,0.0,0.0,0.0,0.0,0.0,20.0,44.721359549995796,35.0,81.27277008872746,0.0,0.0,0.0,0.0008620689655172598,0.0019276448081887367,0.001532315197160672,0.0035599532304110815,0
2018-11-16,200.0,0.008583690987124415,0,1.0,1.0,1.0,0.8,0.8,4.0,0.0,0.0,0.0,0.0,0.0,0.0,20.0,44.721359549995796,35.0,81.27277008872746,0.0,0.0,0.0,0.0008620689655172598,0.0019276448081887367,0.001532315197160672,0.0035599532304110815,0
2018-11-19,0.0,0.0,1,0.0,1.0,1.0,0.8,0.8,0.0,1.0,1.0,0.0,200.0,0.0,0.0,40.0,89.44271909999159,35.0,81.27277008872746,0.008583690987124415,0.0,0.0,0.001716738197424883,0.0038387433090121006,0.0015190218704106973,0.0035315748990910065,0
2018-11-20,0.0,0.0,1,1.0,0.0,1.0,0.8,0.8,1.0,0.0,0.0,1.0,0.0,200.0,0.0,40.0,89.44271909999159,35.0,81.27277008872746,0.0,0.008583690987124415,0.0,0.001716738197424883,0.0038387433090121006,0.0015190218704106973,0.0035315748990910065,0
2018-11-21,50.0,0.0021276595744681437,0,1.0,1.0,0.0,0.8,0.85,2.0,0.0,0.0,0.0,0.0,0.0,200.0,40.0,89.44271909999159,30.0,80.13147091860577,0.0,0.0,0.008583690987124415,0.001716738197424883,0.0038387433090121006,0.0012997236247966671,0.003479977576430897,0
2018-11-22,950.0,0.04033970276008492,0,0.0,1.0,1.0,0.6,0.8,0.0,1.0,1.0,0.0,50.0,0.0,0.0,50.0,86.60254037844386,32.5,79.92595257322404,0.0021276595744681437,0.0,0.0,0.0021422701123185116,0.003716856200359013,0.0014061066035200743,0.0034706626425499015,0
2018-11-23,-500.0,-0.020408163265306145,0,0.0,0.0,1.0,0.4,0.75,0.0,2.0,0.0,0.0,950.0,50.0,0.0,240.0,405.2776825831889,80.0,219.6887750767828,0.04033970276008492,0.0021276595744681437,0.0,0.010210210664335495,0.01720651254575361,0.00342309174152432,0.009350901103082203,0
2018-11-26,-500.0,-0.02083333333333337,0,0.0,0.0,0.0,0.4,0.7,0.0,3.0,0.0,0.0,-500.0,950.0,50.0,100.0,525.594901040716,55.0,254.89936094570095,-0.020408163265306145,0.04033970276008492,0.0021276595744681437,0.004411839813849383,0.022085006391129224,0.002402683578259013,0.01075256194463092,0
2018-11-27,0.0,0.0,1,0.0,0.0,0.0,0.2,0.7,0.0,4.0,0.0,0.0,-500.0,-500.0,950.0,0.0,592.663479556485,15.0,276.3007514704915,-0.02083333333333337,-0.020408163265306145,0.04033970276008492,0.000245173147182709,0.024910032669175134,0.000705995077531213,0.011618111319884133,0
2018-11-28,50.0,0.0021276595744681437,0,1.0,0.0,0.0,0.2,0.7,1.0,0.0,0.0,1.0,0.0,-500.0,-500.0,0.0,592.663479556485,15.0,276.3007514704915,0.0,-0.02083333333333337,-0.020408163265306145,0.000245173147182709,0.024910032669175134,0.000705995077531213,0.011618111319884133,0
2018-11-29,450.0,0.019108280254777066,0,0.0,1.0,0.0,0.2,0.65,0.0,1.0,1.0,0.0,50.0,0.0,-500.0,0.0,592.663479556485,17.5,276.3840767749424,0.0021276595744681437,0.0,-0.02083333333333337,0.000245173147182709,0.024910032669175134,0.0008123780562546201,0.011621047276640342,0
2018-11-30,0.0,0.0,1,0.0,0.0,1.0,0.2,0.6,0.0,2.0,0.0,0.0,450.0,50.0,0.0,-100.0,404.66035140596614,40.0,292.7186542164954,0.019108280254777066,0.0021276595744681437,0.0,-0.004001111353878861,0.016882903740695763,0.0017677920689934735,0.012315479811472926,0
2018-12-03,0.0,0.0,1,1.0,0.0,0.0,0.4,0.6,1.0,0.0,0.0,1.0,0.0,450.0,50.0,0.0,337.26843908080104,40.0,292.7186542164954,0.0,0.019108280254777066,0.0021276595744681437,8.052129918236783e-05,0.014174348917495172,0.0017677920689934735,0.012315479811472926,0
2018-12-04,0.0,0.0,1,1.0,1.0,0.0,0.6,0.6,2.0,0.0,0.0,0.0,0.0,0.0,450.0,100.0,196.85019685029528,40.0,292.7186542164954,0.0,0.0,0.019108280254777066,0.004247187965849042,0.008358532788020458,0.0017677920689934735,0.012315479811472926,0
2018-12-05,0.0,0.0,1,1.0,1.0,1.0,0.6,0.6,3.0,0.0,0.0,0.0,0.0,0.0,0.0,100.0,196.85019685029528,40.0,292.7186542164954,0.0,0.0,0.0,0.004247187965849042,0.008358532788020458,0.0017677920689934735,0.012315479811472926,0
2018-12-06,0.0,0.0,1,1.0,1.0,1.0,0.8,0.6,4.0,0.0,0.0,0.0,0.0,0.0,0.0,90.0,201.24611797498108,40.0,292.7186542164954,0.0,0.0,0.0,0.003821656050955413,0.008545482716559525,0.0017677920689934735,0.012315479811472926,0
2018-12-07,0.0,0.0,1,1.0,1.0,1.0,1.0,0.6,5.0,0.0,0.0,0.0,0.0,0.0,0.0,0.0,0.0,40.0,292.7186542164954,0.0,0.0,0.0,0.0,0.0,0.0017677920689934735,0.012315479811472926,0
2018-12-10,1000.0,0.04166666666666674,0,1.0,1.0,1.0,1.0,0.65,6.0,0.0,0.0,0.0,0.0,0.0,0.0,0.0,0.0,35.0,292.49381459946767,0.0,0.0,0.0,0.0,0.0,0.0015522748276141584,0.012306355605286323,0
2018-12-11,0.0,0.0,1,0.0,1.0,1.0,0.8,0.6,0.0,1.0,1.0,0.0,1000.0,0.0,0.0,200.0,447.21359549995793,85.0,363.1369177770721,0.04166666666666674,0.0,0.0,0.008333333333333349,0.018633899812498196,0.0036356081609474956,0.015213274496675122,0
2018-12-12,0.0,0.0,1,1.0,0.0,1.0,0.8,0.6,1.0,0.0,0.0,1.0,0.0,1000.0,0.0,200.0,447.21359549995793,85.0,363.1369177770721,0.0,0.04166666666666674,0.0,0.008333333333333349,0.018633899812498196,0.0036356081609474956,0.015213274496675122,0
2018-12-13,0.0,0.0,1,1.0,1.0,0.0,0.8,0.6,2.0,0.0,0.0,0.0,0.0,0.0,1000.0,200.0,447.21359549995793,85.0,363.1369177770721,0.0,0.0,0.04166666666666674,0.008333333333333349,0.018633899812498196,0.0036356081609474956,0.015213274496675122,0
2018-12-14,0.0,0.0,1,1.0,1.0,1.0,0.8,0.6,3.0,0.0,0.0,0.0,0.0,0.0,0.0,200.0,447.21359549995793,85.0,363.1369177770721,0.0,0.0,0.0,0.008333333333333349,0.018633899812498196,0.0036356081609474956,0.015213274496675122,0
2018-12-17,0.0,0.0,1,1.0,1.0,1.0,0.8,0.65,4.0,0.0,0.0,0.0,0.0,0.0,0.0,200.0,447.21359549995793,75.0,362.556710627528,0.0,0.0,0.0,0.008333333333333349,0.018633899812498196,0.003206423611591275,0.015187392335004381,0
2018-12-18,0.0,0.0,1,1.0,1.0,1.0,1.0,0.65,5.0,0.0,0.0,0.0,0.0,0.0,0.0,0.0,0.0,75.0,362.556710627528,0.0,0.0,0.0,0.0,0.0,0.003206423611591275,0.015187392335004381,0
2018-12-19,-1000.0,-0.040000000000000036,0,1.0,1.0,1.0,1.0,0.65,6.0,0.0,0.0,0.0,0.0,0.0,0.0,0.0,0.0,75.0,362.556710627528,0.0,0.0,0.0,0.0,0.0,0.003206423611591275,0.015187392335004381,0
2018-12-20,0.0,0.0,1,0.0,1.0,1.0,0.8,0.65,0.0,1.0,1.0,0.0,-1000.0,0.0,0.0,-200.0,447.21359549995793,22.5,435.12702319643387,-0.040000000000000036,0.0,0.0,-0.008000000000000007,0.01788854381999825,0.0011000406328678658,0.01800493376419074,0
2018-12-21,0.0,0.0,1,1.0,0.0,1.0,0.8,0.7,1.0,0.0,0.0,1.0,0.0,-1000.0,0.0,-200.0,447.21359549995793,-25.0,376.4445859828374,0.0,-0.040000000000000036,0.0,-0.008000000000000007,0.01788854381999825,-0.00091694450513638,0.015457019495161458,0
2018-12-24,1000.0,0.04166666666666674,0,1.0,1.0,0.0,0.8,0.75,2.0,0.0,0.0,0.0,0.0,0.0,-1000.0,-200.0,447.21359549995793,0.0,359.4586573109484,0.0,0.0,-0.040000000000000036,-0.008000000000000007,0.01788854381999825,0.00010346365812892722,0.014760505810541865,0
2018-12-26,0.0,0.0,1,0.0,1.0,1.0,0.6,0.75,0.0,1.0,1.0,0.0,1000.0,0.0,0.0,0.0,707.1067811865476,75.0,403.43916256944766,0.04166666666666674,0.0,0.0,0.000333333333333341,0.028877134360751382,0.003228463658128933,0.01659647391203607,0
2018-12-27,0.0,0.0,1,1.0,0.0,1.0,0.6,0.75,1.0,0.0,0.0,1.0,0.0,1000.0,0.0,0.0,707.1067811865476,75.0,403.43916256944766,0.0,0.04166666666666674,0.0,0.000333333333333341,0.028877134360751382,0.003228463658128933,0.01659647391203607,0
2018-12-28,0.0,0.0,1,1.0,1.0,0.0,0.8,0.8,2.0,0.0,0.0,0.0,0.0,0.0,1000.0,200.0,447.21359549995793,72.5,403.75702698789735,0.0,0.0,0.04166666666666674,0.008333333333333349,0.0186338998124982,0.0031220806794055255,0.01661071442606754,0
2019-01-02,0.0,0.0,1,1.0,1.0,1.0,0.8,0.85,3.0,0.0,0.0,0.0,0.0,0.0,0.0,200.0,447.21359549995793,50.0,394.03446282620666,0.0,0.0,0.0,0.008333333333333349,0.0186338998124982,0.002166666666666672,0.016186955978801265,0
2019-01-03,0.0,0.0,1,1.0,1.0,1.0,0.8,0.85,4.0,0.0,0.0,0.0,0.0,0.0,0.0,200.0,447.21359549995793,50.0,394.03446282620666,0.0,0.0,0.0,0.008333333333333349,0.0186338998124982,0.002166666666666672,0.016186955978801265,0
2019-01-04,0.0,0.0,1,1.0,1.0,1.0,1.0,0.85,5.0,0.0,0.0,0.0,0.0,0.0,0.0,0.0,0.0,50.0,394.03446282620666,0.0,0.0,0.0,0.0,0.0,0.002166666666666672,0.016186955978801265,0
2019-01-07,0.0,0.0,1,1.0,1.0,1.0,1.0,0.85,6.0,0.0,0.0,0.0,0.0,0.0,0.0,0.0,0.0,50.0,394.03446282620666,0.0,0.0,0.0,0.0,0.0,0.002166666666666672,0.016186955978801265,0
2019-01-08,0.0,0.0,1,1.0,1.0,1.0,1.0,0.85,7.0,0.0,0.0,0.0,0.0,0.0,0.0,0.0,0.0,50.0,394.03446282620666,0.0,0.0,0.0,0.0,0.0,0.002166666666666672,0.016186955978801265,0
2019-01-09,0.0,0.0,1,1.0,1.0,1.0,1.0,0.85,8.0,0.0,0.0,0.0,0.0,0.0,0.0,0.0,0.0,50.0,394.03446282620666,0.0,0.0,0.0,0.0,0.0,0.002166666666666672,0.016186955978801265,0
2019-01-10,0.0,0.0,1,1.0,1.0,1.0,1.0,0.85,9.0,0.0,0.0,0.0,0.0,0.0,0.0,0.0,0.0,50.0,394.03446282620666,0.0,0.0,0.0,0.0,0.0,0.002166666666666672,0.016186955978801265,0
2019-01-11,0.0,0.0,1,1.0,1.0,1.0,1.0,0.9,10.0,0.0,0.0,0.0,0.0,0.0,0.0,0.0,0.0,0.0,324.4428422615257,0.0,0.0,0.0,0.0,0.0,8.333333333333526e-05,0.013250565473975726,0
2019-01-14,0.0,0.0,1,1.0,1.0,1.0,1.0,0.9,11.0,0.0,0.0,0.0,0.0,0.0,0.0,0.0,0.0,0.0,324.4428422615257,0.0,0.0,0.0,0.0,0.0,8.333333333333526e-05,0.013250565473975726,0
2019-01-15,0.0,0.0,1,1.0,1.0,1.0,1.0,0.9,12.0,0.0,0.0,0.0,0.0,0.0,0.0,0.0,0.0,0.0,324.4428422615257,0.0,0.0,0.0,0.0,0.0,8.333333333333526e-05,0.013250565473975726,0
2019-01-16,0.0,0.0,1,1.0,1.0,1.0,1.0,0.9,13.0,0.0,0.0,0.0,0.0,0.0,0.0,0.0,0.0,0.0,324.4428422615257,0.0,0.0,0.0,0.0,0.0,8.333333333333526e-05,0.013250565473975726,0
2019-01-17,0.0,0.0,1,1.0,1.0,1.0,1.0,0.9,14.0,0.0,0.0,0.0,0.0,0.0,0.0,0.0,0.0,0.0,324.4428422615257,0.0,0.0,0.0,0.0,0.0,8.333333333333526e-05,0.013250565473975726,0
2019-01-18,0.0,0.0,1,1.0,1.0,1.0,1.0,0.9,15.0,0.0,0.0,0.0,0.0,0.0,0.0,0.0,0.0,0.0,324.4428422615257,0.0,0.0,0.0,0.0,0.0,8.333333333333526e-05,0.013250565473975726,0
2019-01-21,0.0,0.0,1,1.0,1.0,1.0,1.0,0.9,16.0,0.0,0.0,0.0,0.0,0.0,0.0,0.0,0.0,0.0,324.4428422615257,0.0,0.0,0.0,0.0,0.0,8.333333333333526e-05,0.013250565473975726,0
2019-01-22,0.0,0.0,1,1.0,1.0,1.0,1.0,0.95,17.0,0.0,0.0,0.0,0.0,0.0,0.0,0.0,0.0,50.0,223.60679774997988,0.0,0.0,0.0,0.0,0.0,0.002083333333333337,0.009316949906249147,0
2019-01-23,0.0,0.0,1,1.0,1.0,1.0,1.0,0.95,18.0,0.0,0.0,0.0,0.0,0.0,0.0,0.0,0.0,50.0,223.60679774997988,0.0,0.0,0.0,0.0,0.0,0.002083333333333337,0.009316949906249147,0
2019-01-24,0.0,0.0,1,1.0,1.0,1.0,1.0,0.95,19.0,0.0,0.0,0.0,0.0,0.0,0.0,0.0,0.0,50.0,223.60679774997988,0.0,0.0,0.0,0.0,0.0,0.002083333333333337,0.009316949906249147,0
2019-01-25,500.0,0.020000000000000018,0,1.0,1.0,1.0,1.0,1.0,20.0,0.0,0.0,0.0,0.0,0.0,0.0,0.0,0.0,0.0,0.0,0.0,0.0,0.0,0.0,0.0,0.0,0.0,0
2019-01-28,0.0,0.0,1,0.0,1.0,1.0,0.8,0.95,0.0,1.0,1.0,0.0,500.0,0.0,0.0,100.0,223.60679774997897,25.0,111.80339887499129,0.020000000000000018,0.0,0.0,0.0040000000000000036,0.008944271909998998,0.0010000000000000009,0.004472135954999596,0
2019-01-29,0.0,0.0,1,1.0,0.0,1.0,0.8,0.95,1.0,0.0,0.0,1.0,0.0,500.0,0.0,100.0,223.60679774997897,25.0,111.80339887499129,0.0,0.020000000000000018,0.0,0.0040000000000000036,0.008944271909998998,0.0010000000000000009,0.004472135954999596,0
2019-01-30,0.0,0.0,1,1.0,1.0,0.0,0.8,0.95,2.0,0.0,0.0,0.0,0.0,0.0,500.0,100.0,223.60679774997897,25.0,111.80339887499129,0.0,0.0,0.020000000000000018,0.0040000000000000036,0.008944271909998998,0.0010000000000000009,0.004472135954999596,0
2019-01-31,0.0,0.0,1,1.0,1.0,1.0,0.8,0.95,3.0,0.0,0.0,0.0,0.0,0.0,0.0,100.0,223.60679774997897,25.0,111.80339887499129,0.0,0.0,0.0,0.0040000000000000036,0.008944271909998998,0.0010000000000000009,0.004472135954999596,0
2019-02-01,0.0,0.0,1,1.0,1.0,1.0,0.8,0.95,4.0,0.0,0.0,0.0,0.0,0.0,0.0,100.0,223.60679774997897,25.0,111.80339887499129,0.0,0.0,0.0,0.0040000000000000036,0.008944271909998998,0.0010000000000000009,0.004472135954999596,0
2019-02-07,0.0,0.0,1,1.0,1.0,1.0,1.0,0.95,5.0,0.0,0.0,0.0,0.0,0.0,0.0,0.0,0.0,25.0,111.80339887499129,0.0,0.0,0.0,0.0,0.0,0.0010000000000000009,0.004472135954999596,0
2019-02-08,0.0,0.0,1,1.0,1.0,1.0,1.0,0.95,6.0,0.0,0.0,0.0,0.0,0.0,0.0,0.0,0.0,25.0,111.80339887499129,0.0,0.0,0.0,0.0,0.0,0.0010000000000000009,0.004472135954999596,0
2019-02-11,0.0,0.0,1,1.0,1.0,1.0,1.0,0.95,7.0,0.0,0.0,0.0,0.0,0.0,0.0,0.0,0.0,25.0,111.80339887499129,0.0,0.0,0.0,0.0,0.0,0.0010000000000000009,0.004472135954999596,0
2019-02-12,50.0,0.0019607843137254832,0,1.0,1.0,1.0,1.0,0.95,8.0,0.0,0.0,0.0,0.0,0.0,0.0,0.0,0.0,25.0,111.80339887499129,0.0,0.0,0.0,0.0,0.0,0.0010000000000000009,0.004472135954999596,0
2019-02-13,0.0,0.0,1,0.0,1.0,1.0,0.8,0.9,0.0,1.0,1.0,0.0,50.0,0.0,0.0,10.0,22.360679774997898,27.5,111.77397305559099,0.0019607843137254832,0.0,0.0,0.00039215686274509667,0.0008768894029393811,0.0010980392156862751,0.004470552024910854,0
2019-02-14,1500.0,0.05870841487279854,0,1.0,0.0,1.0,0.8,0.9,1.0,0.0,0.0,1.0,0.0,50.0,0.0,10.0,22.360679774997898,27.5,111.77397305559099,0.0,0.0019607843137254832,0.0,0.00039215686274509667,0.0008768894029393811,0.0010980392156862751,0.004470552024910854,0
2019-02-15,0.0,0.0,1,0.0,1.0,0.0,0.6,0.85,0.0,1.0,1.0,0.0,1500.0,0.0,50.0,310.0,665.5824516917495,102.5,347.3489827097153,0.05870841487279854,0.0,0.0019607843137254832,0.012133839837304806,0.026049819126122288,0.004033459959326202,0.013621087882845545,0
2019-02-18,-50.0,-0.001848428835489857,0,1.0,0.0,1.0,0.6,0.85,1.0,0.0,0.0,1.0,0.0,1500.0,0.0,310.0,665.5824516917495,102.5,347.3489827097153,0.0,0.05870841487279854,0.0,0.012133839837304806,0.026049819126122288,0.004033459959326202,0.013621087882845545,0
2019-02-19,0.0,0.0,1,0.0,1.0,0.0,0.4,0.8,0.0,1.0,1.0,0.0,-50.0,0.0,1500.0,300.0,671.7514421272201,100.0,348.30416229738717,-0.001848428835489857,0.0,0.05870841487279854,0.011764154070206834,0.026277189424592305,0.003941038517551709,0.013656121914682835,0
2019-02-20,-1000.0,-0.03703703703703709,0,1.0,0.0,1.0,0.6,0.8,1.0,0.0,0.0,1.0,0.0,-50.0,0.0,290.0,676.7569726275452,100.0,348.30416229738717,0.0,-0.001848428835489857,0.0,0.011371997207461737,0.02647396392497685,0.003941038517551709,0.013656121914682835,0
2019-02-21,0.0,0.0,1,0.0,1.0,0.0,0.4,0.75,0.0,1.0,1.0,0.0,-1000.0,0.0,-50.0,90.0,896.1026726887941,50.0,426.4294845143313,-0.03703703703703709,0.0,-0.001848428835489857,0.003964589800054319,0.034435617161254255,0.002089186665699855,0.01644510395089892,0
2019-02-22,0.0,0.0,1,1.0,0.0,1.0,0.6,0.75,1.0,0.0,0.0,1.0,0.0,-1000.0,0.0,-210.0,442.1538193886829,50.0,426.4294845143313,0.0,-0.03703703703703709,0.0,-0.00777709317450539,0.016376377120856305,0.002089186665699855,0.01644510395089892,0
2019-02-25,0.0,0.0,1,1.0,1.0,0.0,0.6,0.75,2.0,0.0,0.0,0.0,0.0,0.0,-1000.0,-210.0,442.1538193886829,50.0,426.4294845143313,0.0,0.0,-0.03703703703703709,-0.00777709317450539,0.016376377120856305,0.002089186665699855,0.01644510395089892,0
2019-02-26,50.0,0.0019230769230769162,0,1.0,1.0,1.0,0.8,0.75,3.0,0.0,0.0,0.0,0.0,0.0,0.0,-200.0,447.21359549995793,50.0,426.4294845143313,0.0,0.0,0.0,-0.007407407407407418,0.01656346649999837,0.002089186665699855,0.01644510395089892,0
2019-02-27,100.0,0.0038387715930903177,0,0.0,1.0,1.0,0.6,0.7,0.0,1.0,1.0,0.0,50.0,0.0,0.0,-190.0,453.3210782657255,52.5,426.26745989861985,0.0019230769230769162,0.0,0.0,-0.007022792022792035,0.016799124220907756,0.0021853405118537005,0.016437866130309273,0
2019-02-28,350.0,0.013384321223709472,0,0.0,0.0,1.0,0.6,0.7,0.0,2.0,0.0,0.0,100.0,50.0,0.0,30.0,44.721359549995796,32.5,413.35437835501824,0.0038387715930903177,0.0019230769230769162,0.0,0.0011523697032334468,0.0017171642707763549,0.0013772790915082156,0.01590461351790101,0
2019-03-04,0.0,0.0,1,0.0,0.0,0.0,0.4,0.65,0.0,3.0,0.0,0.0,350.0,100.0,50.0,100.0,145.7737973711325,50.0,419.2725529821991,0.013384321223709472,0.0038387715930903177,0.0019230769230769162,0.003829233947975341,0.005573582413353663,0.002046495152693689,0.016123688118417193,0
2019-03-05,0.0,0.0,1,1.0,0.0,0.0,0.4,0.65,1.0,0.0,0.0,1.0,0.0,350.0,100.0,100.0,145.7737973711325,50.0,419.2725529821991,0.0,0.013384321223709472,0.0038387715930903177,0.003829233947975341,0.005573582413353663,0.002046495152693689,0.016123688118417193,0
2019-03-06,0.0,0.0,1,1.0,1.0,0.0,0.4,0.65,2.0,0.0,0.0,0.0,0.0,0.0,350.0,100.0,145.7737973711325,50.0,419.2725529821991,0.0,0.0,0.013384321223709472,0.003829233947975341,0.005573582413353663,0.002046495152693689,0.016123688118417193,0
2019-03-07,0.0,0.0,1,1.0,1.0,1.0,0.6,0.65,3.0,0.0,0.0,0.0,0.0,0.0,0.0,90.0,151.65750888103102,50.0,419.2725529821991,0.0,0.0,0.0,0.003444618563359958,0.005799768028294837,0.002046495152693689,0.016123688118417193,0
2019-03-08,0.0,0.0,1,1.0,1.0,1.0,0.8,0.65,4.0,0.0,0.0,0.0,0.0,0.0,0.0,70.0,156.52475842498527,50.0,419.2725529821991,0.0,0.0,0.0,0.0026768642447418944,0.00598565041778124,0.002046495152693689,0.016123688118417193,0
2019-03-11,0.0,0.0,1,1.0,1.0,1.0,1.0,0.65,5.0,0.0,0.0,0.0,0.0,0.0,0.0,0.0,0.0,50.0,419.2725529821991,0.0,0.0,0.0,0.0,0.0,0.002046495152693689,0.016123688118417193,0
2019-03-12,0.0,0.0,1,1.0,1.0,1.0,1.0,0.65,6.0,0.0,0.0,0.0,0.0,0.0,0.0,0.0,0.0,50.0,419.2725529821991,0.0,0.0,0.0,0.0,0.0,0.002046495152693689,0.016123688118417193,0
2019-03-13,0.0,0.0,1,1.0,1.0,1.0,1.0,0.65,7.0,0.0,0.0,0.0,0.0,0.0,0.0,0.0,0.0,50.0,419.2725529821991,0.0,0.0,0.0,0.0,0.0,0.002046495152693689,0.016123688118417193,0
2019-03-14,0.0,0.0,1,1.0,1.0,1.0,1.0,0.7,8.0,0.0,0.0,0.0,0.0,0.0,0.0,0.0,0.0,47.5,419.4215942035066,0.0,0.0,0.0,0.0,0.0,0.001948455937007415,0.01613019661603273,0
2019-03-15,0.0,0.0,1,1.0,1.0,1.0,1.0,0.7,9.0,0.0,0.0,0.0,0.0,0.0,0.0,0.0,0.0,47.5,419.4215942035066,0.0,0.0,0.0,0.0,0.0,0.001948455937007415,0.01613019661603273,0
2019-03-18,0.0,0.0,1,1.0,1.0,1.0,1.0,0.75,10.0,0.0,0.0,0.0,0.0,0.0,0.0,0.0,0.0,-27.5,243.04807841464833,0.0,0.0,0.0,0.0,0.0,-0.000986964806632512,0.009041574321076749,0
2019-03-19,0.0,0.0,1,1.0,1.0,1.0,1.0,0.75,11.0,0.0,0.0,0.0,0.0,0.0,0.0,0.0,0.0,-27.5,243.04807841464833,0.0,0.0,0.0,0.0,0.0,-0.000986964806632512,0.009041574321076749,0
2019-03-20,0.0,0.0,1,1.0,1.0,1.0,1.0,0.8,12.0,0.0,0.0,0.0,0.0,0.0,0.0,0.0,0.0,-25.0,243.06161228878054,0.0,0.0,0.0,0.0,0.0,-0.0008945433648580193,0.009041752283205128,0
2019-03-21,0.0,0.0,1,1.0,1.0,1.0,1.0,0.8,13.0,0.0,0.0,0.0,0.0,0.0,0.0,0.0,0.0,-25.0,243.06161228878054,0.0,0.0,0.0,0.0,0.0,-0.0008945433648580193,0.009041752283205128,0
2019-03-22,0.0,0.0,1,1.0,1.0,1.0,1.0,0.85,14.0,0.0,0.0,0.0,0.0,0.0,0.0,0.0,0.0,25.0,80.29550685469924,0.0,0.0,0.0,0.0,0.0,0.0009573084869938353,0.003071478780053174,0
2019-03-25,0.0,0.0,1,1.0,1.0,1.0,1.0,0.85,15.0,0.0,0.0,0.0,0.0,0.0,0.0,0.0,0.0,25.0,80.29550685469924,0.0,0.0,0.0,0.0,0.0,0.0009573084869938353,0.003071478780053174,0
2019-03-26,0.0,0.0,1,1.0,1.0,1.0,1.0,0.85,16.0,0.0,0.0,0.0,0.0,0.0,0.0,0.0,0.0,25.0,80.29550685469924,0.0,0.0,0.0,0.0,0.0,0.0009573084869938353,0.003071478780053174,0
2019-03-27,100.0,0.0037735849056603765,0,1.0,1.0,1.0,1.0,0.85,17.0,0.0,0.0,0.0,0.0,0.0,0.0,0.0,0.0,25.0,80.29550685469924,0.0,0.0,0.0,0.0,0.0,0.0009573084869938353,0.003071478780053174,0
2019-03-28,50.0,0.001879699248120259,0,0.0,1.0,1.0,0.8,0.85,0.0,1.0,1.0,0.0,100.0,0.0,0.0,20.0,44.721359549995796,27.5,81.87763655859561,0.0037735849056603765,0.0,0.0,0.0007547169811320753,0.0016875984735837933,0.0010498338861230083,0.003129428577691262,0
2019-03-29,0.0,0.0,1,0.0,0.0,1.0,0.6,0.85,0.0,2.0,0.0,0.0,50.0,100.0,0.0,30.0,44.721359549995796,25.0,80.29550685469924,0.001879699248120259,0.0037735849056603765,0.0,0.0011306568307561272,0.0016868082255343502,0.0009518802688745053,0.00306758730839248,0
2019-04-01,0.0,0.0,1,1.0,0.0,0.0,0.6,0.9,1.0,0.0,0.0,1.0,0.0,50.0,100.0,30.0,44.721359549995796,7.5,24.468024246488206,0.0,0.001879699248120259,0.0037735849056603765,0.0011306568307561272,0.0016868082255343502,0.0002826642076890318,0.0009226743514441464,0
2019-04-02,0.0,0.0,1,1.0,1.0,0.0,0.6,0.9,2.0,0.0,0.0,0.0,0.0,0.0,50.0,30.0,44.721359549995796,7.5,24.468024246488206,0.0,0.0,0.001879699248120259,0.0011306568307561272,0.0016868082255343502,0.0002826642076890318,0.0009226743514441464,0
2019-04-03,50.0,0.0018761726078799779,0,1.0,1.0,1.0,0.6,0.9,3.0,0.0,0.0,0.0,0.0,0.0,0.0,30.0,44.721359549995796,7.5,24.468024246488206,0.0,0.0,0.0,0.0011306568307561272,0.0016868082255343502,0.0002826642076890318,0.0009226743514441464,0
2019-04-04,0.0,0.0,1,0.0,1.0,1.0,0.6,0.85,0.0,1.0,1.0,0.0,50.0,0.0,0.0,20.0,27.386127875258307,10.0,26.157418189037863,0.0018761726078799779,0.0,0.0,0.0007511743712000473,0.0010285886250332567,0.0003764728380830307,0.0009856496655796256,0
2019-04-05,300.0,0.011235955056179803,0,1.0,0.0,1.0,0.8,0.85,1.0,0.0,0.0,1.0,0.0,50.0,0.0,10.0,22.360679774997898,10.0,26.157418189037863,0.0,0.0018761726078799779,0.0,0.00037523452157599556,0.000839049897746622,0.0003764728380830307,0.0009856496655796256,0
2019-04-08,600.0,0.022222222222222143,0,0.0,1.0,0.0,0.6,0.8,0.0,1.0,1.0,0.0,300.0,0.0,50.0,70.0,130.38404810405297,25.0,69.77407149243908,0.011235955056179803,0.0,0.0018761726078799779,0.0026224255328119563,0.004883163198770812,0.0009382705908920208,0.0026150665478903547,0
2019-04-09,0.0,0.0,1,0.0,0.0,1.0,0.4,0.75,0.0,2.0,0.0,0.0,600.0,300.0,0.0,190.0,260.76809620810593,55.0,145.90912817302058,0.022222222222222143,0.011235955056179803,0.0,0.007066869977256385,0.009668125643003716,0.002049381702003128,0.005416192949540462,0
2019-04-10,0.0,0.0,1,1.0,0.0,0.0,0.4,0.75,1.0,0.0,0.0,1.0,0.0,600.0,300.0,190.0,260.76809620810593,55.0,145.90912817302058,0.0,0.022222222222222143,0.011235955056179803,0.007066869977256385,0.009668125643003716,0.002049381702003128,0.005416192949540462,0
2019-04-11,0.0,0.0,1,1.0,1.0,0.0,0.6,0.75,2.0,0.0,0.0,0.0,0.0,0.0,600.0,180.0,268.32815729997475,55.0,145.90912817302058,0.0,0.0,0.022222222222222143,0.006691635455680389,0.009952184699347534,0.002049381702003128,0.005416192949540462,0
2019-04-12,0.0,0.0,1,1.0,1.0,1.0,0.6,0.75,3.0,0.0,0.0,0.0,0.0,0.0,0.0,180.0,268.32815729997475,55.0,145.90912817302058,0.0,0.0,0.0,0.006691635455680389,0.009952184699347534,0.002049381702003128,0.005416192949540462,0
2019-04-15,0.0,0.0,1,1.0,1.0,1.0,0.8,0.75,4.0,0.0,0.0,0.0,0.0,0.0,0.0,120.0,268.32815729997475,55.0,145.90912817302058,0.0,0.0,0.0,0.004444444444444429,0.009938079899998866,0.002049381702003128,0.005416192949540462,0
2019-04-16,0.0,0.0,1,1.0,1.0,1.0,1.0,0.75,5.0,0.0,0.0,0.0,0.0,0.0,0.0,0.0,0.0,55.0,145.90912817302058,0.0,0.0,0.0,0.0,0.0,0.002049381702003128,0.005416192949540462,0
2019-04-17,0.0,0.0,1,1.0,1.0,1.0,1.0,0.75,6.0,0.0,0.0,0.0,0.0,0.0,0.0,0.0,0.0,55.0,145.90912817302058,0.0,0.0,0.0,0.0,0.0,0.002049381702003128,0.005416192949540462,0
2019-04-18,50.0,0.0018115942028984477,0,1.0,1.0,1.0,1.0,0.75,7.0,0.0,0.0,0.0,0.0,0.0,0.0,0.0,0.0,55.0,145.90912817302058,0.0,0.0,0.0,0.0,0.0,0.002049381702003128,0.005416192949540462,0
2019-04-19,250.0,0.009041591320072317,0,0.0,1.0,1.0,0.8,0.7,0.0,1.0,1.0,0.0,50.0,0.0,0.0,10.0,22.360679774997898,57.5,145.34441853748777,0.0018115942028984477,0.0,0.0,0.00036231884057968955,0.0008101695570631113,0.00213996141214805,0.0053952233216683675,0
2019-04-22,0.0,0.0,1,0.0,0.0,1.0,0.6,0.65,0.0,2.0,0.0,0.0,250.0,50.0,0.0,60.0,108.39741694339399,70.0,150.78740698501178,0.009041591320072317,0.0018115942028984477,0.0,0.0021706371045941532,0.003920265295740997,0.0025920409781516663,0.005582047355884108,0
2019-04-23,0.0,0.0,1,1.0,0.0,0.0,0.6,0.65,1.0,0.0,0.0,1.0,0.0,250.0,50.0,60.0,108.39741694339399,70.0,150.78740698501178,0.0,0.009041591320072317,0.0018115942028984477,0.0021706371045941532,0.003920265295740997,0.0025920409781516663,0.005582047355884108,0
2019-04-24,100.0,0.0035842293906809264,0,1.0,1.0,0.0,0.6,0.65,2.0,0.0,0.0,0.0,0.0,0.0,250.0,60.0,108.39741694339399,70.0,150.78740698501178,0.0,0.0,0.009041591320072317,0.0021706371045941532,0.003920265295740997,0.0025920409781516663,0.005582047355884108,0
2019-04-25,900.0,0.03214285714285725,0,0.0,1.0,1.0,0.4,0.65,0.0,1.0,1.0,0.0,100.0,0.0,0.0,80.0,103.6822067666386,70.0,150.78740698501178,0.0035842293906809264,0.0,0.0,0.0028874829827303383,0.0037480380735260654,0.002582573202402694,0.0055800980938420525,0
2019-04-26,100.0,0.0034602076124568004,0,0.0,0.0,1.0,0.4,0.65,0.0,2.0,0.0,0.0,900.0,100.0,0.0,250.0,377.4917217635375,112.5,238.89823863112315,0.03214285714285725,0.0035842293906809264,0.0,0.008953735570722099,0.013480666117427889,0.004095731097139543,0.008642416263491217,0
2019-04-29,-900.0,-0.03103448275862064,0,0.0,0.0,0.0,0.4,0.6,0.0,3.0,0.0,0.0,100.0,900.0,100.0,220.0,383.40579025361626,117.5,237.46190830265235,0.0034602076124568004,0.03214285714285725,0.0035842293906809264,0.007837458829198996,0.013700859442526725,0.004268741477762383,0.008590588619012806,0
2019-04-30,200.0,0.007117437722419906,0,0.0,0.0,0.0,0.2,0.55,0.0,4.0,0.0,0.0,-900.0,100.0,900.0,40.0,638.7487769068525,72.5,328.6635617802888,-0.03103448275862064,0.0034602076124568004,0.03214285714285725,0.0016305622774748674,0.022404399432611126,0.0027170173398313514,0.01165762586481654,0
2019-05-02,700.0,0.02473498233215543,0,0.0,0.0,0.0,0.0,0.5,0.0,5.0,0.0,0.0,200.0,-900.0,100.0,80.0,641.8722614352484,82.5,329.38339522907347,0.007117437722419906,-0.03103448275862064,0.0034602076124568004,0.0030540498219588487,0.022500799655818096,0.0030728892259523468,0.011678935594093463,0
2019-05-03,0.0,0.0,1,0.0,0.0,0.0,0.0,0.5,0.0,6.0,0.0,0.0,700.0,200.0,-900.0,200.0,700.0,115.0,356.92399308831244,0.02473498233215543,0.007117437722419906,-0.03103448275862064,0.00728420041025375,0.02452271811373795,0.004215829712166119,0.012635041256646431,0
2019-05-07,0.0,0.0,1,1.0,0.0,0.0,0.2,0.5,1.0,0.0,0.0,1.0,0.0,700.0,200.0,20.0,580.5170109479997,115.0,356.92399308831244,0.0,0.02473498233215543,0.007117437722419906,0.0008556289816822992,0.020210943339868545,0.004215829712166119,0.012635041256646431,0
2019-05-08,200.0,0.006896551724137945,0,1.0,1.0,0.0,0.4,0.55,2.0,0.0,0.0,0.0,0.0,0.0,700.0,0.0,578.7918451395112,100.0,355.0389155838382,0.0,0.0,0.02473498233215543,0.0001635874591909392,0.02015863702309542,0.003654031959357129,0.012556021431549519,0
2019-05-09,100.0,0.003424657534246478,0,0.0,1.0,1.0,0.4,0.55,0.0,1.0,1.0,0.0,200.0,0.0,0.0,220.0,286.35642126552705,80.0,336.15472627943285,0.006896551724137945,0.0,0.0,0.007749794355742657,0.010121056437037106,0.0028877484344529193,0.011808587966697289,0
2019-05-10,-300.0,-0.010238907849829393,0,0.0,0.0,1.0,0.4,0.5,0.0,2.0,0.0,0.0,100.0,200.0,0.0,200.0,291.547594742265,85.0,335.64548967153206,0.003424657534246478,0.006896551724137945,0.0,0.007011238318107971,0.01031167714433596,0.003058981311165243,0.011789323921459273,0
2019-05-13,-500.0,-0.017241379310344862,0,0.0,0.0,0.0,0.4,0.45,0.0,3.0,0.0,0.0,-300.0,100.0,200.0,0.0,187.08286933869707,70.0,346.18218507479315,-0.010238907849829393,0.003424657534246478,0.006896551724137945,1.6460281711006e-05,0.006405555872902382,0.0025470359186737733,0.012146062259356064,0
2019-05-14,-300.0,-0.010526315789473717,0,0.0,0.0,0.0,0.2,0.4,0.0,4.0,0.0,0.0,-500.0,-300.0,100.0,-100.0,291.547594742265,45.0,368.81745591752315,-0.017241379310344862,-0.010238907849829393,0.003424657534246478,-0.0034318155803579665,0.010031255012498639,0.0016849669531565302,0.012923337655562276,0
2019-05-15,-200.0,-0.007092198581560294,0,0.0,0.0,0.0,0.0,0.35,0.0,5.0,0.0,0.0,-300.0,-500.0,-300.0,-160.0,296.6479394838265,30.0,376.7590323018853,-0.010526315789473717,-0.017241379310344862,-0.010238907849829393,-0.00553707873825271,0.010233501584535072,0.0011586511636828445,0.013206809673753133,0
2019-05-16,-50.0,-0.0017857142857142794,0,0.0,0.0,0.0,0.0,0.3,0.0,6.0,0.0,0.0,-200.0,-300.0,-500.0,-240.0,219.08902300206645,20.0,380.2353841614711,-0.007092198581560294,-0.010526315789473717,-0.017241379310344862,-0.008334828799392357,0.007542950731501783,0.0008040412346048298,0.01333415815111406,0
2019-05-17,-950.0,-0.03398926654740608,0,0.0,0.0,0.0,0.0,0.25,0.0,7.0,0.0,0.0,-50.0,-200.0,-300.0,-270.0,164.31676725154983,17.5,380.53805397925214,-0.0017857142857142794,-0.007092198581560294,-0.010526315789473717,-0.00937690316338451,0.005629391844001341,0.0007147555203191158,0.013345798887471897,0
2019-05-20,-1500.0,-0.05555555555555558,0,0.0,0.0,0.0,0.0,0.2,0.0,8.0,0.0,0.0,-950.0,-50.0,-200.0,-400.0,348.209706929603,-30.0,437.8175539266513,-0.03398926654740608,-0.0017857142857142794,-0.007092198581560294,-0.014126974902899847,0.012439550652537625,-0.0009847078070511883,0.015441215133452821,0
2019-05-21,200.0,0.007843137254901933,0,0.0,0.0,0.0,0.0,0.2,0.0,9.0,0.0,0.0,-1500.0,-950.0,-50.0,-600.0,609.302880347697,-107.5,546.5862959747242,-0.05555555555555558,-0.03398926654740608,-0.0017857142857142794,-0.02178981015194199,0.022538867770802457,-0.0038530652949738896,0.019649293541128206,0
2019-05-22,850.0,0.0330739299610896,0,0.0,0.0,0.0,0.0,0.2,0.0,10.0,0.0,0.0,200.0,-1500.0,-950.0,-500.0,704.4501401802686,-110.0,544.9770637375489,0.007843137254901933,-0.05555555555555558,-0.03398926654740608,-0.01811591954306686,0.026056477828422967,-0.003912987998232409,0.019609687679554125,0
2019-05-23,450.0,0.016949152542372836,0,0.0,0.0,0.0,0.0,0.15,0.0,11.0,0.0,0.0,850.0,200.0,-1500.0,-290.0,935.0133688883811,-67.5,585.633934521522,0.0330739299610896,0.007843137254901933,-0.05555555555555558,-0.010082693834536883,0.0349713269668613,-0.002259291500177929,0.021280437705487112,0
2019-05-24,0.0,0.0,1,0.0,0.0,0.0,0.0,0.1,0.0,12.0,0.0,0.0,450.0,850.0,200.0,-190.0,992.0937455704476,-45.0,596.8998858135349,0.016949152542372836,0.0330739299610896,0.007843137254901933,-0.006335720468919459,0.0370258579954284,-0.0014118338730592871,0.02170832945361009,0
2019-05-27,0.0,0.0,1,1.0,0.0,0.0,0.2,0.15,1.0,0.0,0.0,1.0,0.0,450.0,850.0,0.0,896.5210538520554,-50.0,596.03956067927,0.0,0.016949152542372836,0.0330739299610896,0.00046213284056175754,0.03364530181262198,-0.0015910453425933336,0.021679689837309165,0
2019-05-28,300.0,0.011111111111111072,0,1.0,1.0,0.0,0.4,0.2,2.0,0.0,0.0,0.0,0.0,0.0,450.0,300.0,358.8175023601831,-95.0,552.9585498884499,0.0,0.0,0.016949152542372836,0.011573243951672873,0.01390120083976775,-0.003198188199736196,0.02018736859173863,0
2019-05-29,-300.0,-0.01098901098901095,0,0.0,1.0,1.0,0.4,0.2,0.0,1.0,1.0,0.0,300.0,0.0,0.0,320.0,354.6124645299429,-85.0,558.4518072785081,0.011111111111111072,0.0,0.0,0.0122268387229147,0.013758065628189665,-0.0028156430248034827,0.020391641938838172,0
2019-05-30,0.0,0.0,1,0.0,0.0,1.0,0.4,0.2,0.0,2.0,0.0,0.0,-300.0,300.0,0.0,90.0,292.4038303442689,-55.0,527.631250820216,-0.01098901098901095,0.011111111111111072,0.0,0.0034142505328945915,0.010876619316655983,-0.001813369436322998,0.019400179244025522,0
2019-05-31,500.0,0.0185185185185186,0,1.0,0.0,0.0,0.6,0.25,1.0,0.0,0.0,1.0,0.0,-300.0,300.0,0.0,212.13203435596427,-65.0,524.4295146056085,0.0,-0.01098901098901095,0.011111111111111072,2.4420024420024332e-05,0.007813644651378838,-0.002169241322443993,0.01929271506297999,0
2019-06-03,300.0,0.01090909090909098,0,0.0,1.0,0.0,0.4,0.25,0.0,1.0,1.0,0.0,500.0,0.0,-300.0,100.0,308.2207001484488,-75.0,510.80431931570365,0.0185185185185186,0.0,-0.01098901098901095,0.0037281237281237443,0.01137602905345015,-0.002480064513125835,0.01888215834450006,0
2019-06-04,0.0,0.0,1,0.0,0.0,1.0,0.2,0.2,0.0,2.0,0.0,0.0,300.0,500.0,0.0,160.0,313.04951684997053,-60.0,517.4837907453826,0.01090909090909098,0.0185185185185186,0.0,0.0059099419099419405,0.011527379128938356,-0.0019346099676712859,0.019113718579646517,0
2019-06-05,-800.0,-0.02877697841726623,0,1.0,0.0,0.0,0.4,0.2,1.0,0.0,0.0,1.0,0.0,300.0,500.0,100.0,308.2207001484488,-60.0,517.4837907453826,0.0,0.01090909090909098,0.0185185185185186,0.003687719687719726,0.01134356395301033,-0.0019346099676712859,0.019113718579646517,0
2019-06-07,0.0,0.0,1,0.0,1.0,0.0,0.4,0.2,0.0,1.0,1.0,0.0,-800.0,0.0,300.0,0.0,494.9747468305833,-110.0,538.9072764693193,-0.02877697841726623,0.0,0.01090909090909098,0.00013012620206866998,0.017958101342214598,-0.0037182864747414947,0.019894780868644144,0
2019-06-10,-100.0,-0.0037037037037036535,0,1.0,0.0,1.0,0.4,0.25,1.0,0.0,0.0,1.0,0.0,-800.0,0.0,0.0,494.9747468305833,-115.0,537.3179006098622,0.0,-0.02877697841726623,0.0,0.00013012620206866998,0.017958101342214598,-0.0038895193514538184,0.01984474131807822,0
2019-06-11,100.0,0.0037174721189590088,0,0.0,1.0,0.0,0.4,0.25,0.0,1.0,1.0,0.0,-100.0,0.0,-800.0,-120.0,408.656334834051,-105.0,535.5518550744499,-0.0037037037037036535,0.0,-0.02877697841726623,-0.004314318242375781,0.01472899744494642,-0.0035627591441475316,0.0197884146729947,0
2019-06-12,300.0,0.011111111111111072,0,0.0,0.0,1.0,0.4,0.25,0.0,2.0,0.0,0.0,100.0,-100.0,0.0,-160.0,364.6916505762094,-75.0,529.0259171842453,0.0037174721189590088,-0.0037037037037036535,0.0,-0.005752642000402175,0.013135705700341203,-0.0025148165726823378,0.019579768284028715,0
2019-06-13,0.0,0.0,1,0.0,0.0,0.0,0.2,0.25,0.0,3.0,0.0,0.0,300.0,100.0,-100.0,-100.0,418.33001326703777,-45.0,532.5954325159412,0.011111111111111072,0.0037174721189590088,-0.0037037037037036535,-0.0035304197781799605,0.015139261689234514,-0.0014329452276530986,0.019711140409300856,0
2019-06-14,100.0,0.00366300366300365,0,1.0,0.0,0.0,0.4,0.3,1.0,0.0,0.0,1.0,0.0,300.0,100.0,60.0,151.65750888103102,-35.0,531.4082581613741,0.0,0.011111111111111072,0.0037174721189590088,0.0022249759052732853,0.005617855936838286,-0.0010783352985750839,0.019667717722643363,0
2019-06-17,100.0,0.0036496350364962904,0,0.0,1.0,0.0,0.2,0.3,0.0,1.0,1.0,0.0,100.0,0.0,300.0,80.0,148.32396974191326,-27.5,532.2432665021161,0.00366300366300365,0.0,0.011111111111111072,0.0029575766378740153,0.005492611132107328,-0.0008058994011391873,0.019695121987151676,0
2019-06-18,150.0,0.005454545454545379,0,0.0,0.0,1.0,0.2,0.3,0.0,2.0,0.0,0.0,100.0,100.0,0.0,120.0,109.54451150103323,25.0,486.25854071785005,0.0036496350364962904,0.00366300366300365,0.0,0.004428244385914004,0.004061006005492567,0.0010760456780559314,0.018090329428826414,0
2019-06-19,100.0,0.003616636528029016,0,0.0,0.0,0.0,0.2,0.3,0.0,3.0,0.0,0.0,150.0,100.0,100.0,130.0,109.54451150103323,107.5,328.18279566184066,0.005454545454545379,0.0036496350364962904,0.00366300366300365,0.004775659053031278,0.004059300771683076,0.0041265507285609794,0.012234252474900542,0
2019-06-20,50.0,0.0018018018018017834,0,0.0,0.0,0.0,0.2,0.3,0.0,4.0,0.0,0.0,100.0,150.0,100.0,90.0,54.772255750516614,102.5,327.46032302844736,0.003616636528029016,0.005454545454545379,0.0036496350364962904,0.003276764136414867,0.001992714329619897,0.003915225692217333,0.01220313930799647,0
2019-06-21,200.0,0.007194244604316502,0,0.0,0.0,0.0,0.0,0.3,0.0,5.0,0.0,0.0,50.0,100.0,150.0,100.0,35.35533905932738,62.5,276.19358199792134,0.0018018018018017834,0.003616636528029016,0.005454545454545379,0.0036371244967752236,0.0012915760076479485,0.0023516192842529425,0.01009104552602399,0
2019-06-24,0.0,0.0,1,0.0,0.0,0.0,0.0,0.3,0.0,6.0,0.0,0.0,200.0,50.0,100.0,120.0,57.0087712549569,50.0,263.07893552276255,0.007194244604316502,0.0018018018018017834,0.003616636528029016,0.004343372685037794,0.0020512907854102615,0.001863873887350126,0.009570678707941066,0
2019-06-25,150.0,0.005357142857142838,0,1.0,0.0,0.0,0.2,0.3,1.0,0.0,0.0,1.0,0.0,200.0,50.0,100.0,79.05694150420949,50.0,263.07893552276255,0.0,0.007194244604316502,0.0018018018018017834,0.003613445677738536,0.0028526664158923538,0.001863873887350126,0.009570678707941066,0
2019-06-26,-50.0,-0.001776198934280604,0,0.0,1.0,0.0,0.2,0.25,0.0,1.0,1.0,0.0,150.0,0.0,200.0,100.0,79.05694150420949,57.5,263.715855859255,0.005357142857142838,0.0,0.007194244604316502,0.003593965158258028,0.002837241474282224,0.0021317310302072677,0.009590713383624567,0
2019-06-27,0.0,0.0,1,0.0,0.0,1.0,0.2,0.25,0.0,2.0,0.0,0.0,-50.0,150.0,0.0,70.0,103.6822067666386,40.0,258.3347481568508,-0.001776198934280604,0.005357142857142838,0.0,0.002515398065796104,0.003715554139648078,0.001487365527937684,0.00938641906073142,0
2019-06-28,-50.0,-0.001779359430605032,0,1.0,0.0,0.0,0.4,0.3,1.0,0.0,0.0,1.0,0.0,-50.0,150.0,60.0,108.39741694339399,55.0,245.96747752497765,0.0,-0.001776198934280604,0.005357142857142838,0.0021550377054357474,0.0038855527313836832,0.0020368160773882316,0.008928095099429783,0
2019-07-01,0.0,0.0,1,0.0,1.0,0.0,0.4,0.25,0.0,1.0,1.0,0.0,-50.0,0.0,-50.0,10.0,82.15838362577492,52.5,246.8085770069811,-0.001779359430605032,0.0,-0.001776198934280604,0.0003603168984514404,0.002931332499593803,0.00194784810585798,0.008958274709834407,0
2019-07-02,50.0,0.0017825311942958333,0,1.0,0.0,1.0,0.4,0.3,1.0,0.0,0.0,1.0,0.0,-50.0,0.0,10.0,82.15838362577492,27.5,223.29765360447377,0.0,-0.001779359430605032,0.0,0.0003603168984514404,0.002931332499593803,0.00102192217993205,0.008068206765064272,0
2019-07-03,0.0,0.0,1,0.0,1.0,0.0,0.4,0.3,0.0,1.0,1.0,0.0,50.0,0.0,-50.0,-10.0,41.83300132670378,15.0,214.04623209410764,0.0017825311942958333,0.0,-0.001779359430605032,-0.0003546054341179605,0.001489101660945203,0.0005655941941922927,0.007730598681981527,0
2019-07-04,50.0,0.001779359430605032,0,1.0,0.0,1.0,0.6,0.3,1.0,0.0,0.0,1.0,0.0,50.0,0.0,0.0,35.35533905932738,15.0,214.04623209410764,0.0,0.0017825311942958333,0.0,6.343527381602598e-07,0.001259318806924246,0.0005655941941922927,0.007730598681981527,0
2019-07-05,0.0,0.0,1,0.0,1.0,0.0,0.4,0.3,0.0,1.0,1.0,0.0,50.0,0.0,50.0,10.0,41.83300132670378,57.5,94.97229512918838,0.001779359430605032,0.0,0.0017825311942958333,0.00035650623885916664,0.001489477587399765,0.0020934110865858556,0.003473835534633618,0
2019-07-08,50.0,0.001776198934280604,0,1.0,0.0,1.0,0.6,0.3,1.0,0.0,0.0,1.0,0.0,50.0,0.0,20.0,27.386127875258307,57.5,94.97229512918838,0.0,0.001779359430605032,0.0,0.0007123781249801731,0.00097546456588105,0.0020934110865858556,0.003473835534633618,0
2019-07-09,0.0,0.0,1,0.0,1.0,0.0,0.4,0.3,0.0,1.0,1.0,0.0,50.0,0.0,50.0,30.0,27.386127875258307,65.0,87.50939799154432,0.001776198934280604,0.0,0.001779359430605032,0.0010676179118362938,0.0009745999265955804,0.0023674062184850684,0.0031976615643612284,0
2019-07-10,0.0,0.0,1,1.0,0.0,1.0,0.6,0.35,1.0,0.0,0.0,1.0,0.0,50.0,0.0,20.0,27.386127875258307,60.0,88.257995015811,0.0,0.001776198934280604,0.0,0.0007111116729771272,0.0009737304016242814,0.002181532612537118,0.003222998803367074,0
2019-07-11,0.0,0.0,1,1.0,1.0,0.0,0.6,0.4,2.0,0.0,0.0,0.0,0.0,0.0,50.0,20.0,27.386127875258307,45.0,68.63327411532883,0.0,0.0,0.001776198934280604,0.0007111116729771272,0.0009737304016242814,0.0016259770569815647,0.0024731779823453895,0
2019-07-12,0.0,0.0,1,1.0,1.0,1.0,0.8,0.4,3.0,0.0,0.0,0.0,0.0,0.0,0.0,10.0,22.360679774997898,45.0,68.63327411532883,0.0,0.0,0.0,0.00035523978685612077,0.0007943403117210267,0.0016259770569815647,0.0024731779823453895,0
2019-07-15,100.0,0.0035460992907800915,0,1.0,1.0,1.0,0.8,0.45,4.0,0.0,0.0,0.0,0.0,0.0,0.0,10.0,22.360679774997898,40.0,68.05570473787493,0.0,0.0,0.0,0.00035523978685612077,0.0007943403117210267,0.0014428268738313822,0.0024499089297706765,0
2019-07-16,-50.0,-0.0017667844522968323,0,0.0,1.0,1.0,0.8,0.45,0.0,1.0,1.0,0.0,100.0,0.0,0.0,20.0,44.721359549995796,40.0,68.05570473787493,0.0035460992907800915,0.0,0.0,0.0007092198581560183,0.0015858638138287141,0.001437650086545572,0.0024451050793240885,0
2019-07-17,0.0,0.0,1,0.0,0.0,1.0,0.6,0.45,0.0,2.0,0.0,0.0,-50.0,100.0,0.0,10.0,54.772255750516614,30.0,65.6946685331816,-0.0017667844522968323,0.0035460992907800915,0.0,0.00035586296769665184,0.0019405640431359211,0.0010765835912034615,0.002352130167415864,0
2019-07-18,100.0,0.003539823008849474,0,1.0,0.0,0.0,0.6,0.5,1.0,0.0,0.0,1.0,0.0,-50.0,100.0,10.0,54.772255750516614,25.0,63.86663736585357,0.0,-0.0017667844522968323,0.0035460992907800915,0.00035586296769665184,0.0019405640431359211,0.0008957517648020108,0.002284627926439372,0
2019-07-19,50.0,0.0017636684303350414,0,0.0,1.0,0.0,0.4,0.5,0.0,1.0,1.0,0.0,100.0,0.0,-50.0,30.0,67.08203932499369,27.5,65.84471365105831,0.003539823008849474,0.0,-0.0017667844522968323,0.0010638275694665467,0.0023752920308423167,0.0009826528251543954,0.0023529390431108275,0
2019-07-22,0.0,0.0,1,0.0,0.0,1.0,0.2,0.5,0.0,2.0,0.0,0.0,50.0,100.0,0.0,40.0,65.19202405202648,20.0,52.31483637806342,0.0017636684303350414,0.003539823008849474,0.0,0.001416561255533555,0.0023078123728806467,0.0007111240164553223,0.0018601312310358121,0
2019-07-23,200.0,0.007042253521126751,0,1.0,0.0,0.0,0.4,0.5,1.0,0.0,0.0,1.0,0.0,50.0,100.0,20.0,57.0087712549569,20.0,52.31483637806342,0.0,0.0017636684303350414,0.003539823008849474,0.0007073413973775367,0.0020162304744737744,0.0007111240164553223,0.0018601312310358121,0
2019-07-24,-200.0,-0.006993006993006978,0,0.0,1.0,0.0,0.4,0.5,0.0,1.0,1.0,0.0,200.0,0.0,50.0,70.0,83.66600265340756,22.5,59.54874164564133,0.007042253521126751,0.0,0.0017636684303350414,0.0024691489920622535,0.0029474872432692974,0.000795379549654518,0.0021038486734682154,0
2019-07-25,50.0,0.0017605633802817433,0,0.0,0.0,1.0,0.2,0.5,0.0,2.0,0.0,0.0,-200.0,200.0,0.0,30.0,148.32396974191326,15.0,76.26132357679481,-0.006993006993006978,0.007042253521126751,0.0,0.0010705475934608577,0.005205909958327929,0.0005345391467181992,0.0026831109232128532,0
2019-07-26,50.0,0.0017574692442883233,0,0.0,0.0,0.0,0.2,0.45,0.0,3.0,0.0,0.0,50.0,-200.0,200.0,20.0,144.04860290887933,17.5,76.56266783010861,0.0017605633802817433,-0.006993006993006978,0.007042253521126751,0.0007146956677473115,0.0050535047670087554,0.0006225673157322864,0.0026935109591106066,0
2019-07-29,0.0,0.0,1,0.0,0.0,0.0,0.2,0.45,0.0,4.0,0.0,0.0,50.0,50.0,-200.0,20.0,144.04860290887933,22.5,75.17523388373377,0.0017574692442883233,0.0017605633802817433,-0.006993006993006978,0.0007134558305379679,0.005053183820870277,0.0007994087494769542,0.002643147215855631,0
2019-07-30,100.0,0.0035087719298245723,0,1.0,0.0,0.0,0.2,0.45,1.0,0.0,0.0,1.0,0.0,50.0,50.0,20.0,144.04860290887933,22.5,75.17523388373377,0.0,0.0017574692442883233,0.0017605633802817433,0.0007134558305379679,0.005053183820870277,0.0007994087494769542,0.002643147215855631,0
2019-07-31,0.0,0.0,1,0.0,1.0,0.0,0.2,0.45,0.0,1.0,1.0,0.0,100.0,0.0,50.0,0.0,117.26039399558574,25.0,76.94837640638909,0.0035087719298245723,0.0,0.0017574692442883233,6.759512277532131e-06,0.004104926319842272,0.0008857207862533912,0.002704415888259022,0
2019-08-01,0.0,0.0,1,1.0,0.0,1.0,0.4,0.45,1.0,0.0,0.0,1.0,0.0,100.0,0.0,40.0,41.83300132670378,25.0,76.94837640638909,0.0,0.0035087719298245723,0.0,0.0014053609108789279,0.0014683805336994202,0.0008857207862533912,0.002704415888259022,0
2019-08-02,0.0,0.0,1,1.0,1.0,0.0,0.6,0.5,2.0,0.0,0.0,0.0,0.0,0.0,100.0,30.0,44.721359549995796,22.5,76.90561542703443,0.0,0.0,0.0035087719298245723,0.001053248234822579,0.0015695157994862917,0.0007967528147231395,0.0027027378508901064,0
2019-08-05,0.0,0.0,1,1.0,1.0,1.0,0.8,0.5,3.0,0.0,0.0,0.0,0.0,0.0,0.0,20.0,44.721359549995796,22.5,76.90561542703443,0.0,0.0,0.0,0.0007017543859649145,0.0015691705105252624,0.0007967528147231395,0.0027027378508901064,0
2019-08-06,0.0,0.0,1,1.0,1.0,1.0,0.8,0.55,4.0,0.0,0.0,0.0,0.0,0.0,0.0,20.0,44.721359549995796,20.0,76.77718959499398,0.0,0.0,0.0,0.0007017543859649145,0.0015691705105252624,0.0007079428680091093,0.0026980382945274326,0
2019-08-07,50.0,0.0017482517482516613,0,1.0,1.0,1.0,1.0,0.55,5.0,0.0,0.0,0.0,0.0,0.0,0.0,0.0,0.0,20.0,76.77718959499398,0.0,0.0,0.0,0.0,0.0,0.0007079428680091093,0.0026980382945274326,0
2019-08-08,50.0,0.0017452006980802626,0,0.0,1.0,1.0,0.8,0.5,0.0,1.0,1.0,0.0,50.0,0.0,0.0,10.0,22.360679774997898,22.5,76.90561542703443,0.0017482517482516613,0.0,0.0,0.00034965034965033225,0.0007818419501728887,0.0007953554554216924,0.002702211982696834,0
2019-08-09,100.0,0.0034843205574912606,0,0.0,0.0,1.0,0.6,0.45,0.0,2.0,0.0,0.0,50.0,50.0,0.0,20.0,27.386127875258307,25.0,76.94837640638909,0.0017452006980802626,0.0017482517482516613,0.0,0.0006986904892663848,0.0009567219623376602,0.0008826154903257055,0.0027033543666290997,0
2019-08-12,700.0,0.02430555555555558,0,0.0,0.0,0.0,0.4,0.4,0.0,3.0,0.0,0.0,100.0,50.0,50.0,40.0,41.83300132670378,30.0,78.47225456709204,0.0034843205574912606,0.0017452006980802626,0.0017482517482516613,0.0013955546007646368,0.0014581440412912599,0.0010568315182002685,0.002755255327410587,0
2019-08-13,500.0,0.016949152542372836,0,0.0,0.0,0.0,0.2,0.4,0.0,4.0,0.0,0.0,700.0,100.0,50.0,180.0,292.8310092869264,60.0,169.05309038412,0.02430555555555558,0.0034843205574912606,0.0017452006980802626,0.006256665711875753,0.0101645622275701,0.002094804331439043,0.005880369530844066,0
2019-08-14,500.0,0.016666666666666607,0,0.0,0.0,0.0,0.0,0.4,0.0,5.0,0.0,0.0,500.0,700.0,100.0,280.0,301.24740662784137,87.5,193.22403141377075,0.016949152542372836,0.02430555555555558,0.0034843205574912606,0.00964649622035032,0.01038029329452986,0.0030306011811725266,0.00666973387192544,0
2019-08-16,-600.0,-0.01967213114754096,0,0.0,0.0,0.0,0.0,0.35,0.0,6.0,0.0,0.0,500.0,500.0,700.0,370.0,281.95744359743367,112.5,212.6740773058511,0.016666666666666607,0.016949152542372836,0.02430555555555558,0.01263017920403331,0.009661659564233059,0.0038639345145058566,0.0072840507023017535,0
2019-08-19,0.0,0.0,1,0.0,0.0,0.0,0.0,0.35,0.0,7.0,0.0,0.0,-600.0,500.0,500.0,240.0,517.6871642217914,77.5,265.8031523317097,-0.01967213114754096,0.016666666666666607,0.016949152542372836,0.008346712834909065,0.017368122656448902,0.002703336806686335,0.008988273342271884,0
2019-08-20,-800.0,-0.026755852842809347,0,1.0,0.0,0.0,0.2,0.4,1.0,0.0,0.0,1.0,0.0,-600.0,500.0,220.0,526.3078946776307,75.0,266.3100685884395,0.0,-0.01967213114754096,0.016666666666666607,0.007649848723410813,0.01767910770498109,0.002615153385169583,0.009006610504304676,0
2019-08-21,300.0,0.010309278350515427,0,0.0,1.0,0.0,0.2,0.35,0.0,1.0,1.0,0.0,-800.0,0.0,-600.0,-80.0,605.8052492344384,35.0,330.5099727773181,-0.026755852842809347,0.0,-0.01967213114754096,-0.0025624329562621726,0.020218120842685997,0.0012773607430291156,0.011148010960887963,0
2019-08-22,50.0,0.001700680272108901,0,0.0,0.0,1.0,0.2,0.35,0.0,2.0,0.0,0.0,300.0,-800.0,0.0,-120.0,563.0275304103699,40.0,333.8767500298976,0.010309278350515427,-0.026755852842809347,0.0,-0.0038904077946336547,0.01878331067114873,0.0014407119844985494,0.011260299831618843,0
2019-08-23,50.0,0.001697792869269854,0,0.0,0.0,0.0,0.2,0.35,0.0,3.0,0.0,0.0,50.0,300.0,-800.0,-210.0,466.9047011971501,52.5,329.06366365316376,0.001700680272108901,0.010309278350515427,-0.026755852842809347,-0.006883605073545196,0.015613470503749075,0.0018753963477543434,0.011084018014256751,0
2019-08-26,100.0,0.003389830508474523,0,0.0,0.0,0.0,0.2,0.35,0.0,4.0,0.0,0.0,50.0,50.0,300.0,-80.0,419.2254763250917,52.5,329.06366365316376,0.001697792869269854,0.001700680272108901,0.010309278350515427,-0.002609620270183033,0.014087947913878343,0.0018722578222037489,0.011084061128355471,0
2019-08-27,100.0,0.0033783783783782884,0,0.0,0.0,0.0,0.0,0.35,0.0,5.0,0.0,0.0,100.0,50.0,50.0,-60.0,426.3214749458441,55.0,329.23355971423337,0.003389830508474523,0.001697792869269854,0.001700680272108901,-0.0019316541684881283,0.014324508780516212,0.0019538758854130587,0.011089180196363407,0
2019-08-28,0.0,0.0,1,0.0,0.0,0.0,0.0,0.3,0.0,6.0,0.0,0.0,100.0,100.0,50.0,120.0,103.6822067666386,60.0,329.1136421871397,0.0033783783783782884,0.003389830508474523,0.001697792869269854,0.004095192075749399,0.0035744732052623227,0.0021227948043319733,0.011083580400694296,0
2019-08-29,50.0,0.0016835016835017313,0,1.0,0.0,0.0,0.2,0.35,1.0,0.0,0.0,1.0,0.0,100.0,100.0,60.0,41.83300132670378,55.0,329.23355971423337,0.0,0.0033783783783782884,0.003389830508474523,0.002033336405646313,0.00141482513636114,0.0019473562078407447,0.011088256202517228,0
2019-08-30,200.0,0.006722689075630228,0,0.0,1.0,0.0,0.2,0.3,0.0,1.0,1.0,0.0,50.0,0.0,100.0,60.0,41.83300132670378,57.5,328.9836822061166,0.0016835016835017313,0.0,0.0033783783783782884,0.0020299006879248792,0.001415855384103006,0.0020315312920158313,0.011079081286143327,0
2019-09-02,0.0,0.0,1,0.0,0.0,1.0,0.2,0.25,0.0,2.0,0.0,0.0,200.0,50.0,0.0,90.0,74.16198487095663,67.5,330.1813696169208,0.006722689075630228,0.0016835016835017313,0.0,0.003034879929196954,0.0024940246964698046,0.002367665745797343,0.011116121330596722,0
2019-09-03,50.0,0.0016694490818029983,0,1.0,0.0,0.0,0.4,0.25,1.0,0.0,0.0,1.0,0.0,200.0,50.0,70.0,83.66600265340756,67.5,330.1813696169208,0.0,0.006722689075630228,0.0016835016835017313,0.0023569138275020495,0.0028136698830033948,0.002367665745797343,0.011116121330596722,0
2019-09-04,0.0,0.0,1,0.0,1.0,0.0,0.4,0.2,0.0,1.0,1.0,0.0,50.0,0.0,200.0,60.0,82.15838362577492,70.0,329.8324933723342,0.0016694490818029983,0.0,0.006722689075630228,0.0020151279681869918,0.0027618871683065265,0.0024511381998874927,0.011103667548936066,0
2019-09-05,100.0,0.0033333333333334103,0,1.0,0.0,1.0,0.4,0.2,1.0,0.0,0.0,1.0,0.0,50.0,0.0,60.0,82.15838362577492,70.0,329.8324933723342,0.0,0.0016694490818029983,0.0,0.0020151279681869918,0.0027618871683065265,0.0024511381998874927,0.011103667548936066,0
2019-09-06,200.0,0.006644518272425293,0,0.0,1.0,0.0,0.4,0.2,0.0,1.0,1.0,0.0,100.0,0.0,50.0,70.0,83.66600265340756,72.5,329.8624115086716,0.0033333333333334103,0.0,0.0016694490818029983,0.0023450942981533274,0.0028104885437977836,0.00253039227914158,0.01110404341342339,0
2019-09-09,450.0,0.014851485148514865,0,0.0,0.0,1.0,0.4,0.2,0.0,2.0,0.0,0.0,200.0,100.0,0.0,70.0,83.66600265340756,80.0,331.02710971825474,0.006644518272425293,0.0033333333333334103,0.0,0.0023294601375123403,0.0027801021455663775,0.0027753581578588314,0.011139793921488865,0
2019-09-10,-450.0,-0.014634146341463428,0,0.0,0.0,0.0,0.2,0.2,0.0,3.0,0.0,0.0,450.0,200.0,100.0,160.0,178.18529681205462,97.5,341.23421498097844,0.014851485148514865,0.006644518272425293,0.0033333333333334103,0.005299757167215313,0.005877441522034336,0.0033437163874100117,0.011463155525696808,0
2019-09-11,450.0,0.014851485148514865,0,0.0,0.0,0.0,0.2,0.2,0.0,4.0,0.0,0.0,-450.0,450.0,200.0,60.0,330.5298776207682,40.0,331.1065975594096,-0.014634146341463428,0.014851485148514865,0.006644518272425293,0.002039038082562028,0.010830480170944951,0.0013967312925590614,0.011013543302191104,0
2019-09-16,50.0,0.001626016260162677,0,0.0,0.0,0.0,0.0,0.2,0.0,5.0,0.0,0.0,450.0,-450.0,450.0,150.0,369.120576505835,37.5,327.62101018675503,0.014851485148514865,-0.014634146341463428,0.014851485148514865,0.005009335112265001,0.012094265213576646,0.0012918479228661629,0.010866649048890897,0
2019-09-17,200.0,0.006493506493506551,0,0.0,0.0,0.0,0.0,0.2,0.0,6.0,0.0,0.0,50.0,450.0,-450.0,140.0,371.4835124201342,15.0,309.11588697274647,0.001626016260162677,0.014851485148514865,-0.014634146341463428,0.004667871697630855,0.012177231647624817,0.0005398154025409663,0.0102495512824089,0
2019-09-18,300.0,0.00967741935483879,0,0.0,0.0,0.0,0.0,0.2,0.0,7.0,0.0,0.0,200.0,50.0,450.0,140.0,371.4835124201342,55.0,275.2510815505313,0.006493506493506551,0.001626016260162677,0.014851485148514865,0.004637669341847106,0.012171289292988365,0.0018480972845933419,0.009144179491633526,0
2019-09-19,2200.0,0.07028753993610226,0,0.0,0.0,0.0,0.0,0.15,0.0,8.0,0.0,0.0,300.0,200.0,50.0,110.0,345.3259329966401,70.0,280.225473127398,0.00967741935483879,0.006493506493506551,0.001626016260162677,0.003602856183111891,0.011272577208738787,0.0023319682523352814,0.00929602221430122,0
2019-09-20,1000.0,0.029850746268656803,0,0.0,0.0,0.0,0.0,0.15,0.0,9.0,0.0,0.0,2200.0,300.0,200.0,640.0,884.1662739553008,220.0,503.7752213876849,0.07028753993610226,0.00967741935483879,0.006493506493506551,0.02058719343862503,0.028196649684926318,0.007184137891280862,0.01612923454618189,0
2019-09-23,400.0,0.011594202898550732,0,0.0,0.0,0.0,0.0,0.15,0.0,10.0,0.0,0.0,1000.0,2200.0,300.0,750.0,888.8194417315589,255.0,533.0893082085929,0.029850746268656803,0.07028753993610226,0.00967741935483879,0.023587045662653416,0.02823173616886381,0.008161211287187931,0.01690189512559059,0
2019-09-24,700.0,0.02005730659025784,0,0.0,0.0,0.0,0.0,0.15,0.0,11.0,0.0,0.0,400.0,1000.0,2200.0,820.0,831.8653737234168,272.5,531.7486050262556,0.011594202898550732,0.029850746268656803,0.07028753993610226,0.025580682990331026,0.026597895709102683,0.008655887418510023,0.016847551749050397,0
2019-09-25,1400.0,0.0393258426966292,0,0.0,0.0,0.0,0.0,0.15,0.0,12.0,0.0,0.0,700.0,400.0,1000.0,920.0,766.1592523751182,305.0,537.2689221766344,0.02005730659025784,0.011594202898550732,0.029850746268656803,0.028293443009681285,0.024795081519488105,0.009573863104559422,0.016948348298614555,0
2019-09-26,1000.0,0.027027027027026973,0,0.0,0.0,0.0,0.0,0.15,0.0,13.0,0.0,0.0,1400.0,700.0,400.0,1140.0,698.5699678629193,370.0,587.4566053402541,0.0393258426966292,0.02005730659025784,0.011594202898550732,0.03422312767803937,0.022685545921557356,0.011370663713967156,0.01812246624448868,0
2019-09-27,1000.0,0.026315789473684292,0,0.0,0.0,0.0,0.0,0.15,0.0,14.0,0.0,0.0,1000.0,1400.0,700.0,900.0,374.16573867739413,415.0,600.021929423812,0.027027027027026973,0.0393258426966292,0.02005730659025784,0.02557102509622431,0.01043292399887348,0.01255309614639959,0.01834369823102846,0
2019-09-30,-3900.0,-0.09999999999999998,0,0.0,0.0,0.0,0.0,0.1,0.0,15.0,0.0,0.0,1000.0,1000.0,1400.0,900.0,374.16573867739413,465.0,605.262013728896,0.026315789473684292,0.027027027027026973,0.0393258426966292,0.024864033737229806,0.01018728483724666,0.013868885620083805,0.018339688766527303,0
2019-10-01,-3250.0,-0.09259259259259256,0,0.0,0.0,0.0,0.0,0.1,0.0,16.0,0.0,0.0,-3900.0,1000.0,1000.0,40.0,2216.5288177689004,267.5,1148.4858452946235,-0.09999999999999998,0.026315789473684292,0.027027027027026973,0.002545193157519665,0.05774817827419559,0.008784710535908718,0.031364749155327346,0
2019-10-02,50.0,0.0015698587127157548,0,0.0,0.0,0.0,0.0,0.1,0.0,17.0,0.0,0.0,-3250.0,-3900.0,1000.0,-750.0,2594.2243542145693,95.0,1392.3569566518647,-0.09259259259259256,-0.09999999999999998,0.026315789473684292,-0.019984786679050414,0.06990338435892249,0.003818946452497579,0.03871021332686668,1
2019-10-04,50.0,0.0015673981191222097,0,0.0,0.0,0.0,0.0,0.05,0.0,18.0,0.0,0.0,50.0,-3250.0,-3900.0,-1020.0,2375.552567298817,97.5,1392.2222863956902,0.0015698587127157548,-0.09259259259259256,-0.09999999999999998,-0.027535983475833102,0.06365469679260095,0.003897439388133367,0.038703653112807615,0
2019-10-07,100.0,0.003129890453834161,0,0.0,0.0,0.0,0.0,0.05,0.0,19.0,0.0,0.0,50.0,50.0,-3250.0,-1210.0,2205.504477438212,97.5,1392.2222863956902,0.0015673981191222097,0.0015698587127157548,-0.09259259259259256,-0.03262790925741406,0.05905067285673503,0.0038923368399993276,0.03870396902810693,0
2019-10-08,50.0,0.0015600624024960652,0,0.0,0.0,0.0,0.0,0.0,0.0,20.0,0.0,0.0,100.0,50.0,50.0,-1390.0,2007.921811226722,102.5,1392.0332535350474,0.003129890453834161,0.0015673981191222097,0.0015698587127157548,-0.03726508906138408,0.05395523908006546,0.004048831362691035,0.038693728840287114,0
2019-10-10,100.0,0.0031152647975076775,0,0.0,0.0,0.0,0.0,0.0,0.0,21.0,0.0,0.0,50.0,100.0,50.0,-600.0,1481.5532390029055,100.0,1392.0828771456484,0.0015600624024960652,0.003129890453834161,0.0015673981191222097,-0.016953076580884872,0.04228919890889836,0.003960167816149168,0.03869748610682147,0
2019-10-11,300.0,0.009316770186335477,0,0.0,0.0,0.0,0.0,0.0,0.0,22.0,0.0,0.0,100.0,50.0,100.0,70.0,27.386127875258307,95.0,1391.8843720881266,0.0031152647975076775,0.0015600624024960652,0.003129890453834161,0.0021884948971351735,0.000852720261728423,0.0037837051424032876,0.038692647561465225,0
2019-10-14,50.0,0.0015384615384614886,0,0.0,0.0,0.0,0.0,0.0,0.0,23.0,0.0,0.0,300.0,100.0,50.0,120.0,103.6822067666386,87.5,1390.2740169136673,0.009316770186335477,0.0031152647975076775,0.0015600624024960652,0.003737877191859118,0.00321462275286616,0.003506969394294318,0.03862906318742986,0
2019-10-15,100.0,0.003072196620583778,0,0.0,0.0,0.0,0.0,0.0,0.0,24.0,0.0,0.0,50.0,300.0,100.0,120.0,103.6822067666386,112.5,1384.583824988958,0.0015384615384614886,0.009316770186335477,0.0031152647975076775,0.0037320898757269736,0.0032195294733493593,0.004315599788290564,0.03839790510513011,0
2019-10-16,50.0,0.0015313935681469104,0,0.0,0.0,0.0,0.0,0.0,0.0,25.0,0.0,0.0,100.0,50.0,300.0,120.0,103.6822067666386,95.0,1382.303569370613,0.003072196620583778,0.0015384615384614886,0.009316770186335477,0.003720551109076897,0.003222329489974498,0.0037266353618940094,0.03831805044073218,0
2019-10-17,0.0,0.0,1,0.0,0.0,0.0,0.0,0.0,0.0,26.0,0.0,0.0,50.0,100.0,50.0,120.0,103.6822067666386,95.0,1382.303569370613,0.0015313935681469104,0.003072196620583778,0.0015384615384614886,0.003714817342207066,0.003227156808832349,0.0037219042272932214,0.038318329295686855,0
2019-10-18,50.0,0.001529051987767538,0,1.0,0.0,0.0,0.2,0.05,1.0,0.0,0.0,1.0,0.0,50.0,100.0,100.0,117.26039399558574,85.0,1382.227416736822,0.0,0.0015313935681469104,0.003072196620583778,0.0030917643827055308,0.0036454627263065214,0.0033972289026178936,0.03832111919505263,0
2019-10-21,50.0,0.0015267175572519776,0,0.0,1.0,0.0,0.2,0.05,0.0,1.0,1.0,0.0,50.0,0.0,50.0,50.0,35.35533905932738,72.5,1381.310876248394,0.001529051987767538,0.0,0.0015313935681469104,0.001534220742991943,0.001086192407168935,0.002989810534264331,0.03829414195216504,0
2019-10-22,100.0,0.0030487804878047697,0,0.0,0.0,1.0,0.2,0.05,0.0,2.0,0.0,0.0,50.0,50.0,0.0,50.0,35.35533905932738,-35.0,1287.500638732596,0.0015267175572519776,0.001529051987767538,0.0,0.0015318719467500407,0.0010861936418978069,-0.00044823058467818313,0.03486752264523561,0
2019-10-23,0.0,0.0,1,0.0,0.0,0.0,0.2,0.05,0.0,3.0,0.0,0.0,100.0,50.0,50.0,50.0,35.35533905932738,-80.0,1264.9526722995984,0.0030487804878047697,0.0015267175572519776,0.001529051987767538,0.0015271887201942392,0.0010779109736946968,-0.0017883288737207848,0.03414937958325281,0
2019-10-24,100.0,0.003039513677811634,0,1.0,0.0,0.0,0.4,0.1,1.0,0.0,0.0,1.0,0.0,100.0,50.0,40.0,41.83300132670378,-100.0,1260.1169536364891,0.0,0.0030487804878047697,0.0015267175572519776,0.0012209100065648571,0.0012758156923195906,-0.0023680390186483213,0.03400836358354614,0
2019-10-25,150.0,0.00454545454545463,0,0.0,1.0,0.0,0.2,0.1,0.0,1.0,1.0,0.0,100.0,0.0,100.0,60.0,41.83300132670378,-130.0,1247.1441059687659,0.003039513677811634,0.0,0.0030487804878047697,0.001828812742127184,0.0012727717894910422,-0.003218928664270632,0.03362852197613479,0
2019-10-28,250.0,0.007541478129713397,0,0.0,0.0,1.0,0.2,0.1,0.0,2.0,0.0,0.0,150.0,100.0,0.0,80.0,57.0087712549569,-192.5,1196.7362414412576,0.00454545454545463,0.003039513677811634,0.0,0.002432093253664602,0.001728463292365838,-0.00495794807182936,0.032180753174077543,0
2019-10-29,250.0,0.007485029940119681,0,0.0,0.0,0.0,0.2,0.1,0.0,3.0,0.0,0.0,250.0,150.0,100.0,120.0,90.82951062292474,-230.0,1168.8275727141463,0.007541478129713397,0.00454545454545463,0.003039513677811634,0.003635045368156886,0.002738657569109309,-0.0059322255166950385,0.0314480601984564,0
2019-10-30,250.0,0.007429420505200568,0,0.0,0.0,0.0,0.2,0.1,0.0,4.0,0.0,0.0,250.0,250.0,150.0,150.0,106.06601717798213,-267.5,1138.937062167593,0.007485029940119681,0.007541478129713397,0.00454545454545463,0.0045222952586198685,0.0031836925879057177,-0.006873763493373269,0.030704866503204135,0
2019-10-31,50.0,0.001474926253687281,0,0.0,0.0,0.0,0.0,0.1,0.0,5.0,0.0,0.0,250.0,250.0,250.0,200.0,70.71067811865476,-60.0,755.9587847300452,0.007429420505200568,0.007485029940119681,0.007541478129713397,0.006008179359659982,0.0020919224986657276,-0.001502292468113242,0.021604116127935197,0
2019-11-01,50.0,0.0014727540500736325,0,0.0,0.0,0.0,0.0,0.1,0.0,6.0,0.0,0.0,50.0,250.0,250.0,190.0,89.44271909999159,105.0,88.70412083230454,0.001474926253687281,0.007429420505200568,0.007485029940119681,0.0056952618748351115,0.0026810622891112047,0.00320108347420075,0.0026852912139619803,0
2019-11-04,150.0,0.004411764705882337,0,0.0,0.0,0.0,0.0,0.1,0.0,7.0,0.0,0.0,50.0,50.0,250.0,170.0,109.54451150103323,105.0,88.70412083230454,0.0014727540500736325,0.001474926253687281,0.007429420505200568,0.005080721775758912,0.0032928558183205033,0.003196228241068644,0.002688481728468722,0
2019-11-05,150.0,0.004392386530014614,0,0.0,0.0,0.0,0.0,0.1,0.0,8.0,0.0,0.0,150.0,50.0,50.0,150.0,100.0,110.0,88.25799501581163,0.004411764705882337,0.0014727540500736325,0.001474926253687281,0.0044547790909927,0.002991853867827504,0.00333844657040665,0.0026729706158330462,0
2019-11-06,300.0,0.008746355685131268,0,0.0,0.0,0.0,0.0,0.1,0.0,9.0,0.0,0.0,150.0,150.0,50.0,130.0,83.66600265340756,112.5,88.6670294149052,0.004392386530014614,0.004411764705882337,0.0014727540500736325,0.0038362504089716866,0.0024856257882249154,0.0034015713742156727,0.0026826760531486883,0
2019-11-07,200.0,0.005780346820809301,0,0.0,0.0,0.0,0.0,0.1,0.0,10.0,0.0,0.0,300.0,150.0,150.0,140.0,102.46950765959599,125.0,96.6545666958287,0.008746355685131268,0.004392386530014614,0.004411764705882337,0.004099637444957826,0.0029818090593322624,0.003760886038347433,0.002895838109722426,0
2019-11-08,200.0,0.005747126436781658,0,0.0,0.0,0.0,0.0,0.1,0.0,11.0,0.0,0.0,200.0,300.0,150.0,170.0,90.82951062292474,130.0,97.87209698592116,0.005780346820809301,0.008746355685131268,0.004392386530014614,0.004960721558382231,0.002635957462754215,0.0038941401395125143,0.0029257293355443065,0
2019-11-11,500.0,0.014285714285714235,0,0.0,0.0,0.0,0.0,0.1,0.0,12.0,0.0,0.0,200.0,200.0,300.0,200.0,61.237243569579455,125.0,91.04654680003539,0.005747126436781658,0.005780346820809301,0.008746355685131268,0.0058155960357238355,0.0017742287349368224,0.003715657952034823,0.0026757141154096814,0
2019-11-12,250.0,0.007042253521126751,0,0.0,0.0,0.0,0.0,0.1,0.0,13.0,0.0,0.0,500.0,200.0,200.0,270.0,139.64240043768942,147.5,121.90915513308943,0.014285714285714235,0.005747126436781658,0.005780346820809301,0.007790385951690215,0.003964364234043886,0.0043530205893974605,0.0035160590870163305,0
2019-11-13,600.0,0.016783216783216703,0,0.0,0.0,0.0,0.0,0.1,0.0,14.0,0.0,0.0,250.0,500.0,200.0,290.0,124.49899597988733,155.0,123.43760409722665,0.007042253521126751,0.014285714285714235,0.005747126436781658,0.008320359349912643,0.0035522414814628447,0.004551523434424609,0.003551827955594758,0
2019-11-14,400.0,0.011004126547455195,0,0.0,0.0,0.0,0.0,0.1,0.0,15.0,0.0,0.0,600.0,250.0,500.0,350.0,187.08286933869707,182.5,155.8296978654666,0.016783216783216703,0.007042253521126751,0.014285714285714235,0.00992773156952973,0.005220007997295782,0.005314114595178099,0.004404282526534823,0
2019-11-15,-1750.0,-0.04761904761904767,0,0.0,0.0,0.0,0.0,0.05,0.0,16.0,0.0,0.0,400.0,600.0,250.0,390.0,167.33200530681512,202.5,156.83967677385345,0.011004126547455195,0.016783216783216703,0.007042253521126751,0.010972487514858908,0.00467691631674677,0.005864320922550859,0.004392806733321685,0
2019-11-18,1250.0,0.03571428571428581,0,0.0,0.0,0.0,0.0,0.05,0.0,17.0,0.0,0.0,-1750.0,400.0,600.0,0.0,986.7877177995275,112.5,464.2126894567102,-0.04761904761904767,0.011004126547455195,0.016783216783216703,0.0002992527036930426,0.02703501465329508,0.003406915942210098,0.01274762648289661,0
2019-11-19,300.0,0.008275862068965578,0,0.0,0.0,0.0,0.0,0.05,0.0,18.0,0.0,0.0,1250.0,-1750.0,400.0,150.0,1128.6053340295712,172.5,528.7709184614135,0.03571428571428581,-0.04761904761904767,0.011004126547455195,0.0045849669894073575,0.031186274184637944,0.00511629435006179,0.014634726442338826,0
2019-11-20,150.0,0.004103967168262557,0,0.0,0.0,0.0,0.0,0.05,0.0,19.0,0.0,0.0,300.0,1250.0,-1750.0,160.0,1129.933626369266,182.5,529.2186395253412,0.008275862068965578,0.03571428571428581,-0.04761904761904767,0.004831688698975123,0.031215440415991003,0.0053776484291198304,0.014642532277233444,0
2019-11-21,150.0,0.004087193460490468,0,0.0,0.0,0.0,0.0,0.0,0.0,20.0,0.0,0.0,150.0,300.0,1250.0,70.0,1103.7436296531907,190.0,527.5564325014763,0.004103967168262557,0.008275862068965578,0.03571428571428581,0.0022958387759842934,0.03050882152089508,0.005582846787532958,0.01459187285030118,0
2019-11-22,650.0,0.01763907734056991,0,0.0,0.0,0.0,0.0,0.0,0.0,21.0,0.0,0.0,150.0,150.0,300.0,20.0,1090.642012761291,192.5,527.2258579234884,0.004087193460490468,0.004103967168262557,0.008275862068965578,0.0009124521585913481,0.030170178344701433,0.0056352307766669,0.014584140387906444,0
2019-11-25,350.0,0.009333333333333416,0,0.0,0.0,0.0,0.0,0.0,0.0,22.0,0.0,0.0,650.0,150.0,150.0,500.0,466.36895265444076,217.5,536.8708067662976,0.01763907734056991,0.004087193460490468,0.004103967168262557,0.013964077150514865,0.013357653144047946,0.006289911916422664,0.014824550119080897,0
2019-11-26,1100.0,0.029062087186261465,0,0.0,0.0,0.0,0.0,0.0,0.0,23.0,0.0,0.0,350.0,650.0,150.0,320.0,204.93901531919198,222.5,537.6545065570018,0.009333333333333416,0.01763907734056991,0.004087193460490468,0.008687886674324385,0.00554276276089798,0.006379504676603665,0.014837920653569406,0
2019-11-27,-950.0,-0.024390243902439046,0,0.0,0.0,0.0,0.0,0.0,0.0,24.0,0.0,0.0,1100.0,350.0,650.0,480.0,402.49223594996215,265.0,572.4140937615379,0.029062087186261465,0.009333333333333416,0.01763907734056991,0.012845131697783563,0.010623249589864266,0.007458357538910753,0.01568289848066124,0
2019-11-28,150.0,0.003947368421052699,0,0.0,0.0,0.0,0.0,0.0,0.0,25.0,0.0,0.0,-950.0,1100.0,350.0,260.0,765.1797174520506,205.0,633.681806255275,-0.024390243902439046,0.029062087186261465,0.009333333333333416,0.007146289483643242,0.019994342657632957,0.005867374318528773,0.017224249757715516,0
2019-11-29,200.0,0.005242463958060384,0,0.0,0.0,0.0,0.0,0.0,0.0,26.0,0.0,0.0,150.0,-950.0,1100.0,260.0,765.1797174520506,210.0,632.7883158146802,0.003947368421052699,-0.024390243902439046,0.029062087186261465,0.007118324475755689,0.019999787939631065,0.005990996426897044,0.017199920423220997,0
2019-12-02,-650.0,-0.016949152542372836,0,0.0,0.0,0.0,0.0,0.0,0.0,27.0,0.0,0.0,200.0,150.0,-950.0,170.0,733.655232380987,217.5,631.6800905855002,0.005242463958060384,0.003947368421052699,-0.024390243902439046,0.004639001799253783,0.0191184693273881,0.006179481922296381,0.017168427632046016,0
2019-12-03,0.0,0.0,1,0.0,0.0,0.0,0.0,0.0,0.0,28.0,0.0,0.0,-650.0,200.0,150.0,-30.0,805.1397394241574,177.5,660.8357945574843,-0.016949152542372836,0.005242463958060384,0.003947368421052699,-0.0006174953758874668,0.021023328258471682,0.005111436059883623,0.017931650507497923,0
2019-12-04,650.0,0.01724137931034475,0,1.0,0.0,0.0,0.2,0.05,1.0,0.0,0.0,1.0,0.0,-650.0,200.0,-250.0,518.4110338331931,170.0,662.0144695508833,0.0,-0.016949152542372836,0.005242463958060384,-0.00642991281313976,0.013402462659948646,0.004891816733382892,0.017967782281122217,0
2019-12-05,600.0,0.015645371577575062,0,0.0,1.0,0.0,0.2,0.05,0.0,1.0,1.0,0.0,650.0,0.0,-650.0,70.0,469.84039843334034,187.5,670.207155720489,0.01724137931034475,0.0,-0.016949152542372836,0.0018964118294169997,0.012345264163811162,0.005316567914643566,0.01816304628392276,0
2019-12-06,300.0,0.007702182284980763,0,0.0,0.0,1.0,0.2,0.05,0.0,2.0,0.0,0.0,600.0,650.0,0.0,160.0,528.441103624614,207.5,676.5382083581248,0.015645371577575062,0.01724137931034475,0.0,0.004236012460721472,0.013848113632755328,0.005809819152481854,0.01830966370453116,0
2019-12-09,200.0,0.005095541401273884,0,0.0,0.0,0.0,0.2,0.05,0.0,3.0,0.0,0.0,300.0,600.0,650.0,180.0,532.2123636294068,212.5,676.8493185340445,0.007702182284980763,0.015645371577575062,0.01724137931034475,0.004727956126105548,0.013936214967911554,0.005907571944891809,0.018314529621914443,0
2019-12-10,150.0,0.0038022813688212143,0,0.0,0.0,0.0,0.2,0.05,0.0,4.0,0.0,0.0,200.0,300.0,600.0,350.0,273.8612787525831,197.5,673.4582783154273,0.005095541401273884,0.007702182284980763,0.015645371577575062,0.009136894914834891,0.007244251566294773,0.005448063300669792,0.018208241440573352,0
2019-12-11,300.0,0.007575757575757569,0,0.0,0.0,0.0,0.0,0.05,0.0,5.0,0.0,0.0,150.0,200.0,300.0,380.0,230.75961518428653,192.5,673.4192015770208,0.0038022813688212143,0.005095541401273884,0.007702182284980763,0.009897351188599135,0.0061644242898687834,0.005286064693054515,0.018207724438786464,0
2019-12-12,550.0,0.013784461152882121,0,0.0,0.0,0.0,0.0,0.05,0.0,6.0,0.0,0.0,300.0,150.0,200.0,310.0,174.64249196572982,177.5,667.1768880889089,0.007575757575757569,0.0038022813688212143,0.005095541401273884,0.007964226841681698,0.004603550435508134,0.004825691732681559,0.018017130266260763,0
2019-12-13,100.0,0.0024721878862794533,0,0.0,0.0,0.0,0.0,0.05,0.0,7.0,0.0,0.0,550.0,300.0,150.0,300.0,154.1103500742244,185.0,670.6438383335355,0.013784461152882121,0.007575757575757569,0.0038022813688212143,0.00759204475674311,0.0038390510517201607,0.004964708462952905,0.018077934583549476,0
2019-12-16,50.0,0.0012330456226881115,0,0.0,0.0,0.0,0.0,0.05,0.0,8.0,0.0,0.0,100.0,550.0,300.0,260.0,178.18529681205462,277.5,494.0368087714246,0.0024721878862794533,0.013784461152882121,0.007575757575757569,0.006546045877002848,0.004463280400324208,0.007469270238219261,0.01322900982638672,0
2019-12-17,50.0,0.0012315270935960854,0,0.0,0.0,0.0,0.0,0.05,0.0,9.0,0.0,0.0,50.0,100.0,550.0,230.0,201.8662923818635,217.5,439.5796437028166,0.0012330456226881115,0.0024721878862794533,0.013784461152882121,0.0057735467212856936,0.005070101613084126,0.005745208233639376,0.01148635144546387,0
2019-12-18,50.0,0.0012300123001229846,0,0.0,0.0,0.0,0.0,0.05,0.0,10.0,0.0,0.0,50.0,50.0,100.0,210.0,216.21748310439654,205.0,440.663375521856,0.0012315270935960854,0.0012330456226881115,0.0024721878862794533,0.005259395866240668,0.005437049318512893,0.005392991484870902,0.011512640871491875,0
2019-12-19,100.0,0.002457002457002533,0,0.0,0.0,0.0,0.0,0.05,0.0,11.0,0.0,0.0,50.0,50.0,50.0,160.0,219.08902300206645,200.0,441.88591049583977,0.0012300123001229846,0.0012315270935960854,0.0012330456226881115,0.003990246811113751,0.005501425381223978,0.005249293741463923,0.011547460254048098,0
2019-12-20,0.0,0.0,1,0.0,0.0,0.0,0.0,0.05,0.0,12.0,0.0,0.0,100.0,50.0,50.0,70.0,27.386127875258307,197.5,442.3248984507589,0.002457002457002533,0.0012300123001229846,0.0012315270935960854,0.0017247550719378334,0.00067540070999419,0.005167784191289526,0.011561839376237582,0
2019-12-23,100.0,0.002450980392156854,0,1.0,0.0,0.0,0.2,0.1,1.0,0.0,0.0,1.0,0.0,100.0,50.0,50.0,35.35533905932738,165.0,431.063556188278,0.0,0.002457002457002533,0.0012300123001229846,0.0012303174946819428,0.0008686837936570902,0.00428583032426103,0.011228400208581908,0
2019-12-24,-3850.0,-0.09413202933985332,0,0.0,1.0,0.0,0.2,0.1,0.0,1.0,1.0,0.0,100.0,0.0,100.0,60.0,41.83300132670378,152.5,429.0365583735879,0.002450980392156854,0.0,0.002457002457002533,0.0014739044485756914,0.0010261315192877506,0.003941712677202202,0.01117088203223467,0
2019-12-26,2450.0,0.06612685560053988,0,0.0,0.0,1.0,0.2,0.1,0.0,2.0,0.0,0.0,-3850.0,100.0,0.0,-720.0,1750.2142725963583,-95.0,956.8176419778224,-0.09413202933985332,0.002450980392156854,0.0,-0.01759880683811419,0.04279546130499013,-0.0022179931491035365,0.023619315960731035,0
2019-12-27,-2000.0,-0.05063291139240511,0,0.0,0.0,0.0,0.2,0.1,0.0,3.0,0.0,0.0,2450.0,-3850.0,100.0,-240.0,2266.991398307457,75.0,1089.7247358851687,0.06612685560053988,-0.09413202933985332,0.002450980392156854,-0.004619438178030811,0.05731262535385825,0.0023078618260454096,0.02750053781734887,0
2019-12-30,600.0,0.016000000000000014,0,0.0,0.0,0.0,0.2,0.1,0.0,4.0,0.0,0.0,-2000.0,2450.0,-3850.0,-660.0,2379.9684871863324,-32.5,1183.913559255689,-0.05063291139240511,0.06612685560053988,-0.09413202933985332,-0.015237420947912339,0.06050290078683861,-0.00042115216462748075,0.02993009325648144,0
2020-01-02,-1600.0,-0.04199475065616798,0,0.0,0.0,0.0,0.0,0.1,0.0,5.0,0.0,0.0,600.0,-2000.0,2450.0,-540.0,2436.0316089903267,-12.5,1191.4028661513637,0.016000000000000014,-0.05063291139240511,0.06612685560053988,-0.012037420947912335,0.0619168827639549,0.00011672463746950079,0.030133204823911134,0
2020-01-03,-1450.0,-0.03972602739726028,0,0.0,0.0,0.0,0.0,0.1,0.0,6.0,0.0,0.0,-1600.0,600.0,-2000.0,-880.0,2443.0002046663853,-60.0,1236.250698472476,-0.04199475065616798,0.016000000000000014,-0.05063291139240511,-0.020926567157577302,0.06250448926476312,-0.0011355552682202562,0.03137461152158837,0
2020-01-06,-2050.0,-0.05848787446504988,0,0.0,0.0,0.0,0.0,0.05,0.0,7.0,0.0,0.0,-1450.0,-1600.0,600.0,-400.0,1885.802216564611,-132.5,1274.4735755349511,-0.03972602739726028,-0.04199475065616798,0.016000000000000014,-0.010045366769058695,0.050074000527975705,-0.0031218566380832704,0.03253498999475534,0
2020-01-07,2200.0,0.06666666666666665,0,0.0,0.0,0.0,0.0,0.05,0.0,8.0,0.0,0.0,-2050.0,-1450.0,-1600.0,-1300.0,1092.5886691706078,-267.5,1329.055362990849,-0.05848787446504988,-0.03972602739726028,-0.04199475065616798,-0.034968312782176644,0.029446243464962878,-0.006908319326853002,0.034393982386055406,0
2020-01-08,800.0,0.022727272727272707,0,0.0,0.0,0.0,0.0,0.05,0.0,9.0,0.0,0.0,2200.0,-2050.0,-1450.0,-460.0,1803.260935083994,-187.5,1428.4584071832935,0.06666666666666665,-0.05848787446504988,-0.03972602739726028,-0.011508397170362294,0.0519633914697921,-0.004357254572398423,0.03787126769936281,0
2020-01-09,-500.0,-0.01388888888888884,0,0.0,0.0,0.0,0.0,0.05,0.0,10.0,0.0,0.0,800.0,2200.0,-2050.0,-420.0,1834.598048619915,-162.5,1441.7528622442455,0.022727272727272707,0.06666666666666665,-0.05848787446504988,-0.010162942624907755,0.05293178192484989,-0.003606000050283825,0.03827000980606422,0
2020-01-10,2500.0,0.07042253521126751,0,0.0,0.0,0.0,0.0,0.05,0.0,11.0,0.0,0.0,-500.0,800.0,2200.0,-200.0,1720.1017411769571,-197.5,1440.9860476332462,-0.01388888888888884,0.022727272727272707,0.06666666666666665,-0.004541770271451928,0.05012415817459245,-0.004555221564791961,0.03827826091174894,0
2020-01-13,500.0,0.013157894736842035,0,0.0,0.0,0.0,0.0,0.05,0.0,12.0,0.0,0.0,2500.0,-500.0,800.0,590.0,1900.1315743916261,-80.0,1561.5781491137336,0.07042253521126751,-0.01388888888888884,0.022727272727272707,0.01748794225025363,0.05478343478852157,-0.0012242088726696465,0.04178213113087409,0
2020-01-14,550.0,0.014285714285714235,0,0.0,0.0,0.0,0.0,0.05,0.0,13.0,0.0,0.0,500.0,2500.0,-500.0,1100.0,1242.9802894656052,-70.0,1564.7767622857498,0.013157894736842035,0.07042253521126751,-0.01388888888888884,0.03181709609063201,0.036141044000961145,-0.0009451020146154232,0.04186257632633775,0
2020-01-15,-1600.0,-0.04097311139564663,0,0.0,0.0,0.0,0.0,0.05,0.0,14.0,0.0,0.0,550.0,500.0,2500.0,770.0,1087.1982339941508,-70.0,1564.7767622857498,0.014285714285714235,0.013157894736842035,0.07042253521126751,0.02134090561444153,0.03069529357290096,-0.0009200393579738176,0.04187200786370453,0
2020-01-16,1200.0,0.03204272363150862,0,0.0,0.0,0.0,0.0,0.05,0.0,15.0,0.0,0.0,-1600.0,550.0,500.0,290.0,1515.915564930976,-155.0,1600.8139377072825,-0.04097311139564663,0.014285714285714235,0.013157894736842035,0.008600828789857662,0.04134722210979482,-0.003092304322070122,0.04280334620509924,0
2020-01-17,-550.0,-0.014230271668822736,0,0.0,0.0,0.0,0.0,0.05,0.0,16.0,0.0,0.0,1200.0,-1600.0,550.0,630.0,1484.755872189095,-97.5,1628.970856900632,0.03204272363150862,-0.04097311139564663,0.014285714285714235,0.017787151293937153,0.04018757124889279,-0.0015518204216290964,0.043515697231254424,0
2020-01-20,0.0,0.0,1,0.0,0.0,0.0,0.0,0.05,0.0,17.0,0.0,0.0,-550.0,1200.0,-1600.0,20.0,1101.4762820869091,-127.5,1631.6342308121314,-0.014230271668822736,0.03204272363150862,-0.04097311139564663,0.0008565899179191038,0.028642519625790917,-0.0023249103597500374,0.04360090833584859,0
2020-01-21,-150.0,-0.003937007874015741,0,1.0,0.0,0.0,0.2,0.1,1.0,0.0,0.0,1.0,0.0,-550.0,1200.0,-80.0,1069.2286939658886,-130.0,1631.3862364969184,0.0,-0.014230271668822736,0.03204272363150862,-0.001774989029449303,0.02782247890336846,-0.0023864109747561866,0.04359649734425234,0
2020-01-22,50.0,0.0013175230566535578,0,0.0,1.0,0.0,0.2,0.1,0.0,1.0,1.0,0.0,-150.0,0.0,-550.0,-220.0,1010.3217309352501,-142.5,1630.4887062021105,-0.003937007874015741,0.0,-0.014230271668822736,-0.0054195334613952985,0.026347086856225423,-0.0027061114913071007,0.04358255237672406,0
2020-01-23,50.0,0.001315789473684159,0,0.0,0.0,1.0,0.2,0.05,0.0,2.0,0.0,0.0,50.0,-150.0,0.0,110.0,653.2610504231826,-140.0,1630.7570085860837,0.0013175230566535578,-0.003937007874015741,0.0,0.00303859342906474,0.017322726527331297,-0.0026402353384744224,0.04358785342872118,0
2020-01-28,0.0,0.0,1,0.0,0.0,0.0,0.2,0.05,0.0,3.0,0.0,0.0,50.0,50.0,-150.0,-120.0,253.96850198400588,-142.5,1630.4080051195454,0.001315789473684159,0.0013175230566535578,-0.003937007874015741,-0.003106793402500152,0.006580406626556823,-0.0026969948843980573,0.04358161344911132,0
2020-01-29,-50.0,-0.0013140604467805073,0,1.0,0.0,0.0,0.4,0.1,1.0,0.0,0.0,1.0,0.0,50.0,50.0,-10.0,82.15838362577492,50.0,1377.258910032227,0.0,0.001315789473684159,0.0013175230566535578,-0.00026073906873560484,0.0021579663826215762,0.0020096065825946086,0.037899902717471096,0
2020-01-30,100.0,0.002631578947368318,0,0.0,1.0,0.0,0.2,0.1,0.0,1.0,1.0,0.0,-50.0,0.0,50.0,-20.0,83.66600265340756,-75.0,1256.0904258431146,-0.0013140604467805073,0.0,0.001315789473684159,-0.0005235511580917063,0.002197920933861255,-0.0013624392197714107,0.034765576726131016,0
2020-01-31,100.0,0.002624671916010568,0,0.0,0.0,1.0,0.2,0.1,0.0,2.0,0.0,0.0,100.0,-50.0,0.0,30.0,57.0087712549569,30.0,1171.6385287729588,0.002631578947368318,-0.0013140604467805073,0.0,0.0007901662061851056,0.0014997765159268958,0.0013007852972172606,0.03277577622297885,0
2020-02-03,0.0,0.0,1,0.0,0.0,0.0,0.2,0.1,0.0,3.0,0.0,0.0,100.0,100.0,-50.0,40.0,65.19202405202648,5.0,1164.1464006323533,0.002624671916010568,0.002631578947368318,-0.0013140604467805073,0.0010515959780565075,0.0017133955114367065,0.0006320188930177883,0.032596027709385994,0
2020-02-04,0.0,0.0,1,1.0,0.0,0.0,0.4,0.15,1.0,0.0,0.0,1.0,0.0,100.0,100.0,30.0,67.08203932499369,85.0,1101.3269508332114,0.0,0.002624671916010568,0.002631578947368318,0.0007884380833196758,0.001763001150351786,0.0027317564258261874,0.031020111844226574,0
2020-02-05,0.0,0.0,1,1.0,1.0,0.0,0.4,0.2,2.0,0.0,0.0,0.0,0.0,0.0,100.0,30.0,67.08203932499369,157.5,1041.036300494545,0.0,0.0,0.002624671916010568,0.0007884380833196758,0.001763001150351786,0.0047180577956892015,0.02938724272188251,0
2020-02-06,-650.0,-0.017015706806282727,0,1.0,1.0,1.0,0.6,0.25,3.0,0.0,0.0,0.0,0.0,0.0,0.0,40.0,54.772255750516614,260.0,904.1716185489754,0.0,0.0,0.0,0.0010512501726757772,0.001439485654249778,0.007642451518941695,0.02540702273879601,0
2020-02-07,-450.0,-0.011984021304926817,0,0.0,1.0,1.0,0.6,0.25,0.0,1.0,1.0,0.0,-650.0,0.0,0.0,-110.0,304.9590136395381,117.5,801.0314074925363,-0.017015706806282727,0.0,0.0,-0.0028782069780544316,0.007984403605490145,0.0034583328452942263,0.02181121042181345,0
2020-02-10,1700.0,0.04582210242587603,0,0.0,0.0,1.0,0.6,0.25,0.0,2.0,0.0,0.0,-450.0,-650.0,0.0,-220.0,309.434968935316,55.0,793.7088157570927,-0.011984021304926817,-0.017015706806282727,0.0,-0.005799945622241909,0.0081387068790056,0.0017227681436842502,0.021577009770494038,0
2020-02-11,250.0,0.006443298969072142,0,0.0,0.0,0.0,0.4,0.25,0.0,3.0,0.0,0.0,1700.0,-450.0,-650.0,120.0,927.7661343248093,165.0,862.2339406570892,0.04582210242587603,-0.011984021304926817,-0.017015706806282727,0.003364474862933298,0.024880804146797744,0.004708317709422494,0.023360489570757714,0
2020-02-12,100.0,0.00256081946222797,0,0.0,0.0,0.0,0.2,0.25,0.0,4.0,0.0,0.0,250.0,1700.0,-450.0,170.0,926.4178322981483,52.5,665.9925319638195,0.006443298969072142,0.04582210242587603,-0.011984021304926817,0.004653134656747726,0.02482979010391295,0.0015093558973127252,0.017544712250807303,0
2020-02-13,-350.0,-0.008939974457215838,0,0.0,0.0,0.0,0.0,0.25,0.0,5.0,0.0,0.0,100.0,250.0,1700.0,190.0,922.9030284921596,32.5,657.802361935879,0.00256081946222797,0.006443298969072142,0.04582210242587603,0.00516529854919332,0.024736048936184512,0.000979502133582022,0.01733315024306172,0
2020-02-14,0.0,0.0,1,0.0,0.0,0.0,0.0,0.25,0.0,6.0,0.0,0.0,-350.0,100.0,250.0,250.0,862.409415533017,-12.5,651.2892073257069,-0.008939974457215838,0.00256081946222797,0.006443298969072142,0.006780445019006698,0.023137667910272334,-0.00018178230356448167,0.017172028897601443,0
2020-02-17,0.0,0.0,1,1.0,0.0,0.0,0.2,0.3,1.0,0.0,0.0,1.0,0.0,-350.0,100.0,340.0,791.6754385478938,67.5,533.6751919719671,0.0,-0.008939974457215838,0.00256081946222797,0.009177249279992061,0.021251779867875385,0.00186687326621785,0.014243842022314615,0
2020-02-18,600.0,0.015463917525773141,0,1.0,1.0,0.0,0.4,0.35,2.0,0.0,0.0,0.0,0.0,0.0,-350.0,0.0,220.79402165819616,7.5,462.3381651425379,0.0,0.0,-0.008939974457215838,1.2828794816854839e-05,0.005656770684956938,0.0002647370846424191,0.012346787647877645,0
2020-02-19,0.0,0.0,1,0.0,1.0,1.0,0.4,0.35,0.0,1.0,1.0,0.0,600.0,0.0,0.0,70.0,342.0526275297414,65.0,460.86303479678804,0.015463917525773141,0.0,0.0,0.0018169525061570546,0.008790721000144846,0.0017494465443722129,0.012297288325259467,0
2020-02-20,100.0,0.002538071065989911,0,1.0,0.0,1.0,0.6,0.35,1.0,0.0,0.0,1.0,0.0,600.0,0.0,50.0,342.7827300200522,65.0,460.86303479678804,0.0,0.015463917525773141,0.0,0.0013047886137114606,0.008811122543513135,0.0017494465443722129,0.012297288325259467,0
2020-02-21,150.0,0.0037974683544304,0,0.0,1.0,0.0,0.6,0.35,0.0,1.0,1.0,0.0,100.0,0.0,600.0,140.0,260.76809620810593,77.5,458.10680207268626,0.002538071065989911,0.0,0.015463917525773141,0.0036003977183526104,0.006722355080779481,0.0020732004913724955,0.012224721577620404,0
2020-02-24,-350.0,-0.008827238335435084,0,0.0,0.0,1.0,0.4,0.35,0.0,2.0,0.0,0.0,150.0,100.0,0.0,170.0,248.99799195977465,82.5,458.3365231148973,0.0037974683544304,0.002538071065989911,0.0,0.00435989138923869,0.006421683020303793,0.0021971977562613375,0.012229229609941336,0
2020-02-25,-300.0,-0.007633587786259555,0,0.0,0.0,0.0,0.2,0.35,0.0,3.0,0.0,0.0,-350.0,150.0,100.0,100.0,340.9545424246464,62.5,468.44507626154467,-0.008827238335435084,0.0037974683544304,0.002538071065989911,0.0025944437221516736,0.008721521675951025,0.0016900463658053755,0.01247554310625209,0
2020-02-26,300.0,0.007692307692307665,0,0.0,0.0,0.0,0.2,0.3,0.0,4.0,0.0,0.0,-300.0,-350.0,150.0,-80.0,230.75961518428653,47.5,475.30461146954036,-0.007633587786259555,-0.008827238335435084,0.0037974683544304,-0.0020250573402548653,0.005842732314666929,0.0013083669764923978,0.01264558307344709,0
2020-02-27,50.0,0.0012722646310432406,0,0.0,0.0,0.0,0.0,0.3,0.0,5.0,0.0,0.0,300.0,-300.0,-350.0,-20.0,288.5307609250702,65.0,477.9616809128665,0.007692307692307665,-0.007633587786259555,-0.008827238335435084,-0.0004865958017933325,0.007332156743099779,0.0017586853834468063,0.012707491562069847,0
2020-02-28,0.0,0.0,1,0.0,0.0,0.0,0.0,0.3,0.0,6.0,0.0,0.0,50.0,300.0,-300.0,-30.0,284.1654447676564,62.5,477.8997362363125,0.0012722646310432406,0.007692307692307665,-0.007633587786259555,-0.0007397570887826665,0.007222648703843282,0.0016907196676305524,0.01270621225891898,0
2020-03-02,0.0,0.0,1,1.0,0.0,0.0,0.2,0.35,1.0,0.0,0.0,1.0,0.0,50.0,300.0,-60.0,267.86190471957747,57.5,478.00985455598277,0.0,0.0012722646310432406,0.007692307692307665,-0.0014992507596687465,0.0068143834982300555,0.001559486071830024,0.012709612173602431,0
2020-03-03,150.0,0.003811944091486552,0,1.0,1.0,0.0,0.4,0.35,2.0,0.0,0.0,0.0,0.0,0.0,50.0,10.0,213.3072900770154,57.5,478.00985455598277,0.0,0.0,0.0012722646310432406,0.0002661969074182702,0.005447651178431554,0.001559486071830024,0.012709612173602431,0
2020-03-04,600.0,0.0151898734177216,0,0.0,1.0,1.0,0.4,0.3,0.0,1.0,1.0,0.0,150.0,0.0,0.0,100.0,127.47548783981962,65.0,478.2368935117717,0.003811944091486552,0.0,0.0,0.0025553032829674915,0.0032662401297756656,0.0017500832764043516,0.012713576694348472,0
2020-03-05,-500.0,-0.012468827930174564,0,0.0,0.0,1.0,0.4,0.25,0.0,2.0,0.0,0.0,600.0,150.0,0.0,160.0,253.4758371127315,95.0,492.5497570376976,0.0151898734177216,0.003811944091486552,0.0,0.0040548164280502785,0.006416271272485435,0.0025095769472904318,0.013052715324980247,0
2020-03-06,200.0,0.005050505050504972,0,0.0,0.0,0.0,0.4,0.25,0.0,3.0,0.0,0.0,-500.0,600.0,150.0,50.0,393.70039370059055,102.5,481.62963495112933,-0.012468827930174564,0.0151898734177216,0.003811944091486552,0.0013065979158067176,0.009902005498728089,0.00273692089109584,0.01273035405176919,0
2020-03-09,0.0,0.0,1,0.0,0.0,0.0,0.2,0.25,0.0,4.0,0.0,0.0,200.0,-500.0,600.0,90.0,397.4921382870358,135.0,463.9929672788271,0.005050505050504972,-0.012468827930174564,0.0151898734177216,0.002316698925907712,0.009992584423636158,0.0035886472088674294,0.0122545676758137,0
2020-03-10,0.0,0.0,1,1.0,0.0,0.0,0.2,0.3,1.0,0.0,0.0,1.0,0.0,200.0,-500.0,90.0,397.4921382870358,50.0,282.377127447078,0.0,0.005050505050504972,-0.012468827930174564,0.002316698925907712,0.009992584423636158,0.0012975420875736277,0.007172845523541249,0
2020-03-11,0.0,0.0,1,1.0,1.0,0.0,0.4,0.35,2.0,0.0,0.0,0.0,0.0,0.0,200.0,60.0,397.4921382870358,37.5,278.5654038292022,0.0,0.0,0.005050505050504972,0.0015543101076104016,0.009995400518623243,0.0009753771391200206,0.007073574030344142,0
2020-03-12,100.0,0.002512562814070307,0,1.0,1.0,1.0,0.6,0.4,3.0,0.0,0.0,0.0,0.0,0.0,0.0,-60.0,260.76809620810593,32.5,278.281852576995,0.0,0.0,0.0,-0.0014836645759339184,0.006518684076331349,0.0008473361660086221,0.007066538589422436,0
2020-03-13,400.0,0.010025062656641603,0,0.0,1.0,1.0,0.6,0.4,0.0,1.0,1.0,0.0,100.0,0.0,0.0,60.0,89.44271909999159,55.0,263.5286861445122,0.002512562814070307,0.0,0.0,0.0015126135729150558,0.00225724245789982,0.0014199630295729294,0.0066854393436567355,0
2020-03-16,150.0,0.003722084367245637,0,0.0,0.0,1.0,0.6,0.35,0.0,2.0,0.0,0.0,400.0,100.0,0.0,100.0,173.20508075688772,75.0,274.101402673114,0.010025062656641603,0.002512562814070307,0.0,0.0025075250941423823,0.004340980381073543,0.0019212161624050095,0.006944188163150303,0
2020-03-17,-250.0,-0.006180469715698411,0,0.0,0.0,0.0,0.4,0.3,0.0,3.0,0.0,0.0,150.0,400.0,100.0,130.0,164.31676725154983,82.5,273.9933729509763,0.003722084367245637,0.010025062656641603,0.002512562814070307,0.0032519419675915095,0.004116829253145254,0.002107320380767291,0.006939864228939526,0
2020-03-18,-200.0,-0.00497512437810943,0,0.0,0.0,0.0,0.2,0.3,0.0,4.0,0.0,0.0,-250.0,150.0,400.0,80.0,236.1143790623519,40.0,254.74445399675622,-0.006180469715698411,0.003722084367245637,0.010025062656641603,0.0020158480244518275,0.005885336753732924,0.0010251010186937137,0.006415185099033351,0
2020-03-19,200.0,0.004999999999999893,0,0.0,0.0,0.0,0.0,0.25,0.0,5.0,0.0,0.0,-200.0,-250.0,150.0,40.0,267.86190471957747,30.0,260.2630248522893,-0.00497512437810943,-0.006180469715698411,0.003722084367245637,0.0010208231488299413,0.006678481005803518,0.0007763447997882422,0.006552025306917915,0
2020-03-20,-150.0,-0.003731343283582045,0,0.0,0.0,0.0,0.0,0.25,0.0,6.0,0.0,0.0,200.0,-200.0,-250.0,60.0,277.0379035439014,35.0,262.6284147051238,0.004999999999999893,-0.00497512437810943,-0.006180469715698411,0.0015183105860158586,0.006906148105361623,0.0008994412464887414,0.006609738453049917,0
2020-03-23,0.0,0.0,1,0.0,0.0,0.0,0.0,0.25,0.0,7.0,0.0,0.0,-150.0,200.0,-200.0,-50.0,209.16500663351889,20.0,264.2765696446775,-0.003731343283582045,0.004999999999999893,-0.00497512437810943,-0.001232970602028871,0.005199178317143122,0.0005230006645881192,0.006650269721274674,0
2020-03-24,0.0,0.0,1,1.0,0.0,0.0,0.2,0.3,1.0,0.0,0.0,1.0,0.0,-150.0,200.0,-80.0,182.3458252881047,37.5,249.67083593361414,0.0,-0.003731343283582045,0.004999999999999893,-0.0019773874754779987,0.004536592472422484,0.0009643625813598733,0.006279650566269079,0
2020-03-25,50.0,0.0012484394506866447,0,1.0,1.0,0.0,0.4,0.35,2.0,0.0,0.0,0.0,0.0,0.0,-150.0,-30.0,156.52475842498527,52.5,237.01820938262858,0.0,0.0,-0.003731343283582045,-0.0007412935323383163,0.003902794023906118,0.001346041970672851,0.005953052622479457,0
2020-03-26,-50.0,-0.0012468827930174342,0,0.0,1.0,1.0,0.4,0.35,0.0,1.0,1.0,0.0,50.0,0.0,0.0,20.0,125.49900398011133,40.0,229.75959976508213,0.0012484394506866447,0.0,0.0,0.0005034192334208987,0.0031310688725682727,0.0010238485585918,0.005762839855217233,0
2020-03-27,0.0,0.0,1,0.0,0.0,1.0,0.4,0.35,0.0,2.0,0.0,0.0,-50.0,50.0,0.0,-30.0,75.82875444051551,35.0,230.61702132825317,-0.0012468827930174342,0.0012484394506866447,0.0,-0.0007459573251825669,0.001887722093325096,0.0008978911873887662,0.005784613647107047,0
2020-03-30,300.0,0.0074906367041198685,0,1.0,0.0,0.0,0.6,0.35,1.0,0.0,0.0,1.0,0.0,-50.0,50.0,0.0,35.35533905932738,35.0,230.61702132825317,0.0,-0.0012468827930174342,0.0012484394506866447,3.113315338421074e-07,0.0008822297428828926,0.0008978911873887662,0.005784613647107047,0
2020-03-31,150.0,0.0037174721189590088,0,0.0,1.0,0.0,0.4,0.3,0.0,1.0,1.0,0.0,300.0,0.0,-50.0,60.0,138.74436925511608,50.0,237.86329554687762,0.0074906367041198685,0.0,-0.0012468827930174342,0.0014984386723578158,0.00346397039972074,0.0012724230225947598,0.005963158597994933,0
2020-04-01,-500.0,-0.012345679012345734,0,0.0,0.0,1.0,0.2,0.3,0.0,2.0,0.0,0.0,150.0,300.0,0.0,90.0,138.74436925511608,50.0,237.86329554687762,0.0037174721189590088,0.0074906367041198685,0.0,0.0022419330961496176,0.0034608970987243894,0.0012676994239683825,0.005961078145191804,0
2020-04-02,50.0,0.0012499999999999734,0,0.0,0.0,0.0,0.2,0.3,0.0,3.0,0.0,0.0,-500.0,150.0,300.0,-20.0,301.24740662784137,-5.0,231.07301192935853,-0.012345679012345734,0.0037174721189590088,0.0074906367041198685,-0.0004768905964568582,0.007462617184319271,-0.00010907819753498415,0.005752534506701776,0
2020-04-03,0.0,0.0,1,0.0,0.0,0.0,0.2,0.3,0.0,4.0,0.0,0.0,50.0,-500.0,150.0,0.0,302.0761493398643,22.5,199.654306503174,0.0012499999999999734,-0.012345679012345734,0.0037174721189590088,2.2485962146623352e-05,0.007481727731141762,0.0005768631989737427,0.004965219981715667,0
2020-04-06,100.0,0.0024968789013732895,0,1.0,0.0,0.0,0.2,0.35,1.0,0.0,0.0,1.0,0.0,50.0,-500.0,0.0,302.0761493398643,12.5,195.25624189766688,0.0,0.0012499999999999734,-0.012345679012345734,2.2485962146623352e-05,0.007481727731141762,0.00032433794644849413,0.004852881398775489,0
2020-04-07,100.0,0.00249066002490661,0,0.0,1.0,0.0,0.2,0.3,0.0,1.0,1.0,0.0,100.0,0.0,50.0,-40.0,263.1539473388153,17.5,196.19740327698474,0.0024968789013732895,0.0,0.0012499999999999734,-0.0009762655984026924,0.006505129147182697,0.0004491818915171586,0.004876159610670518,0
2020-04-08,250.0,0.006211180124223503,0,0.0,0.0,1.0,0.2,0.25,0.0,2.0,0.0,0.0,100.0,100.0,0.0,-50.0,254.95097567963924,22.5,197.0005343300266,0.00249066002490661,0.0024968789013732895,0.0,-0.001221628017213172,0.006303852132257221,0.0005737148927624891,0.00489584903477808,0
2020-04-09,0.0,0.0,1,0.0,0.0,0.0,0.2,0.2,0.0,3.0,0.0,0.0,250.0,100.0,100.0,100.0,93.54143466934853,35.0,203.32758116684047,0.006211180124223503,0.00249066002490661,0.0024968789013732895,0.0024897438101006753,0.0023229791725098555,0.0008842738989736643,0.005052046720136453,0
2020-04-10,0.0,0.0,1,1.0,0.0,0.0,0.4,0.25,1.0,0.0,0.0,1.0,0.0,250.0,100.0,90.0,102.46950765959599,30.0,202.87408591745353,0.0,0.006211180124223503,0.00249066002490661,0.0022397438101006808,0.0025462859456917807,0.0007586457582701489,0.005040652172346433,0
2020-04-13,0.0,0.0,1,1.0,1.0,0.0,0.4,0.3,2.0,0.0,0.0,0.0,0.0,0.0,250.0,90.0,102.46950765959599,10.0,183.24559303956332,0.0,0.0,0.006211180124223503,0.0022397438101006808,0.0025462859456917807,0.00025739262543806874,0.004544744097466488,0
2020-04-14,0.0,0.0,1,1.0,1.0,1.0,0.6,0.35,3.0,0.0,0.0,0.0,0.0,0.0,0.0,70.0,109.54451150103323,2.5,180.2593161327086,0.0,0.0,0.0,0.0017403680298260227,0.002722027805653623,7.128840707578687e-05,0.0044710103992492796,0
2020-04-16,-50.0,-0.0012345679012345512,0,1.0,1.0,1.0,0.8,0.4,4.0,0.0,0.0,0.0,0.0,0.0,0.0,50.0,111.80339887498948,15.0,170.21658030440665,0.0,0.0,0.0,0.0012422360248447006,0.0027777241956514916,0.00038031189286070745,0.004222866561507627,0
2020-04-17,50.0,0.0012360939431397266,0,0.0,1.0,1.0,0.8,0.4,0.0,1.0,1.0,0.0,-50.0,0.0,0.0,-10.0,22.360679774997898,22.5,163.4134246884914,-0.0012345679012345512,0.0,0.0,-0.0002469135802469102,0.0005521155499980755,0.0005673397167044514,0.004052594937936653,0
2020-04-20,0.0,0.0,1,0.0,0.0,1.0,0.6,0.4,0.0,2.0,0.0,0.0,50.0,-50.0,0.0,0.0,35.35533905932738,15.0,158.19707895367057,0.0012360939431397266,-0.0012345679012345512,0.0,3.052083810350936e-07,0.000873510972062796,0.00037914441386144304,0.003921179967928777,0
2020-04-21,0.0,0.0,1,1.0,0.0,0.0,0.6,0.45,1.0,0.0,0.0,1.0,0.0,50.0,-50.0,0.0,35.35533905932738,22.5,153.44723077194695,0.0,0.0012360939431397266,-0.0012345679012345512,3.052083810350936e-07,0.000873510972062796,0.0005657115780405453,0.003802276947453322,0
2020-04-22,-350.0,-0.00864197530864197,0,1.0,1.0,0.0,0.6,0.45,2.0,0.0,0.0,0.0,0.0,0.0,50.0,0.0,35.35533905932738,22.5,153.44723077194695,0.0,0.0,0.0012360939431397266,3.052083810350936e-07,0.000873510972062796,0.0005657115780405453,0.003802276947453322,0
2020-04-23,-50.0,-0.001245330012453305,0,0.0,1.0,1.0,0.4,0.4,0.0,1.0,1.0,0.0,-350.0,0.0,0.0,-70.0,160.4680653588121,5.0,174.6424919657304,-0.00864197530864197,0.0,0.0,-0.0017280898533473588,0.003962459800047954,0.0001336128126084468,0.0043250565622675674,0
2020-04-24,-50.0,-0.0012468827930174342,0,0.0,0.0,1.0,0.4,0.4,0.0,2.0,0.0,0.0,-50.0,-350.0,0.0,-70.0,160.4680653588121,0.0,174.71781760734618,-0.001245330012453305,-0.00864197530864197,0.0,-0.0017302422755911095,0.003962127605534036,8.924339451449325e-06,0.004327171627874247,0
2020-04-27,-50.0,-0.0012484394506866447,0,0.0,0.0,0.0,0.4,0.4,0.0,3.0,0.0,0.0,-50.0,-50.0,-350.0,-90.0,147.47881203752627,0.0,174.71781760734618,-0.0012468827930174342,-0.001245330012453305,-0.00864197530864197,-0.0022268376228225415,0.0036398925733639297,8.924339451449325e-06,0.004327171627874247,0
2020-04-28,-50.0,-0.0012499999999999734,0,0.0,0.0,0.0,0.2,0.35,0.0,4.0,0.0,0.0,-50.0,-50.0,-50.0,-100.0,141.4213562373095,-2.5,175.07517182477326,-0.0012484394506866447,-0.0012468827930174342,-0.001245330012453305,-0.0024765255129598706,0.0034886246844184295,-5.349763308288291e-05,0.004336302242623992,0
2020-04-29,-450.0,-0.01126408010012514,0,0.0,0.0,0.0,0.0,0.35,0.0,5.0,0.0,0.0,-50.0,-50.0,-50.0,-110.0,134.16407864998737,-20.0,160.09865379624097,-0.0012499999999999734,-0.0012484394506866447,-0.0012468827930174342,-0.002726525512959865,0.0033068374231482404,-0.000490529468288875,0.003960093992537749,0
2020-05-04,-500.0,-0.012658227848101222,0,0.0,0.0,0.0,0.0,0.35,0.0,6.0,0.0,0.0,-450.0,-50.0,-50.0,-130.0,178.88543819998318,-50.0,181.36906252750347,-0.01126408010012514,-0.0012499999999999734,-0.0012484394506866447,-0.0032509464712564993,0.0044794782148321255,-0.0012396070792430824,0.004502071538857006,0
2020-05-06,-500.0,-0.012820512820512775,0,0.0,0.0,0.0,0.0,0.35,0.0,7.0,0.0,0.0,-500.0,-450.0,-50.0,-220.0,233.45235059857504,-50.0,181.36906252750347,-0.012658227848101222,-0.01126408010012514,-0.0012499999999999734,-0.005533526038386083,0.005888261594701413,-0.001255234521030857,0.004543007911642906,0
2020-05-07,-200.0,-0.0051948051948051965,0,0.0,0.0,0.0,0.0,0.35,0.0,8.0,0.0,0.0,-500.0,-500.0,-450.0,-310.0,238.22258499143192,-77.5,205.5000320143404,-0.012820512820512775,-0.012658227848101222,-0.01126408010012514,-0.00784825204388515,0.006054369952309216,-0.0019587601620564945,0.005179514265009204,0
2020-05-08,-150.0,-0.003916449086161844,0,0.0,0.0,0.0,0.0,0.3,0.0,9.0,0.0,0.0,-200.0,-500.0,-500.0,-340.0,204.3281674170255,-87.5,206.39448687047462,-0.0051948051948051965,-0.012820512820512775,-0.012658227848101222,-0.008637525192708861,0.005171800350844451,-0.002218500421796754,0.005206301538258391,0
2020-05-11,-1150.0,-0.03014416775884665,0,0.0,0.0,0.0,0.0,0.3,0.0,10.0,0.0,0.0,-150.0,-200.0,-500.0,-360.0,171.0263137648707,-100.0,201.96404057210464,-0.003916449086161844,-0.0051948051948051965,-0.012820512820512775,-0.009170815009941236,0.004280219517181951,-0.002539166821173511,0.005096942464023828,0
2020-05-12,-3050.0,-0.08243243243243248,0,0.0,0.0,0.0,0.0,0.3,0.0,11.0,0.0,0.0,-1150.0,-150.0,-200.0,-500.0,398.4344362627307,-162.5,304.3003191101293,-0.03014416775884665,-0.003916449086161844,-0.0051948051948051965,-0.012946832541685539,0.010458122934507602,-0.004170908210361174,0.007870942385206092,0
2020-05-13,-3250.0,-0.09572901325478644,0,0.0,0.0,0.0,0.0,0.3,0.0,12.0,0.0,0.0,-3050.0,-1150.0,-150.0,-1010.0,1207.9942052841147,-327.5,702.7155971844627,-0.08243243243243248,-0.03014416775884665,-0.003916449086161844,-0.026901673458551788,0.03275655169460641,-0.008603088838193973,0.01891988213440177,0
2020-05-14,700.0,0.0228013029315961,0,0.0,0.0,0.0,0.0,0.25,0.0,13.0,0.0,0.0,-3250.0,-3050.0,-1150.0,-1560.0,1506.8178390236824,-490.0,953.8840269351958,-0.09572901325478644,-0.08243243243243248,-0.03014416775884665,-0.043483373545406524,0.04317443238001452,-0.013389539500933295,0.027008759035936764,0
2020-05-15,100.0,0.0031847133757962887,0,0.0,0.0,0.0,0.0,0.2,0.0,14.0,0.0,0.0,700.0,-3250.0,-3050.0,-1380.0,1744.8495637160242,-455.0,985.1395840184274,0.0228013029315961,-0.09572901325478644,-0.08243243243243248,-0.037884151920126265,0.05056434984409221,-0.01224947435435349,0.028064297009137706,0
2020-05-18,1050.0,0.03333333333333344,0,0.0,0.0,0.0,0.0,0.15,0.0,15.0,0.0,0.0,100.0,700.0,-3250.0,-1330.0,1791.8565790821542,-450.0,987.8205675547613,0.0031847133757962887,0.0228013029315961,-0.09572901325478644,-0.03646391942773464,0.05184056196608714,-0.012090238685563675,0.028146373024911697,0
2020-05-19,600.0,0.018433179723502224,0,0.0,0.0,0.0,0.0,0.1,0.0,16.0,0.0,0.0,1050.0,100.0,700.0,-890.0,2092.068354523819,-397.5,1039.5438017656948,0.03333333333333344,0.0031847133757962887,0.0228013029315961,-0.02376841920929862,0.06077749185079405,-0.010423572018897004,0.029836148547321212,0
2020-05-20,550.0,0.016591251885369473,0,0.0,0.0,0.0,0.0,0.1,0.0,17.0,0.0,0.0,600.0,1050.0,100.0,-160.0,1760.468687594301,-365.0,1060.920652819497,0.018433179723502224,0.03333333333333344,0.0031847133757962887,-0.0035952967781116784,0.05263161650713384,-0.009440184637660165,0.030472293500330202,0
2020-05-21,2150.0,0.06379821958456966,0,0.0,0.0,0.0,0.0,0.1,0.0,18.0,0.0,0.0,550.0,600.0,1050.0,600.0,340.9545424246464,-340.0,1076.984093123991,0.016591251885369473,0.018433179723502224,0.03333333333333344,0.018868756249919506,0.010909340808727063,-0.008672426740548678,0.030945211747267474,0
2020-05-22,350.0,0.009762900976290068,0,0.0,0.0,0.0,0.0,0.05,0.0,19.0,0.0,0.0,2150.0,550.0,600.0,890.0,780.544681616626,-232.5,1211.5969235942941,0.06379821958456966,0.016591251885369473,0.018433179723502224,0.027068139580514218,0.023146798831856674,-0.005482515761320195,0.034919297502793455,0
2020-05-25,0.0,0.0,1,0.0,0.0,0.0,0.0,0.0,0.0,20.0,0.0,0.0,350.0,2150.0,550.0,940.0,723.1873892705818,-215.0,1217.6444040592648,0.009762900976290068,0.06379821958456966,0.016591251885369473,0.028383777100612972,0.021584114008346682,-0.004994370712505691,0.035067895397312365,0
2020-05-26,0.0,0.0,1,1.0,0.0,0.0,0.2,0.05,1.0,0.0,0.0,1.0,0.0,350.0,2150.0,730.0,828.1002354787735,-197.5,1218.117075870097,0.0,0.009762900976290068,0.06379821958456966,0.021717110433946286,0.024609014524536666,-0.004562271947073593,0.03507382664654237,0
2020-05-27,-1350.0,-0.037292817679558055,0,1.0,1.0,0.0,0.4,0.1,2.0,0.0,0.0,0.0,0.0,0.0,350.0,610.0,892.6085368177922,-195.0,1218.486982415401,0.0,0.0,0.009762900976290068,0.01803047448924584,0.026529731647817606,-0.004500005446450928,0.03508112978750064,0
2020-05-28,-450.0,-0.012912482065997155,0,0.0,1.0,1.0,0.4,0.1,0.0,1.0,1.0,0.0,-1350.0,0.0,0.0,230.0,1255.288811389634,-260.0,1244.7362857459534,-0.037292817679558055,0.0,0.0,0.007253660576260335,0.03637720216473705,-0.006302302190777959,0.03582328552642462,0
2020-05-29,-200.0,-0.005813953488372103,0,0.0,0.0,1.0,0.4,0.1,0.0,2.0,0.0,0.0,-450.0,-1350.0,0.0,-290.0,657.0768600399804,-280.0,1244.3979732342357,-0.012912482065997155,-0.037292817679558055,0.0,-0.008088479753853028,0.018204966049239456,-0.006885504321543484,0.03583162260168906,0
2020-06-01,-400.0,-0.011695906432748537,0,0.0,0.0,0.0,0.4,0.1,0.0,3.0,0.0,0.0,-200.0,-450.0,-1350.0,-400.0,562.3610939600997,-287.5,1243.3904201183573,-0.005813953488372103,-0.012912482065997155,-0.037292817679558055,-0.011203850646785463,0.015521413854519103,-0.007113701995962091,0.035808368777633784,0
2020-06-02,-1500.0,-0.044378698224852076,0,0.0,0.0,0.0,0.2,0.1,0.0,4.0,0.0,0.0,-400.0,-200.0,-450.0,-480.0,517.9285665031424,-285.0,1243.096727404674,-0.011695906432748537,-0.005813953488372103,-0.012912482065997155,-0.01354303193333517,0.01423915513906402,-0.00713529331259326,0.035811133119816575,0
2020-06-03,-500.0,-0.015479876160990669,0,0.0,0.0,0.0,0.0,0.1,0.0,5.0,0.0,0.0,-1500.0,-400.0,-200.0,-780.0,598.5398900658167,-335.0,1271.9752562969056,-0.044378698224852076,-0.011695906432748537,-0.005813953488372103,-0.022418771578305585,0.017208609667585664,-0.008721316831430802,0.03675850552679725,0
2020-06-04,-400.0,-0.012578616352201255,0,0.0,0.0,0.0,0.0,0.1,0.0,6.0,0.0,0.0,-500.0,-1500.0,-400.0,-610.0,510.3920062069938,-335.0,1271.9752562969056,-0.015479876160990669,-0.044378698224852076,-0.011695906432748537,-0.01805618327459211,0.015135183558657731,-0.008854284998454698,0.036778918409795525,0
2020-06-05,-1000.0,-0.031847133757961776,0,0.0,0.0,0.0,0.0,0.1,0.0,7.0,0.0,0.0,-400.0,-500.0,-1500.0,-600.0,514.78150704935,-345.0,1271.6441905534823,-0.012578616352201255,-0.015479876160990669,-0.044378698224852076,-0.017989410131832927,0.015164258219742013,-0.0092234755563245,0.03677731048717567,0
2020-06-08,700.0,0.023026315789473673,0,0.0,0.0,0.0,0.0,0.1,0.0,8.0,0.0,0.0,-1000.0,-400.0,-500.0,-760.0,482.7007354458868,-387.5,1278.9669968171065,-0.031847133757961776,-0.012578616352201255,-0.015479876160990669,-0.023196046185750864,0.014388088598313168,-0.010620009789914498,0.03709411926004475,0
2020-06-09,500.0,0.016077170418006492,0,0.0,0.0,0.0,0.0,0.1,0.0,9.0,0.0,0.0,700.0,-1000.0,-400.0,-540.0,820.3657720797473,-295.0,1287.786759072365,0.023026315789473673,-0.031847133757961776,-0.012578616352201255,-0.01625160174130642,0.025451892675554897,-0.007961485612498482,0.037524046644118965,0
2020-06-10,400.0,0.012658227848101333,0,0.0,0.0,0.0,0.0,0.1,0.0,10.0,0.0,0.0,500.0,700.0,-1000.0,-140.0,716.2401831787993,-117.5,1122.0604871583819,0.016077170418006492,0.023026315789473673,-0.031847133757961776,-0.004160428012734707,0.022990372469435034,-0.0030360054699765326,0.033481931832319914,0
2020-06-11,200.0,0.006250000000000089,0,0.0,0.0,0.0,0.0,0.1,0.0,11.0,0.0,0.0,400.0,500.0,700.0,40.0,716.2401831787993,65.0,849.4735211634879,0.012658227848101333,0.016077170418006492,0.023026315789473673,0.0014671927890836933,0.02297071834027132,0.002383356585167856,0.025512309712857905,0
2020-06-12,-400.0,-0.012422360248447228,0,0.0,0.0,0.0,0.0,0.1,0.0,12.0,0.0,0.0,200.0,400.0,500.0,160.0,673.0527468185536,40.0,837.0688206631016,0.006250000000000089,0.012658227848101333,0.016077170418006492,0.005232916059523962,0.02159457533680636,0.0015557914385880556,0.025079916590629855,0
2020-06-15,100.0,0.003144654088050425,0,0.0,0.0,0.0,0.0,0.1,0.0,13.0,0.0,0.0,-400.0,200.0,400.0,280.0,420.7136793592526,15.0,842.6305927210772,-0.012422360248447228,0.006250000000000089,0.012658227848101333,0.009117870761426871,0.013477917659753853,0.0007754377573758797,0.025268660023434773,0
2020-06-16,-50.0,-0.0015673981191222097,0,0.0,0.0,0.0,0.0,0.1,0.0,14.0,0.0,0.0,100.0,-400.0,200.0,160.0,350.71355833500365,-32.5,807.2492278035785,0.003144654088050425,-0.012422360248447228,0.006250000000000089,0.005141538421142222,0.01106566127372596,-0.0007339962048882708,0.024095890905621378,0
2020-06-17,-50.0,-0.0015698587127158659,0,0.0,0.0,0.0,0.0,0.1,0.0,15.0,0.0,0.0,-50.0,100.0,-400.0,50.0,300.0,-65.0,793.4103604062655,-0.0015673981191222097,0.003144654088050425,-0.012422360248447228,0.0016126247137164818,0.009393495891540074,-0.0017340250970194926,0.023669811977724046,0
2020-06-18,0.0,0.0,1,0.0,0.0,0.0,0.0,0.1,0.0,16.0,0.0,0.0,-50.0,-50.0,100.0,-40.0,227.48626332154652,-95.0,780.1652996236389,-0.0015698587127158659,-0.0015673981191222097,0.003144654088050425,-0.001232992598446958,0.0070814232852281144,-0.0026420806269237596,0.023274856389819864,0
2020-06-19,-500.0,-0.01572327044025157,0,1.0,0.0,0.0,0.2,0.15,1.0,0.0,0.0,1.0,0.0,-50.0,-50.0,-80.0,189.07670401189037,-202.5,575.9374509166955,0.0,-0.0015698587127158659,-0.0015673981191222097,-0.002482992598446976,0.0058800258396051125,-0.005831991606152243,0.01729285875746307,0
2020-06-22,0.0,0.0,1,0.0,1.0,0.0,0.2,0.15,0.0,1.0,1.0,0.0,-500.0,0.0,-50.0,-100.0,231.8404623873926,-245.0,564.2647754752244,-0.01572327044025157,0.0,-0.0015698587127158659,-0.0031431746368078438,0.007290979733978381,-0.007106300176979325,0.017020074512404303,0
2020-06-23,-200.0,-0.006389776357827448,0,1.0,0.0,1.0,0.4,0.15,1.0,0.0,0.0,1.0,0.0,-500.0,0.0,-120.0,213.89249636207438,-245.0,564.2647754752244,0.0,-0.01572327044025157,0.0,-0.003772105454417929,0.006726784684802145,-0.007106300176979325,0.017020074512404303,0
2020-06-24,-300.0,-0.009646302250803873,0,0.0,1.0,0.0,0.4,0.1,0.0,1.0,1.0,0.0,-200.0,0.0,-500.0,-150.0,212.13203435596427,-255.0,561.4595640874445,-0.006389776357827448,0.0,-0.01572327044025157,-0.004736581102158977,0.0066771799610984214,-0.007425788994870697,0.016939440483258093,0
2020-06-25,0.0,0.0,1,0.0,0.0,1.0,0.4,0.1,0.0,2.0,0.0,0.0,-300.0,-200.0,0.0,-200.0,212.13203435596427,-202.5,499.3350842027721,-0.009646302250803873,-0.006389776357827448,0.0,-0.006351869809776578,0.0066964612287469276,-0.006043463223432988,0.015435132549737303,0
2020-06-26,0.0,0.0,1,1.0,0.0,0.0,0.4,0.15,1.0,0.0,0.0,1.0,0.0,-300.0,-200.0,-200.0,212.13203435596427,-180.0,497.73169690633847,0.0,-0.009646302250803873,-0.006389776357827448,-0.006351869809776578,0.0066964612287469276,-0.00539783912013313,0.01540271069436103,0
2020-06-29,0.0,0.0,1,1.0,1.0,0.0,0.6,0.2,2.0,0.0,0.0,0.0,0.0,0.0,-300.0,-100.0,141.4213562373095,-170.0,499.3153206879239,0.0,0.0,-0.009646302250803873,-0.003207215721726264,0.00454007779637281,-0.005107141445714525,0.01544923750663277,0
2020-06-30,0.0,0.0,1,1.0,1.0,1.0,0.6,0.25,3.0,0.0,0.0,0.0,0.0,0.0,0.0,-100.0,141.4213562373095,-150.0,497.62594279977856,0.0,0.0,0.0,-0.003207215721726264,0.00454007779637281,-0.0045223461240770976,0.015408014335537776,0
2020-07-01,0.0,0.0,1,1.0,1.0,1.0,0.8,0.3,4.0,0.0,0.0,0.0,0.0,0.0,0.0,-60.0,134.16407864998737,-75.0,383.37147026158107,0.0,0.0,0.0,-0.0019292604501607747,0.004313957512861212,-0.002303411212834494,0.012234938277428026,0
2020-07-02,-50.0,-0.0016233766233766378,0,1.0,1.0,1.0,1.0,0.35,5.0,0.0,0.0,0.0,0.0,0.0,0.0,0.0,0.0,-50.0,370.2772787491757,0.0,0.0,0.0,0.0,0.0,-0.0015294174047849607,0.01184079861456819,0
2020-07-03,-800.0,-0.026016260162601612,0,0.0,1.0,1.0,0.8,0.35,0.0,1.0,1.0,0.0,-50.0,0.0,0.0,-10.0,22.360679774997898,-32.5,361.02011899032647,-0.0016233766233766378,0.0,0.0,-0.00032467532467532755,0.0007259960965901052,-0.0009816554183437298,0.011552645839268554,0
2020-07-06,-250.0,-0.008347245409014992,0,0.0,0.0,1.0,0.6,0.35,0.0,2.0,0.0,0.0,-800.0,-50.0,0.0,-170.0,352.845575287547,-22.5,334.61486109131187,-0.026016260162601612,-0.0016233766233766378,0.0,-0.00552792735719565,0.011474877343324119,-0.0006901117385757216,0.010780495592277912,0
2020-07-07,-800.0,-0.026936026936026924,0,0.0,0.0,0.0,0.4,0.35,0.0,3.0,0.0,0.0,-250.0,-800.0,-50.0,-220.0,340.22051672408,-70.0,291.27668163304446,-0.008347245409014992,-0.026016260162601612,-0.0016233766233766378,-0.007197376438998648,0.011069626375860103,-0.0022587897985001546,0.009333331224920197,0
2020-07-08,-1000.0,-0.03460207612456745,0,0.0,0.0,0.0,0.2,0.35,0.0,4.0,0.0,0.0,-800.0,-250.0,-800.0,-380.0,394.6517452134223,-135.0,302.22856460493267,-0.026936026936026924,-0.008347245409014992,-0.026016260162601612,-0.012584581826204033,0.013065686920557018,-0.004409449666201826,0.009828428695095353,0
2020-07-09,-2750.0,-0.09856630824372759,0,0.0,0.0,0.0,0.0,0.35,0.0,5.0,0.0,0.0,-1000.0,-800.0,-250.0,-580.0,407.12405971644563,-205.0,332.41540277189335,-0.03460207612456745,-0.026936026936026924,-0.008347245409014992,-0.019504997051117523,0.013872511667286744,-0.006772464864835265,0.011107073284077746,0
2020-07-10,-2500.0,-0.09940357852882709,0,0.0,0.0,0.0,0.0,0.35,0.0,6.0,0.0,0.0,-2750.0,-1000.0,-800.0,-1120.0,953.0215107750716,-352.5,647.9674699437181,-0.09856630824372759,-0.03460207612456745,-0.026936026936026924,-0.03889358337518771,0.03471720934918066,-0.012013280277021648,0.023000202092064246,0
2020-07-13,-2250.0,-0.09933774834437081,0,0.0,0.0,0.0,0.0,0.35,0.0,7.0,0.0,0.0,-2500.0,-2750.0,-1000.0,-1460.0,1101.9301248264337,-457.5,806.7600895590109,-0.09940357852882709,-0.09856630824372759,-0.03460207612456745,-0.05357104704843281,0.04254301605714578,-0.01636234119104064,0.03018346261629795,0
2020-07-14,200.0,0.009803921568627416,0,0.0,0.0,0.0,0.0,0.35,0.0,8.0,0.0,0.0,-2250.0,-2500.0,-2750.0,-1860.0,896.799866190891,-575.0,888.3011580361815,-0.09933774834437081,-0.09940357852882709,-0.09856630824372759,-0.07176914763550397,0.03752724759710822,-0.021486461312661704,0.03501056237743875,0
2020-07-15,1200.0,0.058252427184465994,0,0.0,0.0,0.0,0.0,0.35,0.0,9.0,0.0,0.0,200.0,-2250.0,-2500.0,-1660.0,1238.6484569885033,-562.5,897.7860195180727,0.009803921568627416,-0.09933774834437081,-0.09940357852882709,-0.0644211579345731,0.05001842009040734,-0.020917895328274223,0.035440761336781534,0
2020-07-16,1000.0,0.04587155963302747,0,0.0,0.0,0.0,0.0,0.35,0.0,10.0,0.0,0.0,1200.0,200.0,-2250.0,-1220.0,1796.733146574638,-500.0,975.4890811118395,0.058252427184465994,0.009803921568627416,-0.09933774834437081,-0.04585025727276641,0.07490428639666544,-0.017926781033415128,0.039456546298214386,0
2020-07-17,400.0,0.01754385964912286,0,0.0,0.0,0.0,0.0,0.3,0.0,11.0,0.0,0.0,1000.0,1200.0,200.0,-470.0,1781.010948871455,-450.0,1026.7475475090212,0.04587155963302747,0.058252427184465994,0.009803921568627416,-0.016962683697415402,0.0773046871372382,-0.015633203051763755,0.04181614562537745,0
2020-07-20,0.0,0.0,1,0.0,0.0,0.0,0.0,0.3,0.0,12.0,0.0,0.0,400.0,1000.0,1200.0,110.0,1382.208377922808,-405.0,1044.0180478375487,0.01754385964912286,0.04587155963302747,0.058252427184465994,0.006426803938174586,0.062375713116946986,-0.013969846547295033,0.04246892668664543,0
2020-07-21,-200.0,-0.008620689655172376,0,1.0,0.0,0.0,0.2,0.3,1.0,0.0,0.0,1.0,0.0,400.0,1000.0,560.0,517.6871642217914,-405.0,1044.0180478375487,0.0,0.01754385964912286,0.04587155963302747,0.026294353607048748,0.02472086157224924,-0.013969846547295033,0.04246892668664543,0
2020-07-22,-200.0,-0.008695652173912993,0,0.0,1.0,0.0,0.2,0.3,0.0,1.0,1.0,0.0,-200.0,0.0,400.0,480.0,609.9180272790762,-405.0,1044.0180478375487,-0.008620689655172376,0.0,0.01754385964912286,0.02260943136228879,0.02882584181310488,-0.01408139221216228,0.042450895540159975,0
2020-07-23,0.0,0.0,1,0.0,0.0,1.0,0.2,0.3,0.0,2.0,0.0,0.0,-200.0,-200.0,0.0,200.0,509.9019513592785,-400.0,1044.786555889968,-0.008695652173912993,-0.008620689655172376,0.0,0.009219815490612992,0.0231132681754996,-0.014033859708317737,0.04245665473663186,0
2020-07-24,-300.0,-0.013157894736842146,0,1.0,0.0,0.0,0.4,0.3,1.0,0.0,0.0,1.0,0.0,-200.0,-200.0,0.0,244.94897427831782,-400.0,1044.786555889968,0.0,-0.008695652173912993,-0.008620689655172376,4.5503564007498556e-05,0.010697047669531352,-0.014033859708317737,0.04245665473663186,0
2020-07-27,-500.0,-0.022222222222222254,0,0.0,1.0,0.0,0.4,0.25,0.0,1.0,1.0,0.0,-300.0,0.0,-200.0,-140.0,134.16407864998737,-415.0,1040.8877789757416,-0.013157894736842146,0.0,-0.008695652173912993,-0.006094847313185503,0.005859288180126179,-0.014691754445159844,0.042329499906099424,0
2020-07-28,-300.0,-0.013636363636363669,0,0.0,0.0,1.0,0.2,0.2,0.0,2.0,0.0,0.0,-500.0,-300.0,0.0,-240.0,181.6590212458495,-440.0,1036.3904974274392,-0.022222222222222254,-0.013157894736842146,0.0,-0.010539291757629955,0.008085552818111498,-0.015802865556270956,0.04221505943689362,0
2020-07-29,-700.0,-0.032258064516129004,0,0.0,0.0,0.0,0.2,0.15,0.0,3.0,0.0,0.0,-300.0,-500.0,-300.0,-260.0,181.6590212458495,-455.0,1031.8481120377114,-0.013636363636363669,-0.022222222222222254,-0.013157894736842146,-0.011542426553868213,0.008099137000249654,-0.01648468373808914,0.04205621505610831,0
2020-07-30,-1100.0,-0.05238095238095242,0,0.0,0.0,0.0,0.2,0.1,0.0,4.0,0.0,0.0,-700.0,-300.0,-500.0,-360.0,260.76809620810593,-490.0,1027.4649436970176,-0.032258064516129004,-0.013636363636363669,-0.022222222222222254,-0.016254909022311415,0.01196223387720099,-0.01809758696389559,0.042009275215796955,0
2020-07-31,-650.0,-0.03266331658291455,0,0.0,0.0,0.0,0.0,0.1,0.0,5.0,0.0,0.0,-1100.0,-700.0,-300.0,-580.0,334.66401061363024,-542.5,1030.6200228886237,-0.05238095238095242,-0.032258064516129004,-0.013636363636363669,-0.026731099498501897,0.016313309476399074,-0.020635465751774378,0.04249206603473874,0
2020-08-03,-1750.0,-0.09090909090909094,0,0.0,0.0,0.0,0.0,0.1,0.0,6.0,0.0,0.0,-650.0,-1100.0,-700.0,-650.0,295.8039891549808,-535.0,1029.1923251294013,-0.03266331658291455,-0.05238095238095242,-0.032258064516129004,-0.030632183867716378,0.014485883473636448,-0.020967818572790026,0.042562304128173266,0
2020-08-04,-1750.0,-0.09999999999999998,0,0.0,0.0,0.0,0.0,0.1,0.0,7.0,0.0,0.0,-1750.0,-650.0,-1100.0,-900.0,553.3985905294663,-610.0,1061.4786112330587,-0.09090909090909094,-0.03266331658291455,-0.05238095238095242,-0.044369557605090114,0.02940392899614562,-0.025095910847793824,0.045196136719916714,0
2020-08-05,-750.0,-0.04761904761904767,0,0.0,0.0,0.0,0.0,0.1,0.0,8.0,0.0,0.0,-1750.0,-1750.0,-650.0,-1190.0,540.1388710322559,-657.5,1091.266164647866,-0.09999999999999998,-0.09090909090909094,-0.03266331658291455,-0.06164228487781738,0.03208132452839749,-0.028749109500992475,0.048205396100115455,0
2020-08-06,500.0,0.03333333333333344,0,0.0,0.0,0.0,0.0,0.1,0.0,9.0,0.0,0.0,-750.0,-1750.0,-1750.0,-1200.0,529.1502622129182,-645.0,1088.564965544329,-0.04761904761904767,-0.09999999999999998,-0.09090909090909094,-0.06471448149840112,0.02916707197577127,-0.029399958075716486,0.048376151866688706,0
2020-08-07,1550.0,0.10000000000000009,0,0.0,0.0,0.0,0.0,0.1,0.0,10.0,0.0,0.0,500.0,-750.0,-1750.0,-880.0,933.8094023943002,-482.5,996.4773480933512,0.03333333333333344,-0.04761904761904767,-0.09999999999999998,-0.04757162435554394,0.05337307993793404,-0.022804975996863437,0.047432165081575425,0
2020-08-10,50.0,0.0029325513196480912,0,0.0,0.0,0.0,0.0,0.1,0.0,11.0,0.0,0.0,1550.0,500.0,-750.0,-440.0,1446.7204291085407,-280.0,976.2171889492624,0.10000000000000009,0.03333333333333344,-0.04761904761904767,-0.021038961038961013,0.0857758098317629,-0.012834797070422076,0.051284563320968445,0
2020-08-11,0.0,0.0,1,0.0,0.0,0.0,0.0,0.1,0.0,12.0,0.0,0.0,50.0,1550.0,500.0,-80.0,1249.7999839974395,-165.0,860.5536773374148,0.0029325513196480912,0.10000000000000009,0.03333333333333344,-0.0022706325932132067,0.07642235569948072,-0.007721282087221132,0.047136370052003204,0
2020-08-12,100.0,0.005847953216374213,0,1.0,0.0,0.0,0.2,0.15,1.0,0.0,0.0,1.0,0.0,50.0,1550.0,270.0,844.5412956155549,-175.0,857.2446681389342,0.0,0.0029325513196480912,0.10000000000000009,0.017729367406786788,0.05434986734407559,-0.008211478165652503,0.046995290828972025,0
2020-08-13,500.0,0.029069767441860517,0,0.0,1.0,0.0,0.2,0.15,0.0,1.0,1.0,0.0,100.0,0.0,50.0,440.0,651.3447627792826,-230.0,797.5950694035428,0.005847953216374213,0.0,0.0029325513196480912,0.028422767573871167,0.04217416549969568,-0.010831701864057092,0.044488611963120095,0
2020-08-14,50.0,0.0028248587570620654,0,0.0,0.0,1.0,0.2,0.15,0.0,2.0,0.0,0.0,500.0,100.0,0.0,440.0,651.3447627792826,-255.0,764.1472715593369,0.029069767441860517,0.005847953216374213,0.0,0.027570054395576582,0.04209308225917851,-0.01167179147361544,0.043509374471437004,0
2020-08-18,50.0,0.0028169014084507005,0,0.0,0.0,0.0,0.2,0.15,0.0,3.0,0.0,0.0,50.0,500.0,100.0,140.0,204.3281674170255,-272.5,752.2728718252511,0.0028248587570620654,0.029069767441860517,0.005847953216374213,0.008135026146988977,0.01188419505186923,-0.012407741518218478,0.04311185807020284,0
2020-08-19,1200.0,0.0674157303370786,0,0.0,0.0,0.0,0.2,0.1,0.0,4.0,0.0,0.0,50.0,50.0,500.0,140.0,204.3281674170255,-270.0,753.3084920605411,0.0028169014084507005,0.0028248587570620654,0.029069767441860517,0.0081118961647495,0.011896957589533526,-0.012266896447795944,0.04315910270214114,0
2020-08-20,700.0,0.03684210526315779,0,0.0,0.0,0.0,0.0,0.1,0.0,5.0,0.0,0.0,1200.0,50.0,50.0,380.0,495.7317823178175,-200.0,822.0641542387131,0.0674157303370786,0.0028169014084507005,0.0028248587570620654,0.02159504223216522,0.027876137413223735,-0.008465075448183396,0.04670084193094692,0
2020-08-21,150.0,0.0076142131979695105,0,0.0,0.0,0.0,0.0,0.1,0.0,6.0,0.0,0.0,700.0,1200.0,50.0,500.0,483.4769901453429,-155.0,846.3388645715205,0.03684210526315779,0.0674157303370786,0.0028169014084507005,0.027793872641521934,0.026929030685784602,-0.006188187576329857,0.047786480798438065,0
2020-08-24,1150.0,0.057934508816120944,0,0.0,0.0,0.0,0.0,0.05,0.0,7.0,0.0,0.0,150.0,700.0,1200.0,430.0,508.1830378908765,-147.5,848.4467231979054,0.0076142131979695105,0.03684210526315779,0.0674157303370786,0.023502761792743732,0.02834701642517881,-0.005807476916431381,0.047868636575535736,0
2020-08-25,0.0,0.0,1,0.0,0.0,0.0,0.0,0.05,0.0,8.0,0.0,0.0,1150.0,150.0,700.0,650.0,539.6758286230726,-75.0,895.3828936917375,0.057934508816120944,0.0076142131979695105,0.03684210526315779,0.03452469180455551,0.029003310949096122,-0.0022528567387832266,0.049890947705054436,0
2020-08-26,0.0,0.0,1,1.0,0.0,0.0,0.2,0.1,1.0,0.0,0.0,1.0,0.0,1150.0,150.0,640.0,553.8501602419196,-50.0,889.8551035214429,0.0,0.057934508816120944,0.0076142131979695105,0.03396131152286537,0.02978989581102574,-0.001141745627672114,0.04966977003057328,0
2020-08-27,0.0,0.0,1,1.0,1.0,0.0,0.4,0.15,2.0,0.0,0.0,0.0,0.0,0.0,1150.0,400.0,508.6747487343951,-35.0,887.9455886601681,0.0,0.0,0.057934508816120944,0.02047816545544965,0.025859949596369385,-0.00045992744585393044,0.049582746164018705,0
2020-08-28,0.0,0.0,1,1.0,1.0,1.0,0.6,0.2,3.0,0.0,0.0,0.0,0.0,0.0,0.0,260.0,501.74694817208405,0.0,874.0408276625598,0.0,0.0,0.0,0.013109744402818091,0.025273783664368586,0.0011529757799525198,0.049015350174551296,0
2020-08-31,-1050.0,-0.050000000000000044,0,1.0,1.0,1.0,0.8,0.25,4.0,0.0,0.0,0.0,0.0,0.0,0.0,230.0,514.2956348249517,55.0,834.9125387538631,0.0,0.0,0.0,0.011586901763224189,0.02590909999118141,0.0037720233990001404,0.047376346631125894,0
2020-09-01,50.0,0.0025062656641603454,0,0.0,1.0,1.0,0.8,0.25,0.0,1.0,1.0,0.0,-1050.0,0.0,0.0,-210.0,469.5742752749558,35.0,857.1832697240053,-0.050000000000000044,0.0,0.0,-0.010000000000000009,0.02236067977499786,0.0029051892281458658,0.04822901215383961,0
2020-09-02,0.0,0.0,1,0.0,0.0,1.0,0.6,0.25,0.0,2.0,0.0,0.0,50.0,-1050.0,0.0,-200.0,475.6574397610112,125.0,747.3637879767439,0.0025062656641603454,-0.050000000000000044,0.0,-0.00949874686716794,0.022666883372812193,0.00757595705680843,0.04289364644003115,0
2020-09-03,1500.0,0.07499999999999996,0,1.0,0.0,0.0,0.6,0.3,1.0,0.0,0.0,1.0,0.0,50.0,-1050.0,-200.0,475.6574397610112,212.5,605.2130986163817,0.0,0.0025062656641603454,-0.050000000000000044,-0.00949874686716794,0.022666883372812193,0.012575957056808428,0.03474890515667468,0
2020-09-04,-500.0,-0.023255813953488413,0,0.0,1.0,0.0,0.4,0.3,0.0,1.0,1.0,0.0,1500.0,0.0,50.0,100.0,908.9829481348921,325.0,625.6575488404601,0.07499999999999996,0.0,0.0025062656641603454,0.005501253132832051,0.0446653177460484,0.01870690943776081,0.034384660586755246,0
2020-09-07,0.0,0.0,1,0.0,0.0,1.0,0.2,0.3,0.0,2.0,0.0,0.0,-500.0,1500.0,0.0,0.0,949.3418773023762,275.0,650.4047322932649,-0.023255813953488413,0.07499999999999996,0.0,0.0008500903421343686,0.04655239247952154,0.01587745207341972,0.03543014928483328,0
2020-09-08,250.0,0.011904761904761862,0,1.0,0.0,0.0,0.4,0.35,1.0,0.0,0.0,1.0,0.0,-500.0,1500.0,210.0,755.3145040312678,197.5,578.8998186214951,0.0,-0.023255813953488413,0.07499999999999996,0.010850090342134378,0.037361383633560105,0.010877452073419714,0.029492286684067965,0
2020-09-09,0.0,0.0,1,0.0,1.0,0.0,0.4,0.35,0.0,1.0,1.0,0.0,250.0,0.0,-500.0,250.0,750.0,207.5,577.9444063593879,0.011904761904761862,0.0,-0.023255813953488413,0.01272978959025468,0.037071952078315006,0.011326062602675402,0.02943325490577024,0
2020-09-10,-400.0,-0.018823529411764683,0,1.0,0.0,1.0,0.4,0.35,1.0,0.0,0.0,1.0,0.0,250.0,0.0,250.0,750.0,207.5,577.9444063593879,0.0,0.011904761904761862,0.0,0.01272978959025468,0.037071952078315006,0.011326062602675402,0.02943325490577024,0
2020-09-11,-1350.0,-0.06474820143884896,0,0.0,1.0,0.0,0.4,0.35,0.0,1.0,1.0,0.0,-400.0,0.0,250.0,-130.0,311.44823004794875,182.5,593.4455590691932,-0.018823529411764683,0.0,0.011904761904761862,-0.006034916292098247,0.0146183140691799,0.010092488471268457,0.030182399459957394,0
2020-09-14,1800.0,0.0923076923076922,0,0.0,0.0,1.0,0.4,0.35,0.0,2.0,0.0,0.0,-1350.0,-400.0,0.0,-300.0,631.4665470157545,90.0,679.318543991349,-0.06474820143884896,-0.018823529411764683,0.0,-0.014333393789170357,0.03025370769638515,0.005401590027232983,0.03411240605541277,0
2020-09-15,0.0,0.0,1,0.0,0.0,0.0,0.2,0.35,0.0,3.0,0.0,0.0,1800.0,-1350.0,-400.0,60.0,1147.4972766852215,177.5,779.2498079293281,0.0923076923076922,-0.06474820143884896,-0.018823529411764683,0.004128144672368083,0.057279752906419665,0.00987573170476449,0.039239575139491605,1
2020-09-16,100.0,0.0046948356807512415,0,1.0,0.0,0.0,0.4,0.4,1.0,0.0,0.0,1.0,0.0,1800.0,-1350.0,10.0,1142.5847889762929,175.0,779.7604220460754,0.0,0.0923076923076922,-0.06474820143884896,0.0017471922914157113,0.05712289712483294,0.009734886634341956,0.03927128797849205,0
2020-09-17,100.0,0.004672897196261738,0,0.0,1.0,0.0,0.2,0.4,0.0,1.0,1.0,0.0,100.0,0.0,1800.0,30.0,1143.241006962224,120.0,741.5133884584674,0.0046948356807512415,0.0,0.0923076923076922,0.0026861594275659597,0.05712558342802866,0.006598841901525587,0.03685253257192723,0
2020-09-18,200.0,0.009302325581395321,0,0.0,0.0,1.0,0.2,0.4,0.0,2.0,0.0,0.0,100.0,100.0,0.0,130.0,1117.8103595869918,90.0,728.8419076286636,0.004672897196261738,0.0046948356807512415,0.0,0.007385444749171244,0.05586634301683374,0.004990381498180785,0.03615855825694608,0
2020-09-21,-100.0,-0.004608294930875556,0,0.0,0.0,0.0,0.2,0.4,0.0,3.0,0.0,0.0,200.0,100.0,100.0,440.0,763.544366752843,92.5,729.1442352439425,0.009302325581395321,0.004672897196261738,0.0046948356807512415,0.0221955501532201,0.03933163020283228,0.005074787117352075,0.036166974796014426,0
2020-09-22,250.0,0.011574074074074181,0,0.0,0.0,0.0,0.2,0.4,0.0,4.0,0.0,0.0,-100.0,200.0,100.0,60.0,114.0175425099138,30.0,686.0259316872566,-0.004608294930875556,0.009302325581395321,0.004672897196261738,0.0028123527055065487,0.005293875115816459,0.0019476469300022503,0.0339945684801418,0
2020-09-23,650.0,0.029748283752860427,0,0.0,0.0,0.0,0.0,0.35,0.0,5.0,0.0,0.0,250.0,-100.0,200.0,110.0,134.16407864998737,42.5,687.7260393958904,0.011574074074074181,-0.004608294930875556,0.009302325581395321,0.005127167520321385,0.006208201237743029,0.0025263506337059594,0.034058123575605066,0
2020-09-24,50.0,0.0022222222222221255,0,0.0,0.0,0.0,0.0,0.3,0.0,6.0,0.0,0.0,650.0,250.0,-100.0,220.0,275.2271788904577,75.0,700.8453542161179,0.029748283752860427,0.011574074074074181,-0.004608294930875556,0.010137857134743222,0.012596075302346892,0.0040137648213489805,0.03458746580409531,0
2020-09-25,50.0,0.0022172949002217113,0,0.0,0.0,0.0,0.0,0.25,0.0,7.0,0.0,0.0,50.0,650.0,250.0,210.0,281.51376520518494,77.5,700.6528910125259,0.0022222222222221255,0.029748283752860427,0.011574074074074181,0.0096477221399353,0.012905762080007247,0.004124875932460087,0.034577461040016196,0
2020-09-28,150.0,0.006637168141592875,0,0.0,0.0,0.0,0.0,0.2,0.0,8.0,0.0,0.0,50.0,50.0,650.0,180.0,290.68883707497264,80.0,700.4509825443665,0.0022172949002217113,0.0022222222222221255,0.029748283752860427,0.008230716003700577,0.013334984042870129,0.004235740677471173,0.03456709255895324,0
2020-09-29,-450.0,-0.01978021978021982,0,0.0,0.0,0.0,0.0,0.2,0.0,9.0,0.0,0.0,150.0,50.0,50.0,230.0,248.99799195977465,140.0,647.9928524622053,0.006637168141592875,0.0022172949002217113,0.0022222222222221255,0.010479808618194263,0.011442184043728454,0.0070675990845508185,0.03212365640678479,0
2020-10-05,-100.0,-0.004484304932735439,0,0.0,0.0,0.0,0.0,0.2,0.0,10.0,0.0,0.0,-450.0,150.0,50.0,90.0,391.1521443121589,115.0,661.1592689718328,-0.01978021978021982,0.006637168141592875,0.0022172949002217113,0.004208949847335464,0.017617802473115278,0.00595327481233181,0.03267207238238201,0
2020-10-06,350.0,0.015765765765765716,0,0.0,0.0,0.0,0.0,0.15,0.0,11.0,0.0,0.0,-100.0,-450.0,150.0,-60.0,235.58437978779492,110.0,662.4515871089433,-0.004484304932735439,-0.01978021978021982,0.006637168141592875,-0.0026375678897837098,0.010374113608360939,0.0057290595656950384,0.03273041246450799,0
2020-10-07,250.0,0.011086474501108556,0,0.0,0.0,0.0,0.0,0.15,0.0,12.0,0.0,0.0,350.0,-100.0,-450.0,0.0,300.0,52.5,580.2619644336695,0.015765765765765716,-0.004484304932735439,-0.01978021978021982,7.114081892500845e-05,0.013312292702595173,0.002767347853983326,0.028544660906677906,0
2020-10-08,200.0,0.00877192982456143,0,0.0,0.0,0.0,0.0,0.15,0.0,13.0,0.0,0.0,250.0,350.0,-100.0,40.0,320.9361307176242,90.0,566.7543791765437,0.011086474501108556,0.015765765765765716,-0.004484304932735439,0.0018449767391023775,0.014229087087976676,0.004484462276713175,0.027923004040401614,0
2020-10-12,150.0,0.006521739130434856,0,0.0,0.0,0.0,0.0,0.1,0.0,14.0,0.0,0.0,200.0,250.0,350.0,50.0,325.96012026013244,100.0,566.8472364523657,0.00877192982456143,0.011086474501108556,0.015765765765765716,0.0022719290756960885,0.014439302411736611,0.004923058767941246,0.027917749095461464,0
2020-10-13,250.0,0.010799136069114423,0,0.0,0.0,0.0,0.0,0.1,0.0,15.0,0.0,0.0,150.0,200.0,250.0,170.0,168.0773631397161,95.0,565.8947270520049,0.006521739130434856,0.00877192982456143,0.011086474501108556,0.007532320857827024,0.007539542830647342,0.004653907629224896,0.027872809170537638,0
2020-10-14,300.0,0.012820512820512775,0,0.0,0.0,0.0,0.0,0.05,0.0,16.0,0.0,0.0,250.0,150.0,200.0,240.0,74.16198487095663,107.5,566.4466807257883,0.010799136069114423,0.006521739130434856,0.00877192982456143,0.010589009058196996,0.003425452409665973,0.005193864432680617,0.02788250747563882,0
2020-10-15,-150.0,-0.006329113924050667,0,0.0,0.0,0.0,0.0,0.05,0.0,17.0,0.0,0.0,300.0,250.0,150.0,230.0,57.0087712549569,142.5,554.9478401283835,0.012820512820512775,0.010799136069114423,0.006521739130434856,0.009999958469146409,0.002417684475542311,0.00677606654429449,0.027340459249564224,0
2020-10-16,550.0,0.023354564755838636,0,0.0,0.0,0.0,0.0,0.05,0.0,18.0,0.0,0.0,-150.0,300.0,250.0,150.0,176.7766952966369,202.5,437.5394719036035,-0.006329113924050667,0.012820512820512775,0.010799136069114423,0.0065168407841145635,0.007552786522018964,0.009697020920034405,0.021870310183400462,0
2020-10-19,400.0,0.016597510373443924,0,0.0,0.0,0.0,0.0,0.05,0.0,19.0,0.0,0.0,550.0,-150.0,300.0,220.0,253.96850198400588,140.0,243.65635853109103,0.023354564755838636,-0.006329113924050667,0.012820512820512775,0.009433367770370005,0.010771156050403921,0.006249364542441726,0.010790292102267993,0
2020-10-20,500.0,0.020408163265306145,0,0.0,0.0,0.0,0.0,0.0,0.0,20.0,0.0,0.0,400.0,550.0,-150.0,270.0,261.2470095522626,160.0,247.9388719231543,0.016597510373443924,0.023354564755838636,-0.006329113924050667,0.011448522018971818,0.011029668346335378,0.007079240061113923,0.010921811510672732,0
2020-10-21,0.0,0.0,1,0.0,0.0,0.0,0.0,0.0,0.0,21.0,0.0,0.0,500.0,400.0,550.0,320.0,279.7320146139873,180.0,258.7418953726911,0.020408163265306145,0.016597510373443924,0.023354564755838636,0.013370327458210162,0.011704711911665352,0.007864906440341667,0.011299889946282404,0
2020-10-22,-500.0,-0.020000000000000018,0,1.0,0.0,0.0,0.2,0.05,1.0,0.0,0.0,1.0,0.0,500.0,400.0,260.0,315.03968004046726,175.0,261.3225472174388,0.0,0.020408163265306145,0.016597510373443924,0.010806224894107607,0.01316806149503486,0.007631261580528581,0.011417066576550821,0
2020-10-23,300.0,0.012244897959183598,0,0.0,1.0,0.0,0.2,0.05,0.0,1.0,1.0,0.0,-500.0,0.0,500.0,190.0,442.1538193886829,140.0,301.5748139700208,-0.020000000000000018,0.0,0.020408163265306145,0.008072047678917737,0.018108122519611306,0.006166145301458814,0.012966356511467794,0
2020-10-26,100.0,0.0040322580645162365,0,0.0,0.0,1.0,0.2,0.05,0.0,2.0,0.0,0.0,300.0,-500.0,0.0,140.0,403.732584763727,160.0,298.06392814823784,0.012244897959183598,-0.020000000000000018,0.0,0.00585011431958673,0.016361454830864007,0.007008804945961772,0.012775516857381123,0
2020-10-27,-100.0,-0.004016064257028162,0,0.0,0.0,0.0,0.2,0.05,0.0,3.0,0.0,0.0,100.0,300.0,-500.0,80.0,376.82887362833543,152.5,297.56688765986536,0.0040322580645162365,0.012244897959183598,-0.020000000000000018,0.0033370638578011924,0.015223417676706534,0.0066317141454838744,0.012744941180472974,0
2020-10-28,-500.0,-0.020161290322580627,0,0.0,0.0,0.0,0.2,0.05,0.0,4.0,0.0,0.0,-100.0,100.0,300.0,-40.0,296.6479394838265,115.0,278.1990956888704,-0.004016064257028162,0.0040322580645162365,0.012244897959183598,-0.0015477816466656692,0.01194097214548999,0.0049434967449894455,0.011716463501932641,0
2020-10-29,-300.0,-0.012345679012345734,0,0.0,0.0,0.0,0.0,0.05,0.0,5.0,0.0,0.0,-500.0,-100.0,100.0,-140.0,357.77087639996637,87.5,310.2948512896115,-0.020161290322580627,-0.004016064257028162,0.0040322580645162365,-0.005580039711181794,0.014431898825395438,0.0038243211177493076,0.012989932822317035,0
2020-10-30,50.0,0.002083333333333437,0,0.0,0.0,0.0,0.0,0.05,0.0,6.0,0.0,0.0,-300.0,-500.0,-100.0,-100.0,316.22776601683796,70.0,322.16373738242254,-0.012345679012345734,-0.020161290322580627,-0.004016064257028162,-0.004049175513650938,0.012837831877810905,0.0030961724221209353,0.013483539868498583,0
2020-11-02,-2200.0,-0.09147609147609148,0,0.0,0.0,0.0,0.0,0.05,0.0,7.0,0.0,0.0,50.0,-300.0,-500.0,-150.0,250.0,65.0,321.6323497738569,0.002083333333333437,-0.012345679012345734,-0.020161290322580627,-0.00608148843882097,0.010132855774446031,0.002868480681707963,0.013459024407601484,0
2020-11-03,650.0,0.029748283752860427,0,0.0,0.0,0.0,0.0,0.05,0.0,8.0,0.0,0.0,-2200.0,50.0,-300.0,-610.0,912.6883367283708,-22.5,592.8244170694086,-0.09147609147609148,0.002083333333333437,-0.012345679012345734,-0.025183158346942514,0.038000922547182854,-0.0007163129030856197,0.0246797180571164,0
2020-11-04,0.0,0.0,1,0.0,0.0,0.0,0.0,0.05,0.0,9.0,0.0,0.0,650.0,-2200.0,50.0,-460.0,1066.1847869858207,15.0,611.1034023968878,0.029748283752860427,-0.09147609147609148,0.002083333333333437,-0.018430288744964794,0.045049116743267295,0.0009953165311941737,0.02557546270946813,0
2020-11-05,-200.0,-0.008888888888888835,0,1.0,0.0,0.0,0.2,0.1,1.0,0.0,0.0,1.0,0.0,650.0,-2200.0,-360.0,1084.7810839058727,-2.5,605.9952666134403,0.0,0.029748283752860427,-0.09147609147609148,-0.01439803068044867,0.045752254940770114,0.00020702824290588784,0.025338111589130824,0
2020-11-06,-50.0,-0.0022421524663677195,0,0.0,1.0,0.0,0.2,0.1,0.0,1.0,1.0,0.0,-200.0,0.0,650.0,-340.0,1087.0832534815354,-25.0,604.4788969369446,-0.008888888888888835,0.0,0.029748283752860427,-0.01370667265575729,0.04581709273016816,-0.0007917399265939817,0.025280323823310018,0
2020-11-09,-50.0,-0.0022471910112359383,0,0.0,0.0,1.0,0.2,0.1,0.0,2.0,0.0,0.0,-50.0,-200.0,0.0,-360.0,1079.004170520207,-37.5,602.161676138997,-0.0022421524663677195,-0.008888888888888835,0.0,-0.014571769815697522,0.0454840436679063,-0.0013424440411404393,0.025180793742566352,0
2020-11-10,0.0,0.0,1,0.0,0.0,0.0,0.2,0.1,0.0,3.0,0.0,0.0,-50.0,-50.0,-200.0,70.0,332.79122584587475,-47.5,600.5425178865137,-0.0022471910112359383,-0.0022421524663677195,-0.008888888888888835,0.003274010277273587,0.015169493486638366,-0.001780890548223979,0.025112906704615835,0
2020-11-11,0.0,0.0,1,1.0,0.0,0.0,0.4,0.15,1.0,0.0,0.0,1.0,0.0,-50.0,-50.0,-60.0,82.15838362577492,-60.0,596.6132486134151,0.0,-0.0022471910112359383,-0.0022421524663677195,-0.0026756464732984988,0.003650138372447247,-0.0023208473516797,0.024943712438840637,0
2020-11-12,0.0,0.0,1,1.0,1.0,0.0,0.4,0.2,2.0,0.0,0.0,0.0,0.0,0.0,-50.0,-60.0,82.15838362577492,-75.0,590.8290339585733,0.0,0.0,-0.0022471910112359383,-0.0026756464732984988,0.003650138372447247,-0.002961872992705339,0.02469763922397675,0
2020-11-13,0.0,0.0,1,1.0,1.0,1.0,0.6,0.25,3.0,0.0,0.0,0.0,0.0,0.0,0.0,-20.0,27.386127875258307,-67.5,590.7789238303151,0.0,0.0,0.0,-0.0008978686955207315,0.0012294586360903856,-0.0026454172965028055,0.024692770918992073,0
2020-11-16,-50.0,-0.0022522522522522292,0,1.0,1.0,1.0,0.8,0.3,4.0,0.0,0.0,0.0,0.0,0.0,0.0,-10.0,22.360679774997898,-95.0,573.0573591204508,0.0,0.0,0.0,-0.00044943820224718767,0.0010049743719088883,-0.0038131455342947373,0.02393923575122562,0
2020-11-17,50.0,0.0022573363431150906,0,0.0,1.0,1.0,0.8,0.3,0.0,1.0,1.0,0.0,-50.0,0.0,0.0,-10.0,22.360679774997898,-117.5,561.3130752272323,-0.0022522522522522292,0.0,0.0,-0.00045045045045044585,0.0010072378277014781,-0.004755633665579545,0.023459628249403477,0
2020-11-18,50.0,0.0022522522522523403,0,0.0,0.0,1.0,0.6,0.3,0.0,2.0,0.0,0.0,50.0,-50.0,0.0,0.0,35.35533905932738,-140.0,544.0104488160614,0.0022573363431150906,-0.0022522522522522292,0.0,1.0168181725722648e-06,0.001594380946019367,-0.005663175011689098,0.02277605095023928,0
2020-11-19,50.0,0.0022471910112360494,0,0.0,0.0,0.0,0.4,0.25,0.0,3.0,0.0,0.0,50.0,50.0,-50.0,10.0,41.83300132670378,-137.5,544.8019920359284,0.0022522522522523403,0.0022573363431150906,-0.0022522522522522292,0.0004514672686230403,0.0018855857384577096,-0.00555056239907648,0.02281106638917698,0
2020-11-20,50.0,0.0022421524663676085,0,0.0,0.0,0.0,0.2,0.25,0.0,4.0,0.0,0.0,50.0,50.0,50.0,20.0,44.721359549995796,-110.0,539.3953730067144,0.0022471910112360494,0.0022522522522523403,0.0022573363431150906,0.0009009054708702501,0.0020144826808172448,-0.004438202848514677,0.022610922002532886,0
2020-11-23,0.0,0.0,1,0.0,0.0,0.0,0.0,0.25,0.0,5.0,0.0,0.0,50.0,50.0,50.0,30.0,44.721359549995796,-122.5,532.2432665021156,0.0022421524663676085,0.0022471910112360494,0.0022522522522523403,0.0013493359641437719,0.0020133569718414077,-0.0049383401231554765,0.022331380600533083,0
2020-11-24,50.0,0.0022371364653244186,0,1.0,0.0,0.0,0.2,0.3,1.0,0.0,0.0,1.0,0.0,50.0,50.0,40.0,22.360679774997898,-127.5,530.5099334354486,0.0,0.0022421524663676085,0.0022471910112360494,0.0017997864145942177,0.0010061271050846204,-0.005139953026381289,0.02226423051380351,0
2020-11-25,100.0,0.0044642857142858094,0,0.0,1.0,0.0,0.2,0.3,0.0,1.0,1.0,0.0,50.0,0.0,50.0,40.0,22.360679774997898,-120.0,531.9774431308155,0.0022371364653244186,0.0,0.0022421524663676085,0.0017957464390360833,0.0010038685831715644,-0.00482729299026366,0.02232466943764567,0
2020-11-26,0.0,0.0,1,0.0,0.0,1.0,0.2,0.3,0.0,2.0,0.0,0.0,100.0,50.0,0.0,50.0,35.35533905932738,-90.0,526.3078946776307,0.0044642857142858094,0.0022371364653244186,0.0,0.0022381531314427773,0.0015783768900150621,-0.0035960141884203377,0.022112520215552118,0
2020-11-27,100.0,0.004444444444444473,0,1.0,0.0,0.0,0.4,0.35,1.0,0.0,0.0,1.0,0.0,100.0,50.0,40.0,41.83300132670378,-75.0,524.2789534709852,0.0,0.0044642857142858094,0.0022371364653244186,0.0017887149291955673,0.0018684464600340045,-0.0029787302378030513,0.022027568073450368,0
2020-11-30,100.0,0.004424778761061843,0,0.0,1.0,0.0,0.4,0.35,0.0,1.0,1.0,0.0,100.0,0.0,100.0,50.0,50.0,-72.5,525.0250620584446,0.004444444444444473,0.0,0.0044642857142858094,0.0022291733248109404,0.0022271980358042707,-0.0028606746822474995,0.022062425359182278,0
2020-12-01,0.0,0.0,1,0.0,0.0,1.0,0.2,0.35,0.0,2.0,0.0,0.0,100.0,100.0,0.0,70.0,44.721359549995796,42.5,158.34256667444978,0.004424778761061843,0.004444444444444473,0.0,0.003114129077023309,0.001986037541534567,0.001934368829610167,0.007214016089223998,0
2020-12-02,0.0,0.0,1,1.0,0.0,0.0,0.4,0.4,1.0,0.0,0.0,1.0,0.0,100.0,100.0,60.0,54.772255750516614,10.0,68.05570473787165,0.0,0.004424778761061843,0.004444444444444473,0.002666701783958425,0.00243439460749636,0.0004469546419671455,0.003032095286268317,0
2020-12-03,0.0,0.0,1,1.0,1.0,0.0,0.6,0.4,2.0,0.0,0.0,0.0,0.0,0.0,100.0,40.0,54.772255750516614,10.0,68.05570473787165,0.0,0.0,0.004424778761061843,0.0017738446411012631,0.002428946759928568,0.0004469546419671455,0.003032095286268317,0
2020-12-04,200.0,0.008810572687224738,0,1.0,1.0,1.0,0.6,0.45,3.0,0.0,0.0,0.0,0.0,0.0,0.0,40.0,54.772255750516614,20.0,47.01623459816214,0.0,0.0,0.0,0.0017738446411012631,0.002428946759928568,0.0008913990864115873,0.002099744488347901,0
2020-12-07,0.0,0.0,1,0.0,1.0,1.0,0.6,0.45,0.0,1.0,1.0,0.0,200.0,0.0,0.0,60.0,89.44271909999159,32.5,59.105169423930455,0.008810572687224738,0.0,0.0,0.002647070289657316,0.003942396243697263,0.0014440353440912101,0.002621325899239462,0
2020-12-08,200.0,0.008733624454148492,0,1.0,0.0,1.0,0.8,0.5,1.0,0.0,0.0,1.0,0.0,200.0,0.0,40.0,89.44271909999159,35.0,56.42880936468298,0.0,0.008810572687224738,0.0,0.0017621145374449477,0.003940207889867215,0.001556394894653007,0.002500139286931639,0
2020-12-09,300.0,0.01298701298701288,0,0.0,1.0,0.0,0.6,0.45,0.0,1.0,1.0,0.0,200.0,0.0,200.0,80.0,109.54451150103323,45.0,66.68859288553459,0.008733624454148492,0.0,0.008810572687224738,0.003508839428274646,0.004804753284922347,0.0019930761173604316,0.00293831030842567,0
2020-12-10,0.0,0.0,1,0.0,0.0,1.0,0.4,0.4,0.0,2.0,0.0,0.0,300.0,200.0,0.0,140.0,134.16407864998737,60.0,86.7543416174293,0.01298701298701288,0.008733624454148492,0.0,0.006106242025677222,0.0058338223988880136,0.0026424267667110755,0.0037871031289133435,0
2020-12-11,600.0,0.02564102564102555,0,1.0,0.0,0.0,0.4,0.4,1.0,0.0,0.0,1.0,0.0,300.0,200.0,140.0,134.16407864998737,60.0,86.7543416174293,0.0,0.01298701298701288,0.008733624454148492,0.006106242025677222,0.0058338223988880136,0.0026424267667110755,0.0037871031289133435,0
2020-12-14,1000.0,0.04166666666666674,0,0.0,1.0,0.0,0.4,0.35,0.0,1.0,1.0,0.0,600.0,0.0,300.0,220.0,248.99799195977465,90.0,147.43419584771743,0.02564102564102555,0.0,0.01298701298701288,0.009472332616437384,0.010651003149616296,0.003924478048762353,0.006331129745528006,0
2020-12-15,2500.0,0.10000000000000009,0,0.0,0.0,1.0,0.2,0.35,0.0,2.0,0.0,0.0,1000.0,600.0,0.0,420.0,389.87177379235857,142.5,247.76633729128096,0.04166666666666674,0.02564102564102555,0.0,0.017805665949770733,0.016227317322124252,0.006120423994708302,0.01039093254957658,0
2020-12-16,500.0,0.018181818181818077,0,0.0,0.0,0.0,0.2,0.35,0.0,3.0,0.0,0.0,2500.0,1000.0,600.0,880.0,978.2637681116479,265.0,581.0833801932748,0.10000000000000009,0.04166666666666674,0.02564102564102555,0.03605894105894105,0.03892621116259189,0.011007557177552552,0.023364647198547715,0
2020-12-17,2500.0,0.08928571428571419,0,0.0,0.0,0.0,0.2,0.35,0.0,4.0,0.0,0.0,500.0,2500.0,1000.0,920.0,952.36547606473,287.5,581.0324295687171,0.018181818181818077,0.10000000000000009,0.04166666666666674,0.03709790209790209,0.038219367207948066,0.011804035474030838,0.02332195164107772,0
2020-12-18,0.0,0.0,1,0.0,0.0,0.0,0.0,0.35,0.0,5.0,0.0,0.0,2500.0,500.0,2500.0,1420.0,1003.4938963441681,410.0,759.2586411826514,0.08928571428571419,0.018181818181818077,0.10000000000000009,0.05495504495504493,0.037402559287055104,0.016155961637754745,0.028898777234492214,0
2020-12-21,-3050.0,-0.09999999999999998,0,1.0,0.0,0.0,0.2,0.4,1.0,0.0,0.0,1.0,0.0,2500.0,500.0,1300.0,1151.0864433221338,407.5,760.5875498932595,0.0,0.08928571428571419,0.018181818181818077,0.04982683982683982,0.0436607906575518,0.016043854014436365,0.028959878630639476,0
2020-12-22,550.0,0.020036429872495543,0,0.0,1.0,0.0,0.2,0.35,0.0,1.0,1.0,0.0,-3050.0,0.0,2500.0,490.0,2283.199509460354,255.0,1083.7192295152156,-0.09999999999999998,0.0,0.08928571428571419,0.021493506493506474,0.08061120142538328,0.011043854014436366,0.038827274487627135,0
2020-12-23,-500.0,-0.017857142857142905,0,0.0,0.0,1.0,0.2,0.35,0.0,2.0,0.0,0.0,550.0,-3050.0,0.0,100.0,2003.4345509649174,280.0,1084.5081349334555,0.020036429872495543,-0.09999999999999998,0.0,0.005500792468005567,0.06810411555306692,0.011933818684794923,0.03881877939653263,0
2020-12-24,0.0,0.0,1,0.0,0.0,0.0,0.2,0.35,0.0,3.0,0.0,0.0,-500.0,550.0,-3050.0,-100.0,2003.4345509649174,250.0,1097.9646241065664,-0.017857142857142905,0.020036429872495543,-0.09999999999999998,-0.0017069997397866298,0.06833320131533402,0.010817747256223486,0.03936191734272774,0
2020-12-28,-500.0,-0.018181818181818188,0,1.0,0.0,0.0,0.4,0.35,1.0,0.0,0.0,1.0,0.0,-500.0,550.0,-600.0,1419.0665946318375,250.0,1097.9646241065664,0.0,-0.017857142857142905,0.020036429872495543,-0.019564142596929467,0.046921630660311894,0.010817747256223486,0.03936191734272774,0
2020-12-29,-2500.0,-0.09259259259259256,0,0.0,1.0,0.0,0.2,0.35,0.0,1.0,1.0,0.0,-500.0,0.0,-500.0,-700.0,1383.3835332256922,220.0,1110.405331399305,-0.018181818181818188,0.0,-0.017857142857142905,-0.023200506233293106,0.045715416267510814,0.009686434124910354,0.03987652562325616,0
2020-12-30,-1500.0,-0.061224489795918324,0,0.0,0.0,1.0,0.2,0.35,0.0,2.0,0.0,0.0,-2500.0,-500.0,0.0,-590.0,1152.3888232710347,90.0,1266.4288788807519,-0.09259259259259256,-0.018181818181818188,0.0,-0.021719024751811623,0.04261960407964078,0.004835565557227634,0.04598358081782247,0
2021-01-04,0.0,0.0,1,0.0,0.0,0.0,0.2,0.3,0.0,3.0,0.0,0.0,-1500.0,-2500.0,-500.0,-1000.0,1000.0,15.0,1315.5047060269103,-0.061224489795918324,-0.09259259259259256,-0.018181818181818188,-0.0379712086854944,0.037954640599071054,0.0017743410674317174,0.04830191818312621,0
2021-01-05,0.0,0.0,1,1.0,0.0,0.0,0.4,0.3,1.0,0.0,0.0,1.0,0.0,-1500.0,-2500.0,-900.0,1083.97416943394,15.0,1315.5047060269103,0.0,-0.061224489795918324,-0.09259259259259256,-0.03439978011406582,0.041035595848923155,0.0017743410674317174,0.04830191818312621,0
2021-01-06,-500.0,-0.021739130434782594,0,1.0,1.0,0.0,0.4,0.3,2.0,0.0,0.0,0.0,0.0,0.0,-1500.0,-900.0,1083.97416943394,15.0,1315.5047060269103,0.0,0.0,-0.061224489795918324,-0.03439978011406582,0.041035595848923155,0.0017743410674317174,0.04830191818312621,0
2021-01-07,-1500.0,-0.06666666666666665,0,0.0,1.0,1.0,0.4,0.3,0.0,1.0,1.0,0.0,-500.0,0.0,0.0,-900.0,1083.97416943394,-20.0,1319.6291345039253,-0.021739130434782594,0.0,0.0,-0.035111242564658696,0.04071369356149513,0.00024685591133135064,0.048550105030974726,0
2021-01-08,-1200.0,-0.05714285714285716,0,0.0,0.0,1.0,0.4,0.25,0.0,2.0,0.0,0.0,-1500.0,-500.0,0.0,-700.0,758.287544405155,-95.0,1360.4275643689145,-0.06666666666666665,-0.021739130434782594,0.0,-0.029926057379473514,0.032355941633175095,-0.0030864774220019818,0.05080420497287287,0
2021-01-11,-300.0,-0.015151515151515138,0,0.0,0.0,0.0,0.4,0.25,0.0,3.0,0.0,0.0,-1200.0,-1500.0,-500.0,-640.0,687.749954561976,-165.0,1380.3222354523637,-0.05714285714285716,-0.06666666666666665,-0.021739130434782594,-0.02910973084886128,0.03140644125210696,-0.006380301501852264,0.05211609987345087,0
2021-01-12,-600.0,-0.03076923076923077,0,0.0,0.0,0.0,0.2,0.25,0.0,4.0,0.0,0.0,-300.0,-1200.0,-1500.0,-700.0,628.4902544988267,-195.0,1376.1980426637654,-0.015151515151515138,-0.05714285714285716,-0.06666666666666665,-0.03214003387916431,0.028491226200232936,-0.007787227908778666,0.051945275827171636,0
2021-01-13,-1800.0,-0.09523809523809523,0,0.0,0.0,0.0,0.0,0.2,0.0,5.0,0.0,0.0,-600.0,-300.0,-1200.0,-820.0,506.951674225463,-225.0,1378.2616816693028,-0.03076923076923077,-0.015151515151515138,-0.05714285714285716,-0.038293880033010465,0.022508598871085337,-0.009325689447240205,0.05215771436776911,0
2021-01-14,-1100.0,-0.06432748538011701,0,0.0,0.0,0.0,0.0,0.2,0.0,6.0,0.0,0.0,-1800.0,-600.0,-300.0,-1080.0,622.0932405998316,-345.0,1406.8348199153716,-0.09523809523809523,-0.03076923076923077,-0.015151515151515138,-0.05299367299367299,0.03128383143969485,-0.015369645491196243,0.05482786383659945,0
2021-01-15,600.0,0.03750000000000009,0,0.0,0.0,0.0,0.0,0.2,0.0,7.0,0.0,0.0,-1100.0,-1800.0,-600.0,-1000.0,578.7918451395112,-450.0,1379.2637242574865,-0.06432748538011701,-0.09523809523809523,-0.03076923076923077,-0.05252583673636306,0.031044816924891337,-0.02066935309353543,0.054142983009135545,0
2021-01-18,1400.0,0.0843373493975903,0,0.0,0.0,0.0,0.0,0.2,0.0,8.0,0.0,0.0,600.0,-1100.0,-1800.0,-640.0,896.1026726887941,-545.0,1221.8299476820134,0.03750000000000009,-0.06432748538011701,-0.09523809523809523,-0.03359726530779161,0.0503661666017371,-0.02379435309353543,0.048300080601834966,0
2021-01-19,100.0,0.005555555555555536,0,0.0,0.0,0.0,0.0,0.2,0.0,9.0,0.0,0.0,1400.0,600.0,-1100.0,-300.0,1292.2847983320084,-500.0,1277.641742059421,0.0843373493975903,0.03750000000000009,-0.06432748538011701,-0.013699492397970525,0.0737152015625692,-0.02048657653274682,0.05332951012333396,0
2021-01-20,900.0,0.04972375690607733,0,0.0,0.0,0.0,0.0,0.2,0.0,10.0,0.0,0.0,100.0,1400.0,600.0,-160.0,1289.5735729302148,-620.0,1078.1807289181745,0.005555555555555536,0.0843373493975903,0.03750000000000009,-0.0064345351330132635,0.0734016461820882,-0.02467308446925475,0.04719187942411487,0
2021-01-21,1900.0,0.10000000000000009,0,0.0,0.0,0.0,0.0,0.15,0.0,11.0,0.0,0.0,900.0,100.0,1400.0,380.0,952.36547606473,-575.0,1123.258886595512,0.04972375690607733,0.005555555555555536,0.0843373493975903,0.022557835295821248,0.05616070781907699,-0.022186896623950885,0.04979796154007043,0
2021-01-22,100.0,0.004784688995215225,0,0.0,0.0,0.0,0.0,0.15,0.0,12.0,0.0,0.0,1900.0,900.0,100.0,980.0,697.853852894716,-327.5,1094.1801785619655,0.10000000000000009,0.04972375690607733,0.005555555555555536,0.05542333237184467,0.037628532544456736,-0.012186896623950883,0.053307282580861565,0
2021-01-25,800.0,0.03809523809523818,0,0.0,0.0,0.0,0.0,0.15,0.0,13.0,0.0,0.0,100.0,1900.0,900.0,880.0,794.9842765740716,-350.0,1079.717311931327,0.004784688995215225,0.10000000000000009,0.04972375690607733,0.048880270170887696,0.04385371674864869,-0.012949483667814898,0.05292980570872464,0
2021-01-26,-1000.0,-0.04587155963302747,0,0.0,0.0,0.0,0.0,0.15,0.0,14.0,0.0,0.0,800.0,100.0,1900.0,760.0,740.2702209328698,-285.0,1108.9468688331,0.03809523809523818,0.004784688995215225,0.10000000000000009,0.039631847910417274,0.039128122139732005,-0.010151864620195844,0.054122019728008716,0
2021-01-27,-800.0,-0.038461538461538436,0,0.0,0.0,0.0,0.0,0.1,0.0,15.0,0.0,0.0,-1000.0,800.0,100.0,540.0,1073.7783756436893,-335.0,1117.9280647227426,-0.04587155963302747,0.03809523809523818,0.004784688995215225,0.02934642487270067,0.054186550762826705,-0.012445442601847217,0.0546386664834601,0
2021-01-28,100.0,0.004999999999999893,0,0.0,0.0,0.0,0.0,0.1,0.0,16.0,0.0,0.0,-800.0,-1000.0,800.0,200.0,1193.7336386313323,-350.0,1122.2627518591742,-0.038461538461538436,-0.04587155963302747,0.03809523809523818,0.011709365799177519,0.059941813663781256,-0.01345942861583323,0.054938080701909024,0
2021-01-29,-700.0,-0.03482587064676612,0,0.0,0.0,0.0,0.0,0.1,0.0,17.0,0.0,0.0,100.0,-800.0,-1000.0,-160.0,736.8853370776216,-220.0,1004.5161181280007,0.004999999999999893,-0.038461538461538436,-0.04587155963302747,-0.007290634200822521,0.034701814084632514,-0.008579798986203608,0.05178301828448918,0
2021-02-01,-400.0,-0.020618556701030966,0,0.0,0.0,0.0,0.0,0.1,0.0,18.0,0.0,0.0,-700.0,100.0,-800.0,-320.0,752.994023880668,-180.0,966.0554631566124,-0.03482587064676612,0.004999999999999893,-0.038461538461538436,-0.015212746129218791,0.035761152567669915,-0.007259868028745997,0.05069552410581125,0
2021-02-02,-100.0,-0.0052631578947368585,0,0.0,0.0,0.0,0.0,0.05,0.0,19.0,0.0,0.0,-400.0,-700.0,100.0,-560.0,427.78499272414876,-200.0,966.2733622150182,-0.020618556701030966,-0.03482587064676612,0.004999999999999893,-0.02695550508847262,0.02008394755681973,-0.008290795863797546,0.05074973671599917,0
2021-02-03,100.0,0.005291005291005346,0,0.0,0.0,0.0,0.0,0.0,0.0,20.0,0.0,0.0,-100.0,-400.0,-700.0,-380.0,383.40579025361626,-205.0,965.4423583872943,-0.0052631578947368585,-0.020618556701030966,-0.03482587064676612,-0.0188338247408145,0.018684165399835643,-0.008553953758534388,0.050718118849073804,0
2021-02-04,100.0,0.0052631578947368585,0,0.0,0.0,0.0,0.0,0.0,0.0,21.0,0.0,0.0,100.0,-100.0,-400.0,-200.0,346.41016151377545,-175.0,965.115209921102,0.005291005291005346,-0.0052631578947368585,-0.020618556701030966,-0.010083315990305741,0.017394650096736006,-0.0072024469722449915,0.050708416516921616,0
2021-02-05,-100.0,-0.005235602094240788,0,0.0,0.0,0.0,0.0,0.0,0.0,22.0,0.0,0.0,100.0,100.0,-100.0,-200.0,346.41016151377545,-95.0,914.4886405441079,0.0052631578947368585,0.005291005291005346,-0.0052631578947368585,-0.010030684411358348,0.017452001296247403,-0.0036059557441748156,0.0487832097437655,0
2021-02-08,100.0,0.0052631578947368585,0,0.0,0.0,0.0,0.0,0.0,0.0,23.0,0.0,0.0,-100.0,100.0,100.0,-80.0,204.93901531919198,-40.0,876.8364187595985,-0.005235602094240788,0.0052631578947368585,0.005291005291005346,-0.004112630700853282,0.010622666241981679,-0.001010592991743997,0.047138076733593076,0
2021-02-09,-100.0,-0.005235602094240788,0,0.0,0.0,0.0,0.0,0.0,0.0,24.0,0.0,0.0,100.0,-100.0,100.0,20.0,109.54451150103323,-20.0,875.1541217649068,0.0052631578947368585,-0.005235602094240788,0.0052631578947368585,0.0010637122183002833,0.005763057802431121,1.0140660568602745e-05,0.04703667304493027,0
2021-02-10,100.0,0.0052631578947368585,0,0.0,0.0,0.0,0.0,0.0,0.0,25.0,0.0,0.0,-100.0,100.0,-100.0,20.0,109.54451150103323,5.0,864.7938604387936,-0.005235602094240788,0.0052631578947368585,-0.005235602094240788,0.0010692233783994975,0.005755503115566068,0.001286822094318102,0.04650074895455035,0
2021-02-15,0.0,0.0,1,0.0,0.0,0.0,0.0,0.0,0.0,26.0,0.0,0.0,100.0,-100.0,100.0,20.0,109.54451150103323,100.0,753.2386215885584,0.0052631578947368585,-0.005235602094240788,0.0052631578947368585,0.0010636538991458,0.005750407671795694,0.006311884750959706,0.04057339022954069,0
2021-02-16,-100.0,-0.005235602094240788,0,1.0,0.0,0.0,0.2,0.05,1.0,0.0,0.0,1.0,0.0,100.0,-100.0,0.0,100.0,155.0,699.2288985958596,0.0,0.0052631578947368585,-0.005235602094240788,1.1022320198428304e-05,0.005249383610734304,0.009528259019965558,0.03707802435226847,0
2021-02-17,0.0,0.0,1,0.0,1.0,0.0,0.2,0.05,0.0,1.0,1.0,0.0,-100.0,0.0,100.0,0.0,100.0,120.0,693.2759760350624,-0.005235602094240788,0.0,0.0052631578947368585,1.1022320198428304e-05,0.005249383610734304,0.0073914789152535135,0.036609643987334684,0
2021-02-18,-100.0,-0.0052631578947368585,0,1.0,0.0,1.0,0.4,0.1,1.0,0.0,0.0,1.0,0.0,-100.0,0.0,-20.0,83.66600265340756,50.0,624.4997998398397,0.0,-0.005235602094240788,0.0,-0.0010416092587489435,0.0043903058083636926,0.003174611445373998,0.031824669490827684,0
2021-02-19,100.0,0.005291005291005346,0,0.0,1.0,0.0,0.4,0.1,0.0,1.0,1.0,0.0,-100.0,0.0,-100.0,-20.0,83.66600265340756,40.0,625.2578415510297,-0.0052631578947368585,0.0,-0.005235602094240788,-0.0010471204188481575,0.004396899063011176,0.0026336757728593783,0.03187397635454608,0
2021-02-22,0.0,0.0,1,0.0,0.0,1.0,0.4,0.1,0.0,2.0,0.0,0.0,100.0,-100.0,0.0,-20.0,83.66600265340756,0.0,592.0526292395581,0.005291005291005346,-0.0052631578947368585,0.0,-0.00104155093959446,0.004406896739905051,0.0004120381921057792,0.029906810694647103,0
2021-02-23,0.0,0.0,1,1.0,0.0,0.0,0.4,0.15,1.0,0.0,0.0,1.0,0.0,100.0,-100.0,-20.0,83.66600265340756,-95.0,388.62104393544314,0.0,0.005291005291005346,-0.0052631578947368585,-0.00104155093959446,0.004406896739905051,-0.004587961807894225,0.01860438096539409,0
2021-02-24,0.0,0.0,1,1.0,1.0,0.0,0.6,0.2,2.0,0.0,0.0,0.0,0.0,0.0,100.0,0.0,70.71067811865476,-100.0,386.6182667833043,0.0,0.0,0.005291005291005346,5.569479253697551e-06,0.003731467972490159,-0.0048271962576549865,0.018508028100258863,0
2021-02-25,-50.0,-0.0026315789473684292,0,1.0,1.0,1.0,0.6,0.25,3.0,0.0,0.0,0.0,0.0,0.0,0.0,0.0,70.71067811865476,-140.0,325.09108035489953,0.0,0.0,0.0,5.569479253697551e-06,0.003731467972490159,-0.006731958162416896,0.015588118068942114,0
2021-02-26,0.0,0.0,1,0.0,1.0,1.0,0.6,0.25,0.0,1.0,1.0,0.0,-50.0,0.0,0.0,10.0,54.772255750516614,-92.5,254.5765317666099,-0.0026315789473684292,0.0,0.0,0.0005318852687273834,0.0028941939745908045,-0.004569959128133944,0.012582818242680824,0
2021-03-02,-950.0,-0.05013192612137207,0,1.0,0.0,1.0,0.8,0.3,1.0,0.0,0.0,1.0,0.0,-50.0,0.0,-10.0,22.360679774997898,-52.5,192.95145285251073,0.0,-0.0026315789473684292,0.0,-0.0005263157894736858,0.0011768778828943724,-0.002646882205057022,0.009750843049429194,0
2021-03-03,400.0,0.022222222222222143,0,0.0,1.0,0.0,0.6,0.3,0.0,1.0,1.0,0.0,-950.0,0.0,-50.0,-200.0,419.82139059366665,-105.0,274.7726332806816,-0.05013192612137207,0.0,-0.0026315789473684292,-0.010552701013748101,0.02215478351827849,-0.00540347851112562,0.014236494962819216,0
2021-03-04,0.0,0.0,1,0.0,0.0,1.0,0.4,0.3,0.0,2.0,0.0,0.0,400.0,-950.0,0.0,-120.0,498.2469267341245,-50.0,259.0468358384149,0.022222222222222143,-0.05013192612137207,0.0,-0.006108256569303671,0.02658669024769045,-0.002551073867676207,0.01373749368991152,0
2021-03-05,500.0,0.02717391304347827,0,1.0,0.0,0.0,0.4,0.35,1.0,0.0,0.0,1.0,0.0,400.0,-950.0,-120.0,498.2469267341245,-30.0,245.69985969192476,0.0,0.022222222222222143,-0.05013192612137207,-0.006108256569303671,0.02658669024769045,-0.0015201460326246586,0.013067584890725254,0
2021-03-08,0.0,0.0,1,0.0,1.0,0.0,0.4,0.35,0.0,1.0,1.0,0.0,500.0,0.0,400.0,-10.0,572.7128425310541,0.0,271.9326542014632,0.02717391304347827,0.0,0.022222222222222143,-0.0001471581711343317,0.030599634187316642,0.00010170751428609793,0.014511709305828176,0
2021-03-09,0.0,0.0,1,1.0,0.0,1.0,0.4,0.4,1.0,0.0,0.0,1.0,0.0,500.0,0.0,-10.0,572.7128425310541,-5.0,270.91463017361247,0.0,0.02717391304347827,0.0,-0.0001471581711343317,0.030599634187316642,-0.00016284275026416938,0.014460265391598686,0
2021-03-10,0.0,0.0,1,1.0,1.0,0.0,0.6,0.45,2.0,0.0,0.0,0.0,0.0,0.0,500.0,180.0,248.99799195977465,-10.0,269.79524399850055,0.0,0.0,0.02717391304347827,0.009879227053140083,0.013640501042400032,-0.0004260006450010123,0.014404104352806753,0
2021-03-11,0.0,0.0,1,1.0,1.0,1.0,0.8,0.5,3.0,0.0,0.0,0.0,0.0,0.0,0.0,100.0,223.60679774997897,-5.0,268.964877378363,0.0,0.0,0.0,0.005434782608695654,0.012152543355977099,-0.00016422054028897293,0.014359601328414255,0
2021-03-12,-400.0,-0.021164021164021163,0,1.0,1.0,1.0,0.8,0.55,4.0,0.0,0.0,0.0,0.0,0.0,0.0,100.0,223.60679774997897,-10.0,267.83734262657083,0.0,0.0,0.0,0.005434782608695654,0.012152543355977099,-0.00042737843502581584,0.0143030183529038,0
2021-03-15,-500.0,-0.027027027027026973,0,0.0,1.0,1.0,0.8,0.55,0.0,1.0,1.0,0.0,-400.0,0.0,0.0,-80.0,178.88543819998318,-25.0,281.20979244759775,-0.021164021164021163,0.0,0.0,-0.004232804232804232,0.00946483799999908,-0.0012237993885148347,0.015010792531895157,0
2021-03-16,-200.0,-0.011111111111111072,0,0.0,0.0,1.0,0.6,0.55,0.0,2.0,0.0,0.0,-500.0,-400.0,0.0,-180.0,248.99799195977465,-55.0,298.63725575740835,-0.027027027027026973,-0.021164021164021163,0.0,-0.009638209638209628,0.013359458789565497,-0.0028383086346030263,0.01598148121705812,0
2021-03-17,200.0,0.011235955056179803,0,0.0,0.0,0.0,0.4,0.5,0.0,3.0,0.0,0.0,-200.0,-500.0,-400.0,-220.0,228.0350850198276,-65.0,300.04385644347667,-0.011111111111111072,-0.027027027027026973,-0.021164021164021163,-0.011860431860431841,0.01223196174264887,-0.0033938641901585798,0.016070498504265396,0
2021-03-18,400.0,0.022222222222222143,0,0.0,0.0,0.0,0.2,0.5,0.0,4.0,0.0,0.0,200.0,-200.0,-500.0,-180.0,286.35642126552705,-50.0,305.64857701546543,0.011235955056179803,-0.011111111111111072,-0.027027027027026973,-0.00961324084919588,0.01554033027138972,-0.00257028633263755,0.016390034719884795,0
2021-03-19,-100.0,-0.005434782608695676,0,0.0,0.0,0.0,0.0,0.45,0.0,5.0,0.0,0.0,400.0,200.0,-200.0,-100.0,387.2983346207417,-30.0,321.7550555771791,0.022222222222222143,0.011235955056179803,-0.011111111111111072,-0.005168796404751453,0.02114429200176548,-0.001459175221526443,0.017301357225203474,0
2021-03-22,200.0,0.010928961748633892,0,0.0,0.0,0.0,0.0,0.45,0.0,6.0,0.0,0.0,-100.0,400.0,200.0,-40.0,350.71355833500365,-30.0,321.7550555771791,-0.005434782608695676,0.022222222222222143,0.011235955056179803,-0.002022948693686355,0.019255298501183772,-0.001467756457224384,0.017303385692454005,0
2021-03-23,200.0,0.0108108108108107,0,0.0,0.0,0.0,0.0,0.45,0.0,7.0,0.0,0.0,200.0,-100.0,400.0,100.0,244.94897427831782,-25.0,324.6455557097697,0.010928961748633892,-0.005434782608695676,0.022222222222222143,0.005568249061445818,0.013578316496322289,-0.0011858586343429568,0.01746446679203208,0
2021-03-24,200.0,0.010695187165775444,0,0.0,0.0,0.0,0.0,0.4,0.0,8.0,0.0,0.0,200.0,200.0,-100.0,180.0,178.88543819998318,-15.0,328.51339794836207,0.0108108108108107,0.010928961748633892,-0.005434782608695676,0.009952633445830172,0.009882458971291655,-0.0006453180938024216,0.017669203868858077,0
2021-03-25,0.0,0.0,1,0.0,0.0,0.0,0.0,0.35,0.0,9.0,0.0,0.0,200.0,200.0,200.0,180.0,178.88543819998318,-5.0,332.0193399566704,0.010695187165775444,0.0108108108108107,0.010928961748633892,0.009844479867749301,0.009867851424780971,-0.00011055873551364948,0.017850675668327976,0
2021-03-26,50.0,0.002645502645502562,0,1.0,0.0,0.0,0.2,0.35,1.0,0.0,0.0,1.0,0.0,200.0,200.0,100.0,141.4213562373095,-5.0,332.0193399566704,0.0,0.010695187165775444,0.0108108108108107,0.005400035423304872,0.007655681108501273,-0.00011055873551364948,0.017850675668327976,0
2021-03-29,-50.0,-0.0026385224274406704,0,0.0,1.0,0.0,0.2,0.35,0.0,1.0,1.0,0.0,50.0,0.0,200.0,130.0,97.46794344808964,0.0,332.0589674963421,0.002645502645502562,0.0,0.010695187165775444,0.0070160924741445195,0.005281424524212986,0.0001532953441299001,0.017850451514887074,0
2021-03-30,-550.0,-0.02910052910052907,0,0.0,0.0,1.0,0.2,0.3,0.0,2.0,0.0,0.0,-50.0,50.0,0.0,80.0,115.10864433221339,-2.5,332.2471337645169,-0.0026385224274406704,0.002645502645502562,0.0,0.004302595638929607,0.006177772608005547,2.1369222757866567e-05,0.017861390915660087,0
2021-03-31,-250.0,-0.013623978201634857,0,0.0,0.0,0.0,0.2,0.3,0.0,3.0,0.0,0.0,-550.0,-50.0,50.0,-70.0,284.1654447676564,17.5,280.16677364140014,-0.02910052910052907,-0.0026385224274406704,0.002645502645502562,-0.003679672343338347,0.015062273770230769,0.0010729390738000166,0.01516951993904812,0
2021-04-01,-100.0,-0.0055248618784530246,0,0.0,0.0,0.0,0.2,0.3,0.0,4.0,0.0,0.0,-250.0,-550.0,-50.0,-160.0,245.96747752497686,-15.0,271.01174959963004,-0.013623978201634857,-0.02910052910052907,-0.0026385224274406704,-0.008543505416820408,0.01305236220747636,-0.0007193709473928333,0.014647852481201661,0
2021-04-02,-500.0,-0.02777777777777779,0,0.0,0.0,0.0,0.0,0.25,0.0,5.0,0.0,0.0,-100.0,-250.0,-550.0,-180.0,233.45235059857504,-20.0,271.6421795012889,-0.0055248618784530246,-0.013623978201634857,-0.02910052910052907,-0.009648477792511012,0.01236398541156855,-0.0009956140413154846,0.014685619725108852,0
2021-04-05,-750.0,-0.042857142857142816,0,0.0,0.0,0.0,0.0,0.25,0.0,6.0,0.0,0.0,-500.0,-100.0,-250.0,-290.0,227.48626332154652,-70.0,262.7786741327144,-0.02777777777777779,-0.0055248618784530246,-0.013623978201634857,-0.015733133877167082,0.012287055237451553,-0.0037431985823782876,0.014272643559804997,0
2021-04-06,-1350.0,-0.08059701492537319,0,0.0,0.0,0.0,0.0,0.2,0.0,7.0,0.0,0.0,-750.0,-500.0,-100.0,-430.0,256.4176280991617,-107.5,302.7396832089801,-0.042857142857142816,-0.02777777777777779,-0.0055248618784530246,-0.023776857963107512,0.01453119432381205,-0.005886055725235428,0.016693066786335368,0
2021-04-07,900.0,0.05844155844155852,0,0.0,0.0,0.0,0.0,0.15,0.0,8.0,0.0,0.0,-1350.0,-750.0,-500.0,-590.0,491.68079075758084,-175.0,409.26763859362245,-0.08059701492537319,-0.042857142857142816,-0.02777777777777779,-0.03407615512807634,0.029641329197089703,-0.009915906471504088,0.023526915077023494,0
2021-04-08,-500.0,-0.030674846625766916,0,0.0,0.0,0.0,0.0,0.1,0.0,9.0,0.0,0.0,900.0,-1350.0,-750.0,-360.0,837.7051987423738,-130.0,473.89761274817687,0.05844155844155852,-0.08059701492537319,-0.042857142857142816,-0.01966304779943766,0.05151936785100632,-0.006993828549426162,0.028022966096741268,0
2021-04-09,-800.0,-0.05063291139240511,0,0.0,0.0,0.0,0.0,0.05,0.0,10.0,0.0,0.0,-500.0,900.0,-1350.0,-440.0,825.6815366713731,-155.0,479.83001376035565,-0.030674846625766916,0.05844155844155852,-0.08059701492537319,-0.02469304474890044,0.05101923196395259,-0.008527570880714508,0.028456130240388025,0
2021-04-12,-700.0,-0.046666666666666634,0,0.0,0.0,0.0,0.0,0.05,0.0,11.0,0.0,0.0,-800.0,-500.0,900.0,-500.0,841.8729120241368,-175.0,498.5505306174564,-0.05063291139240511,-0.030674846625766916,0.05844155844155852,-0.029264071471825904,0.05237064492127549,-0.010001015392133706,0.029872566772682307,0
2021-04-13,250.0,0.0174825174825175,0,0.0,0.0,0.0,0.0,0.05,0.0,12.0,0.0,0.0,-700.0,-800.0,-500.0,-490.0,838.4509526501834,-185.0,507.34084878127567,-0.046666666666666634,-0.05063291139240511,-0.030674846625766916,-0.030025976233730666,0.05264483363393643,-0.010982997374115688,0.03077099950920491,0
2021-04-14,0.0,0.0,1,0.0,0.0,0.0,0.0,0.05,0.0,13.0,0.0,0.0,250.0,-700.0,-800.0,-170.0,725.9476565152614,-162.5,516.5357785539311,0.0174825174825175,-0.046666666666666634,-0.05063291139240511,-0.010410069752152529,0.04706809460437205,-0.00955331594443426,0.03142210347428967,0
2021-04-15,450.0,0.030927835051546282,0,1.0,0.0,0.0,0.2,0.1,1.0,0.0,0.0,1.0,0.0,250.0,-700.0,-350.0,455.52167895721493,-172.5,511.0554094997404,0.0,0.0174825174825175,-0.046666666666666634,-0.02209838144046423,0.029775668823086517,-0.01011511369724325,0.03112993386870277,0
2021-04-16,500.0,0.03333333333333344,0,0.0,1.0,0.0,0.2,0.1,0.0,1.0,1.0,0.0,450.0,0.0,250.0,-160.0,562.8054726102083,-170.0,514.1165135197314,0.030927835051546282,0.0,0.0174825174825175,-0.009777845105001593,0.03716721545214306,-0.009679833055777043,0.031662208781561875,0
2021-04-19,200.0,0.012903225806451646,0,0.0,0.0,1.0,0.2,0.1,0.0,2.0,0.0,0.0,500.0,450.0,0.0,100.0,488.6205071423016,-140.0,535.4781434430943,0.03333333333333344,0.030927835051546282,0.0,0.0070154038401461175,0.03280616874990659,-0.007741427258675587,0.03309028918011682,0
2021-04-20,300.0,0.019108280254777066,0,0.0,0.0,0.0,0.2,0.1,0.0,3.0,0.0,0.0,200.0,500.0,450.0,280.0,201.8662923818635,-140.0,535.4781434430943,0.012903225806451646,0.03333333333333344,0.030927835051546282,0.018929382334769772,0.013676313172289076,-0.0076427140557847,0.033151804675032065,0
2021-04-21,700.0,0.043749999999999956,0,0.0,0.0,0.0,0.2,0.1,0.0,4.0,0.0,0.0,300.0,200.0,500.0,290.0,201.24611797498108,-135.0,539.2733902888999,0.019108280254777066,0.012903225806451646,0.03333333333333344,0.019254534889221686,0.013652620019550072,-0.007227840583586382,0.0334455107739369,0
2021-04-22,350.0,0.020958083832335328,0,0.0,0.0,0.0,0.0,0.1,0.0,5.0,0.0,0.0,700.0,300.0,200.0,430.0,192.35384061671346,-110.0,566.5221693994442,0.043749999999999956,0.019108280254777066,0.012903225806451646,0.028004534889221677,0.012166083293175933,-0.005575099941875156,0.035151039441056076,0
2021-04-23,700.0,0.04105571847507328,0,0.0,0.0,0.0,0.0,0.05,0.0,6.0,0.0,0.0,350.0,700.0,300.0,410.0,194.93588689617928,-92.5,575.4346183538144,0.020958083832335328,0.043749999999999956,0.019108280254777066,0.026010584645379486,0.012382264853101736,-0.00452719575025839,0.03563505218467441,0
2021-04-26,1050.0,0.05915492957746471,0,0.0,0.0,0.0,0.0,0.05,0.0,7.0,0.0,0.0,700.0,350.0,700.0,450.0,234.5207879911715,-60.0,601.6643582596529,0.04105571847507328,0.020958083832335328,0.043749999999999956,0.027555061673727455,0.013911221088750859,-0.0026066849587798534,0.03704894996230526,0
2021-04-27,1100.0,0.0585106382978724,0,0.0,0.0,0.0,0.0,0.05,0.0,8.0,0.0,0.0,1050.0,700.0,350.0,620.0,305.3686296920494,-5.0,650.8900788434573,0.05915492957746471,0.04105571847507328,0.020958083832335328,0.03680540242793007,0.016808625952380606,0.0004829876414654155,0.03953908369798147,0
2021-04-28,-800.0,-0.04020100502512558,0,0.0,0.0,0.0,0.0,0.05,0.0,9.0,0.0,0.0,1100.0,1050.0,700.0,780.0,305.3686296920494,77.5,682.0007331374358,0.0585106382978724,0.05915492957746471,0.04105571847507328,0.04468587403654913,0.01563281478745305,0.004863546011385489,0.04091819927037762,0
2021-04-29,-800.0,-0.041884816753926746,0,0.0,0.0,0.0,0.0,0.05,0.0,10.0,0.0,0.0,-800.0,1100.0,1050.0,480.0,776.6917020285462,50.0,706.5483184579731,-0.04020100502512558,0.0585106382978724,0.05915492957746471,0.027895673031524026,0.04114879014135353,0.003534694670210953,0.041968277424698545,0
2021-04-30,0.0,0.0,1,0.0,0.0,0.0,0.0,0.05,0.0,11.0,0.0,0.0,-800.0,-800.0,1100.0,250.0,970.8243919473799,15.0,731.2750220640226,-0.041884816753926746,-0.04020100502512558,0.0585106382978724,0.015327092914271612,0.05197170456212291,0.0017166969264372667,0.04315220554658176,0
2021-05-03,-1300.0,-0.07103825136612019,0,1.0,0.0,0.0,0.2,0.1,1.0,0.0,0.0,1.0,0.0,-800.0,-800.0,110.0,939.6807968666807,40.0,721.2197270851942,0.0,-0.041884816753926746,-0.04020100502512558,0.007115949219256956,0.05010008857383447,0.003105585815326156,0.042596384075906366,0
2021-05-04,50.0,0.002941176470588225,0,0.0,1.0,0.0,0.2,0.1,0.0,1.0,1.0,0.0,-1300.0,0.0,-800.0,-360.0,939.6807968666807,12.5,762.2465066119391,-0.07103825136612019,0.0,-0.041884816753926746,-0.018922686969460024,0.05012495940147947,0.0016965303898772877,0.04461508725911505,0
2021-05-06,1250.0,0.07331378299120228,0,0.0,0.0,1.0,0.2,0.1,0.0,2.0,0.0,0.0,50.0,-1300.0,0.0,-570.0,580.5170109479997,82.5,691.541946058151,0.002941176470588225,-0.07103825136612019,0.0,-0.03003657933491686,0.03128322979254876,0.0058734399596753585,0.040196886684797255,0
2021-05-07,0.0,0.0,1,0.0,0.0,0.0,0.2,0.1,0.0,3.0,0.0,0.0,1250.0,50.0,-1300.0,-160.0,970.4380454207264,100.0,717.2682093962663,0.07331378299120228,0.002941176470588225,-0.07103825136612019,-0.007333621731651285,0.054578893101325354,0.006617051187157547,0.04134179605384091,0
2021-05-10,-300.0,-0.016393442622950838,0,1.0,0.0,0.0,0.4,0.15,1.0,0.0,0.0,1.0,0.0,1250.0,50.0,0.0,902.0809276334357,125.0,703.8428353276781,0.0,0.07331378299120228,0.002941176470588225,0.0010433416191340638,0.05105034682545564,0.008150793518445892,0.04044475786169932,0
2021-05-11,-50.0,-0.002777777777777768,0,0.0,1.0,0.0,0.2,0.15,0.0,1.0,1.0,0.0,-300.0,0.0,1250.0,-60.0,912.0032894677519,150.0,677.6507406590723,-0.016393442622950838,0.0,0.07331378299120228,-0.002235346905456104,0.05165693451696887,0.009862766956918605,0.03850363539567346,0
2021-05-12,-50.0,-0.0027855153203342198,0,0.0,0.0,1.0,0.2,0.15,0.0,2.0,0.0,0.0,-50.0,-300.0,0.0,190.0,607.6594440967737,182.5,649.7519769719421,-0.002777777777777768,-0.016393442622950838,0.0,0.01141674781221238,0.03538471298770367,0.012057211401363049,0.03629989387541953,0
2021-05-13,100.0,0.005586592178770999,0,0.0,0.0,0.0,0.2,0.15,0.0,3.0,0.0,0.0,-50.0,-50.0,-300.0,170.0,615.0203248673981,167.5,651.5719857633374,-0.0027855153203342198,-0.002777777777777768,-0.016393442622950838,0.01027140945402789,0.0358176688997,0.011043809761220463,0.03642316826644068,0
2021-05-14,0.0,0.0,1,0.0,0.0,0.0,0.2,0.1,0.0,4.0,0.0,0.0,100.0,-50.0,-50.0,-60.0,147.47881203752627,172.5,650.601947996501,0.005586592178770999,-0.0027855153203342198,-0.002777777777777768,-0.0032740287084583653,0.008090639626558744,0.011323139370159014,0.036355374274278936,0
2021-05-17,-50.0,-0.002777777777777768,0,1.0,0.0,0.0,0.2,0.15,1.0,0.0,0.0,1.0,0.0,100.0,-50.0,-60.0,147.47881203752627,150.0,648.2770687713214,0.0,0.005586592178770999,-0.0027855153203342198,-0.0032740287084583653,0.008090639626558744,0.0097767476175817,0.03613468546338866,0
2021-05-18,-100.0,-0.005571030640668551,0,0.0,1.0,0.0,0.2,0.15,0.0,1.0,1.0,0.0,-50.0,0.0,100.0,-10.0,65.19202405202648,122.5,644.3019478474357,-0.002777777777777768,0.0,0.005586592178770999,-0.0005508957394237512,0.0036360616042146678,0.00797119206202614,0.035796278207935045,0
2021-05-20,-50.0,-0.0028011204481792618,0,0.0,0.0,1.0,0.2,0.15,0.0,2.0,0.0,0.0,-100.0,-50.0,0.0,-20.0,75.82875444051551,107.5,645.8928948199904,-0.005571030640668551,-0.002777777777777768,0.0,-0.0011095463120019077,0.004229836712608404,0.007047479239670129,0.03590051976501568,0
2021-05-21,-100.0,-0.005617977528089901,0,0.0,0.0,0.0,0.2,0.15,0.0,3.0,0.0,0.0,-50.0,-100.0,-50.0,-20.0,75.82875444051551,90.0,645.1438028190221,-0.0028011204481792618,-0.005571030640668551,-0.002777777777777768,-0.0011126673375709162,0.004231387972598656,0.005952009204522313,0.035847359127053315,0
2021-05-24,-700.0,-0.039548022598870025,0,0.0,0.0,0.0,0.2,0.15,0.0,4.0,0.0,0.0,-100.0,-50.0,-100.0,-60.0,41.83300132670378,50.0,629.9540501204493,-0.005617977528089901,-0.0028011204481792618,-0.005571030640668551,-0.0033535812789430965,0.002341358691066251,0.00348361032811782,0.03479182193369421,0
2021-05-25,0.0,0.0,1,0.0,0.0,0.0,0.0,0.15,0.0,5.0,0.0,0.0,-700.0,-100.0,-50.0,-200.0,280.6243040080456,-2.5,647.15470370408,-0.039548022598870025,-0.005617977528089901,-0.0028011204481792618,-0.011263185798717101,0.01587379679575696,0.00045830500655755224,0.03580815943343231,0
2021-05-26,0.0,0.0,1,1.0,0.0,0.0,0.2,0.2,1.0,0.0,0.0,1.0,0.0,-700.0,-100.0,-190.0,288.09720581775866,-37.5,625.7364082675538,0.0,-0.039548022598870025,-0.005617977528089901,-0.010707630243161547,0.016288214251645217,-0.0015944809171961117,0.03451166303269407,0
2021-05-27,50.0,0.002941176470588225,0,1.0,1.0,0.0,0.4,0.25,2.0,0.0,0.0,0.0,0.0,0.0,-700.0,-170.0,299.1655060330318,-90.0,571.3787572272232,0.0,0.0,-0.039548022598870025,-0.009593424115027838,0.01690624963954215,-0.004552227396069347,0.03142838896824182,0
2021-05-28,-100.0,-0.0058651026392961825,0,0.0,1.0,1.0,0.4,0.25,0.0,1.0,1.0,0.0,50.0,0.0,0.0,-150.0,312.2498999199199,-142.5,500.0723631846219,0.002941176470588225,0.0,0.0,-0.00844496473127434,0.017661194293249683,-0.007330700487433556,0.02780756887425378,0
2021-05-31,100.0,0.005899705014749346,0,0.0,0.0,1.0,0.4,0.25,0.0,2.0,0.0,0.0,-100.0,50.0,0.0,-150.0,312.2498999199199,-107.5,475.5260245244205,-0.0058651026392961825,0.002941176470588225,0.0,-0.008494389753515597,0.01765164831579618,-0.005613905368142086,0.02670964757127279,0
2021-06-01,-1700.0,-0.09970674486803521,0,0.0,0.0,0.0,0.4,0.25,0.0,3.0,0.0,0.0,100.0,-100.0,50.0,10.0,74.16198487095663,-62.5,448.35224638904737,0.005899705014749346,-0.0058651026392961825,0.002941176470588225,0.0005951557692082776,0.00436134770780686,-0.003224679279708281,0.025399457494735777,0
2021-06-02,-1500.0,-0.09771986970684043,0,0.0,0.0,0.0,0.2,0.2,0.0,4.0,0.0,0.0,-1700.0,100.0,-100.0,-330.0,769.4153624668538,-147.5,578.2175423798461,-0.09970674486803521,0.005899705014749346,-0.0058651026392961825,-0.019346193204398766,0.04513290230511306,-0.008210016523110042,0.03329203718184936,0
2021-06-03,-300.0,-0.02166064981949456,0,0.0,0.0,0.0,0.0,0.2,0.0,5.0,0.0,0.0,-1500.0,-1700.0,100.0,-630.0,891.3472948295743,-157.5,600.4986962604715,-0.09771986970684043,-0.09970674486803521,0.005899705014749346,-0.03889016714576685,0.05478649211218628,-0.009544097440146055,0.03633750153640444,0
2021-06-04,550.0,0.040590405904058935,0,0.0,0.0,0.0,0.0,0.2,0.0,6.0,0.0,0.0,-300.0,-1500.0,-1700.0,-700.0,836.6600265340755,-175.0,599.2319645750057,-0.02166064981949456,-0.09771986970684043,-0.09970674486803521,-0.04381053240378341,0.05106903136691517,-0.010774188754650194,0.03630900470040801,0
2021-06-07,0.0,0.0,1,0.0,0.0,0.0,0.0,0.2,0.0,7.0,0.0,0.0,550.0,-300.0,-1500.0,-570.0,989.6969233053117,-210.0,527.8057856526592,0.040590405904058935,-0.02166064981949456,-0.09771986970684043,-0.03451943069511239,0.06261833547661598,-0.01241035760900736,0.03289738931097053,0
2021-06-08,50.0,0.0035460992907800915,0,1.0,0.0,0.0,0.2,0.2,1.0,0.0,0.0,1.0,0.0,550.0,-300.0,-590.0,973.6529155710468,-210.0,527.8057856526592,0.0,0.040590405904058935,-0.02166064981949456,-0.035699371698062254,0.061715368854885586,-0.01241035760900736,0.03289738931097053,0
2021-06-09,950.0,0.06713780918727918,0,0.0,1.0,0.0,0.2,0.2,0.0,1.0,1.0,0.0,50.0,0.0,550.0,-240.0,767.6262111210117,-192.5,530.4603264097482,0.0035460992907800915,0.0,0.040590405904058935,-0.015048802866299194,0.05134729841777778,-0.011413380513320814,0.03307200320994498,0
2021-06-10,400.0,0.026490066225165476,0,0.0,0.0,1.0,0.2,0.2,0.0,2.0,0.0,0.0,950.0,50.0,0.0,250.0,496.2358310319802,-142.5,588.547498418553,0.06713780918727918,0.0035460992907800915,0.0,0.01792273291252473,0.03546372537339428,-0.007917601165067966,0.03743956311162222,0
2021-06-11,150.0,0.00967741935483879,0,0.0,0.0,0.0,0.2,0.2,0.0,3.0,0.0,0.0,400.0,950.0,50.0,390.0,389.5510236156491,-120.0,600.7451513263383,0.026490066225165476,0.06713780918727918,0.0035460992907800915,0.027552876121456737,0.027719848438870397,-0.006453822087792982,0.038215037767716224,0
2021-06-14,-100.0,-0.006389776357827448,0,0.0,0.0,0.0,0.2,0.2,0.0,4.0,0.0,0.0,150.0,400.0,950.0,310.0,389.5510236156491,-117.5,601.8119569923375,0.00967741935483879,0.026490066225165476,0.06713780918727918,0.021370278811612707,0.02753176444672734,-0.006249280728989592,0.038293741244554064,0
2021-06-15,-100.0,-0.006430868167202619,0,0.0,0.0,0.0,0.0,0.15,0.0,5.0,0.0,0.0,-100.0,150.0,400.0,290.0,411.40004861448426,-122.5,601.1994589765396,-0.006389776357827448,0.00967741935483879,0.026490066225165476,0.020092323540047217,0.02888666739321103,-0.0065687695468809645,0.038265503578968664,0
2021-06-16,-1050.0,-0.06796116504854366,0,0.0,0.0,0.0,0.0,0.15,0.0,6.0,0.0,0.0,-100.0,-100.0,150.0,260.0,437.8926809162263,-125.0,600.9860318895237,-0.006430868167202619,-0.006389776357827448,0.00967741935483879,0.018096930048450678,0.030608627859824784,-0.006751424066352207,0.03825517279340805,0
2021-06-17,-1400.0,-0.09722222222222221,0,0.0,0.0,0.0,0.0,0.15,0.0,7.0,0.0,0.0,-1050.0,-100.0,-100.0,-140.0,549.3177586788908,-172.5,635.4598417888542,-0.06796116504854366,-0.006430868167202619,-0.006389776357827448,-0.008922864798713893,0.03570081839028624,-0.009870930786745963,0.04062428576377007,0
2021-06-18,-1050.0,-0.08076923076923082,0,0.0,0.0,0.0,0.0,0.15,0.0,8.0,0.0,0.0,-1400.0,-1050.0,-100.0,-500.0,680.9919235938117,-240.0,691.0327892289,-0.09722222222222221,-0.06796116504854366,-0.006430868167202619,-0.03366532248819143,0.0463140057381925,-0.01459198587544811,0.04500924931653585,0
2021-06-21,-1150.0,-0.09623430962343094,0,0.0,0.0,0.0,0.0,0.15,0.0,9.0,0.0,0.0,-1050.0,-1400.0,-1050.0,-740.0,601.4565653478229,-287.5,713.1979499335885,-0.08076923076923082,-0.09722222222222221,-0.06796116504854366,-0.05175465251300535,0.04267321792182173,-0.018349548537505155,0.04729934200580001,0
2021-06-22,-300.0,-0.02777777777777779,0,0.0,0.0,0.0,0.0,0.15,0.0,10.0,0.0,0.0,-1150.0,-1050.0,-1400.0,-950.0,496.2358310319802,-310.0,733.7000677890686,-0.09623430962343094,-0.08076923076923082,-0.09722222222222221,-0.06972355916612605,0.03738339868095439,-0.021183862888733203,0.050243261543216414,0
2021-06-23,1050.0,0.10000000000000009,0,0.0,0.0,0.0,0.0,0.1,0.0,11.0,0.0,0.0,-300.0,-1150.0,-1050.0,-990.0,411.40004861448426,-325.0,730.0865125377084,-0.02777777777777779,-0.09623430962343094,-0.08076923076923082,-0.07399294108824109,0.02851499482801206,-0.02257275177762209,0.05001024352926038,0
2021-06-24,1150.0,0.09956709956709964,0,0.0,0.0,0.0,0.0,0.05,0.0,12.0,0.0,0.0,1050.0,-300.0,-1150.0,-570.0,994.1076400470927,-272.5,789.9825114653187,0.10000000000000009,-0.02777777777777779,-0.09623430962343094,-0.040400708078532334,0.0834376868591413,-0.017572751777622086,0.05690898322149662,0
2021-06-25,1000.0,0.07874015748031504,0,0.0,0.0,0.0,0.0,0.05,0.0,13.0,0.0,0.0,1150.0,1050.0,-300.0,-60.0,1109.2790451459903,-217.5,849.6555029446995,0.09956709956709964,0.10000000000000009,-0.02777777777777779,-0.0010428437206679631,0.09547838188184185,-0.012741455622796516,0.06256285686578496,0
2021-06-28,1350.0,0.0985401459854014,0,0.0,0.0,0.0,0.0,0.05,0.0,14.0,0.0,0.0,1000.0,1150.0,1050.0,350.0,1027.7402395547233,-162.5,892.1993817763522,0.07874015748031504,0.09956709956709964,0.10000000000000009,0.03085903392924121,0.08857887322602558,-0.008511192616815955,0.0658274494531221,0
2021-06-29,-350.0,-0.023255813953488413,0,0.0,0.0,0.0,0.0,0.05,0.0,15.0,0.0,0.0,1350.0,1000.0,1150.0,850.0,656.6962768281849,-100.0,953.2492908606414,0.0985401459854014,0.07874015748031504,0.09956709956709964,0.06981392505100767,0.055284410936055926,-0.003879170568283352,0.07002067795691756,0
2021-06-30,1100.0,0.0748299319727892,0,0.0,0.0,0.0,0.0,0.05,0.0,16.0,0.0,0.0,-350.0,1350.0,1000.0,840.0,678.6015030929419,-32.5,878.8861072253243,-0.023255813953488413,0.0985401459854014,0.07874015748031504,0.07071831781586554,0.05328979873335095,-5.662402255601218e-05,0.06651288144341064,0
2021-07-01,200.0,0.012658227848101333,0,0.0,0.0,0.0,0.0,0.05,0.0,17.0,0.0,0.0,1100.0,-350.0,1350.0,850.0,682.8250141873832,97.5,841.9080772425905,0.0748299319727892,-0.023255813953488413,0.0985401459854014,0.06568430421042337,0.05097056157898419,0.008570866061425469,0.06433322771176808,0
2021-07-02,100.0,0.006250000000000089,0,0.0,0.0,0.0,0.0,0.05,0.0,18.0,0.0,0.0,200.0,1100.0,-350.0,660.0,710.105625945887,122.5,836.891963096036,0.012658227848101333,0.0748299319727892,-0.023255813953488413,0.048302529866623714,0.05134462763331386,0.010286809944805264,0.06394092350475125,0
2021-07-05,0.0,0.0,1,0.0,0.0,0.0,0.0,0.05,0.0,19.0,0.0,0.0,100.0,200.0,1100.0,480.0,716.4146843832837,100.0,830.8207736297503,0.006250000000000089,0.012658227848101333,0.0748299319727892,0.03380449837056072,0.050833268275667615,0.008569789649602321,0.0635441897657613,0
2021-07-06,400.0,0.024844720496894457,0,1.0,0.0,0.0,0.2,0.05,1.0,0.0,0.0,1.0,0.0,100.0,200.0,210.0,538.9805191284746,100.0,830.8207736297503,0.0,0.006250000000000089,0.012658227848101333,0.014096469173480442,0.03655848950022264,0.008569789649602321,0.0635441897657613,0
2021-07-07,800.0,0.048484848484848575,0,0.0,1.0,0.0,0.2,0.05,0.0,1.0,1.0,0.0,400.0,0.0,100.0,360.0,439.31765272977594,117.5,833.3942960157448,0.024844720496894457,0.0,0.006250000000000089,0.023716576063557017,0.030015380169935754,0.00963472070990804,0.06363397443800356,0
2021-07-08,500.0,0.028901734104046284,0,0.0,0.0,1.0,0.2,0.05,0.0,2.0,0.0,0.0,800.0,400.0,0.0,300.0,316.22776601683796,110.0,826.1515089797232,0.048484848484848575,0.024844720496894457,0.0,0.01844755936596889,0.01914269879495345,0.00870207267478651,0.06287904091829923,0
2021-07-09,1250.0,0.0702247191011236,0,0.0,0.0,0.0,0.2,0.05,0.0,3.0,0.0,0.0,500.0,800.0,400.0,360.0,320.9361307176242,115.0,828.2988273373451,0.028901734104046284,0.048484848484848575,0.024844720496894457,0.021696260617157882,0.01929232217457469,0.00882265606873055,0.06291724922447041,0
2021-07-12,950.0,0.04986876640419946,0,0.0,0.0,0.0,0.2,0.05,0.0,4.0,0.0,0.0,1250.0,500.0,800.0,590.0,466.9047011971501,170.0,866.3899693252273,0.0702247191011236,0.028901734104046284,0.048484848484848575,0.034491204437382586,0.02639434673615563,0.01185002105604479,0.0643997420305959,0
2021-07-13,700.0,0.03499999999999992,0,0.0,0.0,0.0,0.0,0.05,0.0,5.0,0.0,0.0,950.0,1250.0,500.0,780.0,343.874977280988,222.5,880.8600761098271,0.04986876640419946,0.0702247191011236,0.028901734104046284,0.044464957718222474,0.01827630716583828,0.014662948194146135,0.06478860048569383,0
2021-07-14,500.0,0.024154589371980784,0,0.0,0.0,0.0,0.0,0.05,0.0,6.0,0.0,0.0,700.0,950.0,1250.0,840.0,281.51376520518494,262.5,883.6043112996724,0.03499999999999992,0.04986876640419946,0.0702247191011236,0.04649601361884357,0.015969497409981336,0.016734491602506264,0.06474098720066444,0
2021-07-15,100.0,0.004716981132075526,0,0.0,0.0,0.0,0.0,0.05,0.0,7.0,0.0,0.0,500.0,700.0,950.0,780.0,321.32538026119255,340.0,828.695868280555,0.024154589371980784,0.03499999999999992,0.04986876640419946,0.04162996179627001,0.0186875015830355,0.021340279323532486,0.06159885125182648,0
2021-07-16,100.0,0.0046948356807512415,0,0.0,0.0,0.0,0.0,0.05,0.0,8.0,0.0,0.0,100.0,500.0,700.0,700.0,437.3213921133975,415.0,724.2237223399961,0.004716981132075526,0.024154589371980784,0.03499999999999992,0.03679301120187586,0.024902162394714204,0.02643723949124737,0.05515224776938539,0
2021-07-19,100.0,0.004672897196261738,0,0.0,0.0,0.0,0.0,0.05,0.0,9.0,0.0,0.0,100.0,100.0,500.0,470.0,373.49698793966195,472.5,642.8708227450069,0.0046948356807512415,0.004716981132075526,0.024154589371980784,0.023687034517801388,0.019584760799137017,0.030710442813746474,0.04942188827429304,0
2021-07-20,-100.0,-0.0046511627906976605,0,0.0,0.0,0.0,0.0,0.05,0.0,10.0,0.0,0.0,100.0,100.0,100.0,300.0,282.842712474619,535.0,527.1821816332366,0.004672897196261738,0.0046948356807512415,0.004716981132075526,0.014647860676213842,0.01415779323426313,0.035755803154731106,0.040040642616942214,0
2021-07-21,0.0,0.0,1,0.0,0.0,0.0,0.0,0.05,0.0,11.0,0.0,0.0,-100.0,100.0,100.0,140.0,219.08902300206645,545.0,512.1934256344548,-0.0046511627906976605,0.004672897196261738,0.0046948356807512415,0.006717628118074326,0.010554290912317481,0.03691213390408511,0.03841002688248107,0
2021-07-22,-400.0,-0.01869158878504673,0,1.0,0.0,0.0,0.2,0.1,1.0,0.0,0.0,1.0,0.0,-100.0,100.0,40.0,89.44271909999159,492.5,511.51863679583914,0.0,-0.0046511627906976605,0.004672897196261738,0.001886710243678169,0.004182173444036498,0.03191213390408511,0.03621114972081509,0
2021-07-23,100.0,0.004761904761904745,0,0.0,1.0,0.0,0.2,0.1,0.0,1.0,1.0,0.0,-400.0,0.0,-100.0,-60.0,207.3644135332772,415.0,523.9274758971893,-0.01869158878504673,0.0,-0.0046511627906976605,-0.0027950037397462824,0.009693116466918254,0.025999199486477793,0.03418062425945809,0
2021-07-26,-100.0,-0.004739336492891044,0,0.0,0.0,1.0,0.2,0.1,0.0,2.0,0.0,0.0,100.0,-400.0,0.0,-60.0,207.3644135332772,370.0,509.48890799351165,0.004761904761904745,-0.01869158878504673,0.0,-0.002781589923515582,0.009706110179548304,0.022300286850557276,0.0321130907590708,0
2021-07-27,100.0,0.004761904761904745,0,0.0,0.0,0.0,0.2,0.1,0.0,3.0,0.0,0.0,-100.0,100.0,-400.0,-100.0,187.08286933869707,297.5,463.81569615527235,-0.004739336492891044,0.004761904761904745,-0.01869158878504673,-0.004664036661346138,0.008766123203521268,0.017136312726642657,0.027124521726088154,0
2021-07-28,100.0,0.004739336492890933,0,0.0,0.0,0.0,0.2,0.1,0.0,4.0,0.0,0.0,100.0,-100.0,100.0,-60.0,207.3644135332772,320.0,441.1110374593011,0.004761904761904745,-0.004739336492891044,0.004761904761904745,-0.002781423150825657,0.009727624349054807,0.018537198662412314,0.025609831937162857,0
2021-07-29,-100.0,-0.004716981132075526,0,0.0,0.0,0.0,0.0,0.1,0.0,5.0,0.0,0.0,100.0,100.0,-100.0,-40.0,219.08902300206645,270.0,403.08024537370494,0.004739336492890933,0.004761904761904745,-0.004739336492891044,-0.0018335558522474705,0.010281536250742558,0.0150326688884174,0.02204932382696906,0
2021-07-30,800.0,0.03791469194312791,0,0.0,0.0,0.0,0.0,0.1,0.0,6.0,0.0,0.0,-100.0,100.0,100.0,20.0,109.54451150103323,255.0,411.320082814243,-0.004716981132075526,0.004739336492890933,0.004761904761904745,0.0009613656783467705,0.005193815694444785,0.014163908439408558,0.022485781185155467,0
2021-08-02,200.0,0.009132420091324311,0,0.0,0.0,0.0,0.0,0.1,0.0,7.0,0.0,0.0,800.0,-100.0,100.0,160.0,371.4835124201342,290.0,426.92289455443444,0.03791469194312791,-0.004716981132075526,0.004739336492890933,0.007591923114591404,0.017601034422729676,0.015747143036564947,0.02300793214373971,0
2021-08-03,400.0,0.018099547511312153,0,0.0,0.0,0.0,0.0,0.05,0.0,8.0,0.0,0.0,200.0,800.0,-100.0,220.0,342.0526275297414,300.0,422.0875439252407,0.009132420091324311,0.03791469194312791,-0.004716981132075526,0.010366274431434475,0.016209670665086863,0.016203764041131163,0.022768336601147292,0
2021-08-04,-400.0,-0.01777777777777778,0,0.0,0.0,0.0,0.0,0.05,0.0,9.0,0.0,0.0,400.0,200.0,800.0,280.0,342.0526275297414,300.0,422.0875439252407,0.018099547511312153,0.009132420091324311,0.03791469194312791,0.013033802981315956,0.01615417672457623,0.015866505391852047,0.022683403251861745,0
2021-08-05,300.0,0.013574660633484115,0,0.0,0.0,0.0,0.0,0.05,0.0,10.0,0.0,0.0,-400.0,400.0,200.0,180.0,460.43457732885355,240.0,432.43496620879296,-0.01777777777777778,0.018099547511312153,0.009132420091324311,0.008530380127182213,0.021348190497828157,0.01255337407872073,0.022506892021111693,0
2021-08-06,100.0,0.0044642857142858094,0,0.0,0.0,0.0,0.0,0.05,0.0,11.0,0.0,0.0,300.0,-400.0,400.0,260.0,433.58966777357597,230.0,428.39971497361387,0.013574660633484115,-0.01777777777777778,0.018099547511312153,0.01218870848029414,0.02003756661825047,0.011787020405192621,0.022179497137529987,0
2021-08-09,0.0,0.0,1,0.0,0.0,0.0,0.0,0.05,0.0,12.0,0.0,0.0,100.0,300.0,-400.0,120.0,311.44823004794875,172.5,355.2149090043199,0.0044642857142858094,0.013574660633484115,-0.01777777777777778,0.005498627234525722,0.013964874242957068,0.008498998735850732,0.01742519026055772,0
2021-08-10,0.0,0.0,1,1.0,0.0,0.0,0.2,0.1,1.0,0.0,0.0,1.0,0.0,100.0,300.0,80.0,311.44823004794875,125.0,305.8637467549027,0.0,0.0044642857142858094,0.013574660633484115,0.003672143216260859,0.0139680088244503,0.00600556041564076,0.014519566591619676,0
2021-08-11,3900.0,0.17333333333333334,0,1.0,1.0,0.0,0.4,0.15,2.0,0.0,0.0,0.0,0.0,0.0,100.0,0.0,254.95097567963924,90.0,275.10763443844246,0.0,0.0,0.0044642857142858094,5.223371399842858e-05,0.011404352230231046,0.004255560415640763,0.012854812114035543,0
2021-08-12,-400.0,-0.015151515151515138,0,0.0,1.0,1.0,0.4,0.15,0.0,1.0,1.0,0.0,3900.0,0.0,0.0,860.0,1703.8192392387168,260.0,894.6625356141717,0.17333333333333334,0.0,0.0,0.038274455936220655,0.07570332855401572,0.01171449761370839,0.039880271309167374,1
2021-08-13,0.0,0.0,1,0.0,0.0,1.0,0.4,0.15,0.0,2.0,0.0,0.0,-400.0,3900.0,0.0,720.0,1788.0156598866802,235.0,906.2792645002742,-0.015151515151515138,0.17333333333333334,0.0,0.032529220779220804,0.07906198783273377,0.010721072799528858,0.040308915235587016,0
2021-08-17,0.0,0.0,1,1.0,0.0,0.0,0.6,0.2,1.0,0.0,0.0,1.0,0.0,-400.0,3900.0,700.0,1797.220075561143,230.0,907.3385023764487,0.0,-0.015151515151515138,0.17333333333333334,0.03163636363636364,0.07948225483585926,0.010486331015491296,0.04035949513010515,0
2021-08-18,-400.0,-0.01538461538461533,0,1.0,1.0,0.0,0.6,0.25,2.0,0.0,0.0,0.0,0.0,0.0,-400.0,700.0,1797.220075561143,225.0,908.3675351680995,0.0,0.0,-0.015151515151515138,0.03163636363636364,0.07948225483585926,0.010252686155678209,0.0404084171943943,0
2021-08-19,1400.0,0.0546875,0,0.0,1.0,1.0,0.4,0.25,0.0,1.0,1.0,0.0,-400.0,0.0,0.0,620.0,1844.4511378727277,210.0,916.4577114314142,-0.01538461538461533,0.0,0.0,0.028559440559440576,0.08129036077700494,0.009716013525982326,0.04068709195904407,0
2021-08-20,-900.0,-0.033333333333333326,0,0.0,0.0,1.0,0.4,0.2,0.0,2.0,0.0,0.0,1400.0,-400.0,0.0,120.0,742.9670248402684,280.0,952.3378436358878,0.0546875,-0.01538461538461533,0.0,0.004830273892773906,0.02889774960430778,0.012450388525982325,0.041821580385970496,0
2021-08-23,900.0,0.034482758620689724,0,0.0,0.0,0.0,0.4,0.2,0.0,3.0,0.0,0.0,-900.0,1400.0,-400.0,20.0,855.5699854482975,255.0,977.3621857352898,-0.033333333333333326,0.0546875,-0.01538461538461533,0.0011939102564102687,0.03290665984793906,0.011718301298567995,0.04251776999146995,0
2021-08-24,2400.0,0.0888888888888888,0,0.0,0.0,0.0,0.2,0.2,0.0,4.0,0.0,0.0,900.0,-900.0,1400.0,200.0,940.7443861113389,295.0,987.0077054037197,0.034482758620689724,-0.033333333333333326,0.0546875,0.008090461980548214,0.03605656294176185,0.013204343991507245,0.04278041678310911,0
2021-08-25,100.0,0.00340136054421758,0,0.0,0.0,0.0,0.0,0.2,0.0,5.0,0.0,0.0,2400.0,900.0,-900.0,680.0,1340.5222862750174,420.0,1087.5370532102634,0.0888888888888888,0.034482758620689724,-0.033333333333333326,0.025868239758325973,0.050207036924410434,0.017885755260596235,0.04573434709515634,0
2021-08-26,-1200.0,-0.04067796610169494,0,0.0,0.0,0.0,0.0,0.2,0.0,6.0,0.0,0.0,100.0,2400.0,900.0,780.0,1255.7866060760482,420.0,1087.5370532102634,0.00340136054421758,0.0888888888888888,0.034482758620689724,0.029625434944092553,0.04694509093817358,0.01781772804971188,0.04575590227359452,0
2021-08-27,-100.0,-0.0035335689045936647,0,0.0,0.0,0.0,0.0,0.2,0.0,7.0,0.0,0.0,-1200.0,100.0,2400.0,260.0,1457.0518178843195,355.0,1145.0005745804121,-0.04067796610169494,0.00340136054421758,0.0888888888888888,0.010552341723753567,0.05317638790279277,0.015546862919982585,0.047531714954796744,0
2021-08-30,200.0,0.007092198581560183,0,0.0,0.0,0.0,0.0,0.2,0.0,8.0,0.0,0.0,-100.0,-1200.0,100.0,420.0,1336.7871932360813,355.0,1145.0005745804121,-0.0035335689045936647,-0.04067796610169494,0.00340136054421758,0.016512294609501498,0.048491669729359275,0.015606033531356677,0.04750589109394089,0
2021-08-31,-400.0,-0.014084507042253502,0,0.0,0.0,0.0,0.0,0.2,0.0,9.0,0.0,0.0,200.0,-100.0,-1200.0,280.0,1310.3434664239753,325.0,1140.5792618803741,0.007092198581560183,-0.0035335689045936647,-0.04067796610169494,0.011034182601675591,0.04749084177268241,0.014064908863278292,0.04724331861673595,0
2021-09-01,-300.0,-0.010714285714285676,0,0.0,0.0,0.0,0.0,0.2,0.0,10.0,0.0,0.0,-400.0,200.0,-100.0,-280.0,563.0275304103699,295.0,1151.874901833391,-0.014084507042253502,0.007092198581560183,-0.0035335689045936647,-0.00956049658455287,0.01917295904101181,0.0129040625065994,0.04765434801479406,0
2021-09-02,300.0,0.010830324909747224,0,0.0,0.0,0.0,0.0,0.2,0.0,11.0,0.0,0.0,-300.0,-400.0,200.0,-360.0,522.4940191045253,260.0,1159.1285292703399,-0.010714285714285676,-0.014084507042253502,0.007092198581560183,-0.01238362583625352,0.017775549420647022,0.01146337084531951,0.047923800409761345,0
2021-09-03,0.0,0.0,1,0.0,0.0,0.0,0.0,0.2,0.0,12.0,0.0,0.0,300.0,-300.0,-400.0,-60.0,304.9590136395381,295.0,1148.6720021054978,0.010830324909747224,-0.010714285714285676,-0.014084507042253502,-0.002081967633965087,0.01085791921157944,0.01289377597969576,0.04742948065339669,0
2021-09-06,0.0,0.0,1,1.0,0.0,0.0,0.2,0.25,1.0,0.0,0.0,1.0,0.0,300.0,-300.0,-40.0,304.9590136395381,280.0,1150.560504138835,0.0,0.010830324909747224,-0.010714285714285676,-0.0013752538530463544,0.010854812982728317,0.012215042948021554,0.04751627386070498,0
2021-09-07,500.0,0.017857142857142794,0,1.0,1.0,0.0,0.4,0.3,2.0,0.0,0.0,0.0,0.0,0.0,300.0,-80.0,277.48873851023217,275.0,1151.6007166228735,0.0,0.0,0.010830324909747224,-0.002793693569358391,0.009892441253855983,0.011991828662307264,0.04756506120135459,0
2021-09-08,500.0,0.01754385964912286,0,0.0,1.0,1.0,0.4,0.25,0.0,1.0,1.0,0.0,500.0,0.0,0.0,100.0,308.2207001484488,300.0,1150.7434667708478,0.017857142857142794,0.0,0.0,0.003594636410520868,0.011026812236762308,0.012884685805164404,0.047495661836840446,0
2021-09-09,1000.0,0.034482758620689724,0,0.0,0.0,1.0,0.4,0.2,0.0,2.0,0.0,0.0,500.0,500.0,0.0,260.0,250.99800796022265,325.0,1149.3132961171113,0.01754385964912286,0.017857142857142794,0.0,0.009246265483202575,0.008895130312844121,0.013761878787620547,0.047407096623491185,0
2021-09-10,-1500.0,-0.050000000000000044,0,0.0,0.0,0.0,0.4,0.2,0.0,3.0,0.0,0.0,1000.0,500.0,500.0,400.0,418.33001326703777,180.0,806.2910536263531,0.034482758620689724,0.01754385964912286,0.017857142857142794,0.013976752225391076,0.014482551490081246,0.006819350051988365,0.029650201956738308,0
2021-09-13,-300.0,-0.010526315789473717,0,0.0,0.0,0.0,0.2,0.2,0.0,4.0,0.0,0.0,-1500.0,1000.0,500.0,100.0,961.7692030835673,125.0,881.9088149546624,-0.050000000000000044,0.034482758620689724,0.01754385964912286,0.003976752225391067,0.03254478611540769,0.00507692580956412,0.03194448624127415,0
2021-09-14,0.0,0.0,1,0.0,0.0,0.0,0.0,0.15,0.0,5.0,0.0,0.0,-300.0,-1500.0,1000.0,40.0,978.7747442593725,110.0,886.6851336950391,-0.010526315789473717,-0.050000000000000044,0.034482758620689724,0.0018714890674963237,0.033200211490110376,0.004550610020090435,0.032118775972677,0
2021-09-15,300.0,0.010638297872340496,0,1.0,0.0,0.0,0.2,0.15,1.0,0.0,0.0,1.0,0.0,-300.0,-1500.0,-60.0,944.986772394196,110.0,886.6851336950391,0.0,-0.010526315789473717,-0.050000000000000044,-0.001699939503932235,0.03198906846875768,0.004550610020090435,0.032118775972677,0
2021-09-16,0.0,0.0,1,0.0,1.0,0.0,0.2,0.15,0.0,1.0,1.0,0.0,300.0,0.0,-300.0,-100.0,919.2388155425118,145.0,879.2790108647928,0.010638297872340496,0.0,-0.010526315789473717,-0.0030810518592887083,0.031086865976707127,0.005851755682938225,0.031794146068608545,0
2021-09-17,-100.0,-0.0035087719298245723,0,1.0,0.0,1.0,0.4,0.2,1.0,0.0,0.0,1.0,0.0,300.0,0.0,-300.0,703.5623639735144,75.0,828.3623666767556,0.0,0.010638297872340496,0.0,-0.009977603583426652,0.02359138528881011,0.0031173806829382254,0.029652605946692973,0
2021-09-23,600.0,0.021126760563380254,0,0.0,1.0,0.0,0.4,0.2,0.0,1.0,1.0,0.0,-100.0,0.0,300.0,-20.0,216.79483388678798,115.0,797.5455769850529,-0.0035087719298245723,0.0,0.010638297872340496,-0.0006793579693915586,0.007648211390956491,0.004608608753113664,0.02844851293141903,0
2021-09-24,200.0,0.006896551724137945,0,0.0,0.0,1.0,0.4,0.2,0.0,2.0,0.0,0.0,600.0,-100.0,0.0,160.0,288.09720581775866,100.0,784.7225456708954,0.021126760563380254,-0.0035087719298245723,0.0,0.005651257301179236,0.010150632105414942,0.00394080885024819,0.02786103225397576,0
2021-09-27,-100.0,-0.003424657534246589,0,0.0,0.0,0.0,0.2,0.2,0.0,3.0,0.0,0.0,200.0,600.0,-100.0,200.0,273.8612787525831,-10.0,570.2261785790284,0.006896551724137945,0.021126760563380254,-0.0035087719298245723,0.007030567646006824,0.009646798595089727,-0.0001588080079893528,0.019473231549843824,0
2021-09-28,650.0,0.022336769759450092,0,0.0,0.0,0.0,0.2,0.2,0.0,4.0,0.0,0.0,-100.0,200.0,600.0,120.0,294.95762407505254,-20.0,569.9492128805495,-0.003424657534246589,0.006896551724137945,0.021126760563380254,0.004217976564689407,0.010355983364306513,-0.0005001089119125613,0.01946736735066698,0
2021-09-29,0.0,0.0,1,0.0,0.0,0.0,0.0,0.2,0.0,5.0,0.0,0.0,650.0,-100.0,200.0,250.0,364.0054944640259,72.5,515.9240560188557,0.022336769759450092,-0.003424657534246589,0.006896551724137945,0.008685330516579427,0.012646132310355532,0.00265062788114469,0.0176356537969266,0
2021-09-30,750.0,0.025210084033613356,0,1.0,0.0,0.0,0.2,0.25,1.0,0.0,0.0,1.0,0.0,650.0,-100.0,270.0,342.0526275297414,77.5,514.6472987447453,0.0,0.022336769759450092,-0.003424657534246589,0.00938708490254434,0.011874080861921455,0.0028273063263743736,0.017588074076779484,0
2021-10-01,500.0,0.016393442622950838,0,0.0,1.0,0.0,0.2,0.25,0.0,1.0,1.0,0.0,750.0,0.0,650.0,300.0,382.4264635194589,105.0,535.7974872733364,0.025210084033613356,0.0,0.022336769759450092,0.01020374959659096,0.012972931396078854,0.0037332005989770324,0.018272575349494335,0
2021-10-05,0.0,0.0,1,0.0,0.0,1.0,0.2,0.25,0.0,2.0,0.0,0.0,500.0,750.0,0.0,360.0,386.32887544163714,150.0,528.9015429219914,0.016393442622950838,0.025210084033613356,0.0,0.012103127776353539,0.013062583499002913,0.005257098082237249,0.01797691346946426,0
2021-10-06,-1000.0,-0.032258064516129004,0,1.0,0.0,0.0,0.4,0.3,1.0,0.0,0.0,1.0,0.0,500.0,750.0,380.0,358.12009158939964,165.0,519.6405640339038,0.0,0.016393442622950838,0.025210084033613356,0.012788059283202858,0.01209909376923505,0.0057928123679515334,0.017632253824701877,0
2021-10-07,-400.0,-0.013333333333333308,0,0.0,1.0,0.0,0.4,0.3,0.0,1.0,1.0,0.0,-1000.0,0.0,500.0,50.0,670.820393249937,100.0,579.7004671198285,-0.032258064516129004,0.0,0.016393442622950838,0.001869092428087038,0.021951130334318322,0.003638392896657722,0.019516111235954006,0
2021-10-08,500.0,0.016891891891891886,0,0.0,0.0,1.0,0.2,0.25,0.0,2.0,0.0,0.0,-400.0,-1000.0,0.0,-30.0,701.4271166700073,80.0,590.138253204058,-0.013333333333333308,-0.032258064516129004,0.0,-0.0007975742385796236,0.02301886823232264,0.002971726229991056,0.019871436863226705,0
2021-10-12,0.0,0.0,1,0.0,0.0,0.0,0.2,0.2,0.0,3.0,0.0,0.0,500.0,-400.0,-1000.0,-80.0,637.9655163094633,105.0,597.1202823376102,0.016891891891891886,-0.013333333333333308,-0.032258064516129004,-0.0024612126669239175,0.020869557002154725,0.0038163208245856504,0.020096188577962106,0
2021-10-13,-500.0,-0.01661129568106312,0,1.0,0.0,0.0,0.4,0.25,1.0,0.0,0.0,1.0,0.0,500.0,-400.0,-180.0,558.5696017507577,80.0,590.138253204058,0.0,0.016891891891891886,-0.013333333333333308,-0.005739901191514085,0.018295929788823048,0.0029234636817285107,0.01983451915964807,0
2021-10-14,500.0,0.016891891891891886,0,0.0,1.0,0.0,0.2,0.25,0.0,1.0,1.0,0.0,-500.0,0.0,500.0,-280.0,563.0275304103699,30.0,595.0232193611837,-0.01661129568106312,0.0,0.016891891891891886,-0.00906216032772671,0.018500121019661475,0.0012157059152192117,0.01997930109010428,0
2021-10-15,100.0,0.0033222591362125353,0,0.0,0.0,1.0,0.2,0.25,0.0,2.0,0.0,0.0,500.0,-500.0,0.0,20.0,476.44516998286383,5.0,561.6938667993447,0.016891891891891886,-0.01661129568106312,0.0,0.0007678309538774686,0.01597996498343754,0.00033616257877931987,0.018789486212388143,0
2021-10-18,200.0,0.0066225165562914245,0,0.0,0.0,0.0,0.2,0.25,0.0,3.0,0.0,0.0,100.0,500.0,-500.0,120.0,414.7288270665544,85.0,435.9200795896808,0.0033222591362125353,0.016891891891891886,-0.01661129568106312,0.004098949447786637,0.013907171175953073,0.0030022755355899487,0.014583471888098989,0
2021-10-19,250.0,0.008223684210526327,0,0.0,0.0,0.0,0.2,0.25,0.0,4.0,0.0,0.0,200.0,100.0,500.0,60.0,364.6916505762094,110.0,426.92289455443455,0.0066225165562914245,0.0033222591362125353,0.016891891891891886,0.002045074380666545,0.012198920455160057,0.003859717152878206,0.014246430085010439,0
2021-10-20,-50.0,-0.0016313213703099683,0,0.0,0.0,0.0,0.0,0.2,0.0,5.0,0.0,0.0,250.0,200.0,100.0,110.0,371.4835124201342,122.5,427.1924871210068,0.008223684210526327,0.0066225165562914245,0.0033222591362125353,0.0036898112227718104,0.012406870424220394,0.004270901363404522,0.014247843744627342,0
2021-10-21,300.0,0.009803921568627416,0,0.0,0.0,0.0,0.0,0.2,0.0,6.0,0.0,0.0,-50.0,250.0,200.0,200.0,203.100960115899,105.0,426.707097865059,-0.0016313213703099683,0.008223684210526327,0.0066225165562914245,0.006685806084922441,0.006837786911268087,0.003657420401271999,0.014223378259481258,0
2021-10-22,-450.0,-0.014563106796116498,0,0.0,0.0,0.0,0.0,0.15,0.0,7.0,0.0,0.0,300.0,-50.0,250.0,160.0,138.74436925511608,120.0,428.0924641882135,0.009803921568627416,-0.0016313213703099683,0.008223684210526327,0.005268212020269547,0.00454235377820351,0.00414761647970337,0.014259589943605763,0
2021-10-25,-350.0,-0.011494252873563204,0,0.0,0.0,0.0,0.0,0.15,0.0,8.0,0.0,0.0,-450.0,300.0,-50.0,50.0,310.2418411497714,102.5,444.40231891005203,-0.014563106796116498,0.009803921568627416,-0.0016313213703099683,0.0016911388338037403,0.010100112893539277,0.0035948997363887737,0.014776836724193174,0
2021-10-26,200.0,0.006644518272425293,0,0.0,0.0,0.0,0.0,0.15,0.0,9.0,0.0,0.0,-350.0,-450.0,300.0,-60.0,339.8529093593286,55.0,439.1678734295481,-0.011494252873563204,-0.014563106796116498,0.009803921568627416,-0.0019322150521671854,0.01108987965634551,0.0019638490645416005,0.014538249051965567,0
2021-10-27,-100.0,-0.0033003300330033403,0,0.0,0.0,0.0,0.0,0.15,0.0,10.0,0.0,0.0,200.0,-350.0,-450.0,-70.0,329.013677527242,55.0,439.1678734295481,0.006644518272425293,-0.011494252873563204,-0.014563106796116498,-0.0022480482397873925,0.010745476197499215,0.001951247391955968,0.014533856946536177,0
2021-10-28,-250.0,-0.008278145695364225,0,0.0,0.0,0.0,0.0,0.15,0.0,11.0,0.0,0.0,-100.0,200.0,-350.0,-80.0,329.013677527242,55.0,439.1678734295481,-0.0033003300330033403,0.006644518272425293,-0.011494252873563204,-0.0025818499723260667,0.010747451579347289,0.0019574637670181304,0.014531462953687721,0
2021-10-29,450.0,0.015025041736226985,0,0.0,0.0,0.0,0.0,0.15,0.0,12.0,0.0,0.0,-250.0,-100.0,200.0,-190.0,253.4758371127315,10.0,420.7136793592526,-0.008278145695364225,-0.0033003300330033403,0.006644518272425293,-0.006198263425124395,0.008301793161621236,0.00042671799427741465,0.013869111518295726,0
2021-11-01,200.0,0.006578947368421018,0,0.0,0.0,0.0,0.0,0.1,0.0,13.0,0.0,0.0,450.0,-250.0,-100.0,-10.0,330.5298776207682,32.5,432.03161434028607,0.015025041736226985,-0.008278145695364225,-0.0033003300330033403,-0.0002806337186556984,0.010966374166395808,0.001177970081088764,0.014246577069415104,0
2021-11-02,200.0,0.006535947712418277,0,0.0,0.0,0.0,0.0,0.1,0.0,14.0,0.0,0.0,200.0,450.0,-250.0,100.0,276.1340254296815,5.0,400.2959431536412,0.006578947368421018,0.015025041736226985,-0.008278145695364225,0.003334006329741146,0.009179133049627745,0.000246413247829147,0.0131601597687874,0
2021-11-03,100.0,0.0032467532467532756,0,0.0,0.0,0.0,0.0,0.1,0.0,15.0,0.0,0.0,200.0,200.0,450.0,100.0,276.1340254296815,-10.0,386.1415066499518,0.006535947712418277,0.006578947368421018,0.015025041736226985,0.003312292217739743,0.009169467213982764,-0.00024646149769748106,0.012700143955887087,0
2021-11-04,100.0,0.003236245954692629,0,0.0,0.0,0.0,0.0,0.05,0.0,16.0,0.0,0.0,100.0,200.0,200.0,140.0,253.4758371127315,-5.0,386.9244452290259,0.0032467532467532756,0.006535947712418277,0.006578947368421018,0.004621708873691066,0.008426463943797851,-8.412383535981727e-05,0.012724187926013377,0
2021-11-05,200.0,0.006451612903225712,0,0.0,0.0,0.0,0.0,0.05,0.0,17.0,0.0,0.0,100.0,100.0,200.0,210.0,143.17821063276352,50.0,308.22070014844877,0.003236245954692629,0.0032467532467532756,0.006535947712418277,0.006924587203702437,0.004822297039986854,0.0016905916881812643,0.010231695599502435,0
2021-11-08,300.0,0.009615384615384581,0,0.0,0.0,0.0,0.0,0.05,0.0,18.0,0.0,0.0,200.0,100.0,100.0,160.0,54.772255750516614,80.0,290.8245989740569,0.006451612903225712,0.003236245954692629,0.0032467532467532756,0.005209901437102182,0.0017974843276069553,0.0026798390000092156,0.009642125494700483,0
2021-11-09,400.0,0.012698412698412653,0,0.0,0.0,0.0,0.0,0.05,0.0,19.0,0.0,0.0,300.0,200.0,100.0,180.0,83.66600265340756,70.0,278.81327462167786,0.009615384615384581,0.006451612903225712,0.003236245954692629,0.005817188886494895,0.0026745936454482875,0.00231601363618385,0.00920501312137644,0
2021-11-10,200.0,0.006269592476489061,0,0.0,0.0,0.0,0.0,0.0,0.0,20.0,0.0,0.0,400.0,300.0,200.0,220.0,130.38404810405297,90.0,287.7316000793283,0.012698412698412653,0.009615384615384581,0.006451612903225712,0.00704968188369377,0.004118653804103629,0.0029509342711044827,0.009470955244438419,0
2021-11-11,600.0,0.01869158878504673,0,0.0,0.0,0.0,0.0,0.0,0.0,21.0,0.0,0.0,200.0,400.0,300.0,240.0,114.0175425099138,125.0,252.61787243519447,0.006269592476489061,0.012698412698412653,0.009615384615384581,0.007654249729640928,0.003611509327692305,0.004094978678982092,0.008292154729304203,0
2021-11-12,400.0,0.012232415902140747,0,0.0,0.0,0.0,0.0,0.0,0.0,22.0,0.0,0.0,600.0,200.0,400.0,340.0,167.33200530681512,130.0,261.2721912005501,0.01869158878504673,0.006269592476489061,0.012698412698412653,0.010745318295711747,0.005164846807113621,0.0041849635236398345,0.008446658836187929,0
2021-11-15,1000.0,0.030211480362537735,0,0.0,0.0,0.0,0.0,0.0,0.0,23.0,0.0,0.0,400.0,600.0,200.0,380.0,148.32396974191326,145.0,267.98468141609175,0.012232415902140747,0.01869158878504673,0.006269592476489061,0.011901478895494755,0.004576969160780338,0.004630471361936245,0.008631711883174445,0
2021-11-16,-500.0,-0.014662756598240456,0,0.0,0.0,0.0,0.0,0.0,0.0,24.0,0.0,0.0,1000.0,400.0,600.0,520.0,303.31501776206204,185.0,329.31348047271405,0.030211480362537735,0.012232415902140747,0.01869158878504673,0.016020698044925386,0.009068967436474234,0.0058099195522485604,0.010357352759242674,0
2021-11-17,-600.0,-0.017857142857142905,0,0.0,0.0,0.0,0.0,0.0,0.0,25.0,0.0,0.0,-500.0,1000.0,400.0,340.0,554.9774770204643,147.5,362.54763752324214,-0.014662756598240456,0.030211480362537735,0.012232415902140747,0.010548464185594764,0.016656040745889018,0.0046655975118102214,0.011298195286022772,0
2021-11-18,-1100.0,-0.033333333333333326,0,0.0,0.0,0.0,0.0,0.0,0.0,26.0,0.0,0.0,-600.0,-500.0,1000.0,180.0,701.4271166700073,120.0,397.49213828703574,-0.017857142857142905,-0.014662756598240456,0.030211480362537735,0.005723117118868371,0.02110595099792046,0.0038543064374685744,0.012311299687416342,0
2021-11-19,-1900.0,-0.059561128526645746,0,0.0,0.0,0.0,0.0,0.0,0.0,27.0,0.0,0.0,-1100.0,-600.0,-500.0,-160.0,844.393273303382,50.0,479.03411591506324,-0.033333333333333326,-0.017857142857142905,-0.014662756598240456,-0.004681867304807641,0.025484069682796904,0.001697443692370537,0.014751048835795321,0
2021-11-22,100.0,0.0033333333333334103,0,0.0,0.0,0.0,0.0,0.0,0.0,28.0,0.0,0.0,-1900.0,-1100.0,-600.0,-620.0,1061.602562167217,-22.5,641.0261099863332,-0.059561128526645746,-0.033333333333333326,-0.017857142857142905,-0.01904057619056494,0.03275869717308234,-0.0005524573941559253,0.01989610046890317,0
2021-11-23,-100.0,-0.0033222591362126463,0,0.0,0.0,0.0,0.0,0.0,0.0,29.0,0.0,0.0,100.0,-1900.0,-1100.0,-800.0,748.3314773547883,0.0,636.8094815480322,0.0033333333333334103,-0.059561128526645746,-0.033333333333333326,-0.024416205596405803,0.02357365455884871,0.00018892191618890552,0.019742586988716344,0
2021-11-24,2000.0,0.06666666666666665,0,0.0,0.0,0.0,0.0,0.0,0.0,30.0,0.0,0.0,-100.0,100.0,-1900.0,-720.0,807.465169527454,-15.0,635.3821891710448,-0.0033222591362126463,0.0033333333333334103,-0.059561128526645746,-0.022148106104000243,0.02523376800246123,-0.00030941695424299145,0.019696796312579992,0
2021-11-25,1200.0,0.03750000000000009,0,0.0,0.0,0.0,0.0,0.0,0.0,31.0,0.0,0.0,2000.0,-100.0,100.0,-200.0,1469.6938456699068,90.0,778.0880751120524,0.06666666666666665,-0.0033222591362126463,0.0033333333333334103,-0.005243344199238331,0.047401921933198046,0.003188932880740508,0.024712444232983247,0
2021-11-26,200.0,0.006024096385542244,0,0.0,0.0,0.0,0.0,0.0,0.0,32.0,0.0,0.0,1200.0,2000.0,-100.0,260.0,1477.4978849392644,162.5,811.5733582304644,0.03750000000000009,0.06666666666666665,-0.0033222591362126463,0.008923322467428352,0.047492743059868565,0.005477840165508724,0.025694937658309998,0
2021-11-29,150.0,0.004491017964071808,0,0.0,0.0,0.0,0.0,0.0,0.0,33.0,0.0,0.0,200.0,1200.0,2000.0,680.0,892.7485648266257,150.0,808.832817284134,0.006024096385542244,0.03750000000000009,0.06666666666666665,0.022040367449865948,0.029496795215584314,0.005027792897974487,0.025597558571072244,0
2021-11-30,50.0,0.0014903129657228842,0,0.0,0.0,0.0,0.0,0.0,0.0,34.0,0.0,0.0,150.0,200.0,1200.0,690.0,884.8728722251575,147.5,808.7474070567723,0.004491017964071808,0.006024096385542244,0.03750000000000009,0.02227190437601363,0.029317239839201488,0.004923396427757026,0.025595156990366474,0
2021-12-01,-1200.0,-0.0357142857142857,0,0.0,0.0,0.0,0.0,0.0,0.0,35.0,0.0,0.0,50.0,150.0,200.0,720.0,853.3756499924286,140.0,808.9304179301403,0.0014903129657228842,0.004491017964071808,0.006024096385542244,0.023234418796400737,0.028329240074362574,0.004671114690422256,0.025603291302384486,0
2021-12-02,0.0,0.0,1,0.0,0.0,0.0,0.0,0.0,0.0,36.0,0.0,0.0,-1200.0,50.0,150.0,80.0,853.3756499924286,75.0,862.7526327187636,-0.0357142857142857,0.0014903129657228842,0.004491017964071808,0.002758228320210265,0.02599231183976005,0.002723062742370308,0.02715268293156563,0
2021-12-03,0.0,0.0,1,1.0,0.0,0.0,0.2,0.05,1.0,0.0,0.0,1.0,0.0,-1200.0,50.0,-160.0,586.7282164682384,70.0,862.8898813686606,0.0,-0.0357142857142857,0.0014903129657228842,-0.004741771679789753,0.01747690063424494,0.0025612504446356765,0.02715910593303652,0
2021-12-06,-200.0,-0.006172839506172867,0,1.0,1.0,0.0,0.4,0.1,2.0,0.0,0.0,0.0,0.0,0.0,-1200.0,-200.0,562.3610939600997,60.0,862.4628138436797,0.0,0.0,-0.0357142857142857,-0.005946590956898201,0.01674134671350953,0.0022386697994743908,0.027148778769552878,0
2021-12-07,300.0,0.009316770186335477,0,0.0,1.0,1.0,0.4,0.1,0.0,1.0,1.0,0.0,-200.0,0.0,0.0,-270.0,528.6775955154521,35.0,862.386529530575,-0.006172839506172867,0.0,0.0,-0.008079362450947137,0.01572779940358427,0.0014492585933965185,0.02715253380748187,0
2021-12-08,800.0,0.024615384615384706,0,0.0,0.0,1.0,0.4,0.1,0.0,2.0,0.0,0.0,300.0,-200.0,0.0,-220.0,576.1944116355173,30.0,860.4466404447352,0.009316770186335477,-0.006172839506172867,0.0,-0.006514071006824618,0.017235506613861383,0.0012801764677926597,0.02708925233221036,0
2021-12-09,800.0,0.024024024024023927,0,0.0,0.0,0.0,0.4,0.1,0.0,3.0,0.0,0.0,800.0,300.0,-200.0,180.0,389.87177379235857,60.0,876.9864669183297,0.024615384615384706,0.009316770186335477,-0.006172839506172867,0.005551863059109463,0.012007366456698232,0.002197466074737442,0.0275733791422934,0
2021-12-10,800.0,0.02346041055718473,0,0.0,0.0,0.0,0.2,0.1,0.0,4.0,0.0,0.0,800.0,800.0,300.0,340.0,456.0701700396552,70.0,884.5754259589886,0.024024024024023927,0.024615384615384706,0.009316770186335477,0.010356667863914249,0.0138895122136002,0.0024640878366863016,0.02776636958038919,0
2021-12-13,0.0,0.0,1,0.0,0.0,0.0,0.0,0.1,0.0,5.0,0.0,0.0,800.0,800.0,800.0,500.0,447.21359549995793,90.0,896.8658879969911,0.02346041055718473,0.024024024024023927,0.024615384615384706,0.015048749975351194,0.013472597455137117,0.003025487569438501,0.028085936033998046,0
2021-12-14,0.0,0.0,1,1.0,0.0,0.0,0.2,0.15,1.0,0.0,0.0,1.0,0.0,800.0,800.0,540.0,371.4835124201342,40.0,870.9643777838569,0.0,0.02346041055718473,0.024024024024023927,0.016283317876585768,0.011119034973157232,0.001514913551311614,0.02734960304610649,0
2021-12-15,100.0,0.002865329512893977,0,1.0,1.0,0.0,0.4,0.2,2.0,0.0,0.0,0.0,0.0,0.0,800.0,480.0,438.1780460041329,65.0,861.7760119293423,0.0,0.0,0.02346041055718473,0.014419963839318673,0.013169899087935172,0.002248051381223637,0.027088396310538995,0
2021-12-16,-1000.0,-0.02857142857142858,0,0.0,1.0,1.0,0.4,0.2,0.0,1.0,1.0,0.0,100.0,0.0,0.0,340.0,421.90046219457975,100.0,847.4419713094472,0.002865329512893977,0.0,0.0,0.010069952818820527,0.01253729394815384,0.003284174999725481,0.026672017894506548,0
2021-12-17,1000.0,0.02941176470588225,0,0.0,0.0,1.0,0.4,0.2,0.0,2.0,0.0,0.0,-1000.0,100.0,0.0,-20.0,641.8722614352484,105.0,840.2537210804088,-0.02857142857142858,0.002865329512893977,0.0,-0.00044913770026997477,0.018533205901653697,0.003522270237820718,0.026347213982592155,0
2021-12-20,250.0,0.0071428571428571175,0,0.0,0.0,0.0,0.4,0.2,0.0,3.0,0.0,0.0,1000.0,-1000.0,100.0,20.0,708.5195833567341,250.0,717.2682093962663,0.02941176470588225,-0.02857142857142858,0.002865329512893977,0.0007411331294695289,0.020535592001242102,0.007970914899447118,0.022342171531212415,0
2021-12-21,100.0,0.0028368794326241176,0,0.0,0.0,0.0,0.2,0.2,0.0,4.0,0.0,0.0,250.0,1000.0,-1000.0,70.0,715.5417527999327,257.5,716.4009095177745,0.0071428571428571175,0.02941176470588225,-0.02857142857142858,0.0021697045580409526,0.020718776905027762,0.008161391089923304,0.02231677777999911,0
2021-12-22,-250.0,-0.007072135785007094,0,0.0,0.0,0.0,0.0,0.2,0.0,5.0,0.0,0.0,100.0,250.0,1000.0,90.0,714.4928271158501,267.5,712.5334710513049,0.0028368794326241176,0.0071428571428571175,0.02941176470588225,0.002737080444565776,0.020683319325136677,0.00846934801836514,0.022192118434530513,0
2021-12-23,0.0,0.0,1,0.0,0.0,0.0,0.0,0.2,0.0,6.0,0.0,0.0,-250.0,100.0,250.0,20.0,730.2396866782851,155.0,592.0304046246272,-0.007072135785007094,0.0028368794326241176,0.0071428571428571175,0.0007495873849855617,0.021140319446072003,0.004782407895781454,0.017681467495718042,0
2021-12-24,-100.0,-0.002849002849002802,0,1.0,0.0,0.0,0.2,0.25,1.0,0.0,0.0,1.0,0.0,-250.0,100.0,220.0,472.493386197098,95.0,538.9805191284745,0.0,-0.007072135785007094,0.0028368794326241176,0.006463873099271278,0.013831368547046126,0.0029074078957814498,0.01593105153205714,0
2021-12-27,-100.0,-0.0028571428571428914,0,0.0,1.0,0.0,0.2,0.25,0.0,1.0,1.0,0.0,-100.0,0.0,-250.0,0.0,190.3943276465977,80.0,540.0779670809721,-0.002849002849002802,0.0,-0.007072135785007094,1.171958829426778e-05,0.005412936544288575,0.0024637529340541973,0.015963207002754966,0
2021-12-28,100.0,0.002865329512893977,0,0.0,0.0,1.0,0.2,0.25,0.0,2.0,0.0,0.0,-100.0,-100.0,0.0,-70.0,130.38404810405297,67.5,541.2643580203279,-0.0028571428571428914,-0.002849002849002802,0.0,-0.001988280411705734,0.0036938048486189075,0.0020963448929934626,0.015998614962403238,0
2021-12-29,50.0,0.0014285714285713347,0,0.0,0.0,0.0,0.2,0.25,0.0,3.0,0.0,0.0,100.0,-100.0,-100.0,-70.0,130.38404810405297,70.0,541.2947441089742,0.002865329512893977,-0.0028571428571428914,-0.002849002849002802,-0.001982590395651762,0.0037031060251547033,0.0021650957203520173,0.015998828020749627,0
2021-12-30,50.0,0.0014265335235377208,0,0.0,0.0,0.0,0.2,0.25,0.0,4.0,0.0,0.0,50.0,100.0,-100.0,-10.0,89.44271909999159,132.5,451.68544014845673,0.0014285714285713347,0.002865329512893977,-0.0028571428571428914,-0.0002824489529360763,0.002555979510318899,0.004022238577494869,0.013298204867056343,0
2022-01-03,0.0,0.0,1,0.0,0.0,0.0,0.0,0.2,0.0,5.0,0.0,0.0,50.0,50.0,100.0,0.0,93.54143466934853,135.0,451.05140330238686,0.0014265335235377208,0.0014285714285713347,0.002865329512893977,2.8577517714678536e-06,0.0026723570655792124,0.004093565253671755,0.01327930787015328,0
2022-01-04,0.0,0.0,1,1.0,0.0,0.0,0.2,0.2,1.0,0.0,0.0,1.0,0.0,50.0,50.0,20.0,75.82875444051551,135.0,451.05140330238686,0.0,0.0014265335235377208,0.0014285714285713347,0.0005726583215720282,0.0021684963095181817,0.004093565253671755,0.01327930787015328,0
2022-01-05,-50.0,-0.0014245014245014564,0,1.0,1.0,0.0,0.4,0.25,2.0,0.0,0.0,0.0,0.0,0.0,50.0,40.0,41.83300132670378,145.0,445.4152409180731,0.0,0.0,0.0014265335235377208,0.0011440868930006065,0.0011980456318628637,0.004402207228980398,0.013098640638813275,0
2022-01-06,250.0,0.007132667617689048,0,0.0,1.0,1.0,0.4,0.25,0.0,1.0,1.0,0.0,-50.0,0.0,0.0,10.0,41.83300132670378,127.5,445.8802647867649,-0.0014245014245014564,0.0,0.0,0.0002861207055215198,0.0011932825773980074,0.0038651436484385517,0.013106732307824632,0
2022-01-07,100.0,0.0028328611898016387,0,0.0,0.0,1.0,0.4,0.25,0.0,2.0,0.0,0.0,250.0,-50.0,0.0,50.0,117.26039399558574,100.0,418.33001326703754,0.007132667617689048,-0.0014245014245014564,0.0,0.0014269399433450626,0.003345084510780656,0.0029910077985537686,0.012201734447486783,0
2022-01-10,-100.0,-0.0028248587570621764,0,0.0,0.0,0.0,0.4,0.25,0.0,3.0,0.0,0.0,100.0,250.0,-50.0,60.0,119.37336386313322,65.0,384.60506059018354,0.0028328611898016387,0.007132667617689048,-0.0014245014245014564,0.001708205476597846,0.003403653346851722,0.0019314496568426543,0.011154296119971865,0
2022-01-11,100.0,0.0028328611898016387,0,0.0,0.0,0.0,0.2,0.25,0.0,4.0,0.0,0.0,-100.0,100.0,250.0,40.0,138.74436925511608,20.0,344.6584884841955,-0.0028248587570621764,0.0028328611898016387,0.007132667617689048,0.0011432337251854109,0.003948865799786011,0.0006171861911303089,0.00996976655969639,0
2022-01-12,0.0,0.0,1,0.0,0.0,0.0,0.0,0.2,0.0,5.0,0.0,0.0,100.0,-100.0,100.0,60.0,138.74436925511608,25.0,345.0781757347469,0.0028328611898016387,-0.0028248587570621764,0.0028328611898016387,0.0017098059631457385,0.00394705591338423,0.0007588292506203909,0.009980654185977012,0
2022-01-13,0.0,0.0,1,1.0,0.0,0.0,0.2,0.2,1.0,0.0,0.0,1.0,0.0,100.0,-100.0,70.0,130.38404810405297,25.0,345.0781757347469,0.0,0.0028328611898016387,-0.0028248587570621764,0.0019947062480460296,0.003708460405046589,0.0007588292506203909,0.009980654185977012,0
2022-01-14,-50.0,-0.0014124293785310327,0,1.0,1.0,0.0,0.4,0.25,2.0,0.0,0.0,0.0,0.0,0.0,100.0,20.0,83.66600265340756,20.0,344.6584884841955,0.0,0.0,0.0028328611898016387,0.0005681727245082202,0.0023672732633959527,0.000615562774975692,0.009969383854785014,0
2022-01-17,-100.0,-0.0028288543140028155,0,0.0,1.0,1.0,0.4,0.25,0.0,1.0,1.0,0.0,-50.0,0.0,0.0,-10.0,74.16198487095663,67.5,248.8261917166485,-0.0014124293785310327,0.0,0.0,-0.00028088538915831406,0.0020979396594142646,0.0019735127346205694,0.00726829959444845,0
2022-01-18,-50.0,-0.0014184397163120588,0,0.0,0.0,1.0,0.4,0.25,0.0,2.0,0.0,0.0,-100.0,-50.0,0.0,-10.0,74.16198487095663,12.5,120.16983595596693,-0.0028288543140028155,-0.0014124293785310327,0.0,-0.0002816845005464419,0.00209915132914751,0.0003614817836263162,0.0034179678726471963,0
2022-01-19,-200.0,-0.005681818181818232,0,0.0,0.0,0.0,0.4,0.25,0.0,3.0,0.0,0.0,-50.0,-100.0,-50.0,-40.0,41.83300132670378,-2.5,106.96162617352077,-0.0014184397163120588,-0.0028288543140028155,-0.0014124293785310327,-0.0011319446817691814,0.0011835170990618406,-6.658305933214259e-05,0.0030390776109150606,0
2022-01-20,100.0,0.0028571428571428914,0,0.0,0.0,0.0,0.2,0.25,0.0,4.0,0.0,0.0,-200.0,-50.0,-100.0,-80.0,75.82875444051551,-17.5,112.71178895049465,-0.005681818181818232,-0.0014184397163120588,-0.0028288543140028155,-0.002268308318132828,0.0021544308661861343,-0.0004925179400542601,0.0032032567503486337,0
2022-01-21,-100.0,-0.002849002849002802,0,0.0,0.0,0.0,0.0,0.25,0.0,5.0,0.0,0.0,100.0,-200.0,-50.0,-60.0,108.39741694339399,0.0,101.30724502589455,0.0028571428571428914,-0.005681818181818232,-0.0014184397163120588,-0.0016968797467042495,0.0030845852027258963,3.9459920532392e-06,0.00288330539592663,0
2022-01-24,-50.0,-0.0014285714285714457,0,0.0,0.0,0.0,0.0,0.2,0.0,6.0,0.0,0.0,-100.0,100.0,-200.0,-70.0,109.54451150103323,-5.0,103.74564036496491,-0.002849002849002802,0.0028571428571428914,-0.005681818181818232,-0.0019841944407986032,0.003118188194095482,-0.0001385041503969009,0.002953044911831294,0
2022-01-25,0.0,0.0,1,0.0,0.0,0.0,0.0,0.2,0.0,7.0,0.0,0.0,-50.0,-100.0,100.0,-60.0,108.39741694339399,-2.5,101.9223130366292,-0.0014285714285714457,-0.002849002849002802,0.0028571428571428914,-0.0017041378637123294,0.003086077553045871,-6.748257937533308e-05,0.002901048811166368,0
2022-01-26,50.0,0.0014306151645206988,0,1.0,0.0,0.0,0.2,0.25,1.0,0.0,0.0,1.0,0.0,-50.0,-100.0,-50.0,111.80339887498948,2.5,99.3068079502254,0.0,-0.0014285714285714457,-0.002849002849002802,-0.0014204499204499177,0.0031825919796214107,7.537456348181149e-05,0.0028258188013060926,0
2022-01-27,-150.0,-0.004285714285714337,0,0.0,1.0,0.0,0.2,0.25,0.0,1.0,1.0,0.0,50.0,0.0,-50.0,0.0,79.05694150420949,0.0,97.33285267845648,0.0014306151645206988,0.0,-0.0014285714285714457,2.036748817868528e-06,0.002256520433849452,3.6388460631475715e-06,0.0027689033955356525,0
2022-01-28,100.0,0.0028694404591105283,0,0.0,0.0,1.0,0.2,0.25,0.0,2.0,0.0,0.0,-150.0,50.0,0.0,-50.0,79.05694150420949,-10.0,102.08355710680708,-0.004285714285714337,0.0014306151645206988,0.0,-0.0014265346797535771,0.0022581316549973598,-0.00028207543965113604,0.0029055768394185082,0
2022-02-03,0.0,0.0,1,0.0,0.0,0.0,0.2,0.25,0.0,3.0,0.0,0.0,100.0,-150.0,50.0,-10.0,96.17692030835673,-7.5,104.22016170234507,0.0028694404591105283,-0.004285714285714337,0.0014306151645206988,-0.00028284601813091117,0.0027517495440534897,-0.00020993009287249565,0.0029674884602743016,0
2022-02-04,-50.0,-0.0014306151645206988,0,1.0,0.0,0.0,0.4,0.25,1.0,0.0,0.0,1.0,0.0,100.0,-150.0,0.0,93.54143466934853,-7.5,104.22016170234507,0.0,0.0028694404591105283,-0.004285714285714337,2.8682675833779926e-06,0.002676175167161689,-0.00020993009287249565,0.0029674884602743016,0
2022-02-07,-100.0,-0.002865329512893977,0,0.0,1.0,0.0,0.2,0.2,0.0,1.0,1.0,0.0,-50.0,0.0,100.0,-10.0,96.17692030835673,-10.0,104.62967275611841,-0.0014306151645206988,0.0,0.0028694404591105283,-0.00028325476532076177,0.0027519624213776174,-0.0002814608510985306,0.0029793803302043693,0
2022-02-08,-150.0,-0.004310344827586188,0,0.0,0.0,1.0,0.2,0.2,0.0,2.0,0.0,0.0,-100.0,-50.0,0.0,-40.0,96.17692030835673,-12.5,106.22097126670373,-0.002865329512893977,-0.0014306151645206988,0.0,-0.001142443700803697,0.0027537211372094914,-0.0003535022555181566,0.0030255358126429306,0
2022-02-09,-350.0,-0.010101010101010055,0,0.0,0.0,0.0,0.2,0.2,0.0,3.0,0.0,0.0,-150.0,-100.0,-50.0,-40.0,96.17692030835673,-32.5,90.72079782439378,-0.004310344827586188,-0.002865329512893977,-0.0014306151645206988,-0.001147369809178067,0.0027607628770162447,-0.0009256528777819184,0.0025852843597703626,0
2022-02-10,-700.0,-0.020408163265306145,0,0.0,0.0,0.0,0.2,0.2,0.0,4.0,0.0,0.0,-350.0,-150.0,-100.0,-130.0,135.09256086106296,-55.0,109.90426455975603,-0.010101010101010055,-0.004310344827586188,-0.002865329512893977,-0.003741459921202184,0.003901078019279618,-0.0015723464423225031,0.0031513297948798217,0
2022-02-11,0.0,0.0,1,0.0,0.0,0.0,0.0,0.2,0.0,5.0,0.0,0.0,-700.0,-350.0,-150.0,-270.0,265.98872156540773,-85.0,181.44159564878925,-0.020408163265306145,-0.010101010101010055,-0.004310344827586188,-0.007823092574263413,0.007767810040412814,-0.0024515116677347017,0.005263815348629016,0
2022-02-14,-300.0,-0.008928571428571397,0,1.0,0.0,0.0,0.2,0.25,1.0,0.0,0.0,1.0,0.0,-700.0,-350.0,-260.0,277.0379035439014,-90.0,177.4082416646028,0.0,-0.020408163265306145,-0.010101010101010055,-0.007536969541359273,0.008082127958300734,-0.0025931547272247833,0.005151041521143406,0
2022-02-15,-1500.0,-0.04504504504504503,0,0.0,1.0,0.0,0.2,0.2,0.0,1.0,1.0,0.0,-300.0,0.0,-700.0,-300.0,262.2022120425379,-105.0,182.02082009310973,-0.008928571428571397,0.0,-0.020408163265306145,-0.008749617924494756,0.007649230747086815,-0.003039583298653353,0.005299247365880029,0
2022-02-16,-1300.0,-0.04088050314465408,0,0.0,0.0,1.0,0.2,0.15,0.0,2.0,0.0,0.0,-1500.0,-300.0,0.0,-570.0,576.1944116355173,-180.0,359.2389616661132,-0.04504504504504503,-0.008928571428571397,0.0,-0.016896557967986524,0.0173192858395035,-0.005291835550905605,0.01072951015704758,0
2022-02-17,-500.0,-0.016393442622950838,0,0.0,0.0,0.0,0.2,0.15,0.0,3.0,0.0,0.0,-1300.0,-1500.0,-300.0,-760.0,638.7487769068525,-242.5,435.97289872313445,-0.04088050314465408,-0.04504504504504503,-0.008928571428571397,-0.02305245657671533,0.01961762832876331,-0.007265239239211757,0.013300064112431967,0
2022-02-18,-100.0,-0.0033333333333332993,0,0.0,0.0,0.0,0.2,0.15,0.0,4.0,0.0,0.0,-500.0,-1300.0,-1500.0,-720.0,649.6152707564686,-262.5,438.260617008935,-0.016393442622950838,-0.04088050314465408,-0.04504504504504503,-0.022249512448244267,0.019833884820770885,-0.007943468654659159,0.01340735282461777,0
2022-02-21,100.0,0.0033444816053511683,0,0.0,0.0,0.0,0.0,0.15,0.0,5.0,0.0,0.0,-100.0,-500.0,-1300.0,-740.0,622.8964600958975,-265.0,437.12577980304576,-0.0033333333333332993,-0.016393442622950838,-0.04088050314465408,-0.02291617911491093,0.018934695364825768,-0.00803921333551022,0.013365074457170232,0
2022-02-22,0.0,0.0,1,0.0,0.0,0.0,0.0,0.15,0.0,6.0,0.0,0.0,100.0,-100.0,-500.0,-660.0,712.7411872482185,-250.0,444.55773409914735,0.0033444816053511683,-0.0033333333333332993,-0.016393442622950838,-0.020461568508126415,0.021782644012826438,-0.0075878983461517505,0.01359921937363343,0
2022-02-23,-50.0,-0.0016666666666667052,0,1.0,0.0,0.0,0.2,0.2,1.0,0.0,0.0,1.0,0.0,100.0,-100.0,-360.0,572.7128425310541,-255.0,440.9618673094675,0.0,0.0033444816053511683,-0.0033333333333332993,-0.01145255949911741,0.018072434612605385,-0.007730755489008895,0.01349835416123336,0
2022-02-24,50.0,0.0016694490818029983,0,0.0,1.0,0.0,0.2,0.2,0.0,1.0,1.0,0.0,-50.0,0.0,100.0,-110.0,230.21728866442677,-252.5,442.0273270904602,-0.0016666666666667052,0.0,0.0033444816053511683,-0.003609792203519935,0.007560859877792492,-0.00767163867989209,0.013523425104618476,0
2022-02-25,100.0,0.0033333333333334103,0,0.0,0.0,1.0,0.2,0.2,0.0,2.0,0.0,0.0,50.0,-50.0,0.0,0.0,79.05694150420949,-247.5,444.9940863001497,0.0016694490818029983,-0.0016666666666667052,0.0,2.786137430832447e-06,0.002639198151018508,-0.007516737654373368,0.013616123665785513,0
2022-02-28,100.0,0.0033222591362125353,0,0.0,0.0,0.0,0.2,0.15,0.0,3.0,0.0,0.0,100.0,50.0,-50.0,40.0,65.19202405202648,-242.5,448.4696199298229,0.0033333333333334103,0.0016694490818029983,-0.0016666666666667052,0.0013361194707641744,0.0021757429842120517,-0.007350070987706697,0.01373287409998621,0
2022-03-02,-100.0,-0.0033112582781457123,0,0.0,0.0,0.0,0.2,0.15,0.0,4.0,0.0,0.0,100.0,100.0,50.0,40.0,65.19202405202648,-240.0,450.3215225638348,0.0033222591362125353,0.0033333333333334103,0.0016694490818029983,0.0013316749769364477,0.0021706314560969026,-0.007255488789122105,0.013802867846554632,0
2022-03-03,-300.0,-0.009966777408637828,0,0.0,0.0,0.0,0.0,0.15,0.0,5.0,0.0,0.0,-100.0,100.0,100.0,20.0,90.82951062292474,-237.5,450.9857624080129,-0.0033112582781457123,0.0033222591362125353,0.0033333333333334103,0.0006694233213073054,0.00301815955355333,-0.007206765988743674,0.01381561658432544,0
2022-03-04,-100.0,-0.003355704697986628,0,0.0,0.0,0.0,0.0,0.15,0.0,6.0,0.0,0.0,-300.0,-100.0,100.0,-30.0,171.75564037317667,-257.5,444.04687993380514,-0.009966777408637828,-0.0033112582781457123,0.0033222591362125353,-0.0009905988270869192,0.005708113309859862,-0.007848576882131092,0.013619651577383991,0
2022-03-07,-900.0,-0.030303030303030276,0,0.0,0.0,0.0,0.0,0.1,0.0,7.0,0.0,0.0,-100.0,-300.0,-100.0,-60.0,167.33200530681512,-262.5,441.5507957904251,-0.003355704697986628,-0.009966777408637828,-0.0033112582781457123,-0.0019956295830448447,0.0055632199991027045,-0.008016362117030423,0.013538300399402466,0
2022-03-08,-900.0,-0.03125,0,0.0,0.0,0.0,0.0,0.1,0.0,8.0,0.0,0.0,-900.0,-100.0,-300.0,-260.0,384.7076812334269,-305.0,460.5203007125971,-0.030303030303030276,-0.003355704697986628,-0.009966777408637828,-0.008722902310317582,0.0129463099477788,-0.009459982873955903,0.014316109208452818,0
2022-03-10,-1100.0,-0.03942652329749108,0,0.0,0.0,0.0,0.0,0.1,0.0,9.0,0.0,0.0,-900.0,-900.0,-100.0,-460.0,409.87803063838396,-345.0,476.25181309228003,-0.03125,-0.030303030303030276,-0.003355704697986628,-0.015637354137560087,0.014086906693336362,-0.010879216398311204,0.015017708129801566,0
2022-03-11,-400.0,-0.014925373134328401,0,0.0,0.0,0.0,0.0,0.1,0.0,10.0,0.0,0.0,-1100.0,-900.0,-900.0,-660.0,433.58966777357597,-392.5,502.43486092595526,-0.03942652329749108,-0.03125,-0.030303030303030276,-0.022860407141429163,0.015385815037298878,-0.012635025321806447,0.01621442007650991,0
2022-03-14,-200.0,-0.007575757575757569,0,0.0,0.0,0.0,0.0,0.1,0.0,11.0,0.0,0.0,-400.0,-1100.0,-900.0,-680.0,414.7288270665544,-395.0,502.33664535165826,-0.014925373134328401,-0.03942652329749108,-0.03125,-0.023852126286567278,0.014480113605746043,-0.012876243473472365,0.01621062303741505,0
2022-03-15,-500.0,-0.01908396946564883,0,0.0,0.0,0.0,0.0,0.1,0.0,12.0,0.0,0.0,-200.0,-400.0,-1100.0,-700.0,380.7886552931954,-370.0,498.7880047517285,-0.007575757575757569,-0.014925373134328401,-0.03942652329749108,-0.024696136862121465,0.013037924215115694,-0.012234623188994936,0.016150661529834846,0
2022-03-16,-850.0,-0.03307392996108949,0,0.0,0.0,0.0,0.0,0.05,0.0,13.0,0.0,0.0,-500.0,-200.0,-400.0,-620.0,370.1351104664349,-395.0,491.74768883410525,-0.01908396946564883,-0.007575757575757569,-0.014925373134328401,-0.022452324694645177,0.012794877636872416,-0.013188821662277379,0.015952315678274268,0
2022-03-17,-1150.0,-0.046277665995975825,0,0.0,0.0,0.0,0.0,0.05,0.0,14.0,0.0,0.0,-850.0,-500.0,-200.0,-610.0,361.24783736376884,-422.5,501.4387195597125,-0.03307392996108949,-0.01908396946564883,-0.007575757575757569,-0.022817110686863075,0.013130019407137856,-0.014396089588903283,0.016516608893626612,0
2022-03-18,-2350.0,-0.09915611814345993,0,0.0,0.0,0.0,0.0,0.05,0.0,15.0,0.0,0.0,-1150.0,-850.0,-500.0,-620.0,378.48381735551123,-405.0,466.76377435768444,-0.046277665995975825,-0.03307392996108949,-0.01908396946564883,-0.024187339226560023,0.015449329074543309,-0.014457720636449822,0.01663884088429128,0
2022-03-21,-2100.0,-0.09836065573770492,0,0.0,0.0,0.0,0.0,0.05,0.0,16.0,0.0,0.0,-2350.0,-1150.0,-850.0,-1010.0,830.2108166002175,-457.5,609.847910289287,-0.09915611814345993,-0.046277665995975825,-0.03307392996108949,-0.04103348822838633,0.035603009672121884,-0.017371501386390115,0.024672616648174397,0
2022-03-22,1150.0,0.05974025974025965,0,0.0,0.0,0.0,0.0,0.05,0.0,17.0,0.0,0.0,-2100.0,-2350.0,-1150.0,-1390.0,801.093003339812,-537.5,712.0901406571028,-0.09836065573770492,-0.09915611814345993,-0.046277665995975825,-0.059190467860775794,0.037379479792445644,-0.021469862042127818,0.030597882241297655,0
2022-03-23,400.0,0.019607843137254832,0,0.0,0.0,0.0,0.0,0.05,0.0,18.0,0.0,0.0,1150.0,-2100.0,-2350.0,-1060.0,1385.8210562695315,-475.0,801.7251136734689,0.05974025974025965,-0.09836065573770492,-0.09915611814345993,-0.0434256220195941,0.06496583134700053,-0.01831618238844817,0.035433862672916254,0
2022-03-24,1900.0,0.09134615384615374,0,0.0,0.0,0.0,0.0,0.05,0.0,19.0,0.0,0.0,400.0,1150.0,-2100.0,-810.0,1537.6117845542158,-460.0,815.7334445954626,0.019607843137254832,0.05974025974025965,-0.09836065573770492,-0.03288926739992524,0.07105143089388868,-0.01750301431185299,0.03613675513026118,0
2022-03-25,550.0,0.02422907488986792,0,0.0,0.0,0.0,0.0,0.0,0.0,20.0,0.0,0.0,1900.0,400.0,1150.0,-200.0,1925.1623308178457,-365.0,968.4632427880672,0.09134615384615374,0.019607843137254832,0.05974025974025965,-0.005364503431499324,0.08896677869563493,-0.0129357066195453,0.043489875568984614,0
2022-03-28,150.0,0.006451612903225712,0,0.0,0.0,0.0,0.0,0.0,0.0,21.0,0.0,0.0,550.0,1900.0,400.0,380.0,1506.9007930185717,-335.0,987.8338875912712,0.02422907488986792,0.09134615384615374,0.019607843137254832,0.019312535175166245,0.07192788499866384,-0.011640919541718569,0.04422235473910538,0
2022-03-29,100.0,0.004273504273504258,0,0.0,0.0,0.0,0.0,0.0,0.0,22.0,0.0,0.0,150.0,550.0,1900.0,830.0,702.3175919767352,-330.0,990.1355569075536,0.006451612903225712,0.02422907488986792,0.09134615384615374,0.04027498890335237,0.0346979239006464,-0.011401811350647434,0.04431095081329744,0
2022-03-30,-100.0,-0.004255319148936176,0,0.0,0.0,0.0,0.0,0.0,0.0,23.0,0.0,0.0,100.0,150.0,550.0,620.0,738.7489424696322,-330.0,990.1355569075536,0.004273504273504258,0.006451612903225712,0.02422907488986792,0.02918163781000129,0.035768986659036994,-0.011354802803638892,0.04432790122459996,0
2022-03-31,-400.0,-0.017094017094017144,0,0.0,0.0,0.0,0.0,0.0,0.0,24.0,0.0,0.0,-100.0,100.0,150.0,520.0,806.6907709897268,-340.0,986.567681141889,-0.004255319148936176,0.004273504273504258,0.006451612903225712,0.02440900535276309,0.03882706552727098,-0.011733681717896327,0.04422812230442223,0
2022-04-01,-200.0,-0.008695652173912993,0,0.0,0.0,0.0,0.0,0.0,0.0,25.0,0.0,0.0,-400.0,-100.0,100.0,60.0,348.926926447358,-355.0,985.0060112026032,-0.017094017094017144,-0.004255319148936176,0.004273504273504258,0.0027209711647289136,0.015167637908726892,-0.0124228196586899,0.04419734869735782,0
2022-04-04,-1400.0,-0.06140350877192979,0,0.0,0.0,0.0,0.0,0.0,0.0,26.0,0.0,0.0,-200.0,-400.0,-100.0,-90.0,224.72205054244233,-350.0,985.5535447014962,-0.008695652173912993,-0.017094017094017144,-0.004255319148936176,-0.003863974248027269,0.009632785047445889,-0.012359263396953656,0.044201980100680605,0
2022-04-05,-400.0,-0.01869158878504673,0,0.0,0.0,0.0,0.0,0.0,0.0,27.0,0.0,0.0,-1400.0,-200.0,-400.0,-400.0,587.3670062235366,-415.0,1010.7449050862906,-0.06140350877192979,-0.008695652173912993,-0.017094017094017144,-0.01743499858305837,0.025761819513203225,-0.015261653600650816,0.045467329166326786,0
2022-04-06,0.0,0.0,1,0.0,0.0,0.0,0.0,0.0,0.0,28.0,0.0,0.0,-400.0,-1400.0,-200.0,-500.0,519.6152422706632,-390.0,1004.2803131439055,-0.01869158878504673,-0.06140350877192979,-0.008695652173912993,-0.022028017194768566,0.02280091117339501,-0.014681081524751638,0.04533910974239343,0
2022-04-07,100.0,0.004761904761904745,0,1.0,0.0,0.0,0.2,0.05,1.0,0.0,0.0,1.0,0.0,-400.0,-1400.0,-480.0,540.3702434442519,-345.0,1000.3815061738879,0.0,-0.01869158878504673,-0.06140350877192979,-0.02117695336498133,0.023692136875137614,-0.013118581524751639,0.04527648369664583,0
2022-04-08,-200.0,-0.009478672985781977,0,0.0,1.0,0.0,0.2,0.05,0.0,1.0,1.0,0.0,100.0,0.0,-400.0,-380.0,601.6643582596529,-285.0,988.632761363948,0.004761904761904745,0.0,-0.01869158878504673,-0.016805768993796953,0.02648531256725394,-0.010909160121781846,0.045002463484342205,0
2022-04-11,100.0,0.004784688995215225,0,0.0,0.0,1.0,0.2,0.05,0.0,2.0,0.0,0.0,-200.0,100.0,0.0,-380.0,601.6643582596529,-275.0,988.4197914907037,-0.009478672985781977,0.004761904761904745,0.0,-0.016962373156170753,0.026427622121090927,-0.010636825114354525,0.04499335955267541,0
2022-04-12,200.0,0.00952380952380949,0,0.0,0.0,0.0,0.2,0.05,0.0,3.0,0.0,0.0,100.0,-200.0,100.0,-80.0,216.79483388678798,-260.0,991.8881515892595,0.004784688995215225,-0.009478672985781977,0.004761904761904745,-0.0037247336027417476,0.010190945939486114,-0.010018802785805886,0.04512232473706997,0
2022-04-13,-200.0,-0.009433962264150941,0,0.0,0.0,0.0,0.2,0.05,0.0,4.0,0.0,0.0,200.0,100.0,-200.0,40.0,151.65750888103102,-225.0,995.317986744358,0.00952380952380949,0.004784688995215225,-0.009478672985781977,0.0019183460590294966,0.007206193814154435,-0.00858841383633297,0.04527301729326517,0
2022-04-14,0.0,0.0,1,0.0,0.0,0.0,0.0,0.05,0.0,5.0,0.0,0.0,-200.0,200.0,100.0,0.0,187.08286933869707,-192.5,984.388001167276,-0.009433962264150941,0.00952380952380949,0.004784688995215225,3.155360619930825e-05,0.008875694916606584,-0.0074064154514860425,0.044907218884285775,0
2022-04-15,-50.0,-0.0023809523809523725,0,1.0,0.0,0.0,0.2,0.1,1.0,0.0,0.0,1.0,0.0,-200.0,200.0,-20.0,178.88543819998318,-135.0,958.7683985745791,0.0,-0.009433962264150941,0.00952380952380949,-0.0009208273461816408,0.008488248747418312,-0.005092532151687252,0.04398163947241458,0
2022-04-18,50.0,0.0023866348448686736,0,0.0,1.0,0.0,0.2,0.1,0.0,1.0,1.0,0.0,-50.0,0.0,-200.0,10.0,151.65750888103102,-20.0,804.6574949694598,-0.0023809523809523725,0.0,-0.009433962264150941,0.0004987167747842802,0.007194115351474551,-0.0002537738635618736,0.0380058377944834,0
2022-04-19,50.0,0.0023809523809523725,0,0.0,0.0,1.0,0.2,0.1,0.0,2.0,0.0,0.0,50.0,-50.0,0.0,0.0,145.7737973711325,87.5,638.6406204629196,0.0023866348448686736,-0.0023809523809523725,0.0,1.9105944714969957e-05,0.006911326334082588,0.0047835906655668056,0.030191442741842482,0
2022-04-20,-250.0,-0.01187648456057011,0,0.0,0.0,0.0,0.2,0.1,0.0,3.0,0.0,0.0,50.0,50.0,-50.0,-30.0,103.6822067666386,32.5,587.6525557808707,0.0023809523809523725,0.0023866348448686736,-0.0023809523809523725,-0.0014094654838564535,0.004901545001680495,0.001915625297601442,0.0272801969526668,0
2022-04-21,-200.0,-0.009615384615384581,0,0.0,0.0,0.0,0.2,0.1,0.0,4.0,0.0,0.0,-250.0,50.0,50.0,-40.0,124.49899597988733,0.0,584.2223801547524,-0.01187648456057011,0.0023809523809523725,0.0023866348448686736,-0.0018979699431402874,0.005917628966816572,0.00034140891271019493,0.027113424862267272,0
2022-04-22,300.0,0.014563106796116498,0,0.0,0.0,0.0,0.0,0.1,0.0,5.0,0.0,0.0,-200.0,-250.0,50.0,-80.0,139.64240043768942,-105.0,376.58437231739185,-0.009615384615384581,-0.01187648456057011,0.0023809523809523725,-0.0038210468662172037,0.006662176923003081,-0.004706668010366721,0.016662644751230388,0
2022-04-25,0.0,0.0,1,0.0,0.0,0.0,0.0,0.1,0.0,6.0,0.0,0.0,300.0,-200.0,-250.0,-10.0,221.92341021172146,-117.5,357.3568907526772,0.014563106796116498,-0.009615384615384581,-0.01187648456057011,-0.0004322350308034295,0.010677328913265057,-0.005189966415054292,0.015902012995634148,0
2022-04-26,-450.0,-0.021531100478468845,0,1.0,0.0,0.0,0.2,0.15,1.0,0.0,0.0,1.0,0.0,300.0,-200.0,-20.0,219.65882636488797,-125.0,352.99470698283073,0.0,0.014563106796116498,-0.009615384615384581,-0.0009095619997771642,0.010572641645510332,-0.005512547060215578,0.015717798402592024,0
2022-04-27,-450.0,-0.022004889975550168,0,0.0,1.0,0.0,0.2,0.15,0.0,1.0,1.0,0.0,-450.0,0.0,300.0,-120.0,284.1654447676564,-152.5,355.954979412314,-0.021531100478468845,0.0,0.014563106796116498,-0.0056919725716614075,0.013667352664337936,-0.006802777297814233,0.015929892320402775,0
2022-04-28,200.0,0.010000000000000009,0,0.0,0.0,1.0,0.2,0.15,0.0,2.0,0.0,0.0,-450.0,-450.0,0.0,-160.0,318.98275815473164,-170.0,361.79377667685924,-0.022004889975550168,-0.021531100478468845,0.0,-0.007717653654657419,0.015447752925916469,-0.007690255839144932,0.016271269870982905,0
2022-04-29,350.0,0.017326732673267342,0,0.0,0.0,0.0,0.2,0.15,0.0,3.0,0.0,0.0,200.0,-450.0,-450.0,-80.0,354.6124645299429,-140.0,366.5629837458106,0.010000000000000009,-0.022004889975550168,-0.021531100478468845,-0.003794576731580501,0.017232915360915018,-0.006335554984444075,0.016572234831463053,0
2022-05-02,-100.0,-0.0048661800486617945,0,0.0,0.0,0.0,0.2,0.15,0.0,4.0,0.0,0.0,350.0,200.0,-450.0,-70.0,368.4426685388108,-112.5,382.1252894563576,0.017326732673267342,0.010000000000000009,-0.022004889975550168,-0.0032418515561503324,0.017996326904540182,-0.005034435742085059,0.017379079909734474,0
2022-05-03,0.0,0.0,1,0.0,0.0,0.0,0.0,0.15,0.0,5.0,0.0,0.0,-100.0,350.0,200.0,-90.0,366.40141921122523,-47.5,233.09982049711942,-0.0048661800486617945,0.017326732673267342,0.010000000000000009,-0.004215087565882692,0.017908545642420122,-0.002207569305921658,0.011242186504052376,0
2022-05-04,-450.0,-0.022004889975550168,0,1.0,0.0,0.0,0.2,0.2,1.0,0.0,0.0,1.0,0.0,-100.0,350.0,0.0,306.18621784789724,-27.5,217.9298535139952,0.0,-0.0048661800486617945,0.017326732673267342,9.113252981107767e-05,0.015067091877192183,-0.0012729898666693218,0.010555692103596994,0
2022-05-06,600.0,0.030000000000000027,0,0.0,1.0,0.0,0.2,0.15,0.0,1.0,1.0,0.0,-450.0,0.0,-100.0,0.0,306.18621784789724,-50.0,237.30948037043115,-0.022004889975550168,0.0,-0.0048661800486617945,9.113252981107767e-05,0.015067091877192183,-0.00237323436544683,0.01151888723544493,0
2022-05-09,-100.0,-0.004854368932038833,0,0.0,0.0,1.0,0.2,0.15,0.0,2.0,0.0,0.0,600.0,-450.0,0.0,80.0,407.12405971644563,-25.0,276.9666519922377,0.030000000000000027,-0.022004889975550168,0.0,0.004091132529811081,0.02015207017498798,-0.001111329603542066,0.013545786915545975,0
2022-05-10,-100.0,-0.004878048780487809,0,0.0,0.0,0.0,0.2,0.15,0.0,3.0,0.0,0.0,-100.0,600.0,-450.0,-10.0,381.444622455213,-20.0,274.53309646130356,-0.004854368932038833,0.030000000000000027,-0.022004889975550168,-0.0003450877912501538,0.018913383891520294,-0.0008801144008549089,0.013434455346736028,0
2022-05-11,0.0,0.0,1,0.0,0.0,0.0,0.2,0.15,0.0,4.0,0.0,0.0,-100.0,-100.0,600.0,-10.0,381.444622455213,-30.0,273.5728518386971,-0.004878048780487809,-0.004854368932038833,0.030000000000000027,-0.0003474615376153567,0.018914093904206997,-0.0013632512896400606,0.013393698981094103,0
2022-05-12,-100.0,-0.004901960784313708,0,1.0,0.0,0.0,0.2,0.2,1.0,0.0,0.0,1.0,0.0,-100.0,-100.0,-10.0,381.444622455213,-40.0,268.32815729997446,0.0,-0.004878048780487809,-0.004854368932038833,-0.0003474615376153567,0.018914093904206997,-0.001839441765830535,0.013153401579374878,0
2022-05-13,-300.0,-0.014778325123152691,0,0.0,1.0,0.0,0.2,0.2,0.0,1.0,1.0,0.0,-100.0,0.0,-100.0,60.0,304.9590136395381,-35.0,266.1123624969048,-0.004901960784313708,0.0,-0.004878048780487809,0.003073124300631935,0.015200074114362562,-0.0016128416918386734,0.013054345552598323,0
2022-05-16,0.0,0.0,1,0.0,0.0,1.0,0.2,0.15,0.0,2.0,0.0,0.0,-300.0,-100.0,0.0,-120.0,109.54451150103323,-50.0,272.41609041278986,-0.014778325123152691,-0.004901960784313708,0.0,-0.005882540723998608,0.00540293771392534,-0.002351757947996308,0.013372618468370004,0
2022-05-17,1050.0,0.05249999999999999,0,1.0,0.0,0.0,0.4,0.2,1.0,0.0,0.0,1.0,0.0,-300.0,-100.0,-100.0,122.47448713915891,-47.5,272.64542232685534,0.0,-0.014778325123152691,-0.004901960784313708,-0.004911666937590842,0.006033264297879684,-0.002232710328948689,0.01338293893403532,0
2022-05-18,-650.0,-0.030878859857482177,0,0.0,1.0,0.0,0.4,0.2,0.0,1.0,1.0,0.0,1050.0,0.0,-300.0,130.0,528.6775955154521,2.5,366.87693333122775,0.05249999999999999,0.0,-0.014778325123152691,0.006563942818506719,0.026378264662186568,0.0002729579288078765,0.018139404327087147,0
2022-05-19,100.0,0.004901960784313708,0,0.0,0.0,1.0,0.2,0.2,0.0,2.0,0.0,0.0,-650.0,1050.0,0.0,0.0,637.3774391990981,-32.5,394.4599906334306,-0.030878859857482177,0.05249999999999999,0.0,0.00038817084701028295,0.03143019533840927,-0.0013900326831138509,0.019415678895869263,0
2022-05-20,100.0,0.004878048780487809,0,0.0,0.0,0.0,0.2,0.2,0.0,3.0,0.0,0.0,100.0,-650.0,1050.0,40.0,635.8065743604733,-15.0,392.0593402991303,0.004901960784313708,-0.030878859857482177,0.05249999999999999,0.002348955160735766,0.031323290645057,-0.00055111041586966,0.01930087378737709,0
2022-05-23,150.0,0.00728155339805836,0,0.0,0.0,0.0,0.2,0.2,0.0,4.0,0.0,0.0,100.0,100.0,-650.0,120.0,606.836056937951,0.0,390.3439778613619,0.004878048780487809,0.004901960784313708,-0.030878859857482177,0.006280229941463866,0.029834426946673175,0.0001735612539239595,0.019214526539223984,0
2022-05-24,400.0,0.01927710843373487,0,0.0,0.0,0.0,0.0,0.2,0.0,5.0,0.0,0.0,150.0,100.0,100.0,150.0,603.116904090741,-7.5,385.68974441559664,0.00728155339805836,0.004878048780487809,0.004901960784313708,0.007736540621075538,0.029628235188392613,-0.00019051641597894742,0.018995257098909993,0
2022-05-25,450.0,0.02127659574468077,0,0.0,0.0,0.0,0.0,0.15,0.0,6.0,0.0,0.0,400.0,150.0,100.0,20.0,394.6517452134223,12.5,396.32356531129017,0.01927710843373487,0.00728155339805836,0.004878048780487809,0.0010919623078225137,0.018841407767070068,0.0007733390057077961,0.019488117605251636,0
2022-05-26,850.0,0.03935185185185186,0,0.0,0.0,0.0,0.0,0.15,0.0,7.0,0.0,0.0,450.0,400.0,150.0,240.0,171.0263137648707,57.5,392.118067611489,0.02127659574468077,0.01927710843373487,0.00728155339805836,0.011523053428255103,0.008081494815641976,0.002913723816865277,0.01925892602559918,0
2022-05-27,-50.0,-0.00222717149220486,0,0.0,0.0,0.0,0.0,0.15,0.0,8.0,0.0,0.0,850.0,450.0,400.0,390.0,298.74738492579314,122.5,410.8639805657288,0.03935185185185186,0.02127659574468077,0.01927710843373487,0.018413031641762733,0.013733957812748927,0.005981560908235378,0.019954930500749778,0
2022-05-30,150.0,0.006696428571428603,0,0.0,0.0,0.0,0.0,0.15,0.0,9.0,0.0,0.0,-50.0,850.0,450.0,360.0,339.8529093593286,110.0,412.18289246656644,-0.00222717149220486,0.03935185185185186,0.02127659574468077,0.0169919875872242,0.01570996325696859,0.005370202333625135,0.020012556615203982,0
2022-05-31,-150.0,-0.006651884700665134,0,0.0,0.0,0.0,0.0,0.15,0.0,10.0,0.0,0.0,150.0,-50.0,850.0,360.0,339.8529093593286,100.0,408.46310147081545,0.006696428571428603,-0.00222717149220486,0.03935185185185186,0.01687496262189825,0.01580228868893897,0.0048386871285331975,0.019818513557920803,0
2022-06-02,-2200.0,-0.0982142857142857,0,0.0,0.0,0.0,0.0,0.15,0.0,11.0,0.0,0.0,-150.0,150.0,-50.0,250.0,406.201920231798,97.5,409.9021064133546,-0.006651884700665134,0.006696428571428603,-0.00222717149220486,0.011689163995018247,0.01878915255326465,0.004749401895933031,0.01986849591722651,0
2022-06-03,-200.0,-0.00990099009900991,0,0.0,0.0,0.0,0.0,0.1,0.0,12.0,0.0,0.0,-2200.0,-150.0,150.0,-280.0,1142.1471008587291,-12.5,657.7223458348714,-0.0982142857142857,-0.006651884700665134,0.006696428571428603,-0.012209012296775046,0.0513404428174376,-0.00016131238978125406,0.030432883290638913,0
2022-06-07,-100.0,-0.0050000000000000044,0,0.0,0.0,0.0,0.0,0.1,0.0,13.0,0.0,0.0,-200.0,-2200.0,-150.0,-490.0,965.2719823966714,0.0,651.3144603920515,-0.00990099009900991,-0.0982142857142857,-0.006651884700665134,-0.0220595806869474,0.043026154956686595,0.0004438826040457589,0.0300940993890955,0
2022-06-08,-1700.0,-0.085427135678392,0,0.0,0.0,0.0,0.0,0.1,0.0,14.0,0.0,0.0,-100.0,-200.0,-2200.0,-500.0,959.8176910226233,-35.0,636.0031446463137,-0.0050000000000000044,-0.00990099009900991,-0.0982142857142857,-0.02261414638850643,0.042723433747146475,-0.0013061173959542428,0.029291873603673056,0
2022-06-09,-1800.0,-0.09890109890109888,0,0.0,0.0,0.0,0.0,0.1,0.0,15.0,0.0,0.0,-1700.0,-100.0,-200.0,-870.0,1002.2474744293447,-115.0,737.1888281987543,-0.085427135678392,-0.0050000000000000044,-0.00990099009900991,-0.041038859238470546,0.04661056416097751,-0.005334755733271901,0.03482393340332902,0
2022-06-10,-1600.0,-0.09756097560975607,0,0.0,0.0,0.0,0.0,0.1,0.0,16.0,0.0,0.0,-1800.0,-1700.0,-100.0,-1200.0,977.2410142846032,-200.0,827.806232094647,-0.09890109890109888,-0.085427135678392,-0.0050000000000000044,-0.0594887020785573,0.047837668270962655,-0.010035908239302454,0.04062268986841952,0
2022-06-13,-1450.0,-0.09797297297297303,0,0.0,0.0,0.0,0.0,0.05,0.0,17.0,0.0,0.0,-1600.0,-1800.0,-1700.0,-1080.0,852.6429498916882,-280.0,882.9376803424016,-0.09756097560975607,-0.09890109890109888,-0.085427135678392,-0.05935804005765137,0.047706162713790856,-0.014913957019790258,0.04497827924716812,0
2022-06-14,150.0,0.011235955056179803,0,0.0,0.0,0.0,0.0,0.05,0.0,18.0,0.0,0.0,-1450.0,-1600.0,-1800.0,-1330.0,699.6427659884721,-347.5,919.3068040648888,-0.09797297297297303,-0.09756097560975607,-0.09890109890109888,-0.07697243663244399,0.04061185252937762,-0.019567507629223223,0.048559955277058905,0
2022-06-15,1350.0,0.10000000000000009,0,0.0,0.0,0.0,0.0,0.05,0.0,19.0,0.0,0.0,150.0,-1450.0,-1600.0,-1280.0,809.783921796426,-325.0,926.0129588726065,0.011235955056179803,-0.09797297297297303,-0.09756097560975607,-0.07372524562120804,0.047815420487633785,-0.0182667936202566,0.049041011719709704,0
2022-06-16,1450.0,0.09764309764309775,0,0.0,0.0,0.0,0.0,0.0,0.0,20.0,0.0,0.0,1350.0,150.0,-1450.0,-670.0,1369.580227661016,-257.5,997.4012284563898,0.10000000000000009,0.011235955056179803,-0.09797297297297303,-0.03663981848552962,0.08987788931613967,-0.013266793620256595,0.05565341740271364,0
2022-06-17,1600.0,0.09815950920245409,0,0.0,0.0,0.0,0.0,0.0,0.0,21.0,0.0,0.0,1450.0,1350.0,150.0,-20.0,1466.96966567138,-237.5,1028.5241086650633,0.09764309764309775,0.10000000000000009,0.011235955056179803,0.002669020823309709,0.09841449364509029,-0.011009638738101707,0.05925972821630292,0
2022-06-20,1750.0,0.0977653631284916,0,0.0,0.0,0.0,0.0,0.0,0.0,22.0,0.0,0.0,1600.0,1450.0,1350.0,620.0,1293.058390019569,-125.0,1101.494200476884,0.09815950920245409,0.09764309764309775,0.10000000000000009,0.04181311778575174,0.0868227069788887,-0.004557720285104894,0.06383084729305027,0
2022-06-21,1350.0,0.06870229007633588,0,0.0,0.0,0.0,0.0,0.0,0.0,23.0,0.0,0.0,1750.0,1600.0,1450.0,1260.0,638.7487769068525,-42.5,1178.3435072391376,0.0977653631284916,0.09815950920245409,0.09764309764309775,0.08096078500604467,0.03898888666627196,8.544983210400093e-05,0.06780875254613997,0
2022-06-22,-2100.0,-0.09999999999999998,0,0.0,0.0,0.0,0.0,0.0,0.0,24.0,0.0,0.0,1350.0,1750.0,1600.0,1500.0,173.20508075688772,20.0,1218.75691630966,0.06870229007633588,0.0977653631284916,0.09815950920245409,0.09245405201007588,0.013311423554375739,0.0032766618968964045,0.06952626788222302,0
2022-06-23,-1850.0,-0.0978835978835979,0,0.0,0.0,0.0,0.0,0.0,0.0,25.0,0.0,0.0,-2100.0,1350.0,1750.0,810.0,1633.7839514452332,-92.5,1306.7914704988018,-0.09999999999999998,0.06870229007633588,0.0977653631284916,0.05245405201007587,0.08615450770593246,-0.0020874157730065125,0.07324030373713099,0
2022-06-24,-350.0,-0.02052785923753664,0,0.0,0.0,0.0,0.0,0.0,0.0,26.0,0.0,0.0,-1850.0,-2100.0,1350.0,150.0,1947.1132478620755,-205.0,1358.0074412632339,-0.0978835978835979,-0.09999999999999998,0.06870229007633588,0.013348712904736737,0.1032032196564356,-0.007945451088873151,0.07607227650339933,0
2022-06-27,1250.0,0.0748502994011977,0,0.0,0.0,0.0,0.0,0.0,0.0,27.0,0.0,0.0,-350.0,-1850.0,-2100.0,-240.0,1771.4400921284355,-245.0,1349.4540806524221,-0.02052785923753664,-0.0978835978835979,-0.09999999999999998,-0.010388760783261407,0.09184365911133129,-0.010035673837984021,0.07580093116586863,0
2022-06-28,950.0,0.052924791086351064,0,0.0,0.0,0.0,0.0,0.0,0.0,28.0,0.0,0.0,1250.0,-350.0,-1850.0,-340.0,1640.274367293472,-225.0,1369.354438758413,0.0748502994011977,-0.02052785923753664,-0.0978835978835979,-0.01497177352872019,0.08544646527024909,-0.008260751460516729,0.07741662269371533,0
2022-06-29,1650.0,0.08730158730158721,0,0.0,0.0,0.0,0.0,0.0,0.0,29.0,0.0,0.0,950.0,1250.0,-350.0,-420.0,1544.182631685773,-175.0,1394.1135648070237,0.052924791086351064,0.0748502994011977,-0.02052785923753664,-0.018127273326717153,0.08179731410656055,-0.005503153331588934,0.07861582654958953,0
2022-06-30,250.0,0.012165450121654597,0,0.0,0.0,0.0,0.0,0.0,0.0,30.0,0.0,0.0,1650.0,950.0,1250.0,330.0,1430.7340773183535,-100.0,1451.6777951916986,0.08730158730158721,0.052924791086351064,0.0748502994011977,0.019333044133600284,0.07771571066958541,-0.0014728953950810032,0.08129463826500255,0
2022-07-01,0.0,0.0,1,0.0,0.0,0.0,0.0,0.0,0.0,31.0,0.0,0.0,250.0,1650.0,950.0,750.0,800.0,-80.0,1453.7066959654333,0.012165450121654597,0.08730158730158721,0.052924791086351064,0.041342853734650784,0.04485644152257971,-0.0005320286539650165,0.08134042302370506,0
2022-07-04,0.0,0.0,1,1.0,0.0,0.0,0.2,0.05,1.0,0.0,0.0,1.0,0.0,250.0,1650.0,820.0,687.0225614927067,30.0,1365.3994981226865,0.0,0.012165450121654597,0.08730158730158721,0.045448425582158114,0.03822750715956102,0.0043786856317492686,0.07803008237380807,0
2022-07-05,150.0,0.007211538461538547,0,1.0,1.0,0.0,0.4,0.1,2.0,0.0,0.0,0.0,0.0,0.0,250.0,570.0,718.1573643707902,40.0,1364.3583415695916,0.0,0.0,0.012165450121654597,0.030478365701918576,0.03849007974229727,0.004873735136699764,0.07796610046702186,0
2022-07-06,-50.0,-0.0023866348448687846,0,0.0,1.0,1.0,0.4,0.1,0.0,1.0,1.0,0.0,150.0,0.0,0.0,410.0,701.2488859171186,52.5,1364.1533908194529,0.007211538461538547,0.0,0.0,0.021335715176956073,0.037234083507118924,0.005484312059776691,0.07793251541318405,0
2022-07-07,-100.0,-0.004784688995215336,0,0.0,0.0,1.0,0.4,0.1,0.0,2.0,0.0,0.0,-50.0,150.0,0.0,70.0,125.49900398011133,135.0,1301.0218655875242,-0.0023866348448687846,0.007211538461538547,0.0,0.003398070747664872,0.006082065140575256,0.009636337101452851,0.07499064378493076,0
2022-07-08,0.0,0.0,1,0.0,0.0,0.0,0.4,0.1,0.0,3.0,0.0,0.0,-100.0,-50.0,150.0,0.0,93.54143466934853,220.0,1221.0220050605578,-0.004784688995215336,-0.0023866348448687846,0.007211538461538547,8.042924290885268e-06,0.004488742535577064,0.01434215759674703,0.07064851192208071,0
2022-07-11,-800.0,-0.038461538461538436,0,1.0,0.0,0.0,0.4,0.15,1.0,0.0,0.0,1.0,0.0,-100.0,-50.0,0.0,93.54143466934853,300.0,1145.5864965390572,0.0,-0.004784688995215336,-0.0023866348448687846,8.042924290885268e-06,0.004488742535577064,0.019220206377234834,0.06571089454023685,0
2022-07-12,-2000.0,-0.09999999999999998,0,0.0,1.0,0.0,0.2,0.15,0.0,1.0,1.0,0.0,-800.0,0.0,-100.0,-160.0,369.7972417420119,332.5,1101.7062126299227,-0.038461538461538436,0.0,-0.004784688995215336,-0.007684264768016802,0.017780929934549484,0.02219577810280656,0.061325865335512715,0
2022-07-13,-500.0,-0.02777777777777779,0,0.0,0.0,1.0,0.2,0.15,0.0,2.0,0.0,0.0,-2000.0,-800.0,0.0,-590.0,853.2291603080616,225.0,1219.0915513308735,-0.09999999999999998,-0.038461538461538436,0.0,-0.029126572460324508,0.042620690688500794,0.016633980349997572,0.06714061912916851,0
2022-07-14,900.0,0.05142857142857138,0,0.0,0.0,0.0,0.2,0.15,0.0,3.0,0.0,0.0,-500.0,-2000.0,-800.0,-680.0,804.3631020876082,132.5,1199.2623829495756,-0.02777777777777779,-0.09999999999999998,-0.038461538461538436,-0.034204801046906305,0.04007476155446453,0.01024509146110868,0.06482995774653687,0
2022-07-15,200.0,0.010869565217391353,0,0.0,0.0,0.0,0.2,0.15,0.0,4.0,0.0,0.0,900.0,-500.0,-2000.0,-480.0,1066.302021005306,105.0,1173.4900712696383,0.05142857142857138,-0.02777777777777779,-0.09999999999999998,-0.022962148962148966,0.05536129381951822,0.007934365150382362,0.06232614701075519,0
2022-07-18,100.0,0.005376344086021501,0,0.0,0.0,0.0,0.0,0.15,0.0,5.0,0.0,0.0,200.0,900.0,-500.0,-440.0,1092.245393673052,35.0,1120.1621123278258,0.010869565217391353,0.05142857142857138,-0.02777777777777779,-0.020788235918670694,0.05668594738391357,0.003569867951129224,0.05862166183385294,0
2022-07-19,800.0,0.04278074866310155,0,0.0,0.0,0.0,0.0,0.15,0.0,6.0,0.0,0.0,100.0,200.0,900.0,-260.0,1092.245393673052,-47.5,1045.475842304405,0.005376344086021501,0.010869565217391353,0.05142857142857138,-0.012020659409158706,0.05665923172362722,-0.0010495830009942808,0.05428830008168647,0
2022-07-20,-200.0,-0.01025641025641022,0,0.0,0.0,0.0,0.0,0.15,0.0,7.0,0.0,0.0,800.0,100.0,200.0,300.0,570.087712549569,-75.0,1013.5269321065242,0.04278074866310155,0.005376344086021501,0.010869565217391353,0.016535490323461598,0.031727888663566635,-0.0023456600716559974,0.05282510809013392,0
2022-07-21,-600.0,-0.031088082901554404,0,0.0,0.0,0.0,0.0,0.15,0.0,8.0,0.0,0.0,-200.0,800.0,100.0,360.0,472.2287581247038,20.0,895.9558259787493,-0.01025641025641022,0.04278074866310155,0.005376344086021501,0.02003976382773511,0.02607381933614813,0.0021415194155234908,0.04765162123303392,0
2022-07-22,-1850.0,-0.09893048128342241,0,0.0,0.0,0.0,0.0,0.15,0.0,9.0,0.0,0.0,-600.0,-200.0,800.0,60.0,517.6871642217914,82.5,796.7491515692475,-0.031088082901554404,-0.01025641025641022,0.04278074866310155,0.0035364329617099564,0.0273238725261459,0.005481295164625666,0.04231396649792097,0
2022-07-25,350.0,0.020771513353115667,0,0.0,0.0,0.0,0.0,0.15,0.0,10.0,0.0,0.0,-1850.0,-600.0,-200.0,-350.0,982.344135219425,7.5,903.105023909471,-0.09893048128342241,-0.031088082901554404,-0.01025641025641022,-0.018423576338452798,0.05249014117723468,0.0015611640623313771,0.048088163466532205,0
2022-07-26,1300.0,0.07558139534883712,0,0.0,0.0,0.0,0.0,0.15,0.0,11.0,0.0,0.0,350.0,-1850.0,-600.0,-300.0,1016.7349703831378,-37.5,859.2951517928731,0.020771513353115667,-0.09893048128342241,-0.031088082901554404,-0.015344542485033964,0.05464264881846048,-0.0011427752400727242,0.045182945229267114,0
2022-07-27,0.0,0.0,1,0.0,0.0,0.0,0.0,0.15,0.0,12.0,0.0,0.0,1300.0,350.0,-1850.0,-200.0,1165.6543226874767,-20.0,883.6824864407494,0.07558139534883712,0.020771513353115667,-0.09893048128342241,-0.00878441314788685,0.06445361994276073,-9.945026948421365e-06,0.04686267889465462,0
2022-07-28,0.0,0.0,1,1.0,0.0,0.0,0.2,0.2,1.0,0.0,0.0,1.0,0.0,1300.0,350.0,-160.0,1169.0808355284933,-102.5,791.8125442698907,0.0,0.07558139534883712,0.020771513353115667,-0.006733131096604806,0.06455818469314925,-0.004375024392027782,0.04212870058995564,0
2022-07-29,100.0,0.00540540540540535,0,1.0,1.0,0.0,0.4,0.25,2.0,0.0,0.0,0.0,0.0,0.0,1300.0,-40.0,1143.1316634578889,-115.0,787.9186439434494,0.0,0.0,0.07558139534883712,-0.0005155145162939245,0.06310688243120346,-0.004983296898110512,0.04196481890384924,0
2022-08-01,-900.0,-0.048387096774193505,0,0.0,1.0,1.0,0.4,0.2,0.0,1.0,1.0,0.0,100.0,0.0,0.0,350.0,550.0,-110.0,789.0033686806879,0.00540540540540535,0.0,0.0,0.020351662821471626,0.03202448516158509,-0.004713026627840245,0.04201597782186458,0
2022-08-02,-1750.0,-0.09887005649717517,0,0.0,0.0,1.0,0.4,0.15,0.0,2.0,0.0,0.0,-900.0,100.0,0.0,100.0,784.2193570679061,-155.0,807.8398747015987,-0.048387096774193505,0.00540540540540535,0.0,0.006519940796009793,0.044358000193854066,-0.0071323814665499195,0.04310919530720673,0
2022-08-03,-1250.0,-0.07836990595611282,0,0.0,0.0,0.0,0.4,0.15,0.0,3.0,0.0,0.0,-1750.0,-900.0,100.0,-510.0,803.4301463101817,-250.0,878.6952049248332,-0.09887005649717517,-0.048387096774193505,0.00540540540540535,-0.028370349573192667,0.045059499384316366,-0.012436461214485606,0.04754888864844098,0
2022-08-04,1450.0,0.09863945578231292,0,0.0,0.0,0.0,0.2,0.15,0.0,4.0,0.0,0.0,-1250.0,-1750.0,-900.0,-760.0,799.5311125903731,-310.0,904.8989475422975,-0.07836990595611282,-0.09887005649717517,-0.048387096774193505,-0.04404433076441523,0.04633612092830629,-0.016235624770047807,0.04969093249558476,0
2022-08-05,1600.0,0.09907120743034059,0,0.0,0.0,0.0,0.0,0.15,0.0,5.0,0.0,0.0,1450.0,-1250.0,-1750.0,-470.0,1269.1532610366646,-232.5,986.5243348026922,0.09863945578231292,-0.07836990595611282,-0.09887005649717517,-0.024316439607952645,0.07915326246300809,-0.011064417531171395,0.05593460429210749,0
2022-08-08,1750.0,0.09859154929577474,0,0.0,0.0,0.0,0.0,0.1,0.0,6.0,0.0,0.0,1600.0,1450.0,-1250.0,-170.0,1577.4187776237482,-152.5,1067.8895813213726,0.09907120743034059,0.09863945578231292,-0.07836990595611282,-0.005583279202965597,0.09701471887168059,-0.006110857159654365,0.061113181682691614,0
2022-08-09,8450.0,0.43333333333333335,0,0.0,0.0,0.0,0.0,0.1,0.0,7.0,0.0,0.0,1750.0,1600.0,1450.0,360.0,1710.40930773894,-25.0,1136.5344369247196,0.09859154929577474,0.09907120743034059,0.09863945578231292,0.023812450011028052,0.10289206277085185,0.0007417972282112939,0.06486360118941209,0
2022-08-10,-50.0,-0.0017889087656529634,0,0.0,0.0,0.0,0.0,0.1,0.0,8.0,0.0,0.0,8450.0,1750.0,1600.0,2400.0,3601.735692690401,497.5,2139.9382061909614,0.43333333333333335,0.09859154929577474,0.09907120743034059,0.13025312797712976,0.1859807605435927,0.02740846389487796,0.11302136584332413,1
2022-08-11,-900.0,-0.032258064516129004,0,0.0,0.0,0.0,0.0,0.1,0.0,9.0,0.0,0.0,-50.0,8450.0,1750.0,2640.0,3327.236090210612,520.0,2131.246237842026,-0.0017889087656529634,0.43333333333333335,0.09859154929577474,0.14556932741522172,0.166653812229894,0.0287079073454842,0.11250168369252793,0
2022-08-12,200.0,0.007407407407407307,0,0.0,0.0,0.0,0.0,0.1,0.0,10.0,0.0,0.0,-900.0,-50.0,8450.0,2170.0,3684.1891916675504,430.0,2152.257077190313,-0.032258064516129004,-0.0017889087656529634,0.43333333333333335,0.11938982335553334,0.1851265167585372,0.02452357554824918,0.11316648107435298,0
2022-08-16,100.0,0.003676470588235281,0,0.0,0.0,0.0,0.0,0.1,0.0,11.0,0.0,0.0,200.0,-900.0,-50.0,1890.0,3790.0197888665434,430.0,2152.257077190313,0.007407407407407307,-0.032258064516129004,-0.0017889087656529634,0.10105706335094669,0.192050822511992,0.02435046765774998,0.11319111184726041,0
2022-08-17,100.0,0.00366300366300365,0,0.0,0.0,0.0,0.0,0.1,0.0,12.0,0.0,0.0,100.0,200.0,-900.0,1560.0,3876.1127434583223,430.0,2152.257077190313,0.003676470588235281,0.007407407407407307,-0.032258064516129004,0.08207404760943879,0.1969829944209523,0.02426547398286067,0.11320674625010578,0
2022-08-18,0.0,0.0,1,0.0,0.0,0.0,0.0,0.1,0.0,13.0,0.0,0.0,100.0,100.0,200.0,-110.0,450.55521304275237,395.0,2151.6150604652894,0.00366300366300365,0.003676470588235281,0.007407407407407307,-0.0038600183246271457,0.016210243134257313,0.022309586732855775,0.11320794026045544,0
2022-08-19,300.0,0.010948905109489093,0,1.0,0.0,0.0,0.2,0.15,1.0,0.0,0.0,1.0,0.0,100.0,100.0,-100.0,452.76925690687085,405.0,2149.1675254925053,0.0,0.00366300366300365,0.003676470588235281,-0.003502236571496553,0.016286943679169538,0.022822407245676284,0.11307580848472285,0
2022-08-22,0.0,0.0,1,0.0,1.0,0.0,0.2,0.15,0.0,1.0,1.0,0.0,300.0,0.0,100.0,140.0,114.0175425099138,450.0,2136.4013027321876,0.010948905109489093,0.0,0.00366300366300365,0.005139157353627066,0.004172156153913638,0.02492425664622846,0.11240970985218876,0
2022-08-23,-600.0,-0.02166064981949456,0,1.0,0.0,1.0,0.4,0.2,1.0,0.0,0.0,1.0,0.0,300.0,0.0,100.0,122.47448713915891,542.5,2070.6136263131475,0.0,0.010948905109489093,0.0,0.003657675872145605,0.0044698878898010675,0.02987078071039958,0.10879115070615279,0
2022-08-24,0.0,0.0,1,0.0,1.0,0.0,0.4,0.2,0.0,1.0,1.0,0.0,-600.0,0.0,300.0,-40.0,336.1547262794322,495.0,2086.100618252553,-0.02166064981949456,0.0,0.010948905109489093,-0.0014097482094003633,0.012171102245329064,0.02774917255176907,0.10939004145231646,0
2022-08-25,0.0,0.0,1,1.0,0.0,1.0,0.6,0.25,1.0,0.0,0.0,1.0,0.0,-600.0,0.0,-60.0,328.63353450309967,430.0,2079.9418008052153,0.0,-0.02166064981949456,0.0,-0.002142348942001093,0.011896574914160279,0.023970102784327214,0.10895530466622937,0
2022-08-26,200.0,0.007380073800737907,0,1.0,1.0,0.0,0.6,0.25,2.0,0.0,0.0,0.0,0.0,0.0,-600.0,-60.0,328.63353450309967,430.0,2079.9418008052153,0.0,0.0,-0.02166064981949456,-0.002142348942001093,0.011896574914160279,0.023970102784327214,0.10895530466622937,0
2022-08-29,0.0,0.0,1,0.0,1.0,1.0,0.6,0.2,0.0,1.0,1.0,0.0,200.0,0.0,0.0,-80.0,303.31501776206204,440.0,2078.2457177046927,0.007380073800737907,0.0,0.0,-0.0028561152037513303,0.01098706363890759,0.02433910647436411,0.10888232417639702,0
2022-08-30,350.0,0.012820512820512775,0,1.0,0.0,1.0,0.6,0.25,1.0,0.0,0.0,1.0,0.0,200.0,0.0,-80.0,303.31501776206204,435.0,2079.226829984241,0.0,0.007380073800737907,0.0,-0.0028561152037513303,0.01098706363890759,0.024068836204093842,0.10893848964352802,0
2022-08-31,100.0,0.003616636528029016,0,0.0,1.0,0.0,0.6,0.25,0.0,1.0,1.0,0.0,350.0,0.0,200.0,110.0,159.68719422671313,497.5,2055.6389069555657,0.012820512820512775,0.0,0.007380073800737907,0.0040401173242501365,0.005857010720426161,0.027129216683829154,0.10764797403721486,0
2022-09-01,-150.0,-0.00540540540540535,0,0.0,0.0,1.0,0.4,0.25,0.0,2.0,0.0,0.0,100.0,350.0,0.0,130.0,148.32396974191326,590.0,1989.7500504228901,0.003616636528029016,0.012820512820512775,0.0,0.0047634446298559395,0.0054419452944841976,0.032253551335089364,0.10370136487024964,0
2022-09-02,-100.0,-0.0036231884057971175,0,0.0,0.0,0.0,0.2,0.25,0.0,3.0,0.0,0.0,-150.0,100.0,350.0,100.0,190.3943276465977,645.0,1951.038859576853,-0.00540540540540535,0.003616636528029016,0.012820512820512775,0.0036823635487748694,0.0069521669127547625,0.03590177636262474,0.10084901305411538,0
2022-09-05,-500.0,-0.018181818181818188,0,0.0,0.0,0.0,0.2,0.25,0.0,4.0,0.0,0.0,-100.0,-150.0,100.0,40.0,198.11612756158948,567.5,1948.162089333377,-0.0036231884057971175,-0.00540540540540535,0.003616636528029016,0.0014817111074678646,0.007225201927066381,0.030788644153219236,0.10009029324800309,0
2022-09-06,100.0,0.0037037037037037646,0,0.0,0.0,0.0,0.0,0.25,0.0,5.0,0.0,0.0,-500.0,-100.0,-150.0,-60.0,315.03968004046726,462.5,1946.175399138147,-0.018181818181818188,-0.0036231884057971175,-0.00540540540540535,-0.002154652528895773,0.011479954108932823,0.024925992872611297,0.09931116791489972,0
2022-09-07,0.0,0.0,1,0.0,0.0,0.0,0.0,0.25,0.0,6.0,0.0,0.0,100.0,-500.0,-100.0,-110.0,245.96747752497686,380.0,1923.5657678275245,0.0037037037037037646,-0.018181818181818188,-0.0036231884057971175,-0.003978014352257575,0.008952637937840728,0.020181600593007748,0.09786269639604524,0
2022-09-08,0.0,0.0,1,1.0,0.0,0.0,0.2,0.3,1.0,0.0,0.0,1.0,0.0,100.0,-500.0,-130.0,228.0350850198276,-42.5,303.6076935437349,0.0,0.0037037037037037646,-0.018181818181818188,-0.004701341657863378,0.008308561374004757,-0.0014850660736589194,0.010976274460133384,0
2022-09-13,0.0,0.0,1,1.0,1.0,0.0,0.4,0.35,2.0,0.0,0.0,0.0,0.0,0.0,100.0,-100.0,234.5207879911715,-40.0,303.74851093418704,0.0,0.0,0.0037037037037037646,-0.0036202605767823083,0.00854242346360821,-0.0013956206353762713,0.010980956028248981,0
2022-09-14,-50.0,-0.0018450184501844769,0,1.0,1.0,1.0,0.6,0.4,3.0,0.0,0.0,0.0,0.0,0.0,0.0,-80.0,238.74672772626644,5.0,226.47179445619628,0.0,0.0,0.0,-0.0028956228956228845,0.008694434624420051,0.00021728259043017893,0.008234953388617502,0
2022-09-15,-50.0,-0.001848428835489857,0,0.0,1.0,1.0,0.6,0.4,0.0,1.0,1.0,0.0,-50.0,0.0,0.0,10.0,54.772255750516614,-7.5,221.9975106546044,-0.0018450184501844769,0.0,0.0,0.00037173705070385753,0.0020267321006998875,-0.00024533870244941027,0.008067966255269739,0
2022-09-16,-100.0,-0.0037037037037036535,0,0.0,0.0,1.0,0.6,0.4,0.0,2.0,0.0,0.0,-50.0,-50.0,0.0,-20.0,27.386127875258307,-15.0,220.70461326349425,-0.001848428835489857,-0.0018450184501844769,0.0,-0.0007386894571348668,0.0010114929153224952,-0.0005215836736356672,0.008021066324331888,0
2022-09-19,-1450.0,-0.05390334572490707,0,0.0,0.0,0.0,0.4,0.4,0.0,3.0,0.0,0.0,-100.0,-50.0,-50.0,-40.0,41.83300132670378,-25.0,219.74866025577865,-0.0037037037037036535,-0.001848428835489857,-0.0018450184501844769,-0.0014794301978755975,0.00154876037642196,-0.0008899190419710323,0.007987866761018016,0
2022-09-20,-1450.0,-0.056974459724950854,0,0.0,0.0,0.0,0.2,0.35,0.0,4.0,0.0,0.0,-1450.0,-100.0,-50.0,-330.0,627.0964838045259,-97.5,386.77989116618437,-0.05390334572490707,-0.0037037037037036535,-0.001848428835489857,-0.012260099342857012,0.023316081919039684,-0.003585086328216386,0.014284086123324689,0
2022-09-21,-800.0,-0.033333333333333326,0,0.0,0.0,0.0,0.0,0.35,0.0,5.0,0.0,0.0,-1450.0,-1450.0,-100.0,-620.0,757.957782465488,-185.0,479.06158268013843,-0.056974459724950854,-0.05390334572490707,-0.0037037037037036535,-0.023654991287847184,0.029044813997142906,-0.006981254569938383,0.0181878738105996,0
2022-09-22,-800.0,-0.03448275862068961,0,0.0,0.0,0.0,0.0,0.3,0.0,6.0,0.0,0.0,-800.0,-1450.0,-1450.0,-770.0,687.9316826546078,-225.0,495.9042776903403,-0.033333333333333326,-0.056974459724950854,-0.05390334572490707,-0.029952654264476953,0.026429611590261262,-0.00864792123660505,0.019022583400681706,0
2022-09-23,-150.0,-0.006696428571428603,0,0.0,0.0,0.0,0.0,0.3,0.0,7.0,0.0,0.0,-800.0,-800.0,-1450.0,-920.0,561.9163638834519,-235.0,505.7823538575495,-0.03448275862068961,-0.033333333333333326,-0.056974459724950854,-0.0364795202215169,0.021282457198696005,-0.009289026676664803,0.01968863190465983,0
2022-09-26,750.0,0.03370786516853941,0,0.0,0.0,0.0,0.0,0.25,0.0,8.0,0.0,0.0,-150.0,-800.0,-800.0,-930.0,543.8290172471491,-242.5,503.21989543130536,-0.006696428571428603,-0.03448275862068961,-0.033333333333333326,-0.03707806519506189,0.020141741837901767,-0.009623848105236232,0.019578984087161935,0
2022-09-27,1100.0,0.047826086956521685,0,0.0,0.0,0.0,0.0,0.2,0.0,9.0,0.0,0.0,750.0,-150.0,-800.0,-490.0,831.7150954503592,-205.0,548.178802946629,0.03370786516853941,-0.006696428571428603,-0.03448275862068961,-0.019555823016372598,0.034695720466464436,-0.007938454846809263,0.021778313276234574,0
2022-09-28,900.0,0.03734439834024905,0,0.0,0.0,0.0,0.0,0.2,0.0,10.0,0.0,0.0,1100.0,750.0,-150.0,20.0,876.4987164850842,-160.0,615.9289090898646,0.047826086956521685,0.03370786516853941,-0.006696428571428603,0.0014042863199219102,0.03794307768311539,-0.005916154189020073,0.024926034220847465,0
2022-09-29,0.0,0.0,1,0.0,0.0,0.0,0.0,0.15,0.0,11.0,0.0,0.0,900.0,1100.0,750.0,360.0,805.7605103254937,-115.0,659.5652475604463,0.03734439834024905,0.047826086956521685,0.03370786516853941,0.015539832654638385,0.03480168694985405,-0.00404893427200762,0.02672627406049587,0
2022-09-30,2500.0,0.10000000000000009,0,1.0,0.0,0.0,0.2,0.2,1.0,0.0,0.0,1.0,0.0,900.0,1100.0,520.0,559.6874127582288,-132.5,651.1679789747838,0.0,0.03734439834024905,0.047826086956521685,0.02243638437877631,0.024217990682753075,-0.004689959913033259,0.026452716629031148,0
2022-10-04,-1800.0,-0.06545454545454543,0,0.0,1.0,0.0,0.2,0.2,0.0,1.0,1.0,0.0,2500.0,0.0,900.0,1050.0,911.0433579144299,-12.5,877.9274337594011,0.10000000000000009,0.0,0.03734439834024905,0.04377567009306205,0.03618222075379487,0.00012920826056529445,0.035334252539896124,0
2022-10-05,-300.0,-0.011673151750972721,0,0.0,0.0,1.0,0.2,0.2,0.0,2.0,0.0,0.0,-1800.0,2500.0,0.0,540.0,1585.2444606432157,-95.0,964.7606738952081,-0.06545454545454543,0.10000000000000009,0.0,0.02394318796844508,0.06144073353884961,-0.0028732487418917096,0.03825948832464593,0
2022-10-06,-200.0,-0.007874015748031482,0,0.0,0.0,0.0,0.2,0.2,0.0,3.0,0.0,0.0,-300.0,-1800.0,2500.0,260.0,1585.2444606432157,-105.0,965.8511381432601,-0.011673151750972721,-0.06545454545454543,0.10000000000000009,0.012043340226946198,0.06142058665616054,-0.0032757469091504897,0.038310103297328375,0
2022-10-07,0.0,0.0,1,0.0,0.0,0.0,0.2,0.2,0.0,4.0,0.0,0.0,-200.0,-300.0,-1800.0,40.0,1550.1612819316576,-90.0,961.7144778166254,-0.007874015748031482,-0.011673151750972721,-0.06545454545454543,0.0029996574092900907,0.060078220666055684,-0.0027603567874611547,0.03816808866494401,0
2022-10-11,-500.0,-0.019841269841269882,0,1.0,0.0,0.0,0.2,0.25,1.0,0.0,0.0,1.0,0.0,-200.0,-300.0,40.0,1550.1612819316576,-95.0,960.9343041239107,0.0,-0.007874015748031482,-0.011673151750972721,0.0029996574092900907,0.060078220666055684,-0.0029455419726463427,0.0381440527715037,0
2022-10-12,-1700.0,-0.06882591093117407,0,0.0,1.0,0.0,0.2,0.2,0.0,1.0,1.0,0.0,-500.0,0.0,-200.0,-560.0,716.2401831787993,-120.0,964.8288640179171,-0.019841269841269882,0.0,-0.007874015748031482,-0.020968596558963902,0.02587385696564091,-0.003937605464709837,0.038321020807001484,0
2022-10-13,300.0,0.01304347826086949,0,0.0,0.0,1.0,0.2,0.15,0.0,2.0,0.0,0.0,-1700.0,-500.0,0.0,-540.0,673.0527468185536,-205.0,1026.6065714924964,-0.06882591093117407,-0.019841269841269882,0.0,-0.02164286965428963,0.027326157641802847,-0.00737890101126854,0.04094903715008407,0
2022-10-14,400.0,0.01716738197424883,0,0.0,0.0,0.0,0.2,0.1,0.0,3.0,0.0,0.0,300.0,-1700.0,-500.0,-420.0,772.6577508832743,-190.0,1031.9373706006118,0.01304347826086949,-0.06882591093117407,-0.019841269841269882,-0.016699543651921188,0.0314977803291356,-0.006726727098225066,0.04117598176096313,0
2022-10-17,-400.0,-0.016877637130801704,0,0.0,0.0,0.0,0.2,0.1,0.0,4.0,0.0,0.0,400.0,300.0,-1700.0,-300.0,857.3214099741124,-167.5,1040.024670760013,0.01716738197424883,0.01304347826086949,-0.06882591093117407,-0.011691264107465127,0.035043205658369186,-0.005776107077003401,0.041512706872748564,0
2022-10-18,-500.0,-0.02145922746781115,0,0.0,0.0,0.0,0.0,0.1,0.0,5.0,0.0,0.0,-400.0,400.0,300.0,-380.0,840.8329203831163,-185.0,1040.8877789757414,-0.016877637130801704,0.01716738197424883,0.01304347826086949,-0.015066791533625468,0.03444323929649302,-0.006527567491768993,0.04157385012127563,0
2022-10-19,-1000.0,-0.04385964912280704,0,0.0,0.0,0.0,0.0,0.1,0.0,6.0,0.0,0.0,-500.0,-400.0,400.0,-380.0,840.8329203831163,-205.0,1043.0093101466691,-0.02145922746781115,-0.016877637130801704,0.01716738197424883,-0.015390383058933721,0.03450685065906539,-0.007415343679974368,0.04169976182940896,0
2022-10-20,700.0,0.032110091743119185,0,0.0,0.0,0.0,0.0,0.1,0.0,7.0,0.0,0.0,-1000.0,-500.0,-400.0,-240.0,585.6620185738528,-182.5,1019.3231758584244,-0.04385964912280704,-0.02145922746781115,-0.016877637130801704,-0.010397130697260315,0.025462578400085555,-0.006913158849869367,0.0411675279987109,0
2022-10-21,-1550.0,-0.06888888888888889,0,0.0,0.0,0.0,0.0,0.1,0.0,8.0,0.0,0.0,700.0,-1000.0,-500.0,-160.0,694.9820141557622,-75.0,991.6095369066444,0.032110091743119185,-0.04385964912280704,-0.02145922746781115,-0.006583808000810376,0.030732988206704122,-0.0024589312764658642,0.04027564187798656,0
2022-10-24,1000.0,0.047732696897374804,0,0.0,0.0,0.0,0.0,0.1,0.0,9.0,0.0,0.0,-1550.0,700.0,-1000.0,-550.0,835.1646544245033,-112.5,1033.7559266042797,-0.06888888888888889,0.032110091743119185,-0.04385964912280704,-0.02379506217343792,0.03746576432130531,-0.0042367090542436425,0.0424369004860955,0
2022-10-25,-650.0,-0.029612756264236872,0,0.0,0.0,0.0,0.0,0.1,0.0,10.0,0.0,0.0,1000.0,-1550.0,700.0,-270.0,1092.931836849856,-22.5,1048.993878864284,0.047732696897374804,-0.06888888888888889,0.032110091743119185,-0.010872995367802618,0.049619060048895526,-0.00012593627834042164,0.04332554037003477,0
2022-10-26,50.0,0.0023474178403755097,0,0.0,0.0,0.0,0.0,0.1,0.0,11.0,0.0,0.0,-650.0,1000.0,-1550.0,-300.0,1102.837250005639,-47.5,1058.110903549588,-0.029612756264236872,0.047732696897374804,-0.06888888888888889,-0.012503701127087763,0.050184705843904893,-0.001271752662980835,0.04380878895172307,0
2022-10-27,-100.0,-0.004683840749414525,0,0.0,0.0,0.0,0.0,0.1,0.0,12.0,0.0,0.0,50.0,-650.0,1000.0,-90.0,1034.0454535464096,-82.5,1041.7943781360066,0.0023474178403755097,-0.029612756264236872,0.047732696897374804,-0.0032622877344512524,0.04712844272561033,-0.00283977502938903,0.04304547206921981,0
2022-10-28,200.0,0.009411764705882453,0,0.0,0.0,0.0,0.0,0.1,0.0,13.0,0.0,0.0,-100.0,50.0,-650.0,-250.0,938.7491677759293,-142.5,1003.9756497361662,-0.004683840749414525,0.0023474178403755097,-0.029612756264236872,-0.010621074232957994,0.04290809173215646,-0.00546527141468584,0.0413609573274362,0
2022-10-31,-350.0,-0.01631701631701632,0,0.0,0.0,0.0,0.0,0.1,0.0,14.0,0.0,0.0,200.0,-100.0,50.0,100.0,596.8668193156661,-177.5,977.5741996337019,0.009411764705882453,-0.004683840749414525,0.0023474178403755097,0.005039056485996274,0.028037453900446006,-0.00686190309640417,0.040297246744082894,0
2022-11-01,200.0,0.009478672985782088,0,0.0,0.0,0.0,0.0,0.05,0.0,15.0,0.0,0.0,-350.0,200.0,-100.0,-170.0,336.5263734092768,-195.0,977.3621857352894,-0.01631701631701632,0.009411764705882453,-0.004683840749414525,-0.007770886156881951,0.015469785440503658,-0.007677753912254987,0.040316181294175794,0
2022-11-02,-200.0,-0.009389671361502372,0,0.0,0.0,0.0,0.0,0.05,0.0,16.0,0.0,0.0,200.0,-350.0,200.0,0.0,231.8404623873926,-310.0,753.1687446347837,0.009478672985782088,-0.01631701631701632,0.009411764705882453,4.7399693121841224e-05,0.010864035610314486,-0.012203820262965886,0.03176611383290039,0
2022-11-03,-300.0,-0.014218009478673022,0,0.0,0.0,0.0,0.0,0.05,0.0,17.0,0.0,0.0,-200.0,200.0,-350.0,-50.0,244.94897427831782,-230.0,666.5701684546673,-0.009389671361502372,0.009478672985782088,-0.01631701631701632,-0.0023000181472537353,0.01149266562850508,-0.009400576558313733,0.029188813618006737,0
2022-11-04,-800.0,-0.038461538461538436,0,0.0,0.0,0.0,0.0,0.05,0.0,18.0,0.0,0.0,-300.0,-200.0,200.0,-90.0,270.1851217221259,-230.0,666.5701684546673,-0.014218009478673022,-0.009389671361502372,0.009478672985782088,-0.004206851893105434,0.012713194774525673,-0.009527819444698748,0.02920478440886837,0
2022-11-07,0.0,0.0,1,0.0,0.0,0.0,0.0,0.05,0.0,19.0,0.0,0.0,-800.0,-300.0,-200.0,-290.0,357.77087639996637,-260.0,678.5433314325462,-0.038461538461538436,-0.014218009478673022,-0.009389671361502372,-0.013781512526589611,0.017146774391263137,-0.011057195580374097,0.029906093743752374,0
2022-11-08,-500.0,-0.025000000000000022,0,1.0,0.0,0.0,0.2,0.05,1.0,0.0,0.0,1.0,0.0,-800.0,-300.0,-220.0,376.82887362833543,-260.0,678.5433314325462,0.0,-0.038461538461538436,-0.014218009478673022,-0.010518109263186349,0.018071384782653147,-0.011057195580374097,0.029906093743752374,0
2022-11-09,0.0,0.0,1,0.0,1.0,0.0,0.2,0.05,0.0,1.0,1.0,0.0,-500.0,0.0,-800.0,-360.0,304.9590136395381,-260.0,678.5433314325462,-0.025000000000000022,0.0,-0.038461538461538436,-0.01741384386034277,0.0148188888979495,-0.011315132088310604,0.030007916172072498,0
2022-11-10,-100.0,-0.00512820512820511,0,1.0,0.0,1.0,0.4,0.1,1.0,0.0,0.0,1.0,0.0,-500.0,0.0,-320.0,342.0526275297414,-175.0,589.2680562403349,0.0,-0.025000000000000022,0.0,-0.015535909588042296,0.01658025407468874,-0.007873836541751899,0.026845285636402122,0
2022-11-11,-250.0,-0.012886597938144284,0,0.0,1.0,0.0,0.4,0.1,0.0,1.0,1.0,0.0,-100.0,0.0,-500.0,-280.0,356.37059362410923,-195.0,578.9964094061918,-0.00512820512820511,0.0,-0.025000000000000022,-0.013717948717948713,0.017245853440204198,-0.00878242071120563,0.026403958820549096,0
2022-11-14,150.0,0.007832898172323688,0,0.0,0.0,1.0,0.4,0.1,0.0,2.0,0.0,0.0,-250.0,-100.0,0.0,-170.0,210.95023109728987,-227.5,561.8285466131754,-0.012886597938144284,-0.00512820512820511,0.0,-0.008602960613269883,0.010574831413419592,-0.010285119706825285,0.025695076030873645,0
2022-11-15,-150.0,-0.007772020725388629,0,0.0,0.0,0.0,0.2,0.1,0.0,3.0,0.0,0.0,150.0,-250.0,-100.0,-140.0,248.49547279578354,-200.0,566.3827978357127,0.007832898172323688,-0.012886597938144284,-0.00512820512820511,-0.0070363809788051455,0.012561487786483382,-0.009049592941669016,0.02595418277875816,0
2022-11-16,-150.0,-0.007832898172323799,0,0.0,0.0,0.0,0.2,0.1,0.0,4.0,0.0,0.0,-150.0,150.0,-250.0,-70.0,152.47950681976906,-182.5,562.0158735349585,-0.007772020725388629,0.007832898172323688,-0.012886597938144284,-0.003590785123882867,0.007900202610704272,-0.00836523260454789,0.025789674240126917,0
2022-11-17,-350.0,-0.018421052631578894,0,0.0,0.0,0.0,0.0,0.1,0.0,5.0,0.0,0.0,-150.0,-150.0,150.0,-100.0,150.0,-140.0,528.0550210566671,-0.007832898172323799,-0.007772020725388629,0.007832898172323688,-0.005157364758347627,0.00778594457524215,-0.006563895057023728,0.0244007895553867,0
2022-11-18,-350.0,-0.018766756032171594,0,0.0,0.0,0.0,0.0,0.1,0.0,6.0,0.0,0.0,-350.0,-150.0,-150.0,-150.0,187.08286933869707,-192.5,491.0448044730738,-0.018421052631578894,-0.007832898172323799,-0.007772020725388629,-0.007815934259022383,0.009786065839752124,-0.009090452275758632,0.022745522625619127,0
2022-11-21,-500.0,-0.02732240437158473,0,0.0,0.0,0.0,0.0,0.1,0.0,7.0,0.0,0.0,-350.0,-350.0,-150.0,-170.0,204.93901531919198,-132.5,376.36593335406025,-0.018766756032171594,-0.018421052631578894,-0.007832898172323799,-0.008991965877827846,0.01084391481428889,-0.006584345632922766,0.018096210149387303,0
2022-11-22,-900.0,-0.050561797752809,0,0.0,0.0,0.0,0.0,0.1,0.0,8.0,0.0,0.0,-500.0,-350.0,-350.0,-300.0,150.0,-207.5,274.47317959281327,-0.02732240437158473,-0.018766756032171594,-0.018421052631578894,-0.01602302638660953,0.008308306380887668,-0.010337100696370744,0.013416498431978443,0
2022-11-23,100.0,0.00591715976331364,0,0.0,0.0,0.0,0.0,0.1,0.0,9.0,0.0,0.0,-900.0,-500.0,-350.0,-450.0,280.6243040080456,-220.0,300.1753873286316,-0.050561797752809,-0.02732240437158473,-0.018766756032171594,-0.024580981792093604,0.01608389294549542,-0.01138455277079935,0.015634944687221517,0
2022-11-24,-1150.0,-0.0676470588235294,0,0.0,0.0,0.0,0.0,0.1,0.0,10.0,0.0,0.0,100.0,-900.0,-500.0,-400.0,358.8175023601831,-217.5,302.739683208979,0.00591715976331364,-0.050561797752809,-0.02732240437158473,-0.021830970204966115,0.020289110157180424,-0.011206065674652443,0.01581924793433976,0
2022-11-25,750.0,0.04731861198738163,0,0.0,0.0,0.0,0.0,0.1,0.0,11.0,0.0,0.0,-1150.0,100.0,-900.0,-560.0,486.56962502811456,-270.0,365.7724342869618,-0.0676470588235294,0.00591715976331364,-0.050561797752809,-0.031676171443356216,0.028501923028129043,-0.014354226578358187,0.020130562581489313,0
2022-11-28,-100.0,-0.0060240963855421326,0,0.0,0.0,0.0,0.0,0.1,0.0,12.0,0.0,0.0,750.0,-1150.0,100.0,-340.0,770.8761249383716,-242.5,419.67249135486503,0.04731861198738163,-0.0676470588235294,0.00591715976331364,-0.01845909783944557,0.045960597512870335,-0.012458884214283228,0.023914784755999518,0
2022-11-29,-300.0,-0.018181818181818188,0,0.0,0.0,0.0,0.0,0.1,0.0,13.0,0.0,0.0,-100.0,750.0,-1150.0,-260.0,770.8761249383716,-230.0,420.02506190890347,-0.0060240963855421326,0.04731861198738163,-0.0676470588235294,-0.014199436242237051,0.0459207294389541,-0.011944238217709518,0.023938128328576943,0
2022-11-30,-150.0,-0.0092592592592593,0,0.0,0.0,0.0,0.0,0.1,0.0,14.0,0.0,0.0,-300.0,-100.0,750.0,-140.0,688.6581154680456,-255.0,407.7860636218577,-0.018181818181818188,-0.0060240963855421326,0.04731861198738163,-0.007723440328038888,0.04158965912551497,-0.013327262776089532,0.023428903550986646,0
2022-12-01,-50.0,-0.0031152647975077885,0,0.0,0.0,0.0,0.0,0.1,0.0,15.0,0.0,0.0,-150.0,-300.0,-100.0,-190.0,675.8328195641286,-252.5,408.29394725910436,-0.0092592592592593,-0.018181818181818188,-0.0060240963855421326,-0.010758724132553476,0.0408932360384137,-0.013320742170977378,0.02343007523689669,0
2022-12-02,-50.0,-0.0031250000000000444,0,0.0,0.0,0.0,0.0,0.1,0.0,16.0,0.0,0.0,-50.0,-150.0,-300.0,30.0,413.2190702278877,-240.0,410.58366670925955,-0.0031152647975077885,-0.0092592592592593,-0.018181818181818188,0.0021476346726508446,0.025876129798640148,-0.012765604936919117,0.023538974644923116,0
2022-12-05,-250.0,-0.01567398119122254,0,0.0,0.0,0.0,0.0,0.1,0.0,17.0,0.0,0.0,-50.0,-50.0,-150.0,-130.0,103.6822067666386,-202.5,390.5040602255383,-0.0031250000000000444,-0.0031152647975077885,-0.0092592592592593,-0.00794108772482549,0.006260356622847233,-0.010998778013842197,0.022824052335983128,0
2022-12-06,-200.0,-0.01273885350318471,0,0.0,0.0,0.0,0.0,0.05,0.0,18.0,0.0,0.0,-250.0,-50.0,-50.0,-160.0,114.0175425099138,-215.0,387.67186341571113,-0.01567398119122254,-0.0031250000000000444,-0.0031152647975077885,-0.009871064685961573,0.006968984689251515,-0.011782477073403325,0.02269524719350439,0
2022-12-07,-200.0,-0.012903225806451646,0,0.0,0.0,0.0,0.0,0.05,0.0,19.0,0.0,0.0,-200.0,-250.0,-50.0,-140.0,89.44271909999159,-200.0,381.8238778340215,-0.01273885350318471,-0.01567398119122254,-0.0031250000000000444,-0.008782471750234878,0.005645737474608931,-0.011169419748562559,0.02248403599305238,0
2022-12-08,-350.0,-0.022875816993464082,0,0.0,0.0,0.0,0.0,0.0,0.0,20.0,0.0,0.0,-200.0,-200.0,-250.0,-150.0,93.54143466934853,-210.0,378.91812752680534,-0.012903225806451646,-0.01273885350318471,-0.01567398119122254,-0.009511265059673346,0.00594968477636565,-0.011814581038885141,0.022331275095370053,0
2022-12-09,250.0,0.01672240802675584,0,0.0,0.0,0.0,0.0,0.0,0.0,21.0,0.0,0.0,-350.0,-200.0,-200.0,-210.0,108.39741694339399,-222.5,379.2218486932353,-0.022875816993464082,-0.012903225806451646,-0.01273885350318471,-0.013463375498864606,0.0070922764358845964,-0.01270196163214809,0.022404094470706813,0
2022-12-12,-200.0,-0.013157894736842146,0,0.0,0.0,0.0,0.0,0.0,0.0,22.0,0.0,0.0,250.0,-350.0,-200.0,-150.0,231.8404623873926,-197.5,393.5248938825375,0.01672240802675584,-0.022875816993464082,-0.012903225806451646,-0.009493893893513428,0.015221014570290665,-0.011221511333903084,0.023349574896999976,0
2022-12-13,0.0,0.0,1,0.0,0.0,0.0,0.0,0.0,0.0,23.0,0.0,0.0,-200.0,250.0,-350.0,-140.0,227.48626332154652,-215.0,384.9470230126674,-0.013157894736842146,0.01672240802675584,-0.022875816993464082,-0.00899067660263735,0.015005685782057973,-0.012271050979361375,0.022915748089177308,0
2022-12-14,-200.0,-0.013333333333333308,0,1.0,0.0,0.0,0.2,0.05,1.0,0.0,0.0,1.0,0.0,-200.0,250.0,-100.0,231.8404623873926,-207.5,387.731255273274,0.0,-0.013157894736842146,0.01672240802675584,-0.006442905902000406,0.015288968090912151,-0.011882449943091945,0.02306149205796282,0
2022-12-15,-100.0,-0.006756756756756799,0,0.0,1.0,0.0,0.2,0.05,0.0,1.0,1.0,0.0,-200.0,0.0,-200.0,-100.0,231.8404623873926,-210.0,387.5021222352742,-0.013333333333333308,0.0,-0.013157894736842146,-0.006528927407376739,0.015335542373530516,-0.01215747170114242,0.023043447928881158,0
2022-12-16,-200.0,-0.013605442176870763,0,0.0,0.0,1.0,0.2,0.05,0.0,2.0,0.0,0.0,-100.0,-200.0,0.0,-50.0,187.08286933869707,-197.5,386.7798911661846,-0.006756756756756799,-0.013333333333333308,0.0,-0.0033051153600352824,0.012465770393874448,-0.011574256907401315,0.02302417704397717,0
2022-12-19,-500.0,-0.03448275862068961,0,0.0,0.0,0.0,0.2,0.05,0.0,3.0,0.0,0.0,-200.0,-100.0,-200.0,-140.0,89.44271909999159,-190.0,385.11789035785324,-0.013605442176870763,-0.006756756756756799,-0.013333333333333308,-0.009370685400760604,0.005971203102843293,-0.011316191214636274,0.02296817426742714,0
2022-12-20,-800.0,-0.05714285714285716,0,0.0,0.0,0.0,0.2,0.05,0.0,4.0,0.0,0.0,-500.0,-200.0,-100.0,-200.0,187.08286933869707,-190.0,385.11789035785324,-0.03448275862068961,-0.013605442176870763,-0.006756756756756799,-0.013635658177530097,0.012922309864111674,-0.011674208927091517,0.02328443234901815,0
2022-12-21,-300.0,-0.022727272727272707,0,0.0,0.0,0.0,0.0,0.05,0.0,5.0,0.0,0.0,-800.0,-500.0,-200.0,-360.0,288.09720581775866,-185.0,375.9549245097837,-0.05714285714285716,-0.03448275862068961,-0.013605442176870763,-0.02506422960610153,0.02074745967751711,-0.012003261896593925,0.02390124297060749,0
2022-12-22,-100.0,-0.007751937984496138,0,0.0,0.0,0.0,0.0,0.05,0.0,6.0,0.0,0.0,-300.0,-800.0,-500.0,-380.0,277.48873851023217,-205.0,370.59695797882256,-0.022727272727272707,-0.05714285714285716,-0.03448275862068961,-0.02694301748488941,0.019824395027998022,-0.013435483521123243,0.023627544825848928,0
2022-12-23,1200.0,0.09375,0,0.0,0.0,0.0,0.0,0.05,0.0,7.0,0.0,0.0,-100.0,-300.0,-800.0,-380.0,277.48873851023217,-152.5,296.6812040593481,-0.007751937984496138,-0.022727272727272707,-0.05714285714285716,-0.027142053730437276,0.019574478830709056,-0.01044072747917158,0.01989577200990842,0
2022-12-26,0.0,0.0,1,0.0,0.0,0.0,0.0,0.05,0.0,8.0,0.0,0.0,1200.0,-100.0,-300.0,-100.0,771.3624310270757,-130.0,375.3594768246894,0.09375,-0.007751937984496138,-0.022727272727272707,-0.005670965295063124,0.05843640024802177,-0.008119158078540661,0.02803453306654266,0
2022-12-27,1000.0,0.0714285714285714,0,1.0,0.0,0.0,0.2,0.1,1.0,0.0,0.0,1.0,0.0,1200.0,-100.0,0.0,738.24115301167,-125.0,376.4445859828359,0.0,0.09375,-0.007751937984496138,0.0012255864290747986,0.0561771300889175,-0.007817953259263554,0.028090532960848826,0
2022-12-28,1400.0,0.09333333333333327,0,0.0,1.0,0.0,0.2,0.1,0.0,1.0,1.0,0.0,1000.0,0.0,1200.0,360.0,687.749954561976,-60.0,449.73676511347844,0.0714285714285714,0.0,0.09375,0.02693987214336051,0.052055117973545055,-0.0033374337787440756,0.033057831050199014,0
2022-12-29,-400.0,-0.024390243902439046,0,0.0,0.0,1.0,0.2,0.1,0.0,2.0,0.0,0.0,1400.0,1000.0,0.0,700.0,700.0,17.5,554.7106879882705,0.09333333333333327,0.0714285714285714,0.0,0.050151993355481705,0.05021502459999318,0.0017921958508855529,0.03943515054751539,0
2023-01-02,800.0,0.050000000000000044,0,0.0,0.0,0.0,0.2,0.1,0.0,3.0,0.0,0.0,-400.0,1400.0,1000.0,640.0,792.4645102463579,0.0,562.419584895195,-0.024390243902439046,0.09333333333333327,0.0714285714285714,0.04682433217189312,0.055304855140256785,0.00072844689563899,0.03985915771420009,0
2023-01-03,-1150.0,-0.06845238095238093,0,0.0,0.0,0.0,0.2,0.1,0.0,4.0,0.0,0.0,800.0,-400.0,1400.0,560.0,740.2702209328698,42.5,589.8873665905697,0.050000000000000044,-0.024390243902439046,0.09333333333333327,0.038074332171893134,0.04914204430368105,0.0033846968956389944,0.04133178987497486,0
2023-01-04,-1050.0,-0.06709265175718848,0,0.0,0.0,0.0,0.0,0.1,0.0,5.0,0.0,0.0,-1150.0,800.0,-400.0,330.0,1065.1291001564082,-2.5,645.1183082031905,-0.06845238095238093,0.050000000000000044,-0.024390243902439046,0.024383855981416947,0.0682292133555993,0.0007457769075810749,0.044198163096129284,0
2023-01-05,-1300.0,-0.08904109589041098,0,0.0,0.0,0.0,0.0,0.1,0.0,6.0,0.0,0.0,-1050.0,-1150.0,800.0,-80.0,1135.0110131624274,-45.0,685.5462670094015,-0.06709265175718848,-0.06845238095238093,0.050000000000000044,-0.0033203886557350293,0.07234988352179145,-0.0019719130051191135,0.046672755028765,0
2023-01-06,-150.0,-0.011278195488721776,0,0.0,0.0,0.0,0.0,0.1,0.0,7.0,0.0,0.0,-1300.0,-1050.0,-1150.0,-620.0,865.0144507463444,-100.0,740.5545574983508,-0.08904109589041098,-0.06709265175718848,-0.06845238095238093,-0.03979527450048388,0.055434722354321384,-0.005778806509317081,0.050554959891625194,0
2023-01-09,150.0,0.011406844106463865,0,0.0,0.0,0.0,0.0,0.1,0.0,8.0,0.0,0.0,-150.0,-1300.0,-1050.0,-570.0,887.8344440265877,-90.0,738.3480850769787,-0.011278195488721776,-0.08904109589041098,-0.06709265175718848,-0.037172864817740424,0.05664264611341539,-0.005198925434079965,0.05041485040909454,0
2023-01-10,-100.0,-0.007518796992481258,0,0.0,0.0,0.0,0.0,0.1,0.0,9.0,0.0,0.0,150.0,-150.0,-1300.0,-700.0,653.834841531101,-95.0,736.2601084999923,0.011406844106463865,-0.011278195488721776,-0.08904109589041098,-0.044891495996447664,0.042709925243385335,-0.005464703630094564,0.050307098826266515,0
2023-01-11,1300.0,0.0984848484848484,0,0.0,0.0,0.0,0.0,0.1,0.0,10.0,0.0,0.0,-100.0,150.0,-150.0,-490.0,641.6774890862231,-90.0,735.8489547526215,-0.007518796992481258,0.011406844106463865,-0.011278195488721776,-0.032704779204467724,0.04299876119516983,-0.00518274874287652,0.05027750558700084,0
2023-01-12,1100.0,0.07586206896551717,0,0.0,0.0,0.0,0.0,0.05,0.0,11.0,0.0,0.0,1300.0,-100.0,150.0,-20.0,926.4178322981483,-25.0,798.9302057653158,0.0984848484848484,-0.007518796992481258,0.011406844106463865,0.00041072084393964923,0.06697123407582509,-0.00025850631863409966,0.055376163575443366,0
2023-01-13,250.0,0.01602564102564097,0,0.0,0.0,0.0,0.0,0.05,0.0,12.0,0.0,0.0,1100.0,1300.0,-100.0,460.0,688.6581154680456,40.0,835.9677656842739,0.07586206896551717,0.0984848484848484,-0.007518796992481258,0.03339135381512528,0.05048081921617149,0.004201263796308424,0.0578061507585637,0
2023-01-16,-1150.0,-0.0725552050473186,0,0.0,0.0,0.0,0.0,0.05,0.0,13.0,0.0,0.0,250.0,1100.0,1300.0,540.0,619.8790204547981,57.5,836.5460002452436,0.01602564102564097,0.07586206896551717,0.0984848484848484,0.03885212111799783,0.0456901299049931,0.005340383685428313,0.057803321724301256,0
2023-01-17,550.0,0.03741496598639449,0,0.0,0.0,0.0,0.0,0.05,0.0,14.0,0.0,0.0,-1150.0,250.0,1100.0,280.0,987.8005871632189,10.0,877.8862173005766,-0.0725552050473186,0.01602564102564097,0.07586206896551717,0.022059711287241334,0.06818866444722596,0.0023928955419059207,0.0602705657166044,0
2023-01-18,-750.0,-0.049180327868852514,0,0.0,0.0,0.0,0.0,0.05,0.0,15.0,0.0,0.0,550.0,-1150.0,250.0,410.0,967.8584607265672,62.5,877.1777410956594,0.03741496598639449,-0.0725552050473186,0.01602564102564097,0.031046463883016483,0.06624926965657697,0.005987781772260126,0.06009928108524682,0
2023-01-19,-350.0,-0.024137931034482807,0,0.0,0.0,0.0,0.0,0.05,0.0,16.0,0.0,0.0,-750.0,550.0,-1150.0,0.0,930.0537618869137,65.0,874.6578278329606,-0.049180327868852514,0.03741496598639449,-0.0725552050473186,0.001513428612276302,0.06140697121601637,0.006385908235960358,0.059684001563597884,0
2023-01-20,350.0,0.02473498233215543,0,0.0,0.0,0.0,0.0,0.05,0.0,17.0,0.0,0.0,-350.0,-750.0,550.0,-290.0,698.5699678629193,62.5,875.8266771576737,-0.024137931034482807,-0.049180327868852514,0.03741496598639449,-0.018486571387723694,0.04531428137202025,0.006315375320599853,0.05972103956616014,0
2023-01-25,0.0,0.0,1,0.0,0.0,0.0,0.0,0.05,0.0,18.0,0.0,0.0,350.0,-350.0,-750.0,-270.0,719.027120489902,85.0,877.2114910328064,0.02473498233215543,-0.024137931034482807,-0.049180327868852514,-0.0167447031264208,0.04710460635688141,0.00793972133643243,0.05976007793874288,0
2023-01-26,-400.0,-0.02758620689655178,0,1.0,0.0,0.0,0.2,0.1,1.0,0.0,0.0,1.0,0.0,350.0,-350.0,-40.0,524.8809388804284,25.0,837.053101503627,0.0,0.02473498233215543,-0.024137931034482807,-0.0022336621169570803,0.03531323109821849,0.0032522213364324314,0.05624862735879775,0
2023-01-27,750.0,0.05319148936170204,0,0.0,1.0,0.0,0.2,0.05,0.0,1.0,1.0,0.0,-400.0,0.0,350.0,-230.0,419.2254763250917,5.0,842.4431887764235,-0.02758620689655178,0.0,0.02473498233215543,-0.015233896693546333,0.028345213367853173,0.0018729109916048425,0.05666923201533138,0
2023-01-30,150.0,0.010101010101010166,0,0.0,0.0,1.0,0.2,0.05,0.0,2.0,0.0,0.0,750.0,-400.0,0.0,70.0,485.5409354524086,-7.5,828.6442637160249,0.05319148936170204,-0.02758620689655178,0.0,0.005240466752564577,0.03408621406862768,0.0009610568882613746,0.05562828337603815,0
2023-01-31,-200.0,-0.013333333333333308,0,0.0,0.0,0.0,0.2,0.05,0.0,3.0,0.0,0.0,150.0,750.0,-400.0,170.0,425.1470333896263,-70.0,761.3008258030595,0.010101010101010166,0.05319148936170204,-0.02758620689655178,0.012088254979663171,0.029889603398261327,-0.0032005592733547806,0.05129898563862499,0
2023-02-01,-50.0,-0.0033783783783783994,0,0.0,0.0,0.0,0.2,0.05,0.0,4.0,0.0,0.0,-200.0,150.0,750.0,60.0,437.8926809162263,-60.0,758.044575831374,-0.013333333333333308,0.010101010101010166,0.05319148936170204,0.004474591846565424,0.030700291828120983,-0.0026477137448994935,0.05111786701514816,0
2023-02-02,-650.0,-0.04406779661016946,0,0.0,0.0,0.0,0.0,0.05,0.0,5.0,0.0,0.0,-50.0,-200.0,150.0,50.0,440.1704215414752,-102.5,730.622481536337,-0.0033783783783783994,-0.013333333333333308,0.010101010101010166,0.0037989161708897436,0.030860152925715444,-0.005316632663818416,0.049595192774106824,0
2023-02-03,-100.0,-0.007092198581560294,0,0.0,0.0,0.0,0.0,0.05,0.0,6.0,0.0,0.0,-650.0,-50.0,-200.0,0.0,512.3475382979799,-77.5,700.840660620477,-0.04406779661016946,-0.0033783783783783994,-0.013333333333333308,0.0005025982281662067,0.03557127997768191,-0.004097403446707842,0.04824268658906193,0
2023-02-06,-150.0,-0.010714285714285676,0,0.0,0.0,0.0,0.0,0.05,0.0,7.0,0.0,0.0,-100.0,-650.0,-50.0,-170.0,297.06901555025894,-30.0,662.6104674535006,-0.007092198581560294,-0.04406779661016946,-0.0033783783783783994,-0.01155413936048626,0.0200997569655323,-0.001097380787926433,0.045929204186222844,0
2023-02-07,-650.0,-0.04693140794223827,0,0.0,0.0,0.0,0.0,0.05,0.0,8.0,0.0,0.0,-150.0,-100.0,-650.0,-230.0,241.3503677229434,27.5,592.8244170694081,-0.010714285714285676,-0.007092198581560294,-0.04406779661016946,-0.015717198523545427,0.016287306931054405,0.002818959720879832,0.0411236758040737,0
2023-02-08,-200.0,-0.015151515151515138,0,0.0,0.0,0.0,0.0,0.05,0.0,9.0,0.0,0.0,-650.0,-150.0,-100.0,-320.0,303.31501776206204,2.5,610.9688165011709,-0.04693140794223827,-0.010714285714285676,-0.007092198581560294,-0.02243681344532642,0.021236662880319106,0.0010362990982040077,0.04251612031170717,0
2023-02-09,300.0,0.023076923076922995,0,0.0,0.0,0.0,0.0,0.05,0.0,10.0,0.0,0.0,-200.0,-650.0,-150.0,-350.0,276.1340254296815,-15.0,611.5338782197807,-0.015151515151515138,-0.04693140794223827,-0.010714285714285676,-0.024791440799953768,0.019144931935777633,-0.0002916188646949425,0.04258985488595222,0
2023-02-10,-400.0,-0.03007518796992481,0,0.0,0.0,0.0,0.0,0.05,0.0,11.0,0.0,0.0,300.0,-200.0,-650.0,-160.0,338.0088756231114,5.0,615.1379819537277,0.023076923076922995,-0.015151515151515138,-0.04693140794223827,-0.011362496862535276,0.024921042142422672,0.0012381671387752702,0.042865193087031295,0
2023-02-13,0.0,0.0,1,0.0,0.0,0.0,0.0,0.05,0.0,12.0,0.0,0.0,-400.0,300.0,-200.0,-220.0,351.0697936308392,-80.0,539.5904879970008,-0.03007518796992481,0.023076923076922995,-0.015151515151515138,-0.01595909474020818,0.02603132327929456,-0.00518983468396339,0.036712464408568145,0
2023-02-14,-50.0,-0.003875968992248069,0,1.0,0.0,0.0,0.2,0.1,1.0,0.0,0.0,1.0,0.0,-400.0,300.0,-190.0,364.6916505762094,-135.0,463.7093009520868,0.0,-0.03007518796992481,0.023076923076922995,-0.013816237597351044,0.026994187643915327,-0.008982938132239248,0.031437545805774327,0
2023-02-15,-50.0,-0.0038910505836575737,0,0.0,1.0,0.0,0.2,0.1,0.0,1.0,1.0,0.0,-50.0,0.0,-400.0,-70.0,258.8435821108957,-150.0,455.37722939627855,-0.003875968992248069,0.0,-0.03007518796992481,-0.005205149807353005,0.019660779069985188,-0.0099780186331337,0.030914921314496482,0
2023-02-16,0.0,0.0,1,0.0,0.0,1.0,0.2,0.1,0.0,2.0,0.0,0.0,-50.0,-50.0,0.0,-40.0,248.49547279578354,-95.0,389.9730085126667,-0.0038910505836575737,-0.003875968992248069,0.0,-0.0029530568937814914,0.01886545782182639,-0.006544810909950649,0.027187771489614,0
2023-02-17,-50.0,-0.00390625,0,1.0,0.0,0.0,0.4,0.15,1.0,0.0,0.0,1.0,0.0,-50.0,-50.0,-100.0,169.5582495781317,-122.5,360.36348608767577,0.0,-0.0038910505836575737,-0.003875968992248069,-0.007568441509166091,0.012730610819118552,-0.008415559209270373,0.02521977297984169,0
2023-02-20,50.0,0.0039215686274509665,0,0.0,1.0,0.0,0.4,0.15,0.0,1.0,1.0,0.0,-50.0,0.0,-50.0,-30.0,27.386127875258307,-87.5,328.82366094914664,-0.00390625,0.0,-0.0038910505836575737,-0.0023346539151811287,0.002131264578695572,-0.006151855315827748,0.023329202879959748,0
2023-02-21,0.0,0.0,1,0.0,0.0,1.0,0.2,0.15,0.0,2.0,0.0,0.0,50.0,-50.0,0.0,-20.0,44.721359549995796,-67.5,324.1486825841684,0.0039215686274509665,-0.00390625,0.0,-0.0015503401896909351,0.0034922459219288667,-0.004748880332731059,0.023032460626131943,0
2023-02-22,0.0,0.0,1,1.0,0.0,0.0,0.4,0.2,1.0,0.0,0.0,1.0,0.0,50.0,-50.0,-10.0,41.83300132670378,-85.0,309.5412564969063,0.0,0.0039215686274509665,-0.00390625,-0.0007751463912413215,0.0032700728037625077,-0.005985629449338831,0.022007239654039397,0
2023-02-23,50.0,0.00390625,0,1.0,1.0,0.0,0.6,0.2,2.0,0.0,0.0,0.0,0.0,0.0,50.0,0.0,35.35533905932738,-85.0,309.5412564969063,0.0,0.0,0.0039215686274509665,3.063725490193292e-06,0.0027675549963031127,-0.005985629449338831,0.022007239654039397,0
2023-02-24,-150.0,-0.011673151750972721,0,0.0,1.0,1.0,0.4,0.2,0.0,1.0,1.0,0.0,50.0,0.0,0.0,10.0,41.83300132670378,-62.5,301.6947743036074,0.00390625,0.0,0.0,0.0007843137254901933,0.0032718702039069643,-0.004411006604511242,0.021501198176569633,0
2023-02-27,-100.0,-0.007874015748031482,0,0.0,0.0,1.0,0.4,0.2,0.0,2.0,0.0,0.0,-150.0,50.0,0.0,-10.0,82.15838362577492,-107.5,233.55096367084056,-0.011673151750972721,0.00390625,0.0,-0.000769066624704351,0.006402004451681243,-0.007654238660144979,0.01671439509554746,0
2023-02-28,200.0,0.015873015873015817,0,0.0,0.0,0.0,0.4,0.2,0.0,3.0,0.0,0.0,-100.0,-150.0,50.0,-40.0,82.15838362577492,-120.0,225.5986188834156,-0.007874015748031482,-0.011673151750972721,0.00390625,-0.0031281834998008406,0.0064147042960269515,-0.008552989952597062,0.01618428970276151,0
2023-03-02,150.0,0.01171875,0,0.0,0.0,0.0,0.2,0.2,0.0,4.0,0.0,0.0,200.0,-100.0,-150.0,0.0,136.93063937629154,-100.0,235.6402253213,0.015873015873015817,-0.007874015748031482,-0.011673151750972721,4.641967480232267e-05,0.010787298594156516,-0.0070926724922796055,0.017026018736863168,0
2023-03-03,50.0,0.0038610038610038533,0,0.0,0.0,0.0,0.0,0.2,0.0,5.0,0.0,0.0,150.0,200.0,-100.0,30.0,152.47950681976906,-90.0,242.03088102227863,0.01171875,0.015873015873015817,-0.007874015748031482,0.0023901696748023227,0.011981637658932356,-0.006337816073360686,0.017526669058874875,0
2023-03-06,-50.0,-0.0038461538461538325,0,0.0,0.0,0.0,0.0,0.2,0.0,6.0,0.0,0.0,50.0,150.0,200.0,30.0,152.47950681976906,-55.0,204.48909377686513,0.0038610038610038533,0.01171875,0.015873015873015817,0.0023811204470030934,0.011980223371957772,-0.00394137604980202,0.015221356946741956,0
2023-03-07,0.0,0.0,1,0.0,0.0,0.0,0.0,0.2,0.0,7.0,0.0,0.0,-50.0,50.0,150.0,50.0,127.47548783981962,-52.5,204.21544351106354,-0.0038461538461538325,0.0038610038610038533,0.01171875,0.003946520027966871,0.010038762461516628,-0.003779073813031697,0.015203287357505217,0
2023-03-08,150.0,0.01158301158301156,0,1.0,0.0,0.0,0.2,0.25,1.0,0.0,0.0,1.0,0.0,-50.0,50.0,70.0,103.6822067666386,-45.0,203.19811437168863,0.0,-0.0038461538461538325,0.0038610038610038533,0.005521323177573168,0.008163285743719528,-0.003243359527317413,0.015134664675355052,0
2023-03-09,0.0,0.0,1,0.0,1.0,0.0,0.2,0.25,0.0,1.0,1.0,0.0,150.0,0.0,-50.0,60.0,89.44271909999159,-5.0,149.47275759534654,0.01158301158301156,0.0,-0.0038461538461538325,0.004663322319572316,0.006936545138549755,-0.00031763855105492177,0.01145260775464018,0
2023-03-10,100.0,0.007633587786259444,0,1.0,0.0,1.0,0.4,0.3,1.0,0.0,0.0,1.0,0.0,150.0,0.0,30.0,75.82875444051551,5.0,142.25625506550665,0.0,0.01158301158301156,0.0,0.0023195723195723163,0.005851588007253461,0.0004399372065208351,0.010907893911082902,0
2023-03-13,-150.0,-0.011363636363636354,0,0.0,1.0,0.0,0.4,0.3,0.0,1.0,1.0,0.0,100.0,0.0,150.0,40.0,82.15838362577492,-5.0,126.59508596100012,0.007633587786259444,0.0,0.01158301158301156,0.0030740891046234344,0.006324171884823744,-0.00033222955801234246,0.00970092641006095,0
2023-03-14,350.0,0.026819923371647514,0,0.0,0.0,1.0,0.4,0.3,0.0,2.0,0.0,0.0,-150.0,100.0,0.0,20.0,115.10864433221339,7.5,93.57659401457047,-0.011363636363636354,0.007633587786259444,0.0,0.00157059260112693,0.008792557159810007,0.0006033480223020804,0.007282255809762652,0
2023-03-15,50.0,0.003731343283582156,0,0.0,0.0,0.0,0.2,0.25,0.0,3.0,0.0,0.0,350.0,-150.0,100.0,90.0,185.06755523321746,25.0,120.85223687583968,0.026819923371647514,-0.011363636363636354,0.007633587786259444,0.006934577275456433,0.014145993522392979,0.001944344190884456,0.009343089547688666,0
2023-03-16,350.0,0.026022304832713727,0,0.0,0.0,0.0,0.2,0.25,0.0,4.0,0.0,0.0,50.0,350.0,-150.0,70.0,182.3458252881047,30.0,119.64860832322094,0.003731343283582156,0.026819923371647514,-0.011363636363636354,0.005364243615570552,0.013935203249509205,0.0023247098046759672,0.009248035022672345,0
2023-03-17,600.0,0.04347826086956519,0,0.0,0.0,0.0,0.0,0.25,0.0,5.0,0.0,0.0,350.0,50.0,350.0,140.0,213.3072900770154,50.0,137.6494403223346,0.026022304832713727,0.003731343283582156,0.026819923371647514,0.010568704582113297,0.0161191491117183,0.0038203775754945325,0.010521148564289847,0
2023-03-20,50.0,0.003472222222222321,0,0.0,0.0,0.0,0.0,0.2,0.0,6.0,0.0,0.0,600.0,350.0,50.0,240.0,292.4038303442689,80.0,183.8191330743616,0.04347826086956519,0.026022304832713727,0.003731343283582156,0.017737639198774448,0.021545090734811728,0.005994290618972792,0.013701385329996834,0
2023-03-21,-750.0,-0.05190311418685123,0,0.0,0.0,0.0,0.0,0.2,0.0,7.0,0.0,0.0,50.0,600.0,350.0,280.0,233.45235059857504,85.0,181.44159564878797,0.003472222222222321,0.04347826086956519,0.026022304832713727,0.02070481091594618,0.017097960998644645,0.0063632142300839075,0.013518893739958024,0
2023-03-22,-1200.0,-0.08759124087591241,0,0.0,0.0,0.0,0.0,0.2,0.0,8.0,0.0,0.0,-750.0,50.0,600.0,60.0,507.93700396801177,45.0,260.5156829302814,-0.05190311418685123,0.003472222222222321,0.04347826086956519,0.004960203404246433,0.03593192849035835,0.003571980089368798,0.01878637931064988,0
2023-03-23,100.0,0.008000000000000007,0,0.0,0.0,0.0,0.0,0.15,0.0,9.0,0.0,0.0,-1200.0,-750.0,50.0,-190.0,759.4405835876827,-15.0,381.51360602073777,-0.08759124087591241,-0.05190311418685123,0.003472222222222321,-0.013304313427652481,0.054910633773838625,-0.0008075819544268225,0.027739384356965133,0
2023-03-24,700.0,0.05555555555555558,0,0.0,0.0,0.0,0.0,0.1,0.0,10.0,0.0,0.0,100.0,-1200.0,-750.0,-240.0,722.3226425912454,-10.0,382.3748505273181,0.008000000000000007,-0.08759124087591241,-0.05190311418685123,-0.016908774394195226,0.05220881385912954,-0.0004075819544268222,0.027809234320953464,0
2023-03-27,100.0,0.007518796992481258,0,0.0,0.0,0.0,0.0,0.1,0.0,11.0,0.0,0.0,700.0,100.0,-1200.0,-220.0,752.1635460456722,22.5,414.0540900337582,0.05555555555555558,0.008000000000000007,-0.08759124087591241,-0.014493315456997146,0.055853276215550245,0.002174883323350957,0.030499005878921983,0
2023-03-28,250.0,0.018656716417910557,0,0.0,0.0,0.0,0.0,0.1,0.0,12.0,0.0,0.0,100.0,700.0,100.0,-210.0,756.9676347110225,35.0,412.34247390909536,0.007518796992481258,0.05555555555555558,0.008000000000000007,-0.013684000502945359,0.0562068755868732,0.0031344807605236556,0.0303418857838664,0
2023-03-29,200.0,0.0146520146520146,0,0.0,0.0,0.0,0.0,0.1,0.0,13.0,0.0,0.0,250.0,100.0,700.0,-10.0,709.2249290598858,52.5,413.73618596751567,0.018656716417910557,0.007518796992481258,0.05555555555555558,0.00042796561800699794,0.05297719989327967,0.004461017368820758,0.030415135984765893,0
2023-03-30,50.0,0.0036101083032491488,0,0.0,0.0,0.0,0.0,0.1,0.0,14.0,0.0,0.0,200.0,250.0,100.0,270.0,248.99799195977465,52.5,413.73618596751567,0.0146520146520146,0.018656716417910557,0.007518796992481258,0.020876616723592402,0.01994079382223076,0.004399967307770697,0.030392240713389373,0
2023-03-31,750.0,0.05395683453237421,0,0.0,0.0,0.0,0.0,0.1,0.0,15.0,0.0,0.0,50.0,200.0,250.0,260.0,258.36021365527625,47.5,413.0996438989908,0.0036101083032491488,0.0146520146520146,0.018656716417910557,0.019998638384242227,0.020730483942762352,0.003994535222933154,0.030343515226463728,0
2023-04-03,-700.0,-0.04778156996587035,0,0.0,0.0,0.0,0.0,0.1,0.0,16.0,0.0,0.0,750.0,50.0,200.0,270.0,279.7320146139873,82.5,441.9677887762736,0.05395683453237421,0.0036101083032491488,0.0146520146520146,0.019678894179605954,0.02004598091345174,0.006499326756501672,0.03233426023895016,0
2023-04-04,-450.0,-0.032258064516129004,0,0.0,0.0,0.0,0.0,0.1,0.0,17.0,0.0,0.0,-700.0,750.0,50.0,110.0,523.6888389110464,50.0,474.8961105225784,-0.04778156996587035,0.05395683453237421,0.0036101083032491488,0.008618820787935633,0.03673821424997069,0.004302555950515846,0.03449443437899357,0
2023-04-05,50.0,0.0037037037037037646,0,0.0,0.0,0.0,0.0,0.05,0.0,18.0,0.0,0.0,-450.0,-700.0,750.0,-30.0,568.5507892879932,27.5,487.8726645776586,-0.032258064516129004,-0.04778156996587035,0.05395683453237421,-0.0015641353988722795,0.04015744938700085,0.002689652724709396,0.03544721197877024,0
2023-04-06,50.0,0.0036900369003689537,0,0.0,0.0,0.0,0.0,0.05,0.0,19.0,0.0,0.0,50.0,-450.0,-700.0,-60.0,557.2252686302013,22.5,487.0628944580916,0.0037037037037037646,-0.032258064516129004,-0.04778156996587035,-0.0037537975885344466,0.03934239592631501,0.002295687330744006,0.035386902273121947,0
2023-04-07,50.0,0.003676470588235281,0,0.0,0.0,0.0,0.0,0.0,0.0,20.0,0.0,0.0,50.0,50.0,-450.0,-60.0,557.2252686302013,25.0,487.0696481051375,0.0036900369003689537,0.0037037037037037646,-0.032258064516129004,-0.0037378118691104856,0.0393461521406183,0.002480189175762454,0.03538392246341896,0
2023-04-10,-50.0,-0.00366300366300365,0,0.0,0.0,0.0,0.0,0.0,0.0,21.0,0.0,0.0,50.0,50.0,50.0,-200.0,353.5533905932738,22.5,486.7926717434818,0.003676470588235281,0.0036900369003689537,0.0037037037037037646,-0.013793884657938271,0.024561937598572475,0.0022823333158612457,0.035364647856447995,0
2023-04-11,-150.0,-0.011029411764705843,0,0.0,0.0,0.0,0.0,0.0,0.0,22.0,0.0,0.0,-50.0,50.0,50.0,-70.0,216.79483388678798,27.5,485.4393018591233,-0.00366300366300365,0.003676470588235281,0.0036900369003689537,-0.004970171397364931,0.015583144202976858,0.002667364950892881,0.03524999260791251,0
2023-04-12,-150.0,-0.01115241635687736,0,0.0,0.0,0.0,0.0,0.0,0.0,23.0,0.0,0.0,-150.0,-50.0,50.0,-10.0,89.44271909999159,2.5,480.80935055273903,-0.011029411764705843,-0.00366300366300365,0.003676470588235281,-0.0007244408470802987,0.006582014821525083,0.0007748981940752131,0.03489933237479031,0
2023-04-13,-500.0,-0.03759398496240607,0,0.0,0.0,0.0,0.0,0.0,0.0,24.0,0.0,0.0,-150.0,-150.0,-50.0,-50.0,100.0,-7.5,481.8481416161597,-0.01115241635687736,-0.011029411764705843,-0.00366300366300365,-0.0036956648591965234,0.007387236033566842,3.071021205223734e-05,0.034991539243301,0
2023-04-14,100.0,0.0078125,0,0.0,0.0,0.0,0.0,0.0,0.0,25.0,0.0,0.0,-500.0,-150.0,-150.0,-160.0,207.3644135332772,-50.0,486.12322457755863,-0.03759398496240607,-0.01115241635687736,-0.011029411764705843,-0.011952469231751528,0.015588124069044616,-0.0031501042777037523,0.03539361497083848,0
2023-04-17,100.0,0.007751937984496138,0,0.0,0.0,0.0,0.0,0.0,0.0,26.0,0.0,0.0,100.0,-500.0,-150.0,-150.0,220.79402165819616,-75.0,463.25507353713255,0.0078125,-0.03759398496240607,-0.01115241635687736,-0.011125263349398585,0.016695263916332907,-0.0049333923211820115,0.033782449168557695,0
2023-04-18,-100.0,-0.007692307692307665,0,0.0,0.0,0.0,0.0,0.0,0.0,27.0,0.0,0.0,100.0,100.0,-500.0,-120.0,246.47515087732475,-72.5,464.0992974512418,0.007751937984496138,0.0078125,-0.03759398496240607,-0.008842275019898626,0.01863820391664702,-0.004719406533068321,0.03385197733123854,0
2023-04-19,100.0,0.007751937984496138,0,0.0,0.0,0.0,0.0,0.0,0.0,28.0,0.0,0.0,-100.0,100.0,100.0,-110.0,245.96747752497686,-40.0,436.07097442600036,-0.007692307692307665,0.007751937984496138,0.0078125,-0.008174854205418991,0.01860001469051908,-0.0025088662083411427,0.03200162587831662,0
2023-04-20,-100.0,-0.007692307692307665,0,0.0,0.0,0.0,0.0,0.0,0.0,29.0,0.0,0.0,100.0,-100.0,100.0,-60.0,260.76809620810593,25.0,340.4718088646669,0.007751937984496138,-0.007692307692307665,0.007751937984496138,-0.004393983337144291,0.019730459297949726,0.0022582927346792847,0.024994456916126017,0
2023-04-21,100.0,0.007751937984496138,0,0.0,0.0,0.0,0.0,0.0,0.0,30.0,0.0,0.0,-100.0,100.0,-100.0,20.0,109.54451150103323,15.0,341.08958539239694,-0.007692307692307665,0.007751937984496138,-0.007692307692307665,0.0015863521168753892,0.008470254886271952,0.001473677350063901,0.025050968543741427,0
2023-04-24,-50.0,-0.0038461538461538325,0,0.0,0.0,0.0,0.0,0.0,0.0,31.0,0.0,0.0,100.0,-100.0,100.0,20.0,109.54451150103323,-15.0,301.7928882005346,0.007751937984496138,-0.007692307692307665,0.007751937984496138,0.0015742397137746167,0.008459161740837249,-0.000916503528489071,0.021671928469708588,0
2023-04-25,-250.0,-0.019305019305019266,0,0.0,0.0,0.0,0.0,0.0,0.0,32.0,0.0,0.0,-50.0,100.0,-100.0,-10.0,102.46950765959599,-22.5,300.64623379436534,-0.0038461538461538325,0.007751937984496138,-0.007692307692307665,-0.0007453786523553774,0.00791427875786196,-0.0014847510704208255,0.021587944539114303,0
2023-04-26,-250.0,-0.019685039370078705,0,0.0,0.0,0.0,0.0,0.0,0.0,33.0,0.0,0.0,-250.0,-50.0,100.0,-40.0,147.47881203752627,-47.5,297.5668876598643,-0.019305019305019266,-0.0038461538461538325,0.007751937984496138,-0.0030679209748976977,0.011399261564882851,-0.0033828378565673167,0.021391803911862916,0
2023-04-27,-1200.0,-0.09638554216867468,0,0.0,0.0,0.0,0.0,0.0,0.0,34.0,0.0,0.0,-250.0,-250.0,-50.0,-110.0,147.47881203752627,-70.0,294.8683916954341,-0.019685039370078705,-0.019305019305019266,-0.0038461538461538325,-0.008555316445812667,0.011492110200977691,-0.005099690557671982,0.021245594494045977,0
2023-04-28,0.0,0.0,1,0.0,0.0,0.0,0.0,0.0,0.0,35.0,0.0,0.0,-1200.0,-250.0,-250.0,-330.0,508.1830378908765,-132.5,386.37144658584884,-0.09638554216867468,-0.019685039370078705,-0.019305019305019266,-0.02629396334108607,0.040830075267901396,-0.010099473081268174,0.029319851390075775,0
2023-05-02,350.0,0.03111111111111109,0,1.0,0.0,0.0,0.2,0.05,1.0,0.0,0.0,1.0,0.0,-1200.0,-250.0,-350.0,488.6205071423016,-170.0,328.2329083216101,0.0,-0.09638554216867468,-0.019685039370078705,-0.027844350937985297,0.039333861964400266,-0.012797314807886883,0.025325919567629168,0
2023-05-03,50.0,0.004310344827586299,0,0.0,1.0,0.0,0.2,0.05,0.0,1.0,1.0,0.0,350.0,0.0,-1200.0,-270.0,575.1086853804244,-117.5,322.9286217368189,0.03111111111111109,0.0,-0.09638554216867468,-0.020852897946532313,0.047021382782845574,-0.008852680754037811,0.025730885433170474,0
2023-05-04,50.0,0.0042918454935623185,0,0.0,0.0,1.0,0.2,0.05,0.0,2.0,0.0,0.0,50.0,350.0,0.0,-210.0,593.0851540883484,-92.5,315.0918830069119,0.004310344827586299,0.03111111111111109,0.0,-0.0161298251200112,0.04838206674285631,-0.0070242602868520465,0.02527541104214591,0
2023-05-08,700.0,0.05982905982905984,0,0.0,0.0,0.0,0.2,0.05,0.0,3.0,0.0,0.0,50.0,50.0,350.0,-150.0,603.116904090741,-92.5,315.0918830069119,0.0042918454935623185,0.004310344827586299,0.03111111111111109,-0.011334448147282994,0.04912413971250122,-0.006994853197359119,0.025288888143080814,0
2023-05-09,50.0,0.0040322580645162365,0,0.0,0.0,0.0,0.2,0.05,0.0,4.0,0.0,0.0,700.0,50.0,50.0,230.0,297.06901555025894,-60.0,360.77402170450335,0.05982905982905984,0.0042918454935623185,0.004310344827586299,0.019908472252263908,0.025508235472953764,-0.004187902050924575,0.029329990388628973,0
2023-05-10,150.0,0.012048192771084265,0,0.0,0.0,0.0,0.0,0.05,0.0,5.0,0.0,0.0,50.0,700.0,50.0,240.0,288.09720581775866,-60.0,360.77402170450335,0.0040322580645162365,0.05982905982905984,0.0042918454935623185,0.020714923865167156,0.024774661431949646,-0.004170112677110527,0.029335118825684715,0
2023-05-11,-200.0,-0.015873015873015928,0,0.0,0.0,0.0,0.0,0.05,0.0,6.0,0.0,0.0,150.0,50.0,700.0,200.0,282.842712474619,-50.0,363.82471198728507,0.012048192771084265,0.0040322580645162365,0.05982905982905984,0.016902340197161792,0.024235758414724952,-0.0033845528554061312,0.02955892324192034,0
2023-05-12,600.0,0.048387096774193505,0,0.0,0.0,0.0,0.0,0.05,0.0,7.0,0.0,0.0,-200.0,150.0,50.0,150.0,333.54160160315837,-52.5,364.7187092021804,-0.015873015873015928,0.012048192771084265,0.0040322580645162365,0.012865668057041346,0.02821205394885779,-0.003626733060821635,0.029644573247031975,0
2023-05-15,-200.0,-0.01538461538461533,0,0.0,0.0,0.0,0.0,0.05,0.0,8.0,0.0,0.0,600.0,-200.0,150.0,260.0,379.80258029665885,-15.0,391.72358675608496,0.048387096774193505,-0.015873015873015928,0.012048192771084265,0.021684718313167584,0.03155575692211464,-0.000649757404268092,0.0317629117059946,0
2023-05-16,-100.0,-0.0078125,0,0.0,0.0,0.0,0.0,0.05,0.0,9.0,0.0,0.0,-200.0,600.0,-200.0,80.0,329.013677527242,0.0,377.6659621244252,-0.01538461538461533,0.048387096774193505,-0.015873015873015928,0.00664198327043255,0.02631913991279574,0.0004607110746214449,0.030776226236457548,0
2023-05-17,-300.0,-0.023622047244094446,0,0.0,0.0,0.0,0.0,0.05,0.0,10.0,0.0,0.0,-100.0,-200.0,600.0,50.0,339.1164991562634,-10.0,377.52657626910593,-0.0078125,-0.01538461538461533,0.048387096774193505,0.004273031657529303,0.02713323729874813,-0.00032053892537855513,0.030778098942375674,0
2023-05-18,0.0,0.0,1,0.0,0.0,0.0,0.0,0.05,0.0,11.0,0.0,0.0,-300.0,-100.0,-200.0,-40.0,364.6916505762094,-30.0,381.9616955168471,-0.023622047244094446,-0.0078125,-0.01538461538461533,-0.0028610163455064395,0.02918929323090359,-0.0018892381868080843,0.031142385378871804,0
2023-05-19,-100.0,-0.008064516129032251,0,1.0,0.0,0.0,0.2,0.1,1.0,0.0,0.0,1.0,0.0,-300.0,-100.0,0.0,353.5533905932738,-25.0,381.65153574542506,0.0,-0.023622047244094446,-0.0078125,0.0003135868290967458,0.02826898527327714,-0.001504622802192701,0.03111443242713849,0
2023-05-22,-300.0,-0.024390243902439046,0,0.0,1.0,0.0,0.2,0.1,0.0,1.0,1.0,0.0,-100.0,0.0,-300.0,-140.0,114.0175425099138,-35.0,380.823208049973,-0.008064516129032251,0.0,-0.023622047244094446,-0.010976735751548405,0.008920698464576767,-0.0022954455078691206,0.031067744714974723,0
2023-05-23,-250.0,-0.02083333333333337,0,0.0,0.0,1.0,0.2,0.1,0.0,2.0,0.0,0.0,-300.0,-100.0,0.0,-160.0,134.16407864998737,-45.0,385.22037438601893,-0.024390243902439046,-0.008064516129032251,0.0,-0.012777861455113148,0.010753929205618353,-0.0031303423183756895,0.03144251514380267,0
2023-05-24,-250.0,-0.021276595744680882,0,0.0,0.0,0.0,0.2,0.1,0.0,3.0,0.0,0.0,-250.0,-300.0,-100.0,-190.0,134.16407864998737,-62.5,386.2352024077385,-0.02083333333333337,-0.024390243902439046,-0.008064516129032251,-0.015382028121779823,0.01082722686217241,-0.004559605884267165,0.03157123890360926,0
2023-05-25,-300.0,-0.02608695652173909,0,0.0,0.0,0.0,0.2,0.1,0.0,4.0,0.0,0.0,-250.0,-250.0,-300.0,-180.0,125.49900398011133,-72.5,388.4771211850318,-0.021276595744680882,-0.02083333333333337,-0.024390243902439046,-0.01491293782189711,0.010424288343544292,-0.005431127979193517,0.03179033046732278,0
2023-05-26,150.0,0.013392857142857206,0,0.0,0.0,0.0,0.0,0.1,0.0,5.0,0.0,0.0,-300.0,-250.0,-250.0,-240.0,82.15838362577492,-75.0,389.8380230435786,-0.02608695652173909,-0.021276595744680882,-0.02083333333333337,-0.020130329126244927,0.0070890808499523405,-0.005770224840029509,0.03198170181760015,0
2023-05-30,150.0,0.013215859030837107,0,0.0,0.0,0.0,0.0,0.1,0.0,6.0,0.0,0.0,150.0,-300.0,-250.0,-190.0,191.70289512680813,-55.0,390.6472362092097,0.013392857142857206,-0.02608695652173909,-0.021276595744680882,-0.015838854471867038,0.01648602946430715,-0.004116330014382713,0.032079383490629866,0
2023-05-31,400.0,0.034782608695652195,0,0.0,0.0,0.0,0.0,0.1,0.0,7.0,0.0,0.0,150.0,150.0,-300.0,-100.0,229.128784747792,12.5,284.6396614003478,0.013215859030837107,0.013392857142857206,-0.02608695652173909,-0.008317633885211806,0.019845421323048913,0.001363740045592876,0.02377396183567634,0
2023-06-01,0.0,0.0,1,0.0,0.0,0.0,0.0,0.05,0.0,8.0,0.0,0.0,400.0,150.0,150.0,30.0,297.06901555025894,32.5,297.47843796253693,0.034782608695652195,0.013215859030837107,0.013392857142857206,0.002805554520585307,0.025776561864689247,0.0031028704803754857,0.024913844668835006,0
2023-06-02,100.0,0.008403361344537785,0,1.0,0.0,0.0,0.2,0.1,1.0,0.0,0.0,1.0,0.0,400.0,150.0,80.0,256.4176280991617,15.0,287.96015806284436,0.0,0.034782608695652195,0.013215859030837107,0.007060873669521484,0.022333310523348346,0.0015473149248199313,0.02402856268314017,0
2023-06-05,0.0,0.0,1,0.0,1.0,0.0,0.2,0.1,0.0,1.0,1.0,0.0,100.0,0.0,400.0,160.0,147.47881203752627,17.5,288.4965565789202,0.008403361344537785,0.0,0.034782608695652195,0.013958937242776859,0.012847317396977913,0.0017519657506675057,0.024070726998827605,0
2023-06-07,-50.0,-0.004166666666666652,0,1.0,0.0,1.0,0.4,0.15,1.0,0.0,0.0,1.0,0.0,100.0,0.0,130.0,164.31676725154983,15.0,288.41673066296823,0.0,0.008403361344537785,0.0,0.011280365814205417,0.014307969937881023,0.0015373734759893897,0.02406602263597044,0
2023-06-08,-50.0,-0.004184100418409997,0,0.0,1.0,0.0,0.4,0.15,0.0,1.0,1.0,0.0,-50.0,0.0,100.0,90.0,181.6590212458495,-22.5,239.22847480576826,-0.004166666666666652,0.0,0.008403361344537785,0.0078038606747046655,0.015758380734722112,-0.0016624128487969347,0.01978055689488556,0
2023-06-09,-50.0,-0.004201680672268893,0,0.0,0.0,1.0,0.4,0.15,0.0,2.0,0.0,0.0,-50.0,-50.0,0.0,0.0,61.237243569579455,-27.5,238.67782733877326,-0.004184100418409997,-0.004166666666666652,0.0,1.0518851892227232e-05,0.005135263773120889,-0.0020732307729432464,0.019741343731815453,0
2023-06-12,-100.0,-0.008438818565400852,0,0.0,0.0,0.0,0.2,0.15,0.0,3.0,0.0,0.0,-50.0,-50.0,-50.0,-10.0,65.19202405202648,-37.5,235.0111979414898,-0.004201680672268893,-0.004184100418409997,-0.004166666666666652,-0.0008298172825615513,0.0054702702439839756,-0.0028857244451109044,0.019461980711571406,0
2023-06-13,50.0,0.004255319148936065,0,0.0,0.0,0.0,0.2,0.15,0.0,4.0,0.0,0.0,-100.0,-50.0,-50.0,-50.0,35.35533905932738,-32.5,232.42146381542437,-0.008438818565400852,-0.004201680672268893,-0.004184100418409997,-0.004198253264549279,0.0029836611028837435,-0.0025140145797301503,0.019270933829186772,0
2023-06-14,0.0,0.0,1,0.0,0.0,0.0,0.0,0.15,0.0,5.0,0.0,0.0,50.0,-100.0,-50.0,-40.0,54.772255750516614,-60.0,180.35053587243107,0.004255319148936065,-0.008438818565400852,-0.004201680672268893,-0.0033471894347620657,0.004632087600972338,-0.004720603460993023,0.01524109571723467,0
2023-06-15,-100.0,-0.008474576271186418,0,1.0,0.0,0.0,0.2,0.2,1.0,0.0,0.0,1.0,0.0,50.0,-100.0,-30.0,57.0087712549569,-50.0,177.7046633277259,0.0,0.004255319148936065,-0.008438818565400852,-0.0025138561014287353,0.004818839438305577,-0.003951372691762256,0.015061728428420691,0
2023-06-16,0.0,0.0,1,0.0,1.0,0.0,0.2,0.2,0.0,1.0,1.0,0.0,-100.0,0.0,50.0,-40.0,65.19202405202648,-50.0,177.7046633277259,-0.008474576271186418,0.0,0.004255319148936065,-0.0033719512719840193,0.005521405762660756,-0.003984476505321577,0.015071385839012734,0
2023-06-19,-150.0,-0.012820512820512775,0,1.0,0.0,1.0,0.4,0.25,1.0,0.0,0.0,1.0,0.0,-100.0,0.0,-30.0,67.08203932499369,-35.0,167.88153718117772,0.0,-0.008474576271186418,0.0,-0.0025316151375302407,0.005680987299589023,-0.0028033741431168547,0.014360267853682288,0
2023-06-20,-300.0,-0.025974025974025983,0,0.0,1.0,0.0,0.4,0.2,0.0,1.0,1.0,0.0,-150.0,0.0,-100.0,-40.0,82.15838362577492,-42.5,169.57764872579105,-0.012820512820512775,0.0,-0.008474576271186418,-0.0034079539885526256,0.0070039449790091236,-0.0034443997841424935,0.014513867138573944,0
2023-06-21,-250.0,-0.022222222222222254,0,0.0,0.0,1.0,0.4,0.2,0.0,2.0,0.0,0.0,-300.0,-150.0,0.0,-110.0,124.49899597988733,-52.5,178.7934709746339,-0.025974025974025983,-0.012820512820512775,0.0,-0.009453823013145035,0.010769867332482924,-0.00433987527639218,0.015342743014684801,0
2023-06-22,-300.0,-0.027272727272727226,0,0.0,0.0,0.0,0.2,0.2,0.0,3.0,0.0,0.0,-250.0,-300.0,-150.0,-160.0,119.37336386313322,-50.0,175.46929555967873,-0.022222222222222254,-0.025974025974025983,-0.012820512820512775,-0.013898267457589486,0.010474397191925427,-0.004231474192381341,0.015200625914101982,0
2023-06-23,-100.0,-0.009345794392523366,0,0.0,0.0,0.0,0.2,0.2,0.0,4.0,0.0,0.0,-300.0,-250.0,-300.0,-200.0,127.47548783981962,-52.5,178.7934709746339,-0.027272727272727226,-0.022222222222222254,-0.025974025974025983,-0.01765789765789765,0.011375825675338746,-0.004553443889351033,0.015632836329325505,0
2023-06-26,0.0,0.0,1,0.0,0.0,0.0,0.0,0.2,0.0,5.0,0.0,0.0,-100.0,-300.0,-250.0,-220.0,90.82951062292474,-45.0,173.12909694943158,-0.009345794392523366,-0.027272727272727226,-0.022222222222222254,-0.01952705653640232,0.00802275787392933,-0.003956903821743157,0.015182246343420346,0
2023-06-27,-400.0,-0.037735849056603765,0,1.0,0.0,0.0,0.2,0.25,1.0,0.0,0.0,1.0,0.0,-100.0,-300.0,-190.0,134.16407864998737,-30.0,162.54554017744786,0.0,-0.009345794392523366,-0.027272727272727226,-0.016962953972299764,0.011841808077541491,-0.002652555995656203,0.014274384246900905,0
2023-06-28,750.0,0.07352941176470584,0,0.0,1.0,0.0,0.2,0.25,0.0,1.0,1.0,0.0,-400.0,0.0,-100.0,-210.0,159.68719422671313,-57.5,176.42278764377173,-0.037735849056603765,0.0,-0.009345794392523366,-0.01931531858881532,0.014862362945535813,-0.0052089913056292516,0.0157514874924452,0
2023-06-29,-200.0,-0.0182648401826484,0,0.0,0.0,1.0,0.2,0.25,0.0,2.0,0.0,0.0,750.0,-400.0,0.0,-10.0,453.3210782657255,-27.5,249.45994299264584,0.07352941176470584,-0.037735849056603765,0.0,-0.00016499179142970277,0.04376522053169087,-0.0021933136689358144,0.02338741517438813,0
2023-06-30,-450.0,-0.041860465116279055,0,0.0,0.0,0.0,0.2,0.25,0.0,3.0,0.0,0.0,-200.0,750.0,-400.0,10.0,439.31765272977594,-57.5,230.71684628109435,-0.0182648401826484,0.07352941176470584,-0.037735849056603765,0.0016365856265860624,0.04253858511882397,-0.004845686112850844,0.02193630266834665,0
2023-07-03,-50.0,-0.004854368932038833,0,0.0,0.0,0.0,0.2,0.2,0.0,4.0,0.0,0.0,-450.0,-200.0,750.0,-60.0,486.56962502811456,-80.0,246.2348045004357,-0.041860465116279055,-0.0182648401826484,0.07352941176470584,-0.0048663485181650755,0.04689900021757961,-0.006938709368664797,0.023397958057747067,0
2023-07-04,150.0,0.014634146341463428,0,0.0,0.0,0.0,0.0,0.2,0.0,5.0,0.0,0.0,-50.0,-450.0,-200.0,-70.0,485.5409354524086,-87.5,242.72303904699675,-0.004854368932038833,-0.041860465116279055,-0.0182648401826484,-0.005837222304572842,0.04682325998288323,-0.007601595882493628,0.023126655109876375,0
2023-07-05,50.0,0.004807692307692291,0,0.0,0.0,0.0,0.0,0.15,0.0,6.0,0.0,0.0,150.0,-50.0,-450.0,40.0,453.3210782657255,-80.0,247.83271097976217,0.014634146341463428,-0.004854368932038833,-0.041860465116279055,0.004636776775040596,0.043654043236785386,-0.006869888565420456,0.023606352195057252,0
2023-07-06,-150.0,-0.014354066985645897,0,0.0,0.0,0.0,0.0,0.15,0.0,7.0,0.0,0.0,50.0,150.0,-50.0,-100.0,234.5207879911715,-75.0,249.47312902447536,0.004807692307692291,0.014634146341463428,-0.004854368932038833,-0.009107567116362115,0.021977267089829874,-0.00642117061670251,0.02374532524147898,0
2023-07-07,100.0,0.009708737864077666,0,0.0,0.0,0.0,0.0,0.15,0.0,8.0,0.0,0.0,-150.0,50.0,150.0,-90.0,230.21728866442677,-80.0,249.94736287971853,-0.014354066985645897,0.004807692307692291,0.014634146341463428,-0.008325412476961613,0.021636845636662596,-0.0069296689450643045,0.023803719187929357,0
2023-07-10,-50.0,-0.004807692307692291,0,0.0,0.0,0.0,0.0,0.15,0.0,9.0,0.0,0.0,100.0,-150.0,50.0,20.0,120.41594578792295,-72.5,253.12520305384845,0.009708737864077666,-0.014354066985645897,0.004807692307692291,0.0019884281191097307,0.01163364345567012,-0.006234148018246977,0.024089136632532215,0
2023-07-11,-200.0,-0.019323671497584516,0,0.0,0.0,0.0,0.0,0.15,0.0,10.0,0.0,0.0,-50.0,100.0,-150.0,20.0,120.41594578792295,-70.0,253.08621372754925,-0.004807692307692291,0.009708737864077666,-0.014354066985645897,0.0019977634439790394,0.011626796483184447,-0.006052591705361548,0.024085329144624447,0
2023-07-12,-150.0,-0.014778325123152691,0,0.0,0.0,0.0,0.0,0.15,0.0,11.0,0.0,0.0,-200.0,-50.0,100.0,-50.0,127.47548783981962,-82.5,253.0212181657986,-0.019323671497584516,-0.004807692307692291,0.009708737864077666,-0.004793800123830549,0.012298661742269595,-0.007231541237687577,0.02413125142649867,0
2023-07-13,0.0,0.0,1,0.0,0.0,0.0,0.0,0.1,0.0,12.0,0.0,0.0,-150.0,-200.0,-50.0,-90.0,119.37336386313322,-90.0,252.669953225858,-0.014778325123152691,-0.019323671497584516,-0.004807692307692291,-0.008711003609999546,0.011573763318301991,-0.007970457493845211,0.02412442246534046,0
2023-07-14,-20.0,-0.0020000000000000018,0,1.0,0.0,0.0,0.2,0.15,1.0,0.0,0.0,1.0,0.0,-150.0,-200.0,-60.0,119.37336386313322,-85.0,253.4498808547018,0.0,-0.014778325123152691,-0.019323671497584516,-0.005840190212870367,0.011604283274059534,-0.007546728680285891,0.02418943936733001,0
2023-07-17,-70.0,-0.007014028056112176,0,0.0,1.0,0.0,0.2,0.1,0.0,1.0,1.0,0.0,-20.0,0.0,-150.0,-84.0,86.77557259966655,-86.0,253.13611898905592,-0.0020000000000000018,0.0,-0.014778325123152691,-0.0081819377856859,0.00842906503227757,-0.007646728680285891,0.024160715881786525,0
2023-07-18,-340.0,-0.034308779011099855,0,0.0,0.0,1.0,0.2,0.1,0.0,2.0,0.0,0.0,-70.0,-20.0,0.0,-88.0,85.26429498916883,-82.0,252.70327929890507,-0.007014028056112176,-0.0020000000000000018,0.0,-0.008623204935369878,0.008264403281199128,-0.007356404442065862,0.024130140740501748,0
2023-07-19,0.0,0.0,1,0.0,0.0,0.0,0.2,0.1,0.0,3.0,0.0,0.0,-340.0,-70.0,-20.0,-116.0,137.94926603646718,-84.0,254.67006519271663,-0.034308779011099855,-0.007014028056112176,-0.0020000000000000018,-0.011620226438072945,0.013906288936031755,-0.007773142093919555,0.02453713770568238,0
2023-07-20,-910.0,-0.09508881922675028,0,1.0,0.0,0.0,0.4,0.15,1.0,0.0,0.0,1.0,0.0,-340.0,-70.0,-86.0,144.84474446799925,-71.5,252.2170118224204,0.0,-0.034308779011099855,-0.007014028056112176,-0.008664561413442406,0.014619471471019918,-0.0066620309828084425,0.02435084119631863,0
2023-07-21,-860.0,-0.09930715935334877,0,0.0,1.0,0.0,0.2,0.15,0.0,1.0,1.0,0.0,-910.0,0.0,-340.0,-268.0,384.01822873400164,-102.0,311.27243102431805,-0.09508881922675028,0.0,-0.034308779011099855,-0.02768232525879246,0.04012672672320203,-0.010052835580509595,0.031145541907551658,0
2023-07-24,-780.0,-0.09999999999999998,0,0.0,0.0,1.0,0.2,0.15,0.0,2.0,0.0,0.0,-860.0,-910.0,0.0,-436.0,429.4531406335271,-140.0,354.4157534814005,-0.09930715935334877,-0.09508881922675028,0.0,-0.04714375712946221,0.047480035715458495,-0.014550903828550866,0.036986507411281344,0
2023-07-25,480.0,0.06837606837606836,0,0.0,0.0,0.0,0.2,0.1,0.0,3.0,0.0,0.0,-780.0,-860.0,-910.0,-578.0,394.10658456818504,-179.0,380.1786283757723,-0.09999999999999998,-0.09930715935334877,-0.09508881922675028,-0.06574095151823978,0.04602044172262954,-0.019550903828550865,0.0414105580952875,0
2023-07-26,500.0,0.06666666666666665,0,0.0,0.0,0.0,0.2,0.1,0.0,4.0,0.0,0.0,480.0,-780.0,-860.0,-414.0,622.398586116646,-135.0,403.4652531833629,0.06837606837606836,-0.09999999999999998,-0.09930715935334877,-0.04520398204080613,0.07642329848549163,-0.014245307956917258,0.04554888950669156,0
2023-07-27,800.0,0.10000000000000009,0,0.0,0.0,0.0,0.0,0.1,0.0,5.0,0.0,0.0,500.0,480.0,-780.0,-314.0,735.4454432519111,-147.5,377.6502837839588,0.06666666666666665,0.06837606837606836,-0.09999999999999998,-0.031870648707472804,0.09075356104116047,-0.014588445211819217,0.0448736921652713,0
2023-07-28,880.0,0.10000000000000009,0,0.0,0.0,0.0,0.0,0.1,0.0,6.0,0.0,0.0,800.0,500.0,480.0,28.0,784.9331181699496,-97.5,432.5429701805717,0.10000000000000009,0.06666666666666665,0.06837606837606836,0.007147115137877269,0.09839491449749102,-0.008675203202686794,0.05164503542515068,0
2023-07-31,-180.0,-0.018595041322314043,0,0.0,0.0,0.0,0.0,0.1,0.0,7.0,0.0,0.0,880.0,800.0,500.0,376.0,670.134314895156,-31.0,475.5927050035891,0.10000000000000009,0.10000000000000009,0.06666666666666665,0.04700854700854704,0.08377158484793538,-0.001582179946872836,0.05637272698274803,0
2023-08-01,-950.0,-0.09999999999999998,0,0.0,0.0,0.0,0.0,0.1,0.0,8.0,0.0,0.0,-180.0,880.0,800.0,496.0,417.4685616905781,-37.5,476.7529979482362,-0.018595041322314043,0.10000000000000009,0.10000000000000009,0.06328953874408423,0.048573856550095725,-0.0022692135663865964,0.05649829644823303,0
2023-08-02,-280.0,-0.03274853801169586,0,0.0,0.0,0.0,0.0,0.1,0.0,9.0,0.0,0.0,-950.0,-180.0,880.0,210.0,771.167945391923,-92.5,515.8322350695441,-0.09999999999999998,-0.018595041322314043,0.10000000000000009,0.029614325068870562,0.08718540411072166,-0.008000920883459767,0.06037498008929929,0
2023-08-03,-390.0,-0.047158403869407506,0,0.0,0.0,0.0,0.0,0.1,0.0,10.0,0.0,0.0,-280.0,-950.0,-180.0,54.0,776.7110144706331,-109.0,516.3118192883459,-0.03274853801169586,-0.09999999999999998,-0.018595041322314043,0.00973128413319806,0.08795560364365215,-0.009878732399429175,0.06053945501412477,0
2023-08-04,-50.0,-0.006345177664974666,0,0.0,0.0,0.0,0.0,0.1,0.0,11.0,0.0,0.0,-390.0,-280.0,-950.0,-184.0,665.3044415904646,-121.0,520.0900731705285,-0.047158403869407506,-0.03274853801169586,-0.09999999999999998,-0.01970039664068346,0.07365736422821378,-0.011518949243617255,0.06110880103469861,0
2023-08-07,-130.0,-0.016602809706257937,0,0.0,0.0,0.0,0.0,0.1,0.0,12.0,0.0,0.0,-50.0,-390.0,-280.0,-370.0,347.6348659153739,-128.5,517.8119451367602,-0.006345177664974666,-0.047158403869407506,-0.03274853801169586,-0.04096943217367841,0.036366010145547155,-0.012321645020069872,0.0609204366868806,0
2023-08-08,-300.0,-0.038961038961038974,0,0.0,0.0,0.0,0.0,0.1,0.0,13.0,0.0,0.0,-130.0,-50.0,-390.0,-360.0,355.10561809129405,-132.5,517.4825194098214,-0.016602809706257937,-0.006345177664974666,-0.047158403869407506,-0.04057098585046719,0.036681984347776,-0.012911400889998153,0.06090095719681107,0
2023-08-09,0.0,0.0,1,0.0,0.0,0.0,0.0,0.1,0.0,14.0,0.0,0.0,-300.0,-130.0,-50.0,-230.0,137.2953021774598,-137.5,518.6508307238364,-0.038961038961038974,-0.016602809706257937,-0.006345177664974666,-0.028363193642674988,0.016642604634042255,-0.013893269263170877,0.061167496649734795,0
2023-08-10,190.0,0.025675675675675746,0,1.0,0.0,0.0,0.2,0.15,1.0,0.0,0.0,1.0,0.0,-300.0,-130.0,-174.0,165.92166826548,-130.0,519.5443347679513,0.0,-0.038961038961038974,-0.016602809706257937,-0.021813486040335818,0.020485673750309342,-0.013154353007013241,0.061245455231509746,0
2023-08-11,180.0,0.02371541501976293,0,0.0,1.0,0.0,0.2,0.1,0.0,1.0,1.0,0.0,190.0,0.0,-300.0,-58.0,179.3599732381782,-120.5,523.7664706617569,0.025675675675675746,0.0,-0.038961038961038974,-0.007246670131319166,0.023614329908488,-0.011870569223229455,0.061802266204479504,0
2023-08-14,320.0,0.041184041184041176,0,0.0,0.0,1.0,0.2,0.1,0.0,2.0,0.0,0.0,180.0,190.0,0.0,-12.0,208.9736825535694,-110.5,527.6808744526916,0.02371541501976293,0.025675675675675746,0.0,-0.0012345515943716467,0.027421052541031693,-0.010584798472241308,0.06228404884138628,0
2023-08-16,-250.0,-0.030902348578491945,0,0.0,0.0,0.0,0.2,0.1,0.0,3.0,0.0,0.0,320.0,180.0,190.0,78.0,240.04166305039632,-91.0,536.3904704989684,0.041184041184041176,0.02371541501976293,0.025675675675675746,0.010322818583688175,0.031236781678718923,-0.00817489501023364,0.0633527558182282,0
2023-08-17,-240.0,-0.030612244897959218,0,0.0,0.0,0.0,0.2,0.1,0.0,4.0,0.0,0.0,-250.0,320.0,180.0,88.0,220.61278294786092,-86.5,534.5659823386478,-0.030902348578491945,0.041184041184041176,0.02371541501976293,0.011934556660197581,0.028109488671533067,-0.008004573488603246,0.0632833389521947,0
2023-08-18,-180.0,-0.023684210526315752,0,0.0,0.0,0.0,0.0,0.05,0.0,5.0,0.0,0.0,-240.0,-250.0,320.0,40.0,265.98872156540773,-98.5,535.2154017923895,-0.030612244897959218,-0.030902348578491945,0.041184041184041176,0.005812107680605738,0.034062252516955514,-0.009535185733501206,0.06344953109310507,0
2023-08-21,-120.0,-0.016172506738544423,0,0.0,0.0,0.0,0.0,0.05,0.0,6.0,0.0,0.0,-180.0,-240.0,-250.0,-34.0,265.29229163320974,-62.0,500.7426064304257,-0.023684210526315752,-0.030612244897959218,-0.030902348578491945,-0.004059869559792562,0.034018891689801795,-0.00596495529847948,0.06031359134350304,0
2023-08-22,-90.0,-0.012328767123287676,0,0.0,0.0,0.0,0.0,0.05,0.0,7.0,0.0,0.0,-120.0,-180.0,-240.0,-94.0,237.23406163533937,-25.0,464.71836406014364,-0.016172506738544423,-0.023684210526315752,-0.030612244897959218,-0.012037453911454032,0.03035696070392788,-0.001808222667739262,0.05627129549619514,0
2023-08-23,-60.0,-0.00832177531206657,0,0.0,0.0,0.0,0.0,0.05,0.0,8.0,0.0,0.0,-90.0,-120.0,-180.0,-176.0,70.92249290598858,9.5,430.0364121670083,-0.012328767123287676,-0.016172506738544423,-0.023684210526315752,-0.022740015572919804,0.008381727824850268,0.002575338976096353,0.05142570507453543,0
2023-08-24,0.0,0.0,1,0.0,0.0,0.0,0.0,0.05,0.0,9.0,0.0,0.0,-60.0,-90.0,-120.0,-138.0,72.24956747275377,-17.5,415.65262571425825,-0.00832177531206657,-0.012328767123287676,-0.016172506738544423,-0.018223900919634727,0.008948449022557344,-0.0012595532083103933,0.0490661974193883,0
2023-08-25,0.0,0.0,1,1.0,0.0,0.0,0.2,0.1,1.0,0.0,0.0,1.0,0.0,-60.0,-90.0,-90.0,67.08203932499369,-42.5,397.5302040825252,0.0,-0.00832177531206657,-0.012328767123287676,-0.012101451940042885,0.008824915726255904,-0.0045928865416437255,0.04640084831366543,0
2023-08-28,-80.0,-0.01118881118881121,0,1.0,1.0,0.0,0.4,0.15,2.0,0.0,0.0,0.0,0.0,0.0,-60.0,-54.0,53.665631459994955,-82.5,345.08389521512225,0.0,0.0,-0.00832177531206657,-0.007364609834779734,0.007273462504893952,-0.00959288654164373,0.039396205034975804,0
2023-08-29,100.0,0.014144271570014189,0,0.0,1.0,1.0,0.4,0.15,0.0,1.0,1.0,0.0,-80.0,0.0,0.0,-46.0,43.3589667773576,-130.5,260.57577946176167,-0.01118881118881121,0.0,0.0,-0.006367870724833091,0.005993560108623561,-0.015152327101084296,0.029791341960436805,0
2023-08-30,360.0,0.05020920502092041,0,0.0,0.0,1.0,0.4,0.15,0.0,2.0,0.0,0.0,100.0,-80.0,0.0,-8.0,70.14271166700073,-116.5,265.25608282126836,0.014144271570014189,-0.01118881118881121,0.0,-0.0010732629861727183,0.009858275600000662,-0.013515361456467884,0.030483647335237257,0
2023-08-31,220.0,0.02921646746347939,0,0.0,0.0,0.0,0.4,0.15,0.0,3.0,0.0,0.0,360.0,100.0,-80.0,76.0,171.1139970896595,-51.0,203.05301355997858,0.05020920502092041,0.014144271570014189,-0.01118881118881121,0.010632933080424678,0.023879477870307697,-0.006004901205421864,0.02626673877078253,0
2023-09-01,0.0,0.0,1,0.0,0.0,0.0,0.2,0.15,0.0,4.0,0.0,0.0,220.0,360.0,100.0,120.0,174.92855684535903,-26.0,204.151646422069,0.02921646746347939,0.05020920502092041,0.014144271570014189,0.016476226573120555,0.02419961747372535,-0.002906650931663102,0.0265986043890968,0
2023-09-04,-50.0,-0.006451612903225823,0,1.0,0.0,0.0,0.2,0.2,1.0,0.0,0.0,1.0,0.0,220.0,360.0,120.0,174.92855684535903,-6.5,185.30984011137843,0.0,0.02921646746347939,0.05020920502092041,0.016476226573120555,0.024199617473725354,-0.0005487307381927264,0.024474760987280637,1
2023-09-05,-60.0,-0.007792207792207795,0,0.0,1.0,0.0,0.2,0.2,0.0,1.0,1.0,0.0,-50.0,0.0,220.0,126.0,166.67333320000535,-6.5,185.30984011137843,-0.006451612903225823,0.0,0.02921646746347939,0.017423666230237632,0.0229037619326124,-0.0005540525001052843,0.02447609922993841,0
2023-09-06,130.0,0.017015706806282616,0,0.0,0.0,1.0,0.2,0.2,0.0,2.0,0.0,0.0,-60.0,-50.0,0.0,94.0,187.0294094520966,-3.0,183.50677601141774,-0.007792207792207795,-0.006451612903225823,0.0,0.013036370357793236,0.025627979293536,-0.00011352240440277716,0.02425029157245027,0
2023-09-07,220.0,0.028314028314028405,0,0.0,0.0,0.0,0.2,0.2,0.0,3.0,0.0,0.0,130.0,-60.0,-50.0,48.0,122.35195135346228,18.5,171.68744551471374,0.017015706806282616,-0.007792207792207795,-0.006451612903225823,0.006397670714865677,0.0161309261018447,0.002685314883963302,0.022712235669495425,0
2023-09-08,10.0,0.0012515644555695093,0,0.0,0.0,0.0,0.2,0.15,0.0,4.0,0.0,0.0,220.0,130.0,-60.0,48.0,122.35195135346228,29.5,177.3926658425771,0.028314028314028405,0.017015706806282616,-0.007792207792207795,0.006217182884975481,0.01581370824386899,0.004101016299664723,0.023407829503364775,0
2023-09-11,150.0,0.018750000000000044,0,0.0,0.0,0.0,0.0,0.15,0.0,5.0,0.0,0.0,10.0,220.0,130.0,50.0,121.4495780149112,20.5,173.34100860199607,0.0012515644555695093,0.028314028314028405,0.017015706806282616,0.006467495776089382,0.015700192628856302,0.0028798107386594106,0.02285357250350888,0
2023-09-12,150.0,0.018404907975460016,0,0.0,0.0,0.0,0.0,0.15,0.0,6.0,0.0,0.0,150.0,10.0,220.0,90.0,112.91589790636215,19.0,172.01285141706987,0.018750000000000044,0.0012515644555695093,0.028314028314028405,0.011507818356734556,0.014516511949245846,0.0026315399876712664,0.02264129608690804,0
2023-09-13,800.0,0.09638554216867479,0,0.0,0.0,0.0,0.0,0.15,0.0,7.0,0.0,0.0,150.0,150.0,10.0,132.0,76.28892449104261,10.5,160.14713629396334,0.018404907975460016,0.018750000000000044,0.0012515644555695093,0.01674724151026812,0.009756248480337367,0.0014925833272422084,0.02112182311845798,0
2023-09-14,900.0,0.098901098901099,0,0.0,0.0,0.0,0.0,0.15,0.0,8.0,0.0,0.0,800.0,150.0,150.0,266.0,308.10712422792176,63.0,227.9912279014247,0.09638554216867479,0.018404907975460016,0.018750000000000044,0.03262120858274655,0.03695608962908987,0.007856977864600545,0.028673872659951003,0
2023-09-15,1000.0,0.10000000000000009,0,0.0,0.0,0.0,0.0,0.15,0.0,9.0,0.0,0.0,900.0,800.0,150.0,402.0,414.4514446832101,120.0,283.9013913315667,0.098901098901099,0.09638554216867479,0.018404907975460016,0.04673862270016067,0.04701323057030346,0.014332645054553455,0.03371091815742468,0
2023-09-18,1100.0,0.10000000000000009,0,0.0,0.0,0.0,0.0,0.15,0.0,10.0,0.0,0.0,1000.0,900.0,800.0,600.0,416.83330001332666,179.0,336.09052665206514,0.10000000000000009,0.098901098901099,0.09638554216867479,0.06648830980904678,0.043756218227414725,0.02051685558086925,0.037501452081171525,0
2023-09-19,1200.0,0.09917355371900816,0,0.0,0.0,0.0,0.0,0.15,0.0,11.0,0.0,0.0,1100.0,1000.0,900.0,790.0,374.83329627982624,240.0,385.9779104669339,0.10000000000000009,0.10000000000000009,0.098901098901099,0.0827383098090468,0.035993753591041525,0.026325480917796473,0.04040419313113496,0
2023-09-20,1300.0,0.09774436090225569,0,0.0,0.0,0.0,0.0,0.15,0.0,12.0,0.0,0.0,1200.0,1100.0,1000.0,1000.0,158.11388300841898,304.5,432.8665164373781,0.09917355371900816,0.10000000000000009,0.10000000000000009,0.09889203895775642,0.0014846728713145733,0.031900596959911265,0.04243169748055852,0
2023-09-21,-700.0,-0.047945205479452024,0,0.0,0.0,0.0,0.0,0.15,0.0,13.0,0.0,0.0,1300.0,1200.0,1100.0,1100.0,158.11388300841898,372.5,477.15025769777384,0.09774436090225569,0.09917355371900816,0.10000000000000009,0.0991638027044726,0.0009330561658502937,0.03720390377062738,0.04374783653410997,0
2023-09-22,-1000.0,-0.07194244604316546,0,0.0,0.0,0.0,0.0,0.1,0.0,14.0,0.0,0.0,-700.0,1300.0,1200.0,780.0,834.8652585896721,337.5,528.7908252249699,-0.047945205479452024,0.09774436090225569,0.09917355371900816,0.0697945418283624,0.06582496910132041,0.03480664349665478,0.047080498835154916,0
2023-09-25,-100.0,-0.007751937984496138,0,0.0,0.0,0.0,0.0,0.05,0.0,15.0,0.0,0.0,-1000.0,-700.0,1300.0,380.0,1130.044246921332,287.5,604.2731606083281,-0.07194244604316546,-0.047945205479452024,0.09774436090225569,0.03540605261972929,0.08745837482201585,0.031209521194496503,0.05233494050205399,0
2023-09-26,50.0,0.00390625,0,0.0,0.0,0.0,0.0,0.05,0.0,16.0,0.0,0.0,-100.0,-1000.0,-700.0,140.0,1064.4247272588136,286.5,604.9295304761577,-0.007751937984496138,-0.07194244604316546,-0.047945205479452024,0.013855665022830043,0.08056675398850811,0.031381364854712254,0.052193849232965356,0
2023-09-27,50.0,0.0038910505836575737,0,0.0,0.0,0.0,0.0,0.05,0.0,17.0,0.0,0.0,50.0,-100.0,-1000.0,-90.0,887.6936408468858,284.0,605.8434746611314,0.00390625,-0.007751937984496138,-0.07194244604316546,-0.005197795720971588,0.06513195123962641,0.030869463776211546,0.05242151213426135,0
2023-10-04,1100.0,0.0852713178294573,0,0.0,0.0,0.0,0.0,0.05,0.0,18.0,0.0,0.0,50.0,50.0,-100.0,-340.0,481.4041960764364,268.5,607.7592580861874,0.0038910505836575737,0.00390625,-0.007751937984496138,-0.02396845778469121,0.03425096726546785,0.028553556054348405,0.05254513066220706,0
2023-10-05,-1400.0,-0.09999999999999998,0,0.0,0.0,0.0,0.0,0.05,0.0,19.0,0.0,0.0,1100.0,50.0,50.0,20.0,745.4864183873507,312.5,635.294171396626,0.0852713178294573,0.0038910505836575737,0.00390625,0.002674846877090653,0.05590534581815331,0.0313562985726473,0.05405561566164197,0
2023-10-06,-900.0,-0.0714285714285714,0,0.0,0.0,0.0,0.0,0.0,0.0,20.0,0.0,0.0,-1400.0,1100.0,50.0,-60.0,889.8033490609034,242.5,740.0346720184623,-0.09999999999999998,0.0852713178294573,0.0038910505836575737,-0.0029366639142762497,0.06580001762132708,0.0263562985726473,0.06125419075723603,0
2023-10-10,-100.0,-0.008547008547008517,0,0.0,0.0,0.0,0.0,0.0,0.0,21.0,0.0,0.0,-900.0,-1400.0,1100.0,-220.0,967.3417183188162,200.0,780.9912729480734,-0.0714285714285714,-0.09999999999999998,0.0852713178294573,-0.015671990603091303,0.0727591593496809,0.023107450646380024,0.0647114499385906,0
2023-10-11,-750.0,-0.06465517241379315,0,0.0,0.0,0.0,0.0,0.0,0.0,22.0,0.0,0.0,-100.0,-900.0,-1400.0,-250.0,959.1663046625439,198.0,781.742991822221,-0.008547008547008517,-0.0714285714285714,-0.09999999999999998,-0.018162642312493003,0.07213186225862374,0.023069710608639986,0.06473063649460423,0
2023-10-12,150.0,0.01382488479262678,0,0.0,0.0,0.0,0.0,0.0,0.0,23.0,0.0,0.0,-750.0,-100.0,-900.0,-410.0,963.3275663033836,154.0,810.0253407342132,-0.06465517241379315,-0.008547008547008517,-0.0714285714285714,-0.03187188691198315,0.0733953255647245,0.0189861666476362,0.0676432391426818,0
2023-10-13,950.0,0.08636363636363642,0,0.0,0.0,0.0,0.0,0.0,0.0,24.0,0.0,0.0,150.0,-750.0,-100.0,-600.0,625.4998001598402,150.5,809.8763713321339,0.01382488479262678,-0.06465517241379315,-0.008547008547008517,-0.04616117351934925,0.04714934047099323,0.018261709471566117,0.06761566359158874,0
2023-10-16,-150.0,-0.012552301255230103,0,0.0,0.0,0.0,0.0,0.0,0.0,25.0,0.0,0.0,950.0,150.0,-750.0,-130.0,745.4864183873507,197.5,828.358395610829,0.08636363636363642,0.01382488479262678,-0.06465517241379315,-0.008888446246621972,0.06444021693277203,0.022517313066969462,0.06914972522280931,0
2023-10-17,-100.0,-0.008474576271186418,0,0.0,0.0,0.0,0.0,0.0,0.0,26.0,0.0,0.0,-150.0,950.0,150.0,20.0,616.0357132504575,182.5,831.9721338956892,-0.012552301255230103,0.08636363636363642,0.01382488479262678,0.002886807788046286,0.05481569066247414,0.020952198004207955,0.06959230862189636,0
2023-10-18,300.0,0.02564102564102555,0,0.0,0.0,0.0,0.0,0.0,0.0,27.0,0.0,0.0,-100.0,-150.0,950.0,20.0,616.0357132504575,170.0,834.3607701329452,-0.008474576271186418,-0.012552301255230103,0.08636363636363642,0.002901294243210706,0.05481192300423084,0.019608223791875636,0.06990294775475507,0
2023-10-19,0.0,0.0,1,0.0,0.0,0.0,0.0,0.0,0.0,28.0,0.0,0.0,300.0,-100.0,-150.0,230.0,442.43643611257875,145.0,821.8880702382771,0.02564102564102555,-0.008474576271186418,-0.012552301255230103,0.020960533854174446,0.03981182655292832,0.01607099796549317,0.06756416783962468,0
2023-10-20,-200.0,-0.01666666666666672,0,1.0,0.0,0.0,0.2,0.05,1.0,0.0,0.0,1.0,0.0,300.0,-100.0,200.0,454.14755311462375,100.0,802.7911834409528,0.0,0.02564102564102555,-0.008474576271186418,0.01819555689564909,0.04089659869090076,0.011125943020438223,0.0647431356766961,0
2023-10-23,0.0,0.0,1,0.0,1.0,0.0,0.2,0.05,0.0,1.0,1.0,0.0,-200.0,0.0,300.0,-30.0,198.7460691435179,40.0,776.3951788130898,-0.01666666666666672,0.0,0.02564102564102555,-0.002410503710411538,0.016849080411035684,0.005292609687104882,0.06148815646397549,0
2023-10-24,-200.0,-0.016949152542372836,0,1.0,0.0,1.0,0.4,0.1,1.0,0.0,0.0,1.0,0.0,-200.0,0.0,0.0,187.08286933869707,-15.0,735.2228448429405,0.0,-0.01666666666666672,0.0,9.995654063448267e-05,0.015866698302794392,0.00029260968710487776,0.05730509128609652,0
2023-10-25,-200.0,-0.017241379310344862,0,0.0,1.0,0.0,0.4,0.1,0.0,1.0,1.0,0.0,-200.0,0.0,-200.0,-20.0,204.93901531919198,-85.0,677.8642932032925,-0.016949152542372836,0.0,-0.01666666666666672,-0.001594958713602801,0.01739104855317566,-0.005513525625964172,0.05243502715667987,0
2023-10-26,-100.0,-0.00877192982456143,0,0.0,0.0,1.0,0.4,0.1,0.0,2.0,0.0,0.0,-200.0,-200.0,0.0,-120.0,109.54451150103323,-160.0,594.4037259924297,-0.017241379310344862,-0.016949152542372836,0.0,-0.010171439703876883,0.009287434817504617,-0.0112628126365942,0.046483429296826834,0
2023-10-27,0.0,0.0,1,0.0,0.0,0.0,0.2,0.1,0.0,3.0,0.0,0.0,-100.0,-200.0,-200.0,-140.0,89.44271909999159,-130.0,580.6983092069312,-0.00877192982456143,-0.017241379310344862,-0.016949152542372836,-0.01192582566878917,0.007552100264841587,-0.00930414885384967,0.04567468149337149,0
2023-10-30,200.0,0.017699115044247815,0,1.0,0.0,0.0,0.4,0.15,1.0,0.0,0.0,1.0,0.0,-100.0,-200.0,-100.0,100.0,-80.0,543.7201292460742,0.0,-0.00877192982456143,-0.017241379310344862,-0.008592492335455826,0.008548845866555873,-0.005707026551691396,0.0432505425550889,0
2023-10-31,-500.0,-0.04347826086956519,0,0.0,1.0,0.0,0.2,0.15,0.0,1.0,1.0,0.0,200.0,0.0,-100.0,-60.0,167.33200530681512,-65.0,547.2659317004844,0.017699115044247815,0.0,-0.00877192982456143,-0.005052669326606263,0.01455246561586929,-0.004434473900254199,0.0435605188163905,0
2023-11-01,0.0,0.0,1,0.0,0.0,1.0,0.2,0.15,0.0,2.0,0.0,0.0,-500.0,200.0,0.0,-120.0,258.8435821108957,-92.5,554.9478401283828,-0.04347826086956519,0.017699115044247815,0.0,-0.010358490992044733,0.022590584746749885,-0.006803699443732459,0.04436418791851467,0
2023-11-02,0.0,0.0,1,1.0,0.0,0.0,0.4,0.2,1.0,0.0,0.0,1.0,0.0,-500.0,200.0,-80.0,258.8435821108957,-95.0,554.3844381502398,0.0,-0.04347826086956519,0.017699115044247815,-0.006910215129975761,0.022593191611223248,-0.006998251972915337,0.044323332252863244,0
2023-11-03,-100.0,-0.009090909090909038,0,1.0,1.0,0.0,0.6,0.25,2.0,0.0,0.0,0.0,0.0,0.0,-500.0,-60.0,260.76809620810593,-150.0,479.0341159150625,0.0,0.0,-0.04347826086956519,-0.005155829165063475,0.022752499696159195,-0.011261817864388202,0.03872870552071797,0
2023-11-06,0.0,0.0,1,0.0,1.0,1.0,0.4,0.25,0.0,1.0,1.0,0.0,-100.0,0.0,0.0,-80.0,258.8435821108957,-85.0,378.0490082404372,-0.009090909090909038,0.0,0.0,-0.006974010983245282,0.022600211966475763,-0.006716363318933655,0.03261850034515706,0
2023-11-07,-550.0,-0.050458715596330306,0,1.0,0.0,1.0,0.6,0.3,1.0,0.0,0.0,1.0,0.0,-100.0,0.0,-120.0,216.79483388678798,-40.0,325.8995647677191,0.0,-0.009090909090909038,0.0,-0.010513833992094846,0.018843435662549063,-0.003144934747505085,0.028853260645406713,0
2023-11-08,-350.0,-0.033816425120772986,0,0.0,1.0,0.0,0.6,0.3,0.0,1.0,1.0,0.0,-550.0,0.0,-100.0,-130.0,238.74672772626644,-62.5,345.22113431675444,-0.050458715596330306,0.0,-0.009090909090909038,-0.011909924937447868,0.021906021133767765,-0.005240520099971174,0.03072739583828438,0
2023-11-09,450.0,0.04499999999999993,0,0.0,0.0,1.0,0.4,0.3,0.0,2.0,0.0,0.0,-350.0,-550.0,0.0,-200.0,242.38399287081646,-42.5,313.41707540894123,-0.033816425120772986,-0.050458715596330306,0.0,-0.018673209961602467,0.022521286399365244,-0.003698582735320166,0.028263994453148995,0
2023-11-10,-400.0,-0.038277511961722466,0,0.0,0.0,0.0,0.2,0.3,0.0,3.0,0.0,0.0,450.0,-350.0,-550.0,-110.0,379.80258029665885,-27.5,329.8624115086698,0.04499999999999993,-0.033816425120772986,-0.050458715596330306,-0.00967320996160248,0.036501446070235165,-0.0021398269749515085,0.030082430544930917,0
2023-11-13,-50.0,-0.00497512437810943,0,0.0,0.0,0.0,0.2,0.3,0.0,4.0,0.0,0.0,-400.0,450.0,-350.0,-170.0,400.9364039345891,-95.0,247.03504971860355,-0.038277511961722466,0.04499999999999993,-0.033816425120772986,-0.015510530535765166,0.03865526394314069,-0.008371884391219452,0.02281550532654489,0
2023-11-14,-50.0,-0.0050000000000000044,0,0.0,0.0,0.0,0.0,0.3,0.0,5.0,0.0,0.0,-50.0,-400.0,450.0,-180.0,396.23225512317896,-90.0,246.87520819444765,-0.00497512437810943,-0.038277511961722466,0.04499999999999993,-0.01650555541138705,0.03821774972099295,-0.00799302554736342,0.02280534309019059,0
2023-11-15,-50.0,-0.005025125628140725,0,0.0,0.0,0.0,0.0,0.3,0.0,6.0,0.0,0.0,-50.0,-50.0,-400.0,-80.0,338.3784863137726,-87.5,247.02173354201955,-0.0050000000000000044,-0.00497512437810943,-0.038277511961722466,-0.007413812292120991,0.033198822753948275,-0.007819296733804099,0.02281471417237835,0
2023-11-16,-250.0,-0.025252525252525304,0,0.0,0.0,0.0,0.0,0.3,0.0,7.0,0.0,0.0,-50.0,-50.0,-50.0,-20.0,303.31501776206204,-105.0,229.93133986612355,-0.005025125628140725,-0.0050000000000000044,-0.00497512437810943,-0.0016555523935945394,0.02979709467169736,-0.009352604297262413,0.021436449590206887,0
2023-11-17,-100.0,-0.010362694300518172,0,0.0,0.0,0.0,0.0,0.25,0.0,8.0,0.0,0.0,-250.0,-50.0,-50.0,-160.0,159.68719422671313,-117.5,230.71684628109406,-0.025252525252525304,-0.005025125628140725,-0.0050000000000000044,-0.015706057444099586,0.015366038051322195,-0.010615230559888677,0.021599656219604763,0
2023-11-20,-150.0,-0.015706806282722474,0,0.0,0.0,0.0,0.0,0.25,0.0,9.0,0.0,0.0,-100.0,-250.0,-50.0,-100.0,86.60254037844386,-112.5,229.9170330907704,-0.010362694300518172,-0.025252525252525304,-0.005025125628140725,-0.010123093911858727,0.008770605213013132,-0.01030003194158125,0.0215526463383396,0
2023-11-21,-470.0,-0.050000000000000044,0,0.0,0.0,0.0,0.0,0.2,0.0,10.0,0.0,0.0,-150.0,-100.0,-250.0,-120.0,83.66600265340756,-120.0,228.4962282309901,-0.015706806282722474,-0.010362694300518172,-0.025252525252525304,-0.012269430292781335,0.008504947345955466,-0.011085372255717374,0.02144346555127251,0
2023-11-22,-800.0,-0.08958566629339304,0,0.0,0.0,0.0,0.0,0.2,0.0,11.0,0.0,0.0,-470.0,-150.0,-100.0,-204.0,166.07227342335023,-133.5,241.10000109148703,-0.050000000000000044,-0.015706806282722474,-0.010362694300518172,-0.021269430292781343,0.017713609111920044,-0.012737914628598735,0.023126617712367896,0
2023-11-23,-230.0,-0.028290282902828978,0,0.0,0.0,0.0,0.0,0.2,0.0,12.0,0.0,0.0,-800.0,-470.0,-150.0,-354.0,286.93204770467867,-163.5,283.4240824741522,-0.08958566629339304,-0.050000000000000044,-0.015706806282722474,-0.03818153842583181,0.03251238783453642,-0.016355128977751144,0.028823947863489487,0
2023-11-24,540.0,0.06835443037974676,0,0.0,0.0,0.0,0.0,0.2,0.0,13.0,0.0,0.0,-230.0,-800.0,-470.0,-350.0,288.87713651308576,-170.0,283.38183279436595,-0.028290282902828978,-0.08958566629339304,-0.050000000000000044,-0.038789089955892544,0.032237607738054376,-0.017331046631664522,0.028884045972219052,0
2023-11-27,-490.0,-0.05805687203791465,0,0.0,0.0,0.0,0.0,0.15,0.0,14.0,0.0,0.0,540.0,-230.0,-800.0,-222.0,495.3483622663953,-143.0,323.3394826689602,0.06835443037974676,-0.028290282902828978,-0.08958566629339304,-0.023045665019839557,0.05828689871459673,-0.013913325112677183,0.03453411243247464,0
2023-11-28,-200.0,-0.02515723270440251,0,0.0,0.0,0.0,0.0,0.15,0.0,15.0,0.0,0.0,-490.0,540.0,-230.0,-290.0,506.2114182829147,-177.5,321.6221221770721,-0.05805687203791465,0.06835443037974676,-0.028290282902828978,-0.03151567817087799,0.06000556308057606,-0.017701124466785307,0.035035208901004165,0
2023-11-29,450.0,0.058064516129032295,0,0.0,0.0,0.0,0.0,0.15,0.0,16.0,0.0,0.0,-200.0,-490.0,540.0,-236.0,496.5178748041202,-162.5,312.66048510703695,-0.02515723270440251,-0.05805687203791465,0.06835443037974676,-0.026547124711758484,0.05911429070105407,-0.016785073058527174,0.03456207320267568,0
2023-11-30,290.0,0.03536585365853662,0,0.0,0.0,0.0,0.0,0.1,0.0,17.0,0.0,0.0,450.0,-200.0,-490.0,14.0,454.4557184148968,-140.0,339.9690388379805,0.058064516129032295,-0.02515723270440251,-0.05805687203791465,0.002982911772726582,0.0565755119895333,-0.013881847252075558,0.038284495349791905,0
2023-12-01,10.0,0.0011778563015312216,0,0.0,0.0,0.0,0.0,0.05,0.0,18.0,0.0,0.0,290.0,450.0,-200.0,118.0,444.0382866375376,-125.5,352.2181590704071,0.03536585365853662,0.058064516129032295,-0.02515723270440251,0.0157141390849997,0.054916699880573676,-0.012113554569148727,0.039748182534536505,0
2023-12-04,280.0,0.03294117647058825,0,0.0,0.0,0.0,0.0,0.05,0.0,19.0,0.0,0.0,10.0,290.0,450.0,12.0,376.19144062564743,-120.0,353.4938397438368,0.0011778563015312216,0.03536585365853662,0.058064516129032295,0.002278824269356594,0.0463711670428941,-0.011600116299526713,0.03985545932444657,0
2023-12-05,0.0,0.0,1,0.0,0.0,0.0,0.0,0.0,0.0,20.0,0.0,0.0,280.0,10.0,290.0,166.0,258.5149898942032,-106.0,363.8883576622156,0.03294117647058825,0.0011778563015312216,0.03536585365853662,0.020478433971057176,0.032576046256558994,-0.009953057475997302,0.04102361523330634,0
2023-12-06,720.0,0.08200455580865595,0,1.0,0.0,0.0,0.2,0.05,1.0,0.0,0.0,1.0,0.0,280.0,10.0,206.0,195.52493447128424,-78.5,349.0479532731997,0.0,0.03294117647058825,0.0011778563015312216,0.02550988051193768,0.024773827279825366,-0.007430121696180786,0.03993867275275046,0
2023-12-07,950.0,0.10000000000000009,0,0.0,1.0,0.0,0.2,0.05,0.0,1.0,1.0,0.0,720.0,0.0,280.0,260.0,292.8310092869264,-25.0,385.3569773599529,0.08200455580865595,0.0,0.03294117647058825,0.03029788844786241,0.03343721358423093,-0.001639072649709339,0.0440922797840723,0
2023-12-08,-450.0,-0.0430622009569378,0,0.0,0.0,1.0,0.2,0.05,0.0,2.0,0.0,0.0,950.0,720.0,0.0,392.0,427.5160815688692,0.0,431.27717305695563,0.10000000000000009,0.08200455580865595,0.0,0.0432247177161551,0.046014602350509345,0.0011109273502906691,0.04863532481970679,0
2023-12-11,-1000.0,-0.09999999999999998,0,0.0,0.0,0.0,0.2,0.05,0.0,3.0,0.0,0.0,-450.0,950.0,720.0,300.0,559.4193418179246,-2.5,433.8551177039335,-0.0430622009569378,0.10000000000000009,0.08200455580865595,0.0343767062644613,0.05864177641394368,0.0008716929005299024,0.04885056323363337,0
2023-12-12,80.0,0.008888888888888946,0,0.0,0.0,0.0,0.2,0.05,0.0,4.0,0.0,0.0,-1000.0,-450.0,950.0,44.0,808.3501716459273,-50.0,487.96030899848193,-0.09999999999999998,-0.0430622009569378,0.10000000000000009,0.007788470970343653,0.08407704639845416,-0.003879550880564625,0.05381772347646816,0
2023-12-13,460.0,0.05066079295154191,0,0.0,0.0,0.0,0.0,0.05,0.0,5.0,0.0,0.0,80.0,-1000.0,-450.0,60.0,808.0532160693379,-43.5,488.8253912777997,0.008888888888888946,-0.09999999999999998,-0.0430622009569378,0.009566248748121443,0.08396509259024702,-0.0031851064361201773,0.053892061923905284,0
2023-12-14,130.0,0.013626834381551323,0,0.0,0.0,0.0,0.0,0.05,0.0,6.0,0.0,0.0,460.0,80.0,-1000.0,8.0,762.0170601764767,-18.0,501.60374379531197,0.05066079295154191,0.008888888888888946,-0.09999999999999998,0.003297496176698633,0.07817530625817372,-0.0004008105071360457,0.05521426282346126,0
2023-12-15,-220.0,-0.022750775594622574,0,0.0,0.0,0.0,0.0,0.05,0.0,7.0,0.0,0.0,130.0,460.0,80.0,-156.0,573.5241930380967,1.0,499.5461097731349,0.013626834381551323,0.05066079295154191,0.008888888888888946,-0.01397713694699112,0.0585422289217391,0.0015431574745677855,0.05497715718401693,0
2023-12-18,-10.0,-0.0010582010582010914,0,0.0,0.0,0.0,0.0,0.05,0.0,8.0,0.0,0.0,-220.0,130.0,460.0,-110.0,552.9014378711635,-5.0,501.53973448088556,-0.022750775594622574,0.013626834381551323,0.05066079295154191,-0.009914851874528074,0.056695006956318385,0.0009237534098625655,0.055187737519669364,0
2023-12-19,-440.0,-0.04661016949152541,0,0.0,0.0,0.0,0.0,0.05,0.0,9.0,0.0,0.0,-10.0,-220.0,130.0,88.0,247.325696198353,2.0,500.3851148444506,-0.0010582010582010914,-0.022750775594622574,0.013626834381551323,0.009873507913831703,0.026751194788430525,0.0016561836710886346,0.055052446106719645,0
2023-12-20,-400.0,-0.0444444444444444,0,0.0,0.0,0.0,0.0,0.05,0.0,10.0,0.0,0.0,-440.0,-10.0,-220.0,-16.0,342.53466977811166,3.5,498.93861029399653,-0.04661016949152541,-0.0010582010582010914,-0.022750775594622574,-0.0012263037622511686,0.036864321955041635,0.0018256751965123664,0.0548900190394849,0
2023-12-21,-300.0,-0.03488372093023251,0,0.0,0.0,0.0,0.0,0.05,0.0,11.0,0.0,0.0,-400.0,-440.0,-10.0,-188.0,246.1097316239242,23.5,472.3432627811432,-0.0444444444444444,-0.04661016949152541,-0.0010582010582010914,-0.02024735124144843,0.026469079014152602,0.004082736288959799,0.05177297290044236,0
2023-12-22,-210.0,-0.025301204819277112,0,0.0,0.0,0.0,0.0,0.05,0.0,12.0,0.0,0.0,-300.0,-400.0,-440.0,-274.0,170.8215443086732,20.0,474.5746017556968,-0.03488372093023251,-0.0444444444444444,-0.04661016949152541,-0.029949462303805196,0.018698640633369627,0.003753064387589622,0.052010410132780655,0
2023-12-26,180.0,0.02224969097651419,0,0.0,0.0,0.0,0.0,0.05,0.0,13.0,0.0,0.0,-210.0,-300.0,-400.0,-272.0,171.6682847820179,-17.5,460.75310205426814,-0.025301204819277112,-0.03488372093023251,-0.0444444444444444,-0.030459548148736103,0.018486758204206068,-0.0009297173723615715,0.050067752859861286,0
2023-12-27,-70.0,-0.008464328899637219,0,0.0,0.0,0.0,0.0,0.05,0.0,14.0,0.0,0.0,180.0,-210.0,-300.0,-234.0,248.15317850069945,16.0,448.7925320703371,0.02224969097651419,-0.025301204819277112,-0.03488372093023251,-0.025797969741793048,0.02816120570841843,0.003085610778359871,0.048438856531958334,0
2023-12-28,820.0,0.10000000000000009,0,0.0,0.0,0.0,0.0,0.05,0.0,15.0,0.0,0.0,-70.0,180.0,-210.0,-160.0,225.49944567559362,22.5,446.4347067247576,-0.008464328899637219,0.02224969097651419,-0.025301204819277112,-0.018168801623415408,0.026213071373539835,0.003920255968598135,0.048068998581015106,0
2024-01-02,330.0,0.03658536585365857,0,0.0,0.0,0.0,0.0,0.05,0.0,16.0,0.0,0.0,820.0,-70.0,180.0,84.0,449.5887009256349,41.0,472.01583381113426,0.10000000000000009,-0.008464328899637219,0.02224969097651419,0.010720087265473488,0.054426825207383144,0.006017030162146525,0.051357227201905824,0
2024-01-03,-620.0,-0.06631016042780746,0,0.0,0.0,0.0,0.0,0.05,0.0,17.0,0.0,0.0,330.0,820.0,-70.0,210.0,400.6869101929835,43.0,473.20964531701156,0.03658536585365857,0.10000000000000009,-0.008464328899637219,0.025013904622251705,0.048520244357301914,0.006078005771902623,0.05139461689880429,0
2024-01-04,170.0,0.019473081328751363,0,0.0,0.0,0.0,0.0,0.05,0.0,18.0,0.0,0.0,-620.0,330.0,820.0,128.0,529.405326758241,11.5,495.9443411046077,-0.06631016042780746,0.03658536585365857,0.10000000000000009,0.016812113500545633,0.06101021263096674,0.002703604935435688,0.053888300555356476,0
2024-01-05,-410.0,-0.046067415730337125,0,0.0,0.0,0.0,0.0,0.05,0.0,19.0,0.0,0.0,170.0,-620.0,330.0,126.0,529.1786087891309,6.0,493.41345959069906,0.019473081328751363,-0.06631016042780746,0.03658536585365857,0.01625679157099307,0.06096096244698625,0.002030200178343844,0.05357378823197682,0
2024-01-08,-330.0,-0.03886925795053009,0,0.0,0.0,0.0,0.0,0.0,0.0,20.0,0.0,0.0,-410.0,170.0,-620.0,58.0,580.0603416886902,-14.5,502.11631070269317,-0.046067415730337125,0.019473081328751363,-0.06631016042780746,0.008736174204853087,0.06681191952119735,-0.0002731706081730123,0.054645274042635784,0
2024-01-09,-130.0,-0.015931372549019662,0,0.0,0.0,0.0,0.0,0.0,0.0,21.0,0.0,0.0,-330.0,-410.0,170.0,-172.0,403.50960335536007,-67.0,475.4621020926011,-0.03886925795053009,-0.046067415730337125,0.019473081328751363,-0.01903767738525295,0.044540957195640433,-0.006316861296132315,0.051669762754939175,0
2024-01-10,220.0,0.027397260273972712,0,0.0,0.0,0.0,0.0,0.0,0.0,22.0,0.0,0.0,-130.0,-330.0,-410.0,-264.0,299.4661917479167,-121.0,410.81305775383026,-0.015931372549019662,-0.03886925795053009,-0.046067415730337125,-0.029541025065788595,0.03278609499354192,-0.012113429923583302,0.04521450800793815,0
2024-01-11,210.0,0.025454545454545396,0,0.0,0.0,0.0,0.0,0.0,0.0,23.0,0.0,0.0,220.0,-130.0,-330.0,-96.0,285.0964748992874,-87.5,409.8892661760186,0.027397260273972712,-0.015931372549019662,-0.03886925795053009,-0.01079954092543256,0.033292247532074694,-0.008590456862037776,0.04542067948990154,0
2024-01-12,220.0,0.026004728132387633,0,0.0,0.0,0.0,0.0,0.0,0.0,24.0,0.0,0.0,210.0,220.0,-130.0,-88.0,294.8219801846531,-27.0,353.53999252671366,0.025454545454545396,0.027397260273972712,-0.015931372549019662,-0.009603248100273753,0.034728470026163305,-0.0023177295893105077,0.04053207945789927,0
2024-01-15,-160.0,-0.018433179723502335,0,0.0,0.0,0.0,0.0,0.0,0.0,25.0,0.0,0.0,220.0,210.0,220.0,38.0,254.6958971008367,-20.0,357.1377443243039,0.026004728132387633,0.025454545454545396,0.027397260273972712,0.004811180672271198,0.030510982398437466,-0.0014619376271355732,0.04095958570056634,0
2024-01-16,100.0,0.011737089201877993,0,0.0,0.0,0.0,0.0,0.0,0.0,26.0,0.0,0.0,-160.0,220.0,210.0,72.0,198.4187491140895,-51.0,339.76617346577956,-0.018433179723502335,0.026004728132387633,0.025454545454545396,0.008898396317676749,0.02383523180576967,-0.004916636260887786,0.03920835753871726,0
2024-01-17,310.0,0.03596287703016232,0,0.0,0.0,0.0,0.0,0.0,0.0,27.0,0.0,0.0,100.0,-160.0,220.0,118.0,163.4625339336204,-52.5,338.9903740288355,0.011737089201877993,-0.018433179723502335,0.026004728132387633,0.01443208866785628,0.019435181380194042,-0.0050111235198714525,0.03916356955686577,0
2024-01-18,70.0,0.007838745800671898,0,0.0,0.0,0.0,0.0,0.0,0.0,28.0,0.0,0.0,310.0,100.0,-160.0,136.0,181.46625030566977,-26.0,345.85363499912,0.03596287703016232,0.011737089201877993,-0.018433179723502335,0.0161452120190942,0.021164299632681835,-0.0020754408886322073,0.03995637571374927,0
2024-01-19,20.0,0.0022222222222221255,0,0.0,0.0,0.0,0.0,0.0,0.0,29.0,0.0,0.0,70.0,310.0,100.0,108.0,177.9606698121807,-22.0,346.51042362995344,0.007838745800671898,0.03596287703016232,0.011737089201877993,0.012622052088319503,0.020688044423676485,-0.0016305935456885578,0.04001777616921262,0
2024-01-22,50.0,0.005543237250554389,0,0.0,0.0,0.0,0.0,0.0,0.0,30.0,0.0,0.0,20.0,70.0,310.0,68.0,168.7305544351704,1.0,332.27921043033945,0.0022222222222221255,0.007838745800671898,0.03596287703016232,0.0078655509062864,0.019544306421397605,0.000811026039998819,0.038593343845323994,0
2024-01-23,0.0,0.0,1,0.0,0.0,0.0,0.0,0.0,0.0,31.0,0.0,0.0,50.0,20.0,70.0,110.0,115.54220008291342,23.5,318.65300381779633,0.005543237250554389,0.0022222222222221255,0.007838745800671898,0.012660834301097745,0.013478833849489502,0.0033104101247487584,0.037097932551427994,0
2024-01-24,-80.0,-0.008820286659316445,0,1.0,0.0,0.0,0.2,0.05,1.0,0.0,0.0,1.0,0.0,50.0,20.0,90.0,125.89678312014172,38.5,309.5544336113122,0.0,0.005543237250554389,0.0022222222222221255,0.010313416460722147,0.0146510018034052,0.005054596171260384,0.03601183932590982,0
2024-01-25,-190.0,-0.021134593993325956,0,0.0,1.0,0.0,0.2,0.05,0.0,1.0,1.0,0.0,-80.0,0.0,50.0,12.0,58.05170109479997,45.0,305.3987901951002,-0.008820286659316445,0.0,0.005543237250554389,0.0013567837228263934,0.00643631946356598,0.005878642079258417,0.03546507217834049,0
2024-01-26,190.0,0.021590909090908994,0,0.0,0.0,1.0,0.2,0.05,0.0,2.0,0.0,0.0,-190.0,-80.0,0.0,-40.0,96.69539802906858,26.5,307.98624371193716,-0.021134593993325956,-0.008820286659316445,0.0,-0.004437884235973177,0.010743139536195082,0.0037094278307664096,0.03573679323204052,0
2024-01-29,-70.0,-0.007786429365962189,0,0.0,0.0,0.0,0.2,0.05,0.0,3.0,0.0,0.0,190.0,-190.0,-80.0,-6.0,142.23220451079285,39.5,309.1835598543522,0.021590909090908994,-0.021134593993325956,-0.008820286659316445,-0.0005641468622358037,0.01596693494531928,0.00521218973029372,0.035829736673882236,0
2024-01-30,0.0,0.0,1,0.0,0.0,0.0,0.2,0.05,0.0,4.0,0.0,0.0,-70.0,190.0,-190.0,-30.0,140.53469322555196,-5.0,249.15647165670876,-0.007786429365962189,0.021590909090908994,-0.021134593993325956,-0.0032300801855391194,0.01580424996348457,-0.0001771317380043935,0.028092862904440047,0
2024-01-31,280.0,0.03139013452914807,0,1.0,0.0,0.0,0.2,0.1,1.0,0.0,0.0,1.0,0.0,-70.0,190.0,-30.0,140.53469322555196,-21.5,236.4045373150802,0.0,-0.007786429365962189,0.021590909090908994,-0.0032300801855391194,0.01580424996348457,-0.002006400030687322,0.026731211477388918,0
2024-02-01,-50.0,-0.005434782608695676,0,0.0,1.0,0.0,0.2,0.1,0.0,1.0,1.0,0.0,280.0,0.0,-70.0,42.0,191.49412523625887,23.5,199.21622740920768,0.03139013452914807,0.0,-0.007786429365962189,0.004812004052153785,0.021465265731374267,0.002878614717160455,0.023032794939288684,0
2024-02-02,-180.0,-0.01967213114754096,0,0.0,0.0,1.0,0.2,0.1,0.0,2.0,0.0,0.0,-50.0,280.0,0.0,70.0,156.04486534327236,12.5,196.759939225976,-0.005434782608695676,0.03139013452914807,0.0,0.007951966329079841,0.01750360250713204,0.0016332215202881028,0.02276007513199739,0
2024-02-05,60.0,0.006688963210702337,0,0.0,0.0,0.0,0.2,0.1,0.0,3.0,0.0,0.0,-180.0,-50.0,280.0,-4.0,171.8429515575195,24.0,176.43844908576114,-0.01967213114754096,-0.005434782608695676,0.03139013452914807,-0.00030064171861015064,0.019118359675349562,0.002952985749427911,0.02050177281942075,0
2024-02-06,0.0,0.0,1,0.0,0.0,0.0,0.2,0.1,0.0,4.0,0.0,0.0,60.0,-180.0,-50.0,22.0,169.1744661584602,43.5,155.57279561941849,0.006688963210702337,-0.01967213114754096,-0.005434782608695676,0.0025944367967227545,0.018794659274784933,0.005230896807489532,0.017987145950968394,0
2024-02-07,80.0,0.008859357696566983,0,1.0,0.0,0.0,0.2,0.15,1.0,0.0,0.0,1.0,0.0,60.0,-180.0,22.0,169.1744661584602,50.0,150.57783439313226,0.0,0.006688963210702337,-0.01967213114754096,0.0025944367967227545,0.018794659274784933,0.006027465434940515,0.017341828312669054,0
2024-02-08,-10.0,-0.001097694840834218,0,0.0,1.0,0.0,0.2,0.15,0.0,1.0,1.0,0.0,80.0,0.0,60.0,-18.0,104.01922899156675,43.0,145.42496708829208,0.008859357696566983,0.0,0.006688963210702337,-0.0019117185697934635,0.011418041798719534,0.005100570306070229,0.016619915076761266,0
2024-02-13,0.0,0.0,1,0.0,0.0,1.0,0.2,0.15,0.0,2.0,0.0,0.0,-10.0,80.0,0.0,-10.0,102.46950765959599,32.0,140.36043827082545,-0.001097694840834218,0.008859357696566983,0.0,-0.0010443010162211718,0.01124694739048224,0.003772958291301248,0.0159556838235549,0
2024-02-14,20.0,0.00219780219780219,0,1.0,0.0,0.0,0.4,0.2,1.0,0.0,0.0,1.0,0.0,-10.0,80.0,26.0,40.98780306383839,21.0,133.29429252992,0.0,-0.001097694840834218,0.008859357696566983,0.0028901252132870203,0.00454618694212699,0.0024727218846818666,0.01508443674960993,0
2024-02-15,20.0,0.002192982456140413,0,0.0,1.0,0.0,0.4,0.2,0.0,1.0,1.0,0.0,20.0,0.0,-10.0,18.0,36.3318042491699,30.0,126.32456109894606,0.00219780219780219,0.0,-0.001097694840834218,0.001991893010706991,0.00402135855245056,0.0035042709807470928,0.014262577823096806,0
2024-02-16,-10.0,-0.001094091903719896,0,0.0,0.0,1.0,0.2,0.2,0.0,2.0,0.0,0.0,20.0,20.0,0.0,22.0,34.92849839314596,26.0,125.2534273089197,0.002192982456140413,0.00219780219780219,0.0,0.0024304895019350735,0.003866402178312618,0.0030270656434602137,0.014131687201559783,0
2024-02-19,20.0,0.0021905805038335835,0,0.0,0.0,0.0,0.2,0.2,0.0,3.0,0.0,0.0,-10.0,20.0,20.0,4.0,15.165750888103101,10.0,106.02879450015992,-0.001094091903719896,0.002192982456140413,0.00219780219780219,0.0004397995818776979,0.0016639079939927703,0.001174217196766103,0.011827582394314728,0
2024-02-20,-30.0,-0.003278688524590123,0,0.0,0.0,0.0,0.2,0.2,0.0,4.0,0.0,0.0,20.0,-10.0,20.0,10.0,14.142135623730951,7.5,105.1252385941308,0.0021905805038335835,-0.001094091903719896,0.002192982456140413,0.001097454650811258,0.0015502542564234608,0.0008918089319241874,0.01172708148933019,0
2024-02-21,10.0,0.0010964912280702066,0,0.0,0.0,0.0,0.0,0.2,0.0,5.0,0.0,0.0,-30.0,20.0,-10.0,4.0,23.021728866442675,5.0,105.40648137467032,-0.003278688524590123,0.0021905805038335835,-0.001094091903719896,0.0004417169458932335,0.0025203876552529394,0.0006167633945835749,0.011758702070896476,0
2024-02-22,10.0,0.0010952902519167917,0,0.0,0.0,0.0,0.0,0.2,0.0,6.0,0.0,0.0,10.0,-30.0,20.0,2.0,21.6794833886788,3.0,104.88590292111802,0.0010964912280702066,-0.003278688524590123,0.0021905805038335835,0.00022145475194683683,0.0023723265220677143,0.00039442609345936576,0.011702554219803178,0
2024-02-23,-10.0,-0.001094091903719896,0,0.0,0.0,0.0,0.0,0.15,0.0,7.0,0.0,0.0,10.0,10.0,-30.0,0.0,20.0,3.5,104.8946840256519,0.0010952902519167917,0.0010964912280702066,-0.003278688524590123,1.9163111021125444e-06,0.0021878879008524407,0.00044919060605520534,0.011703174076134535,0
2024-02-26,0.0,0.0,1,0.0,0.0,0.0,0.0,0.15,0.0,8.0,0.0,0.0,-10.0,10.0,10.0,0.0,20.0,7.0,103.11465259092238,-0.001094091903719896,0.0010952902519167917,0.0010964912280702066,1.9163111021125444e-06,0.0021878879008524407,0.0008355003438350328,0.011506966296281724,0
2024-02-27,-30.0,-0.003285870755750264,0,1.0,0.0,0.0,0.2,0.2,1.0,0.0,0.0,1.0,0.0,-10.0,10.0,-4.0,16.73320053068151,16.5,92.18259911147341,0.0,-0.001094091903719896,0.0010952902519167917,-0.0004361997896646042,0.0018301255422603136,0.0018922300435013305,0.010289173298102094,0
2024-02-28,40.0,0.00439560439560438,0,0.0,1.0,0.0,0.2,0.2,0.0,1.0,1.0,0.0,-30.0,0.0,-10.0,-4.0,16.73320053068151,5.5,83.06465458969002,-0.003285870755750264,0.0,-0.001094091903719896,-0.00043763623589663234,0.0018329150342840936,0.0006483910511683677,0.009231829147906656,0
2024-02-29,0.0,0.0,1,0.0,0.0,1.0,0.2,0.2,0.0,2.0,0.0,0.0,40.0,-30.0,0.0,2.0,25.88435821108957,11.0,81.42804379198067,0.00439560439560438,-0.003285870755750264,0.0,0.0002221863976102023,0.0028402530027919065,0.0012574927392466962,0.009046028596361819,0
2024-03-04,-50.0,-0.005470459518599591,0,1.0,0.0,0.0,0.4,0.2,1.0,0.0,0.0,1.0,0.0,40.0,-30.0,0.0,25.495097567963924,11.0,81.42804379198067,0.0,0.00439560439560438,-0.003285870755750264,3.128347226843964e-06,0.0027980025369521684,0.0012574927392466962,0.009046028596361819,0
2024-03-05,10.0,0.0011001100110010764,0,0.0,1.0,0.0,0.4,0.2,0.0,1.0,1.0,0.0,-50.0,0.0,40.0,-8.0,34.20526275297414,-5.5,52.261991824584435,-0.005470459518599591,0.0,0.00439560439560438,-0.000872145175749095,0.003749700852497596,-0.000585536963140687,0.0057314281522580415,0
2024-03-06,0.0,0.0,1,0.0,0.0,1.0,0.2,0.2,0.0,2.0,0.0,0.0,10.0,-50.0,0.0,-6.0,35.07135583350036,-2.5,51.28609127135722,0.0011001100110010764,-0.005470459518599591,0.0,-0.0006521231735488797,0.0038447409158389413,-0.0002587923321558494,0.005625726086182708,0
2024-03-07,-10.0,-0.001098901098901095,0,1.0,0.0,0.0,0.4,0.25,1.0,0.0,0.0,1.0,0.0,10.0,-50.0,0.0,32.4037034920393,6.5,29.784312366699726,0.0,0.0011001100110010764,-0.005470459518599591,5.050977601173123e-06,0.0035516679117610617,0.0007248142252211986,0.0032860686658289762,0
2024-03-08,0.0,0.0,1,0.0,1.0,0.0,0.4,0.25,0.0,1.0,1.0,0.0,-10.0,0.0,10.0,-10.0,23.45207879911715,3.0,27.16421795011505,-0.001098901098901095,0.0,0.0011001100110010764,-0.0010938501212999219,0.0025671585735389042,0.0003354210097410271,0.0029902386913307787,0
2024-03-11,10.0,0.0011001100110010764,0,1.0,0.0,1.0,0.4,0.25,1.0,0.0,0.0,1.0,0.0,-10.0,0.0,-10.0,23.45207879911715,3.0,27.16421795011505,0.0,-0.001098901098901095,0.0,-0.0010938501212999219,0.0025671585735389042,0.0003354210097410271,0.0029902386913307787,0
2024-03-12,-10.0,-0.001098901098901095,0,0.0,1.0,0.0,0.4,0.25,0.0,1.0,1.0,0.0,10.0,0.0,-10.0,2.0,8.366600265340756,-0.5,20.384462607307576,0.0011001100110010764,0.0,-0.001098901098901095,0.00022026378462021158,0.0009199846498322062,-5.254137453726826e-05,0.002233783403565316,0
2024-03-13,10.0,0.0011001100110010764,0,0.0,0.0,1.0,0.4,0.25,0.0,2.0,0.0,0.0,-10.0,10.0,0.0,-2.0,8.366600265340756,-0.5,20.384462607307576,-0.001098901098901095,0.0011001100110010764,0.0,-0.00021953843736022272,0.0009198401572083458,-5.260168744061211e-05,0.002233813124384053,0
2024-03-14,0.0,0.0,1,0.0,0.0,0.0,0.2,0.2,0.0,3.0,0.0,0.0,10.0,-10.0,10.0,0.0,10.0,0.0,20.519567041684738,0.0011001100110010764,-0.001098901098901095,0.0011001100110010764,4.835648399925673e-07,0.0010995055881821419,2.4038131094417105e-06,0.0022486717206658727,0
2024-03-15,0.0,0.0,1,1.0,0.0,0.0,0.4,0.25,1.0,0.0,0.0,1.0,0.0,10.0,-10.0,2.0,8.366600265340756,-1.0,19.973666874670254,0.0,0.0011001100110010764,-0.001098901098901095,0.00022026378462021158,0.0009199846498322062,-0.00010748629678066778,0.002188639094396557,0
2024-03-18,0.0,0.0,1,1.0,1.0,0.0,0.4,0.3,2.0,0.0,0.0,0.0,0.0,0.0,10.0,2.0,8.366600265340756,-2.0,19.358120830920296,0.0,0.0,0.0011001100110010764,0.00022026378462021158,0.0009199846498322062,-0.00021713541958768846,0.0021212163695573222,0
2024-03-19,-50.0,-0.005494505494505475,0,1.0,1.0,1.0,0.6,0.35,3.0,0.0,0.0,0.0,0.0,0.0,0.0,0.0,7.0710678118654755,-1.5,19.269556026876472,0.0,0.0,0.0,2.4178241999628367e-07,0.0007774679043512483,-0.00016243082440169364,0.0021114956298641132,0
2024-03-20,-20.0,-0.0022099447513812542,0,0.0,1.0,1.0,0.6,0.35,0.0,1.0,1.0,0.0,-50.0,0.0,0.0,-8.0,23.874672772626646,-5.0,21.398475105515164,-0.005494505494505475,0.0,0.0,-0.0008788790967008797,0.0026238183212817694,-0.0005466851243186466,0.0023469038141036964,0
2024-03-21,-10.0,-0.001107419712070845,0,0.0,0.0,1.0,0.6,0.35,0.0,2.0,0.0,0.0,-20.0,-50.0,0.0,-14.0,21.908902300206645,-4.5,20.89447169391148,-0.0022099447513812542,-0.005494505494505475,0.0,-0.0015408900491773458,0.002408409003629192,-0.0004932479356582031,0.002292971779908955,0
2024-03-22,-110.0,-0.012195121951219523,0,0.0,0.0,0.0,0.4,0.35,0.0,3.0,0.0,0.0,-10.0,-20.0,-50.0,-16.0,20.73644135332772,-5.5,20.641042405319414,-0.001107419712070845,-0.0022099447513812542,-0.005494505494505475,-0.0017623739915915149,0.002278706564084634,-0.0006034434826652557,0.0022653423962924954,0
2024-03-25,-220.0,-0.024691358024691357,0,0.0,0.0,0.0,0.2,0.35,0.0,4.0,0.0,0.0,-110.0,-10.0,-20.0,-38.0,44.384682042344295,-11.5,30.826338704004137,-0.012195121951219523,-0.001107419712070845,-0.0022099447513812542,-0.0042013983818354195,0.004918385976178361,-0.0012679640928220715,0.0034039706525672104,0
2024-03-26,-270.0,-0.031070195627157626,0,0.0,0.0,0.0,0.0,0.35,0.0,5.0,0.0,0.0,-220.0,-110.0,-10.0,-82.0,86.4291617453276,-22.0,55.87580212540255,-0.024691358024691357,-0.012195121951219523,-0.001107419712070845,-0.00913966998677369,0.009708451833646705,-0.0024478273988706445,0.006244732142911075,0
2024-03-27,-320.0,-0.038004750593824244,0,0.0,0.0,0.0,0.0,0.3,0.0,6.0,0.0,0.0,-270.0,-220.0,-110.0,-126.0,116.74759098157016,-35.5,78.36990560963055,-0.031070195627157626,-0.024691358024691357,-0.012195121951219523,-0.01425480801330412,0.013359020300535807,-0.0040013371802285255,0.00890274103977009,0
2024-03-28,0.0,0.0,1,0.0,0.0,0.0,0.0,0.3,0.0,7.0,0.0,0.0,-320.0,-270.0,-220.0,-186.0,125.41929676090518,-50.0,100.8907694906739,-0.038004750593824244,-0.031070195627157626,-0.024691358024691357,-0.02141376918179272,0.014803556245717282,-0.005737281172132225,0.011701028661738609,0
2024-03-29,30.0,0.0037037037037037646,0,1.0,0.0,0.0,0.2,0.35,1.0,0.0,0.0,1.0,0.0,-320.0,-270.0,-184.0,128.9573572930215,-52.0,99.39818911830962,0.0,-0.038004750593824244,-0.031070195627157626,-0.02119228523937855,0.015186651344036855,-0.005957061391912444,0.011540870900123124,0
2024-04-01,30.0,0.0036900369003689537,0,0.0,1.0,0.0,0.2,0.3,0.0,1.0,1.0,0.0,30.0,0.0,-320.0,-156.0,160.40573555830227,-50.5,100.44506222963393,0.0037037037037037646,0.0,-0.038004750593824244,-0.01801252010839389,0.018780603710746992,-0.0057718762067272555,0.011670476137588178,0
2024-04-02,40.0,0.004901960784313708,0,0.0,0.0,1.0,0.2,0.3,0.0,2.0,0.0,0.0,30.0,30.0,0.0,-106.0,173.86776584519626,-46.5,102.04617118065147,0.0036900369003689537,0.0037037037037037646,0.0,-0.01233624112338183,0.02047033031113856,-0.005313851385778829,0.011861129495289594,0
2024-04-03,20.0,0.0024390243902439046,0,0.0,0.0,0.0,0.2,0.3,0.0,3.0,0.0,0.0,40.0,30.0,30.0,-44.0,155.01612819316577,-45.0,103.13506729169474,0.004901960784313708,0.0036900369003689537,0.0037037037037037646,-0.005141809841087563,0.018463024118973128,-0.005123758847113196,0.01199899706161146,0
2024-04-04,20.0,0.0024330900243310083,0,0.0,0.0,0.0,0.2,0.25,0.0,4.0,0.0,0.0,20.0,40.0,30.0,24.0,15.165750888103101,-44.0,103.68982084740847,0.0024390243902439046,0.004901960784313708,0.0036900369003689537,0.002946945155726066,0.0018634258909189048,-0.005001807627601001,0.012066020193261556,0
2024-04-05,250.0,0.03033980582524265,0,0.0,0.0,0.0,0.0,0.25,0.0,5.0,0.0,0.0,20.0,20.0,40.0,28.0,8.366600265340756,-42.5,104.42196784403316,0.0024330900243310083,0.0024390243902439046,0.004901960784313708,0.003433563160592268,0.0010350120936118664,-0.004825208071439396,0.012151693185980564,0
2024-04-08,70.0,0.008244994110718551,0,0.0,0.0,0.0,0.0,0.2,0.0,6.0,0.0,0.0,250.0,20.0,20.0,72.0,99.84988733093293,-30.0,123.07464572791538,0.03033980582524265,0.0024330900243310083,0.0024390243902439046,0.008760783584900044,0.01210641907528707,-0.003308217780177264,0.014460253468302271,0
2024-04-09,140.0,0.016355140186915973,0,0.0,0.0,0.0,0.0,0.2,0.0,7.0,0.0,0.0,70.0,250.0,20.0,80.0,97.21111047611791,-27.0,124.81987021303638,0.008244994110718551,0.03033980582524265,0.0024330900243310083,0.009671775026969965,0.011796880637601495,-0.00295097357519139,0.014661748584640508,0
2024-04-11,150.0,0.01724137931034475,0,0.0,0.0,0.0,0.0,0.2,0.0,8.0,0.0,0.0,140.0,70.0,250.0,100.0,97.21111047611791,-19.5,130.28208262317128,0.016355140186915973,0.008244994110718551,0.03033980582524265,0.011962410907490418,0.011751029203620443,-0.0020782715109005367,0.015284037489972134,0
2024-04-12,250.0,0.02824858757062154,0,0.0,0.0,0.0,0.0,0.2,0.0,9.0,0.0,0.0,150.0,140.0,70.0,126.0,87.34987120768983,-12.5,135.60294205781852,0.01724137931034475,0.016355140186915973,0.008244994110718551,0.014922881891510587,0.010555773583479037,-0.001271208045933353,0.01587542624032664,0
2024-04-15,-110.0,-0.012087912087912045,0,0.0,0.0,0.0,0.0,0.15,0.0,10.0,0.0,0.0,250.0,150.0,140.0,172.0,77.5886589650833,0.0,147.79074823261823,0.02824858757062154,0.01724137931034475,0.016355140186915973,0.020085981400768692,0.009137682584099357,0.00014122133259772407,0.017196170375818467,0
2024-04-16,10.0,0.0011123470522802492,0,0.0,0.0,0.0,0.0,0.1,0.0,11.0,0.0,0.0,-110.0,250.0,150.0,100.0,133.79088160259653,-5.5,149.82358046434862,-0.012087912087912045,0.02824858757062154,0.01724137931034475,0.011600437818137754,0.01503317356266138,-0.00046317427179787816,0.017412462439765967,0
2024-04-17,-100.0,-0.011111111111111072,0,0.0,0.0,0.0,0.0,0.05,0.0,12.0,0.0,0.0,10.0,-110.0,250.0,88.0,139.71399357258383,-5.0,149.85958340006604,0.0011123470522802492,-0.012087912087912045,0.02824858757062154,0.010173908406450095,0.01575239143818774,-0.00040755691918386574,0.01741579589632609,0
2024-04-18,-150.0,-0.016853932584269704,0,0.0,0.0,0.0,0.0,0.05,0.0,13.0,0.0,0.0,-100.0,10.0,-110.0,40.0,157.48015748023622,-7.5,151.0620297828164,-0.011111111111111072,0.0011123470522802492,-0.012087912087912045,0.004680658146844685,0.01772369023054601,-0.0006883872000141456,0.017546930607203397,0
2024-04-19,0.0,0.0,1,0.0,0.0,0.0,0.0,0.05,0.0,14.0,0.0,0.0,-150.0,-100.0,10.0,-20.0,162.17274740226856,-14.0,154.38843698180074,-0.016853932584269704,-0.011111111111111072,0.0011123470522802492,-0.002138404232078206,0.01823448384740163,-0.001420586591658568,0.017915427198149984,0
2024-04-22,-100.0,-0.011428571428571455,0,1.0,0.0,0.0,0.2,0.1,1.0,0.0,0.0,1.0,0.0,-150.0,-100.0,-70.0,71.06335201775947,-13.5,154.4182631685749,0.0,-0.016853932584269704,-0.011111111111111072,-0.007788121746202514,0.007930834864943611,-0.0013652156060550257,0.017918157177333638,0
2024-04-23,0.0,0.0,1,0.0,1.0,0.0,0.2,0.1,0.0,1.0,1.0,0.0,-100.0,0.0,-150.0,-68.0,69.7853852894716,-13.0,154.10522720735602,-0.011428571428571455,0.0,-0.016853932584269704,-0.007656253614334396,0.007846500772736376,-0.0013268880799226224,0.01789457673648548,0
2024-04-24,-120.0,-0.01387283236994219,0,1.0,0.0,1.0,0.4,0.15,1.0,0.0,0.0,1.0,0.0,-100.0,0.0,-70.0,67.08203932499369,-2.0,146.20101518835125,0.0,-0.011428571428571455,0.0,-0.007878723024790446,0.007545738798648557,-9.232017868805453e-05,0.017028583822661616,0
2024-04-25,-10.0,-0.0011723329425556983,0,0.0,1.0,0.0,0.4,0.15,0.0,1.0,1.0,0.0,-120.0,0.0,-100.0,-74.0,69.85699678629192,5.5,135.15974953637672,-0.01387283236994219,0.0,-0.011428571428571455,-0.00843106727655667,0.00793265859136256,0.0007675479841727173,0.01576966935024525,0
2024-04-26,140.0,0.016431924882629012,0,0.0,0.0,1.0,0.4,0.15,0.0,2.0,0.0,0.0,-10.0,-120.0,0.0,-46.0,58.9915248150105,21.0,111.58664323012712,-0.0011723329425556983,-0.01387283236994219,0.0,-0.005294747348213868,0.0067873105863736445,0.0026091688667361445,0.012891465165988266,0
2024-04-29,50.0,0.005773672055427337,0,0.0,0.0,0.0,0.2,0.1,0.0,3.0,0.0,0.0,140.0,-10.0,-120.0,-18.0,103.05338422390601,28.0,114.55175800989328,0.016431924882629012,-0.0011723329425556983,-0.01387283236994219,-0.0020083623716880663,0.01198209753819199,0.003430765110867595,0.01323545482153349,0
2024-04-30,50.0,0.00574052812858783,0,0.0,0.0,0.0,0.2,0.1,0.0,4.0,0.0,0.0,50.0,140.0,-10.0,12.0,94.7100839404126,29.0,114.65738436521626,0.005773672055427337,0.016431924882629012,-0.0011723329425556983,0.0014320863251116923,0.01103311980619999,0.003534263528453774,0.013245790793882564,0
2024-05-02,-10.0,-0.0011415525114155667,0,0.0,0.0,0.0,0.0,0.1,0.0,5.0,0.0,0.0,50.0,50.0,140.0,22.0,95.7601169589929,30.0,114.75374090909119,0.00574052812858783,0.005773672055427337,0.016431924882629012,0.002580191950829258,0.011144953987390398,0.0036367880898647174,0.013254992334130553,0
2024-05-03,-20.0,-0.0022857142857143353,0,0.0,0.0,0.0,0.0,0.1,0.0,6.0,0.0,0.0,-10.0,50.0,50.0,44.0,61.48170459575759,27.5,115.06862940733875,-0.0011415525114155667,0.00574052812858783,0.005773672055427337,0.005126447922534583,0.00720368434725112,0.0033346124250782537,0.01329346354631442,0
2024-05-07,50.0,0.00572737686139746,0,0.0,0.0,0.0,0.0,0.1,0.0,7.0,0.0,0.0,-20.0,-10.0,50.0,42.0,63.796551630946325,25.5,115.55244878864266,-0.0022857142857143353,-0.0011415525114155667,0.00574052812858783,0.004903771653902855,0.007459722805024839,0.003098375491280342,0.013352068881118883,0
2024-05-08,-50.0,-0.005694760820045608,0,0.0,0.0,0.0,0.0,0.1,0.0,8.0,0.0,0.0,50.0,-20.0,-10.0,24.0,35.77708763999664,27.0,115.6719499273668,0.00572737686139746,-0.0022857142857143353,-0.0011415525114155667,0.002762862049656545,0.004106470391841521,0.0032630898331336643,0.013363744259198628,0
2024-05-09,60.0,0.0068728522336769515,0,0.0,0.0,0.0,0.0,0.1,0.0,9.0,0.0,0.0,-50.0,50.0,-20.0,4.0,44.49719092257398,12.0,104.10520994091196,-0.005694760820045608,0.00572737686139746,-0.0022857142857143353,0.0004691754745619559,0.005089543533257652,0.0014613615008692515,0.01186630255813244,0
2024-05-10,40.0,0.004550625711035261,0,0.0,0.0,0.0,0.0,0.1,0.0,10.0,0.0,0.0,60.0,-50.0,50.0,6.0,47.22287581247038,11.5,103.83564949121477,0.0068728522336769515,-0.005694760820045608,0.00572737686139746,0.0006956402955797802,0.005398548396653255,0.0013927544070171717,0.011828925327173275,0
2024-05-13,20.0,0.0022650056625141968,0,0.0,0.0,0.0,0.0,0.1,0.0,11.0,0.0,0.0,40.0,60.0,-50.0,16.0,48.27007354458868,6.5,99.64542401091502,0.004550625711035261,0.0068728522336769515,-0.005694760820045608,0.0018340759400699458,0.005513228539705647,0.000802528683223136,0.011326907526971351,0
2024-05-14,-40.0,-0.004519774011299438,0,0.0,0.0,0.0,0.0,0.1,0.0,12.0,0.0,0.0,20.0,40.0,60.0,24.0,43.93176527297759,0.0,93.86440388021822,0.0022650056625141968,0.004550625711035261,0.0068728522336769515,0.002744219929715652,0.005016322712801583,5.371000083160826e-05,0.010658246841515463,0
2024-05-16,60.0,0.006810442678774065,0,0.0,0.0,0.0,0.0,0.1,0.0,13.0,0.0,0.0,-40.0,20.0,40.0,6.0,48.78524367060187,-14.5,73.37538666624049,-0.004519774011299438,0.0022650056625141968,0.004550625711035261,0.0006947897551762728,0.005556967174871051,-0.0015847080782644407,0.008368624510491588,0
2024-05-17,80.0,0.00901916572717032,0,0.0,0.0,0.0,0.0,0.1,0.0,14.0,0.0,0.0,60.0,-40.0,20.0,28.0,41.47288270665544,-6.0,71.55417527998803,0.006810442678774065,-0.004519774011299438,0.0022650056625141968,0.0031958304549402072,0.004712174868083463,-0.0006397903399301353,0.008185184044084458,0
2024-05-20,-50.0,-0.005586592178770999,0,0.0,0.0,0.0,0.0,0.1,0.0,15.0,0.0,0.0,80.0,60.0,-40.0,32.0,46.04345773288535,-2.5,74.04657140503775,0.00901916572717032,0.006810442678774065,-0.004519774011299438,0.003625093153638881,0.0052030707317557694,-0.0002444494061856317,0.008460580659002565,0
2024-05-21,-20.0,-0.0022471910112359383,0,0.0,0.0,0.0,0.0,0.1,0.0,16.0,0.0,0.0,-50.0,80.0,60.0,14.0,58.137767414994535,0.0,71.37742529753027,-0.005586592178770999,0.00901916572717032,0.006810442678774065,0.0015976495756776289,0.00655235986111241,3.1776540431371904e-05,0.008172402899823994,0
2024-05-22,-30.0,-0.0033783783783783994,0,0.0,0.0,0.0,0.0,0.1,0.0,17.0,0.0,0.0,-20.0,-50.0,80.0,6.0,59.833101206606365,6.5,62.34665398525526,-0.0022471910112359383,-0.005586592178770999,0.00901916572717032,0.0006952102409276018,0.006745352663606411,0.0007621136190830602,0.007175887582997187,0
2024-05-23,10.0,0.001129943502824915,0,0.0,0.0,0.0,0.0,0.05,0.0,18.0,0.0,0.0,-30.0,-20.0,-50.0,8.0,58.05170109479997,5.0,62.86995768208071,-0.0033783783783783994,-0.0022471910112359383,-0.005586592178770999,0.0009234893675118094,0.0065409601152254665,0.0005931947001641402,0.007234297238854018,0
2024-05-24,10.0,0.0011286681715576563,0,0.0,0.0,0.0,0.0,0.05,0.0,19.0,0.0,0.0,10.0,-30.0,-20.0,-2.0,50.695167422546305,10.5,57.80866808068155,0.001129943502824915,-0.0033783783783783994,-0.0022471910112359383,-0.0002126104676780205,0.0057023992047053424,0.0012211204467339587,0.006657980956087152,0
2024-05-27,10.0,0.0011273957158963732,0,0.0,0.0,0.0,0.0,0.0,0.0,20.0,0.0,0.0,10.0,10.0,-30.0,-16.0,26.076809620810597,11.0,57.756293801485064,0.0011286681715576563,0.001129943502824915,-0.0033783783783783994,-0.0017907099788005531,0.0029236438352068846,0.0012775538553118416,0.0066518664397233725,0
2024-05-28,-10.0,-0.0011261261261261701,0,0.0,0.0,0.0,0.0,0.0,0.0,21.0,0.0,0.0,10.0,10.0,10.0,-4.0,19.493588689617926,17.5,48.868782415117465,0.0011273957158963732,0.0011286681715576563,0.001129943502824915,-0.00044791239986707865,0.0021955560559909592,0.0020275652596037697,0.005619220858463108,0
2024-05-29,-10.0,-0.0011273957158962622,0,0.0,0.0,0.0,0.0,0.0,0.0,22.0,0.0,0.0,-10.0,10.0,10.0,-2.0,17.88854381999832,17.5,48.868782415117465,-0.0011261261261261701,0.0011273957158963732,0.0011286681715576563,-0.00022369942284512502,0.0020157553560530193,0.002029875600425246,0.005617845307899594,0
2024-05-30,40.0,0.004514672686230181,0,0.0,0.0,0.0,0.0,0.0,0.0,23.0,0.0,0.0,-10.0,-10.0,10.0,2.0,10.954451150103322,10.0,39.735970711941896,-0.0011273957158962622,-0.0011261261261261701,0.0011273957158963732,0.00022649710965130243,0.0012353503258242487,0.0011519095704989823,0.0045118346356528135,0
2024-05-31,-10.0,-0.0011235955056180247,0,0.0,0.0,0.0,0.0,0.0,0.0,24.0,0.0,0.0,40.0,-10.0,-10.0,8.0,20.493901531919196,9.5,39.26629732050641,0.004514672686230181,-0.0011273957158962622,-0.0011261261261261701,0.0009034429463323556,0.0023122131049757326,0.0010889596020391245,0.004452347796653261,0
2024-06-03,-40.0,-0.004499437570303688,0,0.0,0.0,0.0,0.0,0.0,0.0,25.0,0.0,0.0,-10.0,40.0,-10.0,4.0,21.908902300206645,6.5,38.28906673684014,-0.0011235955056180247,0.004514672686230181,-0.0011273957158962622,0.00045299021089721946,0.0024712819507590055,0.0007457534203288319,0.004338002922937417,0
2024-06-04,-210.0,-0.023728813559321993,0,0.0,0.0,0.0,0.0,0.0,0.0,26.0,0.0,0.0,-40.0,-10.0,40.0,-6.0,28.809720581775867,5.0,39.53679165961868,-0.004499437570303688,-0.0011235955056180247,0.004514672686230181,-0.0006723764463427928,0.003246860233259554,0.0005778591673844258,0.00447762538731623,0
2024-06-05,-40.0,-0.00462962962962965,0,0.0,0.0,0.0,0.0,0.0,0.0,27.0,0.0,0.0,-210.0,-40.0,-10.0,-46.0,96.0728889958036,-4.5,62.19451659701273,-0.023728813559321993,-0.004499437570303688,-0.0011235955056180247,-0.005192913932981958,0.010855707176752731,-0.0004942957962959571,0.007035838385208409,0
2024-06-07,40.0,0.0046511627906977715,0,0.0,0.0,0.0,0.0,0.0,0.0,28.0,0.0,0.0,-40.0,-210.0,-40.0,-52.0,94.18067742376883,-9.0,61.293083665797134,-0.00462962962962965,-0.023728813559321993,-0.004499437570303688,-0.005893360715728635,0.010638623449314884,-0.0010121461208473126,0.00693422408649771,0
2024-06-10,10.0,0.0011574074074074403,0,0.0,0.0,0.0,0.0,0.0,0.0,29.0,0.0,0.0,40.0,-40.0,-210.0,-52.0,94.18067742376883,-4.5,61.42817800188143,0.0046511627906977715,-0.00462962962962965,-0.023728813559321993,-0.0058660626948351165,0.010672128728103114,-0.0004948499403101437,0.0069523948565716935,0
2024-06-11,30.0,0.003468208092485492,0,0.0,0.0,0.0,0.0,0.0,0.0,30.0,0.0,0.0,10.0,40.0,-40.0,-48.0,96.79876032264049,-7.0,59.656913835869034,0.0011574074074074403,0.0046511627906977715,-0.00462962962962965,-0.0054098621122300235,0.010970128403251067,-0.0007806221816236192,0.0067480745563082934,0
2024-06-12,-10.0,-0.0011520737327188613,0,0.0,0.0,0.0,0.0,0.0,0.0,31.0,0.0,0.0,30.0,10.0,40.0,-34.0,103.10189135025604,-7.5,59.28299658595014,0.003468208092485492,0.0011574074074074403,0.0046511627906977715,-0.003816332979672188,0.011690481715556306,-0.0008347430625511076,0.00670728381507185,0
2024-06-13,40.0,0.0046136101499423265,0,0.0,0.0,0.0,0.0,0.0,0.0,32.0,0.0,0.0,-10.0,30.0,10.0,6.0,32.09361307176243,-9.0,58.92903850349688,-0.0011520737327188613,0.003468208092485492,0.0011574074074074403,0.0006990149856484385,0.003718837494010827,-0.0010055970323127605,0.0066675723600698854,0
2024-06-14,50.0,0.00574052812858783,0,0.0,0.0,0.0,0.0,0.0,0.0,33.0,0.0,0.0,40.0,-10.0,30.0,22.0,21.6794833886788,-5.0,59.427089339523185,0.0046136101499423265,-0.0011520737327188613,0.003468208092485492,0.002547662941562834,0.0025080428010348264,-0.0005489278242506723,0.006726729934272889,0
2024-06-17,60.0,0.006849315068493178,0,0.0,0.0,0.0,0.0,0.0,0.0,34.0,0.0,0.0,50.0,40.0,-10.0,24.0,24.08318915758459,-5.5,58.89106803867707,0.00574052812858783,0.0046136101499423265,-0.0011520737327188613,0.0027655360091408455,0.002770083387130094,-0.0006024235517599841,0.006669130388702887,0
2024-06-18,30.0,0.00340136054421758,0,0.0,0.0,0.0,0.0,0.0,0.0,35.0,0.0,0.0,60.0,50.0,40.0,34.0,27.018512172212592,-6.5,57.51658799629974,0.006849315068493178,0.00574052812858783,0.0046136101499423265,0.003903917541357993,0.003094554052203734,-0.0007109160846938412,0.006520359686183707,0
2024-06-19,60.0,0.006779661016949046,0,0.0,0.0,0.0,0.0,0.0,0.0,36.0,0.0,0.0,30.0,60.0,50.0,34.0,27.018512172212592,-2.5,57.11253894953723,0.00340136054421758,0.006849315068493178,0.00574052812858783,0.0038905480317044105,0.0030970504605446108,-0.0002615184485444122,0.006476216225128706,0
2024-06-20,-10.0,-0.001122334455667784,0,0.0,0.0,0.0,0.0,0.0,0.0,37.0,0.0,0.0,60.0,30.0,60.0,48.0,13.038404810405298,1.5,58.60438280717387,0.006779661016949046,0.00340136054421758,0.006849315068493178,0.005476894981637992,0.0014750714029576244,0.000189824152864837,0.006642951409536947,0
2024-06-21,40.0,0.004494382022471877,0,0.0,0.0,0.0,0.0,0.0,0.0,38.0,0.0,0.0,-10.0,60.0,30.0,38.0,29.49576240750525,2.5,58.2078851594532,-0.001122334455667784,0.006779661016949046,0.00340136054421758,0.00432970606051597,0.0033514063815484932,0.0003026263490003678,0.006598175462962729,0
2024-06-24,-20.0,-0.0022371364653244186,0,0.0,0.0,0.0,0.0,0.0,0.0,39.0,0.0,0.0,40.0,-10.0,60.0,36.0,28.809720581775867,4.0,58.79491564125599,0.004494382022471877,-0.001122334455667784,0.006779661016949046,0.004080476839292779,0.003265494686041686,0.00047084827498271585,0.006662948845298663,0
2024-06-25,10.0,0.0011210762331839152,0,0.0,0.0,0.0,0.0,0.0,0.0,40.0,0.0,0.0,-20.0,40.0,-10.0,20.0,33.91164991562634,2.5,59.01605490746866,-0.0022371364653244186,0.004494382022471877,-0.001122334455667784,0.0022631865325292598,0.0038205652268407334,0.0003025580431386121,0.006687918727790128,0
2024-06-26,20.0,0.002239641657334923,0,0.0,0.0,0.0,0.0,0.0,0.0,41.0,0.0,0.0,10.0,-20.0,40.0,16.0,33.61547262794322,2.5,59.01605490746866,0.0011210762331839152,-0.0022371364653244186,0.004494382022471877,0.001807129670322527,0.0037866842737854893,0.00030224206900298923,0.006687877856025601,0
2024-06-27,0.0,0.0,1,0.0,0.0,0.0,0.0,0.0,0.0,42.0,0.0,0.0,20.0,10.0,-20.0,8.0,23.874672772626646,4.0,59.06285679368066,0.002239641657334923,0.0011210762331839152,-0.0022371364653244186,0.0008991257983997025,0.002678364922202057,0.0004705304581760439,0.0066923890626459405,0
2024-06-28,0.0,0.0,1,1.0,0.0,0.0,0.2,0.05,1.0,0.0,0.0,1.0,0.0,20.0,10.0,10.0,22.360679774997898,4.5,58.98037140036986,0.0,0.002239641657334923,0.0011210762331839152,0.0011235926895332593,0.0025082241398261783,0.000526900243970857,0.006682962767759411,0
2024-07-01,0.0,0.0,1,1.0,1.0,0.0,0.4,0.1,2.0,0.0,0.0,0.0,0.0,0.0,20.0,2.0,14.832396974191326,2.5,58.388445143838524,0.0,0.0,0.002239641657334923,0.00022471628503888396,0.0016602032401609533,0.0003011666096593479,0.006617099130254078,0
2024-07-02,20.0,0.0022346368715084886,0,1.0,1.0,1.0,0.6,0.15,3.0,0.0,0.0,0.0,0.0,0.0,0.0,6.0,8.94427190999916,3.0,58.31854449125251,0.0,0.0,0.0,0.0006721435781037677,0.0010017387041984728,0.0003573463849402492,0.006609131036087032,0
2024-07-03,20.0,0.0022296544035673715,0,0.0,1.0,1.0,0.6,0.15,0.0,1.0,1.0,0.0,20.0,0.0,0.0,8.0,10.954451150103322,6.0,57.52802520693525,0.0022346368715084886,0.0,0.0,0.0008948557057686824,0.0012253329170116459,0.000694050107030858,0.006519606580174585,0
2024-07-04,-10.0,-0.0011123470522803602,0,0.0,0.0,1.0,0.6,0.15,0.0,2.0,0.0,0.0,20.0,20.0,0.0,8.0,10.954451150103322,17.5,26.92582403565863,0.0022296544035673715,0.0022346368715084886,0.0,0.000892858255015172,0.001222597786387317,0.0019919735051753262,0.0030761376773148575,0
2024-07-05,0.0,0.0,1,0.0,0.0,0.0,0.4,0.15,0.0,3.0,0.0,0.0,-10.0,20.0,20.0,6.0,13.416407864998739,19.0,24.257391711204875,-0.0011123470522803602,0.0022296544035673715,0.0022346368715084886,0.0006703888445591,0.001496259557783246,0.0021678376340427906,0.002762173547257967,0
2024-07-08,0.0,0.0,1,1.0,0.0,0.0,0.4,0.2,1.0,0.0,0.0,1.0,0.0,-10.0,20.0,6.0,13.416407864998739,17.0,24.08318915756906,0.0,-0.0011123470522803602,0.0022296544035673715,0.0006703888445591,0.001496259557783246,0.0019352794945079021,0.0027377805245055874,0
2024-07-09,-10.0,-0.00111358574610243,0,1.0,1.0,0.0,0.4,0.25,2.0,0.0,0.0,0.0,0.0,0.0,-10.0,6.0,13.416407864998739,16.5,24.33861994961677,0.0,0.0,-0.0011123470522803602,0.0006703888445591,0.001496259557783246,0.0018774091241375301,0.0027671631297805067,0
2024-07-10,10.0,0.0011148272017837968,0,0.0,1.0,1.0,0.4,0.25,0.0,1.0,1.0,0.0,-10.0,0.0,0.0,0.0,12.24744871391589,14.5,24.809802816401533,-0.00111358574610243,0.0,0.0,7.443210369162401e-07,0.0013646194678303067,0.001648319432208134,0.0028177296867724346,0
2024-07-11,10.0,0.00111358574610243,0,0.0,0.0,1.0,0.4,0.25,0.0,2.0,0.0,0.0,10.0,-10.0,0.0,-2.0,8.366600265340756,15.5,24.16500296752112,0.0011148272017837968,-0.00111358574610243,0.0,-0.0002222211193197987,0.0009318419580494897,0.001761664478933267,0.002743776510540343,0
2024-07-12,0.0,0.0,1,0.0,0.0,0.0,0.4,0.25,0.0,3.0,0.0,0.0,10.0,10.0,-10.0,2.0,8.366600265340756,14.0,23.48571794448006,0.00111358574610243,0.0011148272017837968,-0.00111358574610243,0.00022296544035675935,0.0009319895626726177,0.0015866632587412722,0.0026627230289414986,0
2024-07-15,0.0,0.0,1,1.0,0.0,0.0,0.4,0.3,1.0,0.0,0.0,1.0,0.0,10.0,10.0,2.0,8.366600265340756,11.5,22.070461326332676,0.0,0.00111358574610243,0.0011148272017837968,0.00022296544035675935,0.0009319895626726177,0.0012996368523118806,0.0024955434850337244,0
2024-07-16,0.0,0.0,1,1.0,1.0,0.0,0.4,0.35,2.0,0.0,0.0,0.0,0.0,0.0,10.0,2.0,8.366600265340756,8.5,18.99445902581755,0.0,0.0,0.00111358574610243,0.00022296544035675935,0.0009319895626726177,0.0009571710988872217,0.0021382663935700036,0
2024-07-17,10.0,0.0011123470522802492,0,1.0,1.0,1.0,0.6,0.4,3.0,0.0,0.0,0.0,0.0,0.0,0.0,4.0,5.477225575051661,7.0,18.381913307415974,0.0,0.0,0.0,0.0004456825895772454,0.0006102761773382164,0.0007871030716763427,0.002067736265604682,0
2024-07-18,0.0,0.0,1,0.0,1.0,1.0,0.6,0.4,0.0,1.0,1.0,0.0,10.0,0.0,0.0,4.0,5.477225575051661,4.5,13.562719801732381,0.0011123470522802492,0.0,0.0,0.0004451865596765359,0.0006095969598972549,0.0005037373734429029,0.0015187294301591753,0
2024-07-19,0.0,0.0,1,1.0,0.0,1.0,0.8,0.45,1.0,0.0,0.0,1.0,0.0,10.0,0.0,2.0,4.47213595499958,5.0,13.178930553180967,0.0,0.0011123470522802492,0.0,0.00022246941045604983,0.0004974567246960666,0.0005598540962262922,0.0014756069683364284,0
2024-07-22,0.0,0.0,1,1.0,1.0,0.0,0.8,0.5,2.0,0.0,0.0,0.0,0.0,0.0,10.0,2.0,4.47213595499958,3.0,10.310954828382048,0.0,0.0,0.0011123470522802492,0.00022246941045604983,0.0004974567246960666,0.0003351349951026983,0.001151517435787197,0
2024-07-23,10.0,0.0011111111111110628,0,1.0,1.0,1.0,0.8,0.55,3.0,0.0,0.0,0.0,0.0,0.0,0.0,2.0,4.47213595499958,4.0,8.825799501538441,0.0,0.0,0.0,0.00022246941045604983,0.0004974567246960666,0.0004469918183689192,0.0009851356228861652,0
2024-07-24,10.0,0.0011098779134295356,0,0.0,1.0,1.0,0.6,0.55,0.0,1.0,1.0,0.0,10.0,0.0,0.0,4.0,5.477225575051661,4.0,8.825799501538441,0.0011111111111110628,0.0,0.0,0.0004446916326782624,0.0006089192526699891,0.0004464935622652766,0.000984779200088712,0
2024-07-25,280.0,0.03104212860310418,0,0.0,0.0,1.0,0.6,0.55,0.0,2.0,0.0,0.0,10.0,10.0,0.0,4.0,5.477225575051661,3.5,8.127277008826404,0.0011098779134295356,0.0011111111111110628,0.0,0.00044419780490811966,0.0006082430506251564,0.0003900053750700072,0.0009057387733745153,0
2024-07-26,-100.0,-0.010752688172043001,0,0.0,0.0,0.0,0.4,0.5,0.0,3.0,0.0,0.0,280.0,10.0,10.0,60.0,123.08533625091171,17.5,62.3128777769199,0.03104212860310418,0.0011098779134295356,0.0011111111111110628,0.006652623525528955,0.013645449298516245,0.0019421118052252162,0.006908449283570736,0
2024-07-29,-50.0,-0.005434782608695676,0,0.0,0.0,0.0,0.2,0.45,0.0,4.0,0.0,0.0,-100.0,280.0,10.0,40.0,141.9506956657839,12.5,67.58036151987608,-0.010752688172043001,0.03104212860310418,0.0011098779134295356,0.004502085891120356,0.015655323065699462,0.001404477396623066,0.007463637788153504,0
2024-07-30,0.0,0.0,1,0.0,0.0,0.0,0.0,0.4,0.0,5.0,0.0,0.0,-50.0,-100.0,280.0,30.0,147.13938969562162,10.0,68.97749442275617,-0.005434782608695676,-0.010752688172043001,0.03104212860310418,0.0034151293693812203,0.01622437800792793,0.0011327382661882822,0.007614867622254865,0
2024-07-31,-10.0,-0.0010928961748634114,0,1.0,0.0,0.0,0.2,0.45,1.0,0.0,0.0,1.0,0.0,-50.0,-100.0,28.0,147.5466028073842,9.0,68.96986374687434,0.0,-0.005434782608695676,-0.010752688172043001,0.0031929071471590077,0.016271366429033114,0.001021006422612858,0.007614242902305034,0
2024-08-01,10.0,0.001094091903719896,0,0.0,1.0,0.0,0.2,0.45,0.0,1.0,1.0,0.0,-10.0,0.0,-50.0,24.0,148.42506526863986,7.5,69.0442268633457,-0.0010928961748634114,0.0,-0.005434782608695676,0.0027523523295004183,0.01637137836638335,0.0008548788936913188,0.007622725688993506,0
2024-08-02,0.0,0.0,1,0.0,0.0,1.0,0.2,0.45,0.0,2.0,0.0,0.0,10.0,-10.0,0.0,-30.0,45.27692569068709,8.5,68.92215288203053,0.001094091903719896,-0.0010928961748634114,0.0,-0.0032372550103764385,0.004877230875731748,0.0009652008414913315,0.007608709752858109,0
2024-08-05,0.0,0.0,1,1.0,0.0,0.0,0.4,0.45,1.0,0.0,0.0,1.0,0.0,10.0,-10.0,-10.0,23.45207879911715,8.5,68.92215288203053,0.0,0.001094091903719896,-0.0010928961748634114,-0.0010867173759678383,0.002550664024840116,0.0009652008414913315,0.007608709752858109,0
2024-08-06,0.0,0.0,1,1.0,1.0,0.0,0.6,0.45,2.0,0.0,0.0,0.0,0.0,0.0,10.0,0.0,7.0710678118654755,8.5,68.92215288203053,0.0,0.0,0.001094091903719896,2.391457712969114e-07,0.0007732171197133708,0.0009652008414913315,0.007608709752858109,0
2024-08-07,0.0,0.0,1,1.0,1.0,1.0,0.6,0.5,3.0,0.0,0.0,0.0,0.0,0.0,0.0,0.0,7.0710678118654755,9.0,68.81707254514292,0.0,0.0,0.0,2.391457712969114e-07,0.0007732171197133708,0.0010208801287964532,0.007596762029376255,0
2024-08-08,-60.0,-0.006557377049180357,0,1.0,1.0,1.0,0.8,0.55,4.0,0.0,0.0,0.0,0.0,0.0,0.0,2.0,4.47213595499958,8.5,68.84574672486686,0.0,0.0,0.0,0.0002188183807439792,0.0004892927740720745,0.0009651387687072632,0.00760012569663659,0
2024-08-09,40.0,0.004400440044004306,0,0.0,1.0,1.0,0.8,0.55,0.0,1.0,1.0,0.0,-60.0,0.0,0.0,-12.0,26.832815729997478,5.0,70.52435189723879,-0.006557377049180357,0.0,0.0,-0.0013114754098360714,0.002932548167213239,0.0005815906289431238,0.00778358706950851,0
2024-08-12,0.0,0.0,1,0.0,0.0,1.0,0.6,0.5,0.0,2.0,0.0,0.0,40.0,-60.0,0.0,-4.0,35.77708763999664,7.0,70.94104297898798,0.004400440044004306,-0.006557377049180357,0.0,-0.00043138740103521034,0.003918947272455415,0.0008016126311433391,0.007828347594916877,0
2024-08-13,-10.0,-0.0010952902519167917,0,1.0,0.0,0.0,0.6,0.5,1.0,0.0,0.0,1.0,0.0,40.0,-60.0,-4.0,35.77708763999664,7.0,70.94104297898798,0.0,0.004400440044004306,-0.006557377049180357,-0.00043138740103521034,0.003918947272455415,0.0008016126311433391,0.007828347594916877,0
2024-08-14,-20.0,-0.002192982456140302,0,0.0,1.0,0.0,0.4,0.45,0.0,1.0,1.0,0.0,-10.0,0.0,40.0,-6.0,35.77708763999664,6.5,71.02816342831379,-0.0010952902519167917,0.0,0.004400440044004306,-0.0006504454514185687,0.003919417388324157,0.0007468481185474996,0.007838075656591297,0
2024-08-16,100.0,0.01098901098901095,0,0.0,0.0,1.0,0.2,0.45,0.0,2.0,0.0,0.0,-20.0,-10.0,0.0,-10.0,36.05551275463989,5.0,71.26673395364982,-0.002192982456140302,-0.0010952902519167917,0.0,-0.0010890419426466292,0.0039510073832716465,0.000581581643126472,0.007864764607010046,0
2024-08-19,-70.0,-0.007608695652173925,0,0.0,0.0,0.0,0.2,0.4,0.0,3.0,0.0,0.0,100.0,-20.0,-10.0,22.0,49.193495504995376,10.0,74.33919416749778,0.01098901098901095,-0.002192982456140302,-0.0010952902519167917,0.0024202356649916323,0.005404705461814796,0.0011310321925770196,0.008198762276311833,0
2024-08-20,-30.0,-0.003285870755750264,0,0.0,0.0,0.0,0.2,0.35,0.0,4.0,0.0,0.0,-70.0,100.0,-20.0,0.0,62.048368229954285,6.5,76.45259969418471,-0.007608695652173925,0.01098901098901095,-0.002192982456140302,1.8408525755986284e-05,0.0067944416706562935,0.0007505974099683233,0.00842734693504709,0
2024-08-21,100.0,0.01098901098901095,0,0.0,0.0,0.0,0.0,0.3,0.0,5.0,0.0,0.0,-30.0,-70.0,100.0,-6.0,63.48228099241551,5.0,76.87994742316573,-0.003285870755750264,-0.007608695652173925,0.01098901098901095,-0.0006387656253940665,0.006953709151155861,0.00058630387218081,0.008474646964729372,0
2024-08-22,90.0,0.009782608695652284,0,0.0,0.0,0.0,0.0,0.3,0.0,6.0,0.0,0.0,100.0,-30.0,-70.0,16.0,78.93034904268447,9.5,79.76775499436698,0.01098901098901095,-0.003285870755750264,-0.007608695652173925,0.0017780946227914818,0.008648800361886304,0.0010801988660758045,0.008788854873554833,0
2024-08-23,110.0,0.011840688912809538,0,0.0,0.0,0.0,0.0,0.3,0.0,7.0,0.0,0.0,90.0,100.0,-30.0,38.0,81.67006795638167,13.5,81.77472264188457,0.009782608695652284,0.01098901098901095,-0.003285870755750264,0.004173212853149999,0.008927861256872891,0.0015138354051869418,0.009001770798935455,0
2024-08-26,900.0,0.0957446808510638,0,0.0,0.0,0.0,0.0,0.3,0.0,8.0,0.0,0.0,110.0,90.0,100.0,40.0,83.66600265340756,5.0,57.99274001748922,0.011840688912809538,0.009782608695652284,0.01098901098901095,0.004343548437909716,0.009096934103413046,0.0005537634206722097,0.0063074505346392765,0
2024-08-27,1000.0,0.09708737864077666,0,0.0,0.0,0.0,0.0,0.3,0.0,9.0,0.0,0.0,900.0,110.0,90.0,234.0,376.60323949748494,55.0,205.69522676957948,0.0957446808510638,0.011840688912809538,0.009782608695652284,0.025014223738557263,0.04001856950536004,0.00587863187182755,0.02191164692202052,0
2024-08-28,-850.0,-0.0752212389380531,0,0.0,0.0,0.0,0.0,0.3,0.0,10.0,0.0,0.0,1000.0,900.0,110.0,440.0,466.9582422444217,107.5,292.9680241219065,0.09708737864077666,0.0957446808510638,0.011840688912809538,0.045088873617862645,0.04686317875291437,0.011004739934301167,0.029724867852799583,0
2024-08-29,-480.0,-0.04593301435406694,0,0.0,0.0,0.0,0.0,0.25,0.0,11.0,0.0,0.0,-850.0,1000.0,900.0,250.0,748.364884264354,65.0,362.7308702199546,-0.0752212389380531,0.09708737864077666,0.0957446808510638,0.027846823632449835,0.07178076205489117,0.0072436779873985115,0.03540643043035133,0
2024-08-30,-20.0,-0.0020060180541624506,0,0.0,0.0,0.0,0.0,0.25,0.0,12.0,0.0,0.0,-480.0,-850.0,1000.0,136.0,818.9200205148242,41.5,382.53001258243125,-0.04593301435406694,-0.0752212389380531,0.09708737864077666,0.016703699022505993,0.07922470212375965,0.005001672078438335,0.037329557451002755,0
2024-09-02,-250.0,-0.025125628140703515,0,0.0,0.0,0.0,0.0,0.25,0.0,13.0,0.0,0.0,-20.0,-480.0,-850.0,110.0,822.0097323024831,40.0,382.71880566615164,-0.0020060180541624506,-0.04593301435406694,-0.0752212389380531,0.013934357629111594,0.07967790172530573,0.004846666580544218,0.037353066057731456,0
2024-09-03,190.0,0.019587628865979312,0,0.0,0.0,0.0,0.0,0.2,0.0,14.0,0.0,0.0,-250.0,-20.0,-480.0,-120.0,697.1011404380286,27.5,388.13826890616303,-0.025125628140703515,-0.0020060180541624506,-0.04593301435406694,-0.01023970416924187,0.06577442374680058,0.003590385173509042,0.037942520758581844,1
2024-09-04,-90.0,-0.009100101112234582,0,0.0,0.0,0.0,0.0,0.15,0.0,15.0,0.0,0.0,190.0,-250.0,-20.0,-282.0,404.4378815096331,37.0,389.751607808708,0.019587628865979312,-0.025125628140703515,-0.0020060180541624506,-0.025739654124201337,0.03699467571607071,0.004569766616808008,0.038097451170873986,0
2024-09-05,-200.0,-0.020408163265306145,0,0.0,0.0,0.0,0.0,0.1,0.0,16.0,0.0,0.0,-90.0,190.0,-250.0,-130.0,251.49552679918582,32.5,390.71964642856443,-0.009100101112234582,0.019587628865979312,-0.025125628140703515,-0.012515426559037635,0.024639757712994998,0.0041147615611962784,0.03820907983396659,0
2024-09-06,0.0,0.0,1,0.0,0.0,0.0,0.0,0.05,0.0,17.0,0.0,0.0,-200.0,-90.0,190.0,-74.0,173.0028901492689,22.5,394.1396359560634,-0.020408163265306145,-0.009100101112234582,0.019587628865979312,-0.007410456341285477,0.017633258027628412,0.0030943533979309714,0.03859530907981178,0
2024-09-09,0.0,0.0,1,1.0,0.0,0.0,0.2,0.1,1.0,0.0,0.0,1.0,0.0,-200.0,-90.0,-70.0,174.78558292948534,25.5,393.70674365573063,0.0,-0.020408163265306145,-0.009100101112234582,-0.007009252730452986,0.017808910992644516,0.003422222250389989,0.03853681011229951,0
2024-09-10,0.0,0.0,1,1.0,1.0,0.0,0.4,0.15,2.0,0.0,0.0,0.0,0.0,0.0,-200.0,-20.0,143.35271186831451,23.5,393.7308057142853,0.0,0.0,-0.020408163265306145,-0.0019841271023122832,0.014690952750902387,0.003202200248189774,0.038543492481288306,0
2024-09-11,-20.0,-0.002083333333333326,0,1.0,1.0,1.0,0.6,0.15,3.0,0.0,0.0,0.0,0.0,0.0,0.0,-58.0,88.43076387773658,23.5,393.7308057142853,0.0,0.0,0.0,-0.0059016528755081454,0.009016061152206725,0.003202200248189774,0.038543492481288306,0
2024-09-12,120.0,0.012526096033402823,0,0.0,1.0,1.0,0.6,0.15,0.0,1.0,1.0,0.0,-20.0,0.0,0.0,-44.0,87.63560920082658,23.0,393.78193270681555,-0.002083333333333326,0.0,0.0,-0.004498299319727894,0.008939517909147205,0.003152798094118947,0.03854992325040746,0
2024-09-13,290.0,0.02989690721649474,0,0.0,0.0,1.0,0.6,0.15,0.0,2.0,0.0,0.0,120.0,-20.0,0.0,20.0,56.568542494923804,30.0,394.2214178805975,0.012526096033402823,-0.002083333333333326,0.0,0.0020885525400138995,0.005904089706589382,0.0038887520185961035,0.038582982238984306,0
2024-09-19,0.0,0.0,1,0.0,0.0,0.0,0.4,0.15,0.0,3.0,0.0,0.0,290.0,120.0,-20.0,78.0,130.843417870369,39.5,398.2656479233285,0.02989690721649474,0.012526096033402823,-0.002083333333333326,0.008067933983312847,0.013505652769600137,0.004834146829970293,0.0389955590474131,0
2024-09-20,0.0,0.0,1,1.0,0.0,0.0,0.4,0.2,1.0,0.0,0.0,1.0,0.0,290.0,120.0,78.0,130.843417870369,43.0,397.5596611963109,0.0,0.02989690721649474,0.012526096033402823,0.008067933983312847,0.013505652769600137,0.005214581612578989,0.03890478858163136,0
2024-09-23,-30.0,-0.0030030030030030463,0,1.0,1.0,0.0,0.4,0.25,2.0,0.0,0.0,0.0,0.0,0.0,290.0,78.0,130.843417870369,44.5,397.3262612699242,0.0,0.0,0.02989690721649474,0.008067933983312847,0.013505652769600137,0.005378875150366502,0.0388739279700852,0
2024-09-24,-160.0,-0.016064257028112428,0,0.0,1.0,1.0,0.4,0.25,0.0,1.0,1.0,0.0,-30.0,0.0,0.0,76.0,132.77801022759755,38.0,397.43387400991065,-0.0030030030030030463,0.0,0.0,0.007884000049378902,0.013683556610880976,0.004679274450765802,0.03889355018584385,0
2024-09-25,60.0,0.00612244897959191,0,0.0,0.0,1.0,0.4,0.25,0.0,2.0,0.0,0.0,-160.0,-30.0,0.0,20.0,164.7725705328408,25.5,399.63766483890623,-0.016064257028112428,-0.0030030030030030463,0.0,0.002165929437075853,0.016863030498556933,0.003386931164577567,0.039143665031272874,0
2024-09-26,140.0,0.014198782961460488,0,0.0,0.0,0.0,0.4,0.25,0.0,3.0,0.0,0.0,60.0,-160.0,-30.0,-26.0,81.7312669668102,23.0,399.23743100539645,0.00612244897959191,-0.016064257028112428,-0.0030030030030030463,-0.0025889622103047127,0.008231784979229715,0.0031010191679166853,0.039099526079900235,0
2024-09-27,-10.0,-0.0010000000000000009,0,0.0,0.0,0.0,0.2,0.25,0.0,4.0,0.0,0.0,140.0,60.0,-160.0,2.0,111.44505372604026,-15.0,343.6721203644379,0.014198782961460488,0.00612244897959191,-0.016064257028112428,0.0002507943819873848,0.011245595925577865,-0.0009762757265634803,0.032650067697042706,0
2024-09-30,-40.0,-0.004004004004004025,0,0.0,0.0,0.0,0.0,0.25,0.0,5.0,0.0,0.0,-10.0,140.0,60.0,0.0,111.57956802210698,-65.5,247.3964429817033,-0.0010000000000000009,0.014198782961460488,0.00612244897959191,5.079438198738462e-05,0.011260054392069658,-0.005880644658602313,0.023120934981937912,0
2024-10-02,-20.0,-0.0020100502512563345,0,0.0,0.0,0.0,0.0,0.25,0.0,6.0,0.0,0.0,-40.0,-10.0,140.0,-2.0,112.33877335986894,-25.0,164.68470673252614,-0.004004004004004025,-0.0010000000000000009,0.014198782961460488,-0.00014940581821281106,0.011336562646269064,-0.0023197829118998593,0.016381607291936825,0
2024-10-04,170.0,0.017119838872104776,0,0.0,0.0,0.0,0.0,0.25,0.0,7.0,0.0,0.0,-20.0,-40.0,-10.0,26.0,74.02702209328699,-2.0,125.17776833052154,-0.0020100502512563345,-0.004004004004004025,-0.0010000000000000009,0.0026614355371584074,0.007495765030648596,-0.00012363470675932908,0.012773955268006761,0
2024-10-07,-50.0,-0.004950495049504955,0,0.0,0.0,0.0,0.0,0.25,0.0,8.0,0.0,0.0,170.0,-20.0,-40.0,48.0,98.84331034521254,7.5,130.82229811545784,0.017119838872104776,-0.0020100502512563345,-0.004004004004004025,0.004860913515660981,0.009970259144531677,0.0008326581395540322,0.013329446674724028,0
2024-10-08,50.0,0.004975124378109541,0,0.0,0.0,0.0,0.0,0.25,0.0,9.0,0.0,0.0,-50.0,170.0,-20.0,10.0,90.82951062292474,17.5,117.01889186208685,-0.004950495049504955,0.017119838872104776,-0.0020100502512563345,0.0010310579134678922,0.009128981764332196,0.0018414147941139603,0.011954011127892673,0
2024-10-10,50.0,0.004950495049504955,0,0.0,0.0,0.0,0.0,0.25,0.0,10.0,0.0,0.0,50.0,-50.0,170.0,22.0,91.48770409186143,10.5,110.14225251679248,0.004975124378109541,-0.004950495049504955,0.017119838872104776,0.0022260827890898003,0.009187536040431528,0.0011107895697204718,0.011237355505474184,0
2024-10-11,50.0,0.0049261083743843415,0,0.0,0.0,0.0,0.0,0.25,0.0,11.0,0.0,0.0,50.0,50.0,-50.0,40.0,84.8528137423857,17.5,107.84369781259328,0.004950495049504955,0.004975124378109541,-0.004950495049504955,0.004016982599791596,0.008517850433534735,0.0018133193778074486,0.011002141187297768,0
2024-10-14,100.0,0.009803921568627416,0,0.0,0.0,0.0,0.0,0.25,0.0,12.0,0.0,0.0,50.0,50.0,50.0,54.0,77.9743547584717,30.0,95.03461973074667,0.0049261083743843415,0.004950495049504955,0.004975124378109541,0.005404214324919732,0.00782774599458041,0.003080032959791973,0.009689112180018774,0
2024-10-15,650.0,0.06310679611650483,0,0.0,0.0,0.0,0.0,0.2,0.0,13.0,0.0,0.0,100.0,50.0,50.0,40.0,54.772255750516614,35.0,95.99890350250577,0.009803921568627416,0.0049261083743843415,0.004950495049504955,0.00394103086422426,0.005396560606630503,0.0035702290382233436,0.009772725830453929,0
2024-10-16,-200.0,-0.0182648401826484,0,0.0,0.0,0.0,0.0,0.15,0.0,14.0,0.0,0.0,650.0,100.0,50.0,180.0,263.6285265292814,67.5,167.17072899158558,0.06310679611650483,0.009803921568627416,0.0049261083743843415,0.017552489097426217,0.025552206529801797,0.006725568844048585,0.01645943999057594,0
2024-10-17,150.0,0.013953488372093092,0,0.0,0.0,0.0,0.0,0.1,0.0,15.0,0.0,0.0,-200.0,650.0,100.0,130.0,313.4485603731496,57.5,177.10760927514406,-0.0182648401826484,0.06310679611650483,0.009803921568627416,0.012904496185274627,0.030117822037309186,0.005812326834916165,0.01733562984292107,0
2024-10-18,0.0,0.0,1,0.0,0.0,0.0,0.0,0.1,0.0,16.0,0.0,0.0,150.0,-200.0,650.0,150.0,310.2418411497714,66.0,177.27172125833815,0.013953488372093092,-0.0182648401826484,0.06310679611650483,0.014705094849792256,0.029790754815340673,0.006614167920187486,0.017322080916269668,0
2024-10-21,50.0,0.004587155963302836,0,1.0,0.0,0.0,0.2,0.15,1.0,0.0,0.0,1.0,0.0,150.0,-200.0,140.0,315.03968004046726,60.0,177.37857225362947,0.0,0.013953488372093092,-0.0182648401826484,0.013719873174915386,0.030272570997451283,0.005987863118517345,0.017323525876823953,0
2024-10-22,0.0,0.0,1,0.0,1.0,0.0,0.2,0.15,0.0,1.0,1.0,0.0,50.0,0.0,150.0,130.0,317.41140496207754,48.0,168.91604890875993,0.004587155963302836,0.0,0.013953488372093092,0.012676520053850471,0.030530079991670633,0.00472237555585775,0.016384005105631,0
2024-10-23,0.0,0.0,1,1.0,0.0,1.0,0.4,0.15,1.0,0.0,0.0,1.0,0.0,50.0,0.0,0.0,127.47548783981962,48.0,168.91604890875993,0.0,0.004587155963302836,0.0,5.5160830549505493e-05,0.01171890578182708,0.00472237555585775,0.016384005105631,0
2024-10-24,300.0,0.027397260273972712,0,1.0,1.0,0.0,0.6,0.15,2.0,0.0,0.0,0.0,0.0,0.0,50.0,40.0,65.19202405202648,48.0,168.91604890875993,0.0,0.0,0.004587155963302836,0.0037081288670791856,0.006061986867098021,0.00472237555585775,0.016384005105631,0
2024-10-25,100.0,0.008888888888888946,0,0.0,1.0,1.0,0.6,0.15,0.0,1.0,1.0,0.0,300.0,0.0,0.0,70.0,130.38404810405297,64.5,176.82804612033706,0.027397260273972712,0.0,0.0,0.006396883247455109,0.011906419423399407,0.006242388719706537,0.01702712536461213,0
2024-10-28,200.0,0.017621145374449254,0,0.0,0.0,1.0,0.4,0.15,0.0,2.0,0.0,0.0,100.0,300.0,0.0,90.0,124.49899597988733,77.5,168.83112085282224,0.008888888888888946,0.027397260273972712,0.0,0.008174661025232899,0.011363744999373811,0.0074900460155566066,0.01620074967325046,0
2024-10-29,400.0,0.03463203463203457,0,0.0,0.0,0.0,0.4,0.15,0.0,3.0,0.0,0.0,200.0,100.0,300.0,120.0,130.38404810405297,84.5,170.95628865759272,0.017621145374449254,0.008888888888888946,0.027397260273972712,0.010781458907462182,0.011820825897963008,0.008064980835299473,0.016352980351507625,0
2024-10-30,550.0,0.046025104602510414,0,0.0,0.0,0.0,0.2,0.15,0.0,4.0,0.0,0.0,400.0,200.0,100.0,200.0,158.11388300841898,97.5,184.72953201910954,0.03463203463203457,0.017621145374449254,0.008888888888888946,0.017707865833869095,0.013889404606652375,0.009086643418828177,0.0173634344943971,0
2024-10-31,50.0,0.0040000000000000036,0,0.0,0.0,0.0,0.0,0.15,0.0,5.0,0.0,0.0,550.0,400.0,200.0,310.0,174.64249196572982,125.5,208.49018656698465,0.046025104602510414,0.03463203463203457,0.017621145374449254,0.02691288675437118,0.0144594060187885,0.011437898648953698,0.01902965802635333,0
2024-11-01,-450.0,-0.03585657370517925,0,0.0,0.0,0.0,0.0,0.15,0.0,6.0,0.0,0.0,50.0,550.0,400.0,260.0,210.3568396796263,130.0,205.68243278873857,0.0040000000000000036,0.046025104602510414,0.03463203463203457,0.022233434699576636,0.017688817750992108,0.0118380988491539,0.018770212378804378,0
2024-11-04,-150.0,-0.012396694214875992,0,0.0,0.0,0.0,0.0,0.15,0.0,7.0,0.0,0.0,-450.0,50.0,550.0,150.0,385.68121551353784,108.5,241.5362019286229,-0.03585657370517925,0.0040000000000000036,0.046025104602510414,0.013284342180762998,0.0318100533744086,0.010145772676457753,0.02142284538232494,0
2024-11-05,-50.0,-0.004184100418409997,0,0.0,0.0,0.0,0.0,0.15,0.0,8.0,0.0,0.0,-150.0,-450.0,50.0,80.0,405.58599581346493,92.5,247.76633729127948,-0.012396694214875992,-0.03585657370517925,0.0040000000000000036,0.0072807742628979485,0.03357086390168629,0.008669946022108715,0.021927862243942293,0
2024-11-06,100.0,0.008403361344537785,0,0.0,0.0,0.0,0.0,0.15,0.0,9.0,0.0,0.0,-50.0,-150.0,-450.0,-10.0,364.6916505762094,92.5,247.76633729127948,-0.004184100418409997,-0.012396694214875992,-0.03585657370517925,-0.00048245274719096456,0.029958408886525924,0.008708265753663463,0.021903463359970787,0
2024-11-07,0.0,0.0,1,0.0,0.0,0.0,0.0,0.15,0.0,10.0,0.0,0.0,100.0,-50.0,-150.0,-100.0,217.94494717703367,95.0,247.5671094556176,0.008403361344537785,-0.004184100418409997,-0.012396694214875992,-0.00800680139878549,0.017485356304150247,0.008879677601984876,0.021886118428913366,0
2024-11-08,50.0,0.004166666666666652,0,1.0,0.0,0.0,0.2,0.2,1.0,0.0,0.0,1.0,0.0,100.0,-50.0,-110.0,210.3568396796263,92.5,248.29683000286758,0.0,0.008403361344537785,-0.004184100418409997,-0.00880680139878549,0.016879694377728405,0.008632152849509628,0.021960761954146073,0
2024-11-11,-100.0,-0.008298755186721962,0,0.0,1.0,0.0,0.2,0.2,0.0,1.0,1.0,0.0,50.0,0.0,100.0,-10.0,96.17692030835673,92.5,248.29683000286758,0.004166666666666652,0.0,0.008403361344537785,-0.0008021533244163103,0.007999141625623141,0.008594180764123743,0.021968162621272616,0
2024-11-12,-500.0,-0.04184100418410042,0,0.0,0.0,1.0,0.2,0.2,0.0,2.0,0.0,0.0,-100.0,50.0,0.0,0.0,79.05694150420949,82.5,251.97900915082354,-0.008298755186721962,0.004166666666666652,0.0,1.7434481214495534e-05,0.006602122900113194,0.007689046926356274,0.022286325376643396,0
2024-11-13,0.0,0.0,1,0.0,0.0,0.0,0.2,0.2,0.0,3.0,0.0,0.0,-500.0,-100.0,50.0,-90.0,240.8318915758459,25.0,246.8219046834745,-0.04184100418410042,-0.008298755186721962,0.004166666666666652,-0.007513946271923588,0.020157006343293357,0.0024416569113260124,0.020860845564161613,0
2024-11-14,250.0,0.02183406113537112,0,1.0,0.0,0.0,0.4,0.25,1.0,0.0,0.0,1.0,0.0,-500.0,-100.0,-110.0,224.72205054244233,35.0,241.21403467940047,0.0,-0.04184100418410042,-0.008298755186721962,-0.009194618540831145,0.01880289225981735,0.0033548989204584324,0.020298878790153067,0
2024-11-15,50.0,0.004273504273504258,0,0.0,1.0,0.0,0.2,0.25,0.0,1.0,1.0,0.0,250.0,0.0,-500.0,-60.0,277.0379035439014,40.0,244.73401243412098,0.02183406113537112,0.0,-0.04184100418410042,-0.004827806313756922,0.023436551242351875,0.0037489275586223337,0.02058984073588884,0
2024-11-18,-100.0,-0.008510638297872353,0,0.0,0.0,1.0,0.2,0.2,0.0,2.0,0.0,0.0,50.0,250.0,0.0,-60.0,277.0379035439014,42.5,244.5592168091708,0.004273504273504258,0.02183406113537112,0.0,-0.0048064387923894,0.023446848209817652,0.003962602772297546,0.020571053845541643,0
2024-11-19,-50.0,-0.0042918454935622075,0,0.0,0.0,0.0,0.2,0.2,0.0,3.0,0.0,0.0,-100.0,50.0,250.0,-60.0,277.0379035439014,35.0,246.60857542608576,-0.008510638297872353,0.004273504273504258,0.02183406113537112,-0.004848815414619479,0.02345492808124049,0.003307713059238787,0.020757764476770052,0
2024-11-20,-100.0,-0.008620689655172376,0,0.0,0.0,0.0,0.2,0.15,0.0,4.0,0.0,0.0,-50.0,-100.0,50.0,30.0,135.09256086106296,32.5,247.23470630152073,-0.0042918454935622075,-0.008510638297872353,0.004273504273504258,0.0026610163234881633,0.011730674821245969,0.003093120784560677,0.020815862199441024,0
2024-11-21,-100.0,-0.008695652173912993,0,0.0,0.0,0.0,0.0,0.1,0.0,5.0,0.0,0.0,-100.0,-50.0,-100.0,10.0,147.47881203752627,27.5,248.93192897488484,-0.008620689655172376,-0.0042918454935622075,-0.008510638297872353,0.0009368783924536883,0.012803979371040991,0.002662086301802058,0.02097195170414625,0
2024-11-22,-100.0,-0.00877192982456143,0,0.0,0.0,0.0,0.0,0.1,0.0,6.0,0.0,0.0,-100.0,-100.0,-50.0,-60.0,65.19202405202648,7.5,241.85413176671346,-0.008695652173912993,-0.008620689655172376,-0.0042918454935622075,-0.0051690642694031345,0.005600184606507702,0.0008574406794077727,0.02027270252118982,0
2024-11-25,-50.0,-0.004424778761061954,0,0.0,0.0,0.0,0.0,0.1,0.0,7.0,0.0,0.0,-100.0,-100.0,-100.0,-90.0,22.360679774997898,-2.5,241.96291581888775,-0.00877192982456143,-0.008695652173912993,-0.008620689655172376,-0.007778151089016272,0.001951290590065444,-2.5600256264746157e-05,0.02028908479274941,0
2024-11-26,-250.0,-0.022222222222222254,0,0.0,0.0,0.0,0.0,0.1,0.0,8.0,0.0,0.0,-50.0,-100.0,-100.0,-80.0,27.386127875258307,-15.0,237.36492003486342,-0.004424778761061954,-0.00877192982456143,-0.008695652173912993,-0.0069609791816541925,0.002376965433875427,-0.0011278964630403066,0.0198745225357182,0
2024-11-27,100.0,0.009090909090909038,0,0.0,0.0,0.0,0.0,0.1,0.0,9.0,0.0,0.0,-250.0,-50.0,-100.0,-120.0,75.82875444051551,-47.5,221.52283950205185,-0.022222222222222254,-0.004424778761061954,-0.00877192982456143,-0.0105470545273862,0.006783830799544632,-0.003970609305753148,0.01850961891560871,0
2024-11-28,-400.0,-0.036036036036036,0,0.0,0.0,0.0,0.0,0.1,0.0,10.0,0.0,0.0,100.0,-250.0,-50.0,-80.0,125.49900398011133,-70.0,175.7689871453564,0.009090909090909038,-0.022222222222222254,-0.004424778761061954,-0.007004734778169919,0.011216951777238198,-0.005817319081333217,0.014711862326824069,0
2024-11-29,700.0,0.06542056074766345,0,0.0,0.0,0.0,0.0,0.1,0.0,11.0,0.0,0.0,-400.0,100.0,-250.0,-140.0,191.70289512680813,-92.5,187.97746225489018,-0.036036036036036,0.009090909090909038,-0.022222222222222254,-0.01247281155059452,0.01727525659600788,-0.007819120883135017,0.015975286605970113,0
2024-12-02,-300.0,-0.02631578947368418,0,0.0,0.0,0.0,0.0,0.1,0.0,12.0,0.0,0.0,700.0,-400.0,100.0,20.0,425.1470333896263,-35.0,241.21403467940047,0.06542056074766345,-0.036036036036036,0.009090909090909038,0.0023656865638504556,0.03919985252783053,-0.002755264160492882,0.021660156444978925,0
2024-12-03,-100.0,-0.009009009009009028,0,0.0,0.0,0.0,0.0,0.1,0.0,13.0,0.0,0.0,-300.0,700.0,-400.0,-30.0,449.44410108488466,-42.5,247.23470630152073,-0.02631578947368418,0.06542056074766345,-0.036036036036036,-0.00201251557867399,0.041313397134505464,-0.0034512189234332915,0.0222030572647067,0
2024-12-04,0.0,0.0,1,0.0,0.0,0.0,0.0,0.1,0.0,14.0,0.0,0.0,-100.0,-300.0,700.0,0.0,435.88989435406734,-45.0,247.56710945561758,-0.009009009009009028,-0.02631578947368418,0.06542056074766345,0.0006301270639686551,0.040102331628573455,-0.0036924643529632427,0.022237624842762274,0
2024-12-05,-300.0,-0.027272727272727226,0,1.0,0.0,0.0,0.2,0.15,1.0,0.0,0.0,1.0,0.0,-100.0,-300.0,-20.0,432.43496620879307,-50.0,245.48555536881608,0.0,-0.009009009009009028,-0.02631578947368418,-0.0011880547542131525,0.03982797794949502,-0.0041126324201901324,0.022075852113136694,0
2024-12-06,-100.0,-0.009345794392523366,0,0.0,1.0,0.0,0.2,0.1,0.0,1.0,1.0,0.0,-300.0,0.0,-100.0,0.0,412.31056256176606,-65.0,251.36469626086117,-0.027272727272727226,0.0,-0.009009009009009028,0.0005646069984486024,0.03806488058258385,-0.005476268783826494,0.022643469895675443,0
2024-12-09,-150.0,-0.014150943396226467,0,0.0,0.0,1.0,0.2,0.1,0.0,2.0,0.0,0.0,-100.0,-300.0,0.0,-160.0,134.16407864998737,-72.5,249.98684175898293,-0.009345794392523366,-0.027272727272727226,0.0,-0.014388664029588761,0.011933778549621885,-0.006151891836785994,0.02254196734461842,0
2024-12-10,-50.0,-0.004784688995215336,0,0.0,0.0,0.0,0.2,0.1,0.0,3.0,0.0,0.0,-150.0,-100.0,-300.0,-130.0,109.54451150103323,-75.0,250.52576293614206,-0.014150943396226467,-0.009345794392523366,-0.027272727272727226,-0.011955694814097218,0.009973261447595144,-0.006444501247261219,0.022609184139725555,0
2024-12-11,0.0,0.0,1,0.0,0.0,0.0,0.2,0.1,0.0,4.0,0.0,0.0,-50.0,-150.0,-100.0,-120.0,115.10864433221339,-52.5,229.68800349031648,-0.004784688995215336,-0.014150943396226467,-0.009345794392523366,-0.01111083081133848,0.010452693037120766,-0.0045916854878169655,0.021018178815394185,0
2024-12-12,-300.0,-0.028846153846153855,0,1.0,0.0,0.0,0.2,0.1,1.0,0.0,0.0,1.0,0.0,-50.0,-150.0,-120.0,115.10864433221339,-52.5,229.68800349031648,0.0,-0.004784688995215336,-0.014150943396226467,-0.01111083081133848,0.010452693037120766,-0.0045916854878169655,0.021018178815394185,0
2024-12-13,-100.0,-0.00990099009900991,0,0.0,1.0,0.0,0.2,0.1,0.0,1.0,1.0,0.0,-300.0,0.0,-50.0,-120.0,115.10864433221339,-80.0,224.42910028031298,-0.028846153846153855,0.0,-0.004784688995215336,-0.011425516126023804,0.011066557940449478,-0.007125696236893214,0.020717457569613226,0
2024-12-16,-50.0,-0.0050000000000000044,0,0.0,0.0,1.0,0.2,0.1,0.0,2.0,0.0,0.0,-100.0,-300.0,0.0,-120.0,115.10864433221339,-87.5,222.3528490343297,-0.00990099009900991,-0.028846153846153855,0.0,-0.011536555267321114,0.011043234436308167,-0.007834420955518923,0.020548738703813938,0
2024-12-17,-100.0,-0.01005025125628145,0,0.0,0.0,0.0,0.2,0.1,0.0,3.0,0.0,0.0,-50.0,-100.0,-300.0,-100.0,117.26039399558574,-85.0,222.4859546128681,-0.0050000000000000044,-0.00990099009900991,-0.028846153846153855,-0.009706366588075822,0.011257838199750464,-0.0076588890406253055,0.020557650678839814,0
2024-12-18,-150.0,-0.015228426395939132,0,0.0,0.0,0.0,0.2,0.1,0.0,4.0,0.0,0.0,-100.0,-50.0,-100.0,-110.0,114.0175425099138,-87.5,222.3528490343297,-0.01005025125628145,-0.0050000000000000044,-0.00990099009900991,-0.010759479040289044,0.010923664688177829,-0.007946809328761267,0.02054833415758421,0
2024-12-19,-560.0,-0.057731958762886615,0,0.0,0.0,0.0,0.0,0.1,0.0,5.0,0.0,0.0,-150.0,-100.0,-50.0,-140.0,96.17692030835673,-90.0,222.78146006202496,-0.015228426395939132,-0.01005025125628145,-0.0050000000000000044,-0.01380516431947687,0.00915327684532731,-0.008277196165799606,0.020612759742144424,0
2024-12-20,830.0,0.0908096280087527,0,0.0,0.0,0.0,0.0,0.1,0.0,6.0,0.0,0.0,-560.0,-150.0,-100.0,-192.0,208.73428084528905,-113.0,246.36515474734534,-0.057731958762886615,-0.015228426395939132,-0.01005025125628145,-0.019582325302823424,0.021630903049938078,-0.010729011495248287,0.02339388346675838,0
2024-12-23,-620.0,-0.06218655967903708,0,0.0,0.0,0.0,0.0,0.1,0.0,7.0,0.0,0.0,830.0,-560.0,-150.0,-6.0,509.2445385077782,-66.5,324.36618358366337,0.0908096280087527,-0.057731958762886615,-0.015228426395939132,0.0005597983187290989,0.054625344968499634,-0.00574993360358258,0.032613076728354645,0
2024-12-24,-460.0,-0.04919786096256684,0,0.0,0.0,0.0,0.0,0.1,0.0,8.0,0.0,0.0,-620.0,830.0,-560.0,-120.0,580.387801388003,-95.0,347.08561055254194,-0.06218655967903708,0.0908096280087527,-0.057731958762886615,-0.010877513617078316,0.061619491264462006,-0.008638022649481335,0.034962504924098484,0
2024-12-26,-490.0,-0.055118110236220486,0,0.0,0.0,0.0,0.0,0.1,0.0,9.0,0.0,0.0,-460.0,-620.0,830.0,-192.0,599.3079342041118,-105.5,355.1052475564174,-0.04919786096256684,-0.06218655967903708,0.0908096280087527,-0.018707035558335396,0.06393180820860343,-0.009986804586498565,0.036018521560342076,0
2024-12-27,800.0,0.09523809523809534,0,0.0,0.0,0.0,0.0,0.1,0.0,10.0,0.0,0.0,-490.0,-460.0,-620.0,-260.0,612.4948979379338,-135.0,361.58277788517125,-0.055118110236220486,-0.04919786096256684,-0.06218655967903708,-0.026684972326391665,0.06584932168482245,-0.013197255552855041,0.037074661296538254,0
2024-12-30,290.0,0.03152173913043477,0,0.0,0.0,0.0,0.0,0.1,0.0,11.0,0.0,0.0,800.0,-490.0,-460.0,12.0,735.5746053256597,-75.0,411.42243625333657,0.09523809523809534,-0.055118110236220486,-0.04919786096256684,0.0039090384738047265,0.08149522105427223,-0.0066335489891484745,0.04382444056442781,0
2025-01-02,-210.0,-0.02212855637513167,0,0.0,0.0,0.0,0.0,0.1,0.0,12.0,0.0,0.0,290.0,800.0,-490.0,-96.0,615.2479175096817,-95.5,379.7710529142238,0.03152173913043477,0.09523809523809534,-0.055118110236220486,-0.007948539301858858,0.06905364262882949,-0.008328490070009908,0.041484064791630845,0
2025-01-03,-130.0,-0.014008620689655138,0,0.0,0.0,0.0,0.0,0.1,0.0,13.0,0.0,0.0,-210.0,290.0,800.0,-14.0,552.0235502222708,-91.0,377.74817565479464,-0.02212855637513167,0.03152173913043477,0.09523809523809534,6.306135892222286e-05,0.06326927284485012,-0.008119128415082283,0.04139898755768484,0
2025-01-06,150.0,0.016393442622950838,0,0.0,0.0,0.0,0.0,0.1,0.0,14.0,0.0,0.0,-130.0,-210.0,290.0,52.0,502.9115230336247,-92.5,377.84534569471293,-0.014008620689655138,-0.02212855637513167,0.03152173913043477,0.007100909413504564,0.058171558314136396,-0.008369108999114588,0.04141973320148291,0
2025-01-07,20.0,0.0021505376344086446,0,0.0,0.0,0.0,0.0,0.05,0.0,15.0,0.0,0.0,150.0,-130.0,-210.0,180.0,401.7461885320133,-85.0,381.25140206817156,0.016393442622950838,-0.014008620689655138,-0.02212855637513167,0.02140321998533883,0.04671211062344982,-0.007549436867967047,0.04175492180286452,0
2025-01-08,20.0,0.0021459227467810482,0,0.0,0.0,0.0,0.0,0.05,0.0,16.0,0.0,0.0,20.0,150.0,-130.0,24.0,203.1748015872047,-69.0,378.45809056722345,0.0021505376344086446,0.016393442622950838,-0.014008620689655138,0.0027857084646014884,0.021875233790644565,-0.006078273622610253,0.04154122321360575,0
2025-01-09,50.0,0.005353319057815886,0,0.0,0.0,0.0,0.0,0.05,0.0,17.0,0.0,0.0,20.0,20.0,150.0,-30.0,141.24446891825534,-63.0,378.8917356823982,0.0021459227467810482,0.0021505376344086446,0.016393442622950838,-0.0030894548121292555,0.015134113479794773,-0.005503687765645032,0.041573111902165644,0
2025-01-10,0.0,0.0,1,0.0,0.0,0.0,0.0,0.05,0.0,18.0,0.0,0.0,50.0,20.0,20.0,22.0,100.34938963441681,-53.0,379.1139253853014,0.005353319057815886,0.0021459227467810482,0.0021505376344086446,0.0024069202744602556,0.01088471301995967,-0.004528474642942914,0.041588350966346325,0
2025-01-13,10.0,0.0010649627263046302,0,1.0,0.0,0.0,0.2,0.1,1.0,0.0,0.0,1.0,0.0,50.0,20.0,48.0,59.74947698515862,-50.5,379.2995622126871,0.0,0.005353319057815886,0.0021459227467810482,0.005208644412391284,0.006538021479110615,-0.004289240193182148,0.041600559561177475,0
2025-01-14,-10.0,-0.0010638297872340718,0,0.0,1.0,0.0,0.2,0.05,0.0,1.0,1.0,0.0,10.0,0.0,50.0,20.0,18.708286933869708,-50.0,379.3762193251877,0.0010649627263046302,0.0,0.005353319057815886,0.002142948433062042,0.002003798091222339,-0.004235992056866917,0.04160701975214116,0
2025-01-15,50.0,0.005324813631522929,0,0.0,0.0,1.0,0.2,0.05,0.0,2.0,0.0,0.0,-10.0,10.0,0.0,14.0,23.021728866442675,-35.5,374.8329452464184,-0.0010638297872340718,0.0010649627263046302,0.0,0.0015000749487334986,0.0024636235779573936,-0.002846875853920927,0.04120395192729537,0
2025-01-16,-30.0,-0.0031779661016949623,0,0.0,0.0,0.0,0.2,0.05,0.0,3.0,0.0,0.0,50.0,-10.0,10.0,20.0,28.284271247461902,-28.0,374.9750868917466,0.005324813631522929,-0.0010638297872340718,0.0010649627263046302,0.0021358531256818747,0.003019445383569387,-0.0020855856673942853,0.04120741639969053,0
2025-01-17,-20.0,-0.002125398512221044,0,0.0,0.0,0.0,0.2,0.05,0.0,4.0,0.0,0.0,-30.0,50.0,-10.0,4.0,29.664793948382652,-27.0,374.93999519923085,-0.0031779661016949623,0.005324813631522929,-0.0010638297872340718,0.000429596093779705,0.00315421242783574,-0.001994483972479033,0.041202647880003135,0
2025-01-20,-10.0,-0.0010649627263046302,0,0.0,0.0,0.0,0.0,0.05,0.0,5.0,0.0,0.0,-20.0,-30.0,50.0,0.0,31.622776601683793,-23.0,374.54674362206646,-0.002125398512221044,-0.0031779661016949623,0.005324813631522929,4.5163913354961945e-06,0.00336289328649475,-0.0015982413352760127,0.04115918215754548,0
2025-01-21,20.0,0.002132196162046851,0,0.0,0.0,0.0,0.0,0.05,0.0,6.0,0.0,0.0,-10.0,-20.0,-30.0,-4.0,31.304951684997057,-16.0,373.3546359837059,-0.0010649627263046302,-0.002125398512221044,-0.0031779661016949623,-0.0004214686991863559,0.003329719496158437,-0.0008900681517942877,0.04103397789625273,0
2025-01-22,-20.0,-0.0021276595744680327,0,0.0,0.0,0.0,0.0,0.05,0.0,7.0,0.0,0.0,20.0,-10.0,-20.0,2.0,32.71085446759225,13.0,350.7150590316563,0.002132196162046851,-0.0010649627263046302,-0.002125398512221044,0.0002177364906698287,0.003479000854223593,0.0021031395944523857,0.03879155306785534,0
2025-01-23,0.0,0.0,1,0.0,0.0,0.0,0.0,0.05,0.0,8.0,0.0,0.0,-20.0,20.0,-10.0,-12.0,19.235384061671343,-29.5,293.30198197690066,-0.0021276595744680327,0.002132196162046851,-0.0010649627263046302,-0.0012727581505283636,0.0020447837402334324,-0.0025437247847086507,0.03269323026862831,0
2025-01-24,120.0,0.01279317697228155,0,1.0,0.0,0.0,0.2,0.1,1.0,0.0,0.0,1.0,0.0,-20.0,20.0,-6.0,16.73320053068151,1.5,258.27922466728927,0.0,-0.0021276595744680327,0.002132196162046851,-0.0006371649301893711,0.0017814856469485808,0.0005656031992432031,0.029526030597339936,0
2025-01-31,150.0,0.015789473684210575,0,0.0,1.0,0.0,0.2,0.1,0.0,1.0,1.0,0.0,120.0,0.0,-20.0,22.0,56.74504383644443,30.5,235.27084056689193,0.01279317697228155,0.0,-0.0021276595744680327,0.0023465501667111477,0.006048578964648483,0.003665155095985623,0.027188339150650772,0
2025-02-03,-50.0,-0.005181347150259086,0,0.0,0.0,1.0,0.2,0.1,0.0,2.0,0.0,0.0,150.0,120.0,0.0,54.0,76.02631123499285,62.5,201.90865574104828,0.015789473684210575,0.01279317697228155,0.0,0.005717437448814189,0.00804053165377229,0.007210534292007176,0.023491367367257956,0
2025-02-04,0.0,0.0,1,0.0,0.0,0.0,0.2,0.1,0.0,3.0,0.0,0.0,-50.0,150.0,120.0,40.0,89.16277250063504,20.0,104.42826800198297,-0.005181347150259086,0.015789473684210575,0.01279317697228155,0.004254728786353001,0.009405218825175178,0.0021895621725894544,0.011205136261104549,0
2025-02-05,40.0,0.004166666666666652,0,1.0,0.0,0.0,0.4,0.15,1.0,0.0,0.0,1.0,0.0,-50.0,150.0,44.0,86.1974477580398,5.5,82.8743500411079,0.0,-0.005181347150259086,0.015789473684210575,0.004680260701246608,0.009087010143631264,0.000613475216067716,0.008826643486445499,0
2025-02-06,-10.0,-0.0010373443983402453,0,0.0,1.0,0.0,0.2,0.15,0.0,1.0,1.0,0.0,40.0,0.0,-50.0,52.0,82.8854631404084,18.0,65.74272022936941,0.004166666666666652,0.0,-0.005181347150259086,0.005513594034579938,0.0087347256651301,0.001928236368157632,0.007038003231883342,0
2025-02-07,20.0,0.0020768431983384517,0,0.0,0.0,1.0,0.2,0.15,0.0,2.0,0.0,0.0,-10.0,40.0,0.0,26.0,76.3544366752843,24.0,56.32611808873938,-0.0010373443983402453,0.004166666666666652,0.0,0.0027474897604555792,0.008013231746753625,0.0025768001827233765,0.006015483776836114,0
2025-02-10,20.0,0.002072538860103723,0,0.0,0.0,0.0,0.2,0.15,0.0,3.0,0.0,0.0,20.0,-10.0,40.0,0.0,33.91164991562634,17.5,47.88967584595684,0.0020768431983384517,-0.0010373443983402453,0.004166666666666652,4.963663281154496e-06,0.0035212464868319042,0.0018609702114927573,0.0050608765312630385,0
2025-02-11,20.0,0.0020682523267838704,0,0.0,0.0,0.0,0.2,0.15,0.0,4.0,0.0,0.0,20.0,20.0,-10.0,14.0,19.493588689617926,17.5,47.88967584595684,0.002072538860103723,0.0020768431983384517,-0.0010373443983402453,0.0014557408653537163,0.002027928880268441,0.0018570702727775112,0.005060671693712481,0
2025-02-12,-10.0,-0.0010319917440660964,0,0.0,0.0,0.0,0.0,0.15,0.0,5.0,0.0,0.0,20.0,20.0,20.0,18.0,17.88854381999832,17.5,47.88967584595684,0.0020682523267838704,0.002072538860103723,0.0020768431983384517,0.0018693913307104904,0.001860808793211983,0.0018531867517776524,0.00506046816178733,0
2025-02-13,-10.0,-0.0010330578512396382,0,0.0,0.0,0.0,0.0,0.15,0.0,6.0,0.0,0.0,-10.0,20.0,20.0,8.0,16.431676725154983,14.5,47.62518130922007,-0.0010319917440660964,0.0020682523267838704,0.002072538860103723,0.0008296596485639407,0.0017018943403375429,0.0015339212116835532,0.005029351435659717,0
2025-02-14,-40.0,-0.004136504653567741,0,0.0,0.0,0.0,0.0,0.1,0.0,7.0,0.0,0.0,-10.0,-10.0,20.0,8.0,16.431676725154983,14.0,47.83744404366543,-0.0010330578512396382,-0.0010319917440660964,0.0020682523267838704,0.0008305169579840621,0.0017007194125363918,0.0014822683191215713,0.005051191877086299,0
2025-02-17,-10.0,-0.0010384215991692258,0,0.0,0.0,0.0,0.0,0.1,0.0,8.0,0.0,0.0,-40.0,-10.0,-10.0,-4.0,25.099800796022265,11.5,49.34038593494955,-0.004136504653567741,-0.0010330578512396382,-0.0010319917440660964,-0.00041215261239717637,0.002596469832637314,0.0012221949501279527,0.005205361359716403,0
2025-02-18,-20.0,-0.0020790020790020236,0,0.0,0.0,0.0,0.0,0.1,0.0,9.0,0.0,0.0,-10.0,-40.0,-10.0,-10.0,21.213203435596427,11.5,49.34038593494955,-0.0010384215991692258,-0.004136504653567741,-0.0010330578512396382,-0.0010343447042517663,0.002193714230570198,0.0012234653595311951,0.005204777140805952,0
2025-02-19,0.0,0.0,1,0.0,0.0,0.0,0.0,0.1,0.0,10.0,0.0,0.0,-20.0,-10.0,-40.0,-18.0,13.038404810405298,8.0,48.94680248681676,-0.0020790020790020236,-0.0010384215991692258,-0.004136504653567741,-0.001863795585408945,0.0013485905025240363,0.0008532745740049474,0.005160828196511727,0
2025-02-20,-10.0,-0.0010416666666667185,0,1.0,0.0,0.0,0.2,0.15,1.0,0.0,0.0,1.0,0.0,-20.0,-10.0,-16.0,15.165750888103101,9.5,48.17457289570351,0.0,-0.0020790020790020236,-0.0010384215991692258,-0.0016573972365957258,0.0015687272178222255,0.0010121728790896956,0.005078442615037497,0
2025-02-21,-30.0,-0.0031282586027111536,0,0.0,1.0,0.0,0.2,0.15,0.0,1.0,1.0,0.0,-10.0,0.0,-20.0,-16.0,15.165750888103101,10.0,47.90341159149841,-0.0010416666666667185,0.0,-0.0020790020790020236,-0.0016591189996811417,0.001567875152877511,0.001066359471367412,0.005048898719933814,0
2025-02-24,-20.0,-0.0020920502092049986,0,0.0,0.0,1.0,0.2,0.15,0.0,2.0,0.0,0.0,-30.0,-10.0,0.0,-14.0,11.40175425099138,9.0,48.54731820875793,-0.0031282586027111536,-0.0010416666666667185,0.0,-0.0014574697895098244,0.001188544220394961,0.0009631946775470856,0.00511538244895394,0
2025-02-25,-50.0,-0.00524109014675056,0,0.0,0.0,0.0,0.2,0.15,0.0,3.0,0.0,0.0,-20.0,-30.0,-10.0,-16.0,11.40175425099138,7.0,48.89300886413838,-0.0020920502092049986,-0.0031282586027111536,-0.0010416666666667185,-0.0016681955115169789,0.001189076714198119,0.0007519823589844932,0.005151654605736238,0
2025-02-26,0.0,0.0,1,0.0,0.0,0.0,0.2,0.15,0.0,4.0,0.0,0.0,-50.0,-20.0,-30.0,-22.0,19.235384061671343,5.5,50.207464322383885,-0.00524109014675056,-0.0020920502092049986,-0.0031282586027111536,-0.002300613125066686,0.002015729866446995,0.0005963108303703668,0.0052884743907808,0
2025-02-27,-40.0,-0.004214963119072657,0,1.0,0.0,0.0,0.2,0.15,1.0,0.0,0.0,1.0,0.0,-50.0,-20.0,-22.0,19.235384061671343,5.5,50.207464322383885,0.0,-0.00524109014675056,-0.0020920502092049986,-0.002300613125066686,0.002015729866446995,0.0005963108303703668,0.0052884743907808,0
2025-02-28,40.0,0.004232804232804144,0,0.0,1.0,0.0,0.2,0.15,0.0,1.0,1.0,0.0,-40.0,0.0,-50.0,-28.0,19.235384061671343,-2.5,43.270872663396446,-0.004214963119072657,0.0,-0.00524109014675056,-0.002935272415547874,0.002019807863226629,-0.00025409617419734355,0.0045382134098962195,0
2025-03-04,-20.0,-0.0021074815595363283,0,0.0,0.0,1.0,0.2,0.15,0.0,2.0,0.0,0.0,40.0,-40.0,0.0,-14.0,35.77708763999664,-8.0,26.675437154199706,0.004232804232804144,-0.004214963119072657,0.0,-0.0014630598484448142,0.0037691353508444206,-0.0008319296467676652,0.002785021488547516,0
2025-03-05,0.0,0.0,1,0.0,0.0,0.0,0.2,0.15,0.0,3.0,0.0,0.0,-20.0,40.0,-40.0,-14.0,35.77708763999664,-6.5,24.97893849666735,-0.0021074815595363283,0.004232804232804144,-0.004214963119072657,-0.0014661461185110803,0.003769785405511256,-0.0006782363672315272,0.0026117922533725043,0
2025-03-06,-170.0,-0.017951425554382228,0,1.0,0.0,0.0,0.4,0.15,1.0,0.0,0.0,1.0,0.0,-20.0,40.0,-4.0,29.664793948382652,-6.5,24.97893849666735,0.0,-0.0021074815595363283,0.004232804232804144,-0.00041792808916096824,0.003132519148131144,-0.0006782363672315272,0.0026117922533725043,0
2025-03-07,-70.0,-0.007526881720430145,0,0.0,1.0,0.0,0.2,0.15,0.0,1.0,1.0,0.0,-170.0,0.0,-20.0,-38.0,79.49842765740716,-17.0,42.43881044018767,-0.017951425554382228,0.0,-0.0021074815595363283,-0.004008213200037414,0.008397154852120156,-0.0017841409782839712,0.004472354824409965,0
2025-03-10,-50.0,-0.005417118093174467,0,0.0,0.0,1.0,0.2,0.15,0.0,2.0,0.0,0.0,-70.0,-170.0,0.0,-44.0,80.8084154033477,-20.0,44.009568337605764,-0.007526881720430145,-0.017951425554382228,0.0,-0.0046705969203089115,0.008546832163218703,-0.0021086178443884664,0.004647313073163826,0
2025-03-11,-20.0,-0.002178649237472796,0,0.0,0.0,0.0,0.2,0.15,0.0,3.0,0.0,0.0,-50.0,-70.0,-170.0,-62.0,66.10597552415364,-23.5,43.44082484434576,-0.005417118093174467,-0.007526881720430145,-0.017951425554382228,-0.006600581385504634,0.00697953977160596,-0.002483315908964112,0.004593891677595176,0
2025-03-12,-10.0,-0.0010917030567685337,0,0.0,0.0,0.0,0.2,0.15,0.0,4.0,0.0,0.0,-20.0,-50.0,-70.0,-62.0,66.10597552415364,-25.5,42.236801114907905,-0.002178649237472796,-0.005417118093174467,-0.007526881720430145,-0.006614814921091927,0.006968149442314688,-0.002695875313842938,0.004468641341003095,0
2025-03-13,-110.0,-0.012021857923497303,0,0.0,0.0,0.0,0.0,0.15,0.0,5.0,0.0,0.0,-10.0,-20.0,-50.0,-64.0,63.874877690685246,-27.0,41.051956809559876,-0.0010917030567685337,-0.002178649237472796,-0.005417118093174467,-0.006833155532445634,0.006721812473478043,-0.002853873083020558,0.004345497026922162,0
2025-03-14,-40.0,-0.004424778761061954,0,0.0,0.0,0.0,0.0,0.15,0.0,6.0,0.0,0.0,-110.0,-10.0,-20.0,-52.0,40.24922359499622,-32.0,44.7919165639618,-0.012021857923497303,-0.0010917030567685337,-0.002178649237472796,-0.005647242006268649,0.004387647475549483,-0.0034033663919921186,0.004776463018080308,0
2025-03-17,-20.0,-0.0022222222222222365,0,0.0,0.0,0.0,0.0,0.15,0.0,7.0,0.0,0.0,-40.0,-110.0,-10.0,-46.0,39.11521443121589,-33.5,44.51788522899969,-0.004424778761061954,-0.012021857923497303,-0.0010917030567685337,-0.00502682141439501,0.004273247121788846,-0.0035729524374832344,0.004748002973059784,0
2025-03-18,-70.0,-0.007795100222717122,0,0.0,0.0,0.0,0.0,0.15,0.0,8.0,0.0,0.0,-20.0,-40.0,-110.0,-40.0,40.620192023179804,-32.5,44.588764220777335,-0.0022222222222222365,-0.004424778761061954,-0.012021857923497303,-0.004387842240204565,0.004436060669713914,-0.0034772383159159593,0.004755333678946442,0
2025-03-19,-60.0,-0.006734006734006703,0,0.0,0.0,0.0,0.0,0.15,0.0,9.0,0.0,0.0,-70.0,-20.0,-40.0,-50.0,40.620192023179804,-35.5,45.011694386883256,-0.007795100222717122,-0.0022222222222222365,-0.004424778761061954,-0.00551113243725343,0.004447878875477542,-0.003815072247093354,0.004812616307447866,0
2025-03-20,-70.0,-0.00790960451977396,0,0.0,0.0,0.0,0.0,0.15,0.0,10.0,0.0,0.0,-60.0,-70.0,-20.0,-60.0,33.91164991562634,-37.5,45.17509793772937,-0.006734006734006703,-0.007795100222717122,-0.0022222222222222365,-0.006639593172701064,0.003699035458839566,-0.004047822479843588,0.004836740008164477,0
2025-03-21,-100.0,-0.011389521640091105,0,0.0,0.0,0.0,0.0,0.1,0.0,11.0,0.0,0.0,-70.0,-60.0,-70.0,-52.0,21.6794833886788,-41.0,44.8271534252372,-0.00790960451977396,-0.006734006734006703,-0.007795100222717122,-0.005817142491956395,0.002449157133880584,-0.004443302705832286,0.004811649382037851,0
2025-03-24,-50.0,-0.005760368663594417,0,0.0,0.0,0.0,0.0,0.1,0.0,12.0,0.0,0.0,-100.0,-70.0,-60.0,-64.0,28.809720581775867,-45.5,46.05203007125135,-0.011389521640091105,-0.00790960451977396,-0.006734006734006703,-0.007210091067762226,0.0032941116633704234,-0.004960695454503505,0.0049800251021867555,0
2025-03-25,170.0,0.01969872537659323,0,0.0,0.0,0.0,0.0,0.1,0.0,13.0,0.0,0.0,-50.0,-100.0,-70.0,-70.0,18.708286933869708,-46.5,45.91468060148159,-0.005760368663594417,-0.011389521640091105,-0.00790960451977396,-0.007917720356036662,0.0021286057633889957,-0.005092300957547669,0.004963803733591359,0
2025-03-26,240.0,0.027272727272727337,0,0.0,0.0,0.0,0.0,0.1,0.0,14.0,0.0,0.0,170.0,-50.0,-100.0,-22.0,108.94952959971879,-37.0,66.657016845461,0.01969872537659323,-0.005760368663594417,-0.011389521640091105,-0.0024189552361745916,0.01254586385998256,-0.0040027621782577575,0.007433916548397765,0
2025-03-27,-60.0,-0.006637168141592875,0,0.0,0.0,0.0,0.0,0.1,0.0,15.0,0.0,0.0,240.0,170.0,-50.0,38.0,155.46703830716015,-22.5,90.83675351680573,0.027272727272727337,0.01969872537659323,-0.005760368663594417,0.0043823915651722166,0.017757248866254585,-0.002377071307283862,0.010192268891055747,0
2025-03-28,0.0,0.0,1,0.0,0.0,0.0,0.0,0.05,0.0,16.0,0.0,0.0,-60.0,240.0,170.0,40.0,153.785564992297,-25.5,91.04510160527596,-0.006637168141592875,0.027272727272727337,0.01969872537659323,0.004636878840808434,0.01754489426231834,-0.002708929714363506,0.010218816274003305,0
2025-03-31,30.0,0.0033407572383072903,0,1.0,0.0,0.0,0.2,0.1,1.0,0.0,0.0,1.0,0.0,-60.0,240.0,60.0,136.56500283747664,-23.5,91.14909705935696,0.0,-0.006637168141592875,0.027272727272727337,0.006914783168826655,0.015572444823115138,-0.0024981815584098734,0.010229579871682144,0
2025-04-01,-30.0,-0.0033296337402886067,0,0.0,1.0,0.0,0.2,0.1,0.0,1.0,1.0,0.0,30.0,0.0,-60.0,76.0,124.61942063739504,-24.0,90.80922744673538,0.0033407572383072903,0.0,-0.006637168141592875,0.008735008349206996,0.01419112609975425,-0.0025427839081347157,0.010200590880278583,0
2025-04-02,-100.0,-0.011135857461024523,0,0.0,0.0,1.0,0.2,0.1,0.0,2.0,0.0,0.0,-30.0,30.0,0.0,36.0,118.86967653695369,-24.5,90.8135742230044,-0.0033296337402886067,0.0033407572383072903,0.0,0.004129336525830629,0.013461460478754923,-0.00260389151717233,0.010201506580056148,0
2025-04-03,-140.0,-0.015765765765765716,0,0.0,0.0,0.0,0.2,0.05,0.0,3.0,0.0,0.0,-100.0,-30.0,30.0,-32.0,50.695167422546305,-29.5,92.13691185575422,-0.011135857461024523,-0.0033296337402886067,0.0033407572383072903,-0.003552380420919743,0.005639357428536132,-0.003160684390223556,0.010354652702808703,0
2025-04-04,60.0,0.006864988558352492,0,0.0,0.0,0.0,0.2,0.05,0.0,4.0,0.0,0.0,-140.0,-100.0,-30.0,-48.0,70.49822692805827,-28.0,89.94735302269159,-0.015765765765765716,-0.011135857461024523,-0.0033296337402886067,-0.005378099945754311,0.00790876122111446,-0.00305140140079273,0.010200724990187322,0
2025-04-07,-30.0,-0.003409090909090917,0,0.0,0.0,0.0,0.0,0.05,0.0,5.0,0.0,0.0,60.0,-140.0,-100.0,-36.0,84.4393273303382,-21.5,91.43735272679018,0.006864988558352492,-0.015765765765765716,-0.011135857461024523,-0.004005102234083813,0.009509701095749832,-0.0023318078868535983,0.010374537619138605,0
2025-04-08,-70.0,-0.007981755986317007,0,0.0,0.0,0.0,0.0,0.05,0.0,6.0,0.0,0.0,-30.0,60.0,-140.0,-48.0,76.61592523751182,-20.5,91.21836149418299,-0.003409090909090917,0.006864988558352492,-0.015765765765765716,-0.0053550718635634546,0.008646085065375508,-0.002231406527649421,0.010352801238997797,0
2025-04-09,-40.0,-0.0045977011494252595,0,0.0,0.0,0.0,0.0,0.05,0.0,7.0,0.0,0.0,-70.0,-30.0,60.0,-56.0,76.3544366752843,-23.0,91.8866578711843,-0.007981755986317007,-0.003409090909090917,0.006864988558352492,-0.006285496312769134,0.00862391688042548,-0.0025215618650916314,0.010432260968941488,0
2025-04-10,0.0,0.0,1,0.0,0.0,0.0,0.0,0.05,0.0,8.0,0.0,0.0,-40.0,-70.0,-30.0,-44.0,72.31873892705818,-24.5,91.90813491284179,-0.0045977011494252595,-0.007981755986317007,-0.003409090909090917,-0.004977865050449282,0.00818933637567584,-0.002696861769724468,0.010436425498534671,0
2025-04-11,130.0,0.01501154734411081,0,1.0,0.0,0.0,0.2,0.1,1.0,0.0,0.0,1.0,0.0,-40.0,-70.0,-16.0,49.29503017546495,-19.0,89.78922687693178,0.0,-0.0045977011494252595,-0.007981755986317007,-0.0018247118972961386,0.005633590899165241,-0.002095768873549603,0.01021493185510236,0
2025-04-14,-20.0,-0.0022753128555176305,0,0.0,1.0,0.0,0.2,0.1,0.0,1.0,1.0,0.0,130.0,0.0,-40.0,-2.0,77.91020472312982,-10.5,95.5579185074315,0.01501154734411081,0.0,-0.0045977011494252595,-0.00019540014014447494,0.008966950887866322,-0.0011239525682909645,0.010884318187613049,0
2025-04-15,-30.0,-0.0034207525655644,0,0.0,0.0,1.0,0.2,0.1,0.0,2.0,0.0,0.0,-20.0,130.0,0.0,0.0,77.13624310270757,-10.5,95.5579185074315,-0.0022753128555176305,0.01501154734411081,0.0,3.1355470570182396e-05,0.008879273209444464,-0.0011266070999557342,0.010884606607794353,0
2025-04-16,-20.0,-0.0022883295194507935,0,0.0,0.0,0.0,0.2,0.1,0.0,3.0,0.0,0.0,-30.0,-20.0,130.0,8.0,69.7853852894716,-8.5,94.66144660675458,-0.0034207525655644,-0.0022753128555176305,0.01501154734411081,0.0009435561547207038,0.008045379343816814,-0.0009078897170980982,0.010787068564624141,0
2025-04-17,-10.0,-0.0011467889908256534,0,0.0,0.0,0.0,0.2,0.1,0.0,4.0,0.0,0.0,-20.0,-30.0,-20.0,12.0,66.85805860178712,-6.5,93.93586838061535,-0.0022883295194507935,-0.0034207525655644,-0.0022753128555176305,0.0014054304807155972,0.007706903207170091,-0.0006856058563703027,0.010706195669106132,0
2025-04-18,0.0,0.0,1,0.0,0.0,0.0,0.0,0.1,0.0,5.0,0.0,0.0,-10.0,-20.0,-30.0,10.0,67.45368781616021,-3.5,92.75179101689274,-0.0011467889908256534,-0.0022883295194507935,-0.0034207525655644,0.0011760726825504665,0.00777594033824284,-0.00034746507992288735,0.01057198292882324,0
2025-04-21,-40.0,-0.004592422502870286,0,1.0,0.0,0.0,0.2,0.15,1.0,0.0,0.0,1.0,0.0,-10.0,-20.0,-16.0,11.40175425099138,1.5,89.92833403970705,0.0,-0.0011467889908256534,-0.0022883295194507935,-0.0018262367862716955,0.0012994681303053928,0.0002220110020816679,0.010247662882832761,0
2025-04-22,40.0,0.0046136101499423265,0,0.0,1.0,0.0,0.2,0.15,0.0,1.0,1.0,0.0,-40.0,0.0,-10.0,-20.0,15.811388300841896,2.0,89.65430685048736,-0.004592422502870286,0.0,-0.0011467889908256534,-0.0022896587157422267,0.0018118212084730914,0.00028040831011787447,0.01021505337915612,0
2025-04-23,-10.0,-0.0011481056257175437,0,0.0,0.0,1.0,0.2,0.15,0.0,2.0,0.0,0.0,40.0,-40.0,0.0,-6.0,29.664793948382652,-4.5,81.14152678142241,0.0046136101499423265,-0.004592422502870286,0.0,-0.0006827861726408813,0.003413075418586947,-0.00047384745121467067,0.009213624238798106,0
2025-04-24,20.0,0.0022988505747125743,0,0.0,0.0,0.0,0.2,0.15,0.0,3.0,0.0,0.0,-10.0,40.0,-40.0,-4.0,28.809720581775867,-17.0,57.22531644390007,-0.0011481056257175437,0.0046136101499423265,-0.004592422502870286,-0.0004547413938942313,0.0033156849179772673,-0.0018948890961369147,0.0065015042336536545,0
2025-04-25,10.0,0.0011467889908256534,0,0.0,0.0,0.0,0.2,0.15,0.0,4.0,0.0,0.0,20.0,-10.0,40.0,2.0,30.331501776206203,-13.0,56.856236060318004,0.0022988505747125743,-0.0011481056257175437,0.0046136101499423265,0.00023438651921341424,0.0034894096331343828,-0.0014480881603216422,0.006465402698660527,0
2025-04-28,30.0,0.0034364261168384758,0,0.0,0.0,0.0,0.0,0.1,0.0,5.0,0.0,0.0,10.0,20.0,-10.0,4.0,30.495901363953813,-12.5,57.02031032424255,0.0011467889908256534,0.0022988505747125743,-0.0011481056257175437,0.0004637443173785449,0.0035077925602564975,-0.0013907487107803595,0.006483979775777327,0
2025-04-29,30.0,0.003424657534246478,0,0.0,0.0,0.0,0.0,0.1,0.0,6.0,0.0,0.0,30.0,10.0,20.0,18.0,19.235384061671343,-12.5,57.02031032424255,0.0034364261168384758,0.0011467889908256534,0.0022988505747125743,0.002069514041320297,0.0022134795412527357,-0.0013859652668538002,0.006487688306016848,0
2025-04-30,0.0,0.0,1,0.0,0.0,0.0,0.0,0.1,0.0,7.0,0.0,0.0,30.0,30.0,10.0,16.0,16.73320053068151,-9.5,57.62629151423375,0.003424657534246478,0.0034364261168384758,0.0011467889908256534,0.0018317235181811275,0.0019156744197682861,-0.001048250703127046,0.006556616239114205,0
2025-05-02,10.0,0.0011376564277587597,0,1.0,0.0,0.0,0.2,0.15,1.0,0.0,0.0,1.0,0.0,30.0,30.0,18.0,13.038404810405298,-4.5,53.555185507437855,0.0,0.003424657534246478,0.0034364261168384758,0.0020613446433246363,0.0014909253791594674,-0.0004914578300758199,0.006112686406578926,0
2025-05-07,-30.0,-0.003409090909090917,0,0.0,1.0,0.0,0.2,0.15,0.0,1.0,1.0,0.0,10.0,0.0,30.0,16.0,13.416407864998739,3.0,43.054433111185624,0.0011376564277587597,0.0,0.003424657534246478,0.0018291058139338733,0.0015344828467299828,0.0003537132796004039,0.00494707257006603,0
2025-05-08,-10.0,-0.0011402508551880963,0,0.0,0.0,1.0,0.2,0.15,0.0,2.0,0.0,0.0,-30.0,10.0,0.0,8.0,24.899799195977465,-1.5,41.45701642093357,-0.003409090909090917,0.0011376564277587597,0.0,0.0009179298339505593,0.002839035520962759,-0.00015999069377176656,0.00476545224792642,0
2025-05-09,40.0,0.004566210045662045,0,0.0,0.0,0.0,0.2,0.15,0.0,3.0,0.0,0.0,-10.0,-30.0,10.0,0.0,22.360679774997898,-0.5,40.97174893174022,-0.0011402508551880963,-0.003409090909090917,0.0011376564277587597,2.5944395452448534e-06,0.0025467911456439176,-4.654869107662551e-05,0.004710727083412003,0
2025-05-12,10.0,0.001136363636363713,0,0.0,0.0,0.0,0.2,0.15,0.0,4.0,0.0,0.0,40.0,-10.0,-30.0,2.0,25.88435821108957,5.0,38.45708476237239,0.004566210045662045,-0.0011402508551880963,-0.003409090909090917,0.00023090494182835818,0.0029495772454342373,0.0005808496105223271,0.004425199960997145,0
2025-05-13,90.0,0.010215664018161208,0,0.0,0.0,0.0,0.0,0.15,0.0,5.0,0.0,0.0,10.0,40.0,-10.0,4.0,26.076809620810597,7.5,36.97438658256736,0.001136363636363713,0.004566210045662045,-0.0011402508551880963,0.0004581776691011008,0.0029710392794303694,0.0008675528498117757,0.004254488231407696,0
2025-05-14,10.0,0.0011235955056179137,0,0.0,0.0,0.0,0.0,0.1,0.0,6.0,0.0,0.0,90.0,10.0,40.0,20.0,46.9041575982343,12.0,41.24381931366433,0.010215664018161208,0.001136363636363713,0.004566210045662045,0.0022737791871815906,0.005328534078572125,0.001378336050719836,0.004731358306218039,0
2025-05-15,0.0,0.0,1,0.0,0.0,0.0,0.0,0.1,0.0,7.0,0.0,0.0,10.0,90.0,10.0,28.0,38.98717737923585,6.0,30.50452943070448,0.0011235955056179137,0.010215664018161208,0.001136363636363713,0.0031803164701233568,0.0044297844882518625,0.0006839384587951913,0.0034783992028715473,0
2025-05-16,0.0,0.0,1,1.0,0.0,0.0,0.2,0.15,1.0,0.0,0.0,1.0,0.0,10.0,90.0,30.0,36.742346141747674,7.0,29.92974229229936,0.0,0.0011235955056179137,0.010215664018161208,0.003408366641160976,0.004173698566154024,0.0007977041015710728,0.00341311487863817,0
2025-05-19,10.0,0.001122334455667895,0,1.0,1.0,0.0,0.4,0.2,2.0,0.0,0.0,0.0,0.0,0.0,10.0,22.0,38.34057902536163,8.5,28.704483420195793,0.0,0.0,0.0011235955056179137,0.002495124632028567,0.00435273896125981,0.0009687417298492928,0.0032734465025515023,0
2025-05-20,20.0,0.0022421524663676085,0,0.0,1.0,1.0,0.4,0.2,0.0,1.0,1.0,0.0,10.0,0.0,0.0,22.0,38.34057902536163,10.0,27.909628596960864,0.001122334455667895,0.0,0.0,0.0024923187958894033,0.00435383818948484,0.0011392749286052272,0.0031824108228388505,0
2025-05-21,10.0,0.0011185682326622093,0,0.0,0.0,1.0,0.4,0.2,0.0,2.0,0.0,0.0,20.0,10.0,0.0,8.0,8.366600265340756,11.5,27.582412397820715,0.0022421524663676085,0.001122334455667895,0.0,0.0008976164855306834,0.0009381860686436288,0.0013087220014648903,0.003144276660777384,0
2025-05-22,0.0,0.0,1,0.0,0.0,0.0,0.4,0.15,0.0,3.0,0.0,0.0,10.0,20.0,10.0,8.0,8.366600265340756,12.0,27.453309646116608,0.0011185682326622093,0.0022421524663676085,0.001122334455667895,0.0008966110309395426,0.0009378859871986262,0.001364650413098001,0.003129687087980738,0
2025-05-23,0.0,0.0,1,1.0,0.0,0.0,0.4,0.2,1.0,0.0,0.0,1.0,0.0,10.0,20.0,8.0,8.366600265340756,14.0,24.793887192300183,0.0,0.0011185682326622093,0.0022421524663676085,0.0008966110309395426,0.0009378859871986262,0.0015942715382415151,0.0028230714880516767,0
2025-05-26,0.0,0.0,1,1.0,1.0,0.0,0.4,0.25,2.0,0.0,0.0,0.0,0.0,0.0,10.0,8.0,8.366600265340756,12.0,24.19221275315634,0.0,0.0,0.0011185682326622093,0.0008966110309395426,0.0009378859871986262,0.0013635910307443987,0.002750941906263657,0
2025-05-27,0.0,0.0,1,1.0,1.0,1.0,0.6,0.3,3.0,0.0,0.0,0.0,0.0,0.0,0.0,6.0,8.94427190999916,12.5,23.813972015544536,0.0,0.0,0.0,0.0006721441398059635,0.0010024412514194787,0.001420996312030276,0.0027074050417305027,0
2025-05-28,10.0,0.0011173184357542443,0,1.0,1.0,1.0,0.8,0.35,4.0,0.0,0.0,0.0,0.0,0.0,0.0,2.0,4.47213595499958,11.5,23.902213066428125,0.0,0.0,0.0,0.00022371364653244185,0.0005002389211429372,0.0013060537832946472,0.002716956170866858,0
2025-05-29,0.0,0.0,1,0.0,1.0,1.0,0.8,0.35,0.0,1.0,1.0,0.0,10.0,0.0,0.0,2.0,4.47213595499958,11.5,23.902213066428125,0.0011173184357542443,0.0,0.0,0.00022346368715084886,0.0004996799949740838,0.0013045802555410769,0.0027170550832746987,0
2025-05-30,-20.0,-0.0022321428571429047,0,1.0,0.0,1.0,0.8,0.4,1.0,0.0,0.0,1.0,0.0,10.0,0.0,2.0,4.47213595499958,10.0,23.61979544452805,0.0,0.0011173184357542443,0.0,0.00022346368715084886,0.0004996799949740838,0.001132758949699153,0.0026835962696334517,0
2025-06-02,-40.0,-0.004474272930648726,0,0.0,1.0,0.0,0.6,0.4,0.0,1.0,1.0,0.0,-20.0,0.0,10.0,-2.0,10.954451150103322,7.5,24.033967191177798,-0.0022321428571429047,0.0,0.0011173184357542443,-0.0002229648842777321,0.0012229365808857286,0.0008499189301296838,0.0027270756010582655,0
2025-06-04,-40.0,-0.004494382022471877,0,0.0,0.0,1.0,0.4,0.35,0.0,2.0,0.0,0.0,-40.0,-20.0,0.0,-10.0,20.0,5.5,26.252819397448178,-0.004474272930648726,-0.0022321428571429047,0.0,-0.0011178194704074772,0.002236200943419722,0.0006262052835972476,0.002972909138887612,0
2025-06-05,-30.0,-0.003386004514672636,0,0.0,0.0,0.0,0.2,0.35,0.0,3.0,0.0,0.0,-40.0,-40.0,-20.0,-18.0,22.80350850198276,3.0,28.116299823922688,-0.004494382022471877,-0.004474272930648726,-0.0022321428571429047,-0.0020166958749018526,0.0025550997526615016,0.00034460336108571576,0.0031813471612255253,0
2025-06-09,0.0,0.0,1,0.0,0.0,0.0,0.2,0.35,0.0,4.0,0.0,0.0,-30.0,-40.0,-40.0,-26.0,16.73320053068151,3.0,28.116299823922688,-0.003386004514672636,-0.004494382022471877,-0.004474272930648726,-0.0029173604649872288,0.0018782382647436805,0.00034575768080662985,0.0031799173544718143,0
2025-06-10,-40.0,-0.0045300113250282825,0,1.0,0.0,0.0,0.2,0.4,1.0,0.0,0.0,1.0,0.0,-30.0,-40.0,-26.0,16.73320053068151,3.5,27.96143961355351,0.0,-0.003386004514672636,-0.004494382022471877,-0.0029173604649872288,0.0018782382647436805,0.00040277022356603466,0.0031620440728003046,0
2025-06-11,-60.0,-0.0068259385665528916,0,0.0,1.0,0.0,0.2,0.4,0.0,1.0,1.0,0.0,-40.0,0.0,-30.0,-30.0,17.320508075688775,-0.5,28.18640956577774,-0.0045300113250282825,0.0,-0.003386004514672636,-0.0033769341585643043,0.0019484734822252877,-5.2040844968481716e-05,0.0031857658101145927,0
2025-06-12,40.0,0.004581901489117968,0,0.0,0.0,1.0,0.2,0.4,0.0,2.0,0.0,0.0,-60.0,-40.0,0.0,-34.0,21.908902300206645,-4.0,31.01782170232356,-0.0068259385665528916,-0.0045300113250282825,0.0,-0.0038472672857451373,0.0024885542196588406,-0.00045015595511431196,0.003510408916454292,0
2025-06-13,60.0,0.0068415051311288,0,0.0,0.0,0.0,0.2,0.4,0.0,3.0,0.0,0.0,40.0,-60.0,-40.0,-18.0,38.98717737923585,-6.5,24.338619949616508,0.004581901489117968,-0.0068259385665528916,-0.0045300113250282825,-0.0020320105834271684,0.004442070257571714,-0.000731844081566474,0.0027540531552963897,0
2025-06-16,-10.0,-0.0011325028312570984,0,0.0,0.0,0.0,0.2,0.4,0.0,4.0,0.0,0.0,60.0,40.0,-60.0,0.0,50.99019513592785,-4.0,28.358605859862525,0.0068415051311288,0.004581901489117968,-0.0068259385665528916,1.349134573311872e-05,0.005807614474817557,-0.00044594860029092964,0.0032150108829579875,0
2025-06-17,-10.0,-0.0011337868480725266,0,0.0,0.0,0.0,0.0,0.35,0.0,5.0,0.0,0.0,-10.0,60.0,40.0,-2.0,51.18593556827891,-4.5,28.372521918208815,-0.0011325028312570984,0.0068415051311288,0.004581901489117968,-0.00021300922051830095,0.005830311991162362,-0.0005025737418537845,0.003216715904524884,0
2025-06-18,10.0,0.0011350737797957144,0,0.0,0.0,0.0,0.0,0.3,0.0,6.0,0.0,0.0,-10.0,-10.0,60.0,4.0,47.22287581247038,-5.0,28.37715908779412,-0.0011337868480725266,-0.0011325028312570984,0.0068415051311288,0.0004662356748728502,0.005382253426462103,-0.0005592630842574109,0.003217383204330581,0
2025-06-19,20.0,0.0022675736961450532,0,0.0,0.0,0.0,0.0,0.3,0.0,7.0,0.0,0.0,10.0,-10.0,-10.0,18.0,31.144823004794873,-5.0,28.37715908779412,0.0011350737797957144,-0.0011337868480725266,-0.0011325028312570984,0.0020584381441425713,0.003552133285583186,-0.0005586261180510199,0.003217734884852594,0
2025-06-20,-10.0,-0.0011312217194570096,0,0.0,0.0,0.0,0.0,0.3,0.0,8.0,0.0,0.0,20.0,10.0,-10.0,14.0,28.809720581775867,-5.0,28.37715908779412,0.0022675736961450532,0.0011350737797957144,-0.0011337868480725266,0.0015955725855479885,0.0032815869374893856,-0.0005573550565621477,0.0032189042790302606,0
2025-06-23,-10.0,-0.0011325028312570984,0,0.0,0.0,0.0,0.0,0.3,0.0,9.0,0.0,0.0,-10.0,20.0,10.0,0.0,14.142135623730951,-6.0,28.172401575399192,-0.0011312217194570096,0.0022675736961450532,0.0011350737797957144,1.0272154308266224e-06,0.0016029640931270212,-0.0006698445541681086,0.0031964871897263766,0
2025-06-24,-30.0,-0.003401360544217691,0,0.0,0.0,0.0,0.0,0.25,0.0,10.0,0.0,0.0,-10.0,-10.0,20.0,0.0,14.142135623730951,-6.5,28.149039433910897,-0.0011325028312570984,-0.0011312217194570096,0.0022675736961450532,1.0272154308266224e-06,0.0016029640931270212,-0.0007264696957309635,0.00319402657561598,0
2025-06-25,-80.0,-0.009101251422070522,0,0.0,0.0,0.0,0.0,0.2,0.0,11.0,0.0,0.0,-30.0,-10.0,-10.0,-4.0,19.493588689617926,-8.0,28.580449703641765,-0.003401360544217691,-0.0011325028312570984,-0.0011312217194570096,-0.0004524875237982062,0.0022100925857421435,-0.0008965377229418481,0.003243480340816476,0
2025-06-26,-40.0,-0.004592422502870286,0,0.0,0.0,0.0,0.0,0.15,0.0,12.0,0.0,0.0,-80.0,-30.0,-10.0,-22.0,37.013511046643494,-12.0,32.70280850645345,-0.009101251422070522,-0.003401360544217691,-0.0011325028312570984,-0.0024997525641714535,0.004208988367111749,-0.001351600294045374,0.0037152249901950133,0
2025-06-27,10.0,0.0011534025374855261,0,0.0,0.0,0.0,0.0,0.1,0.0,13.0,0.0,0.0,-40.0,-80.0,-30.0,-34.0,28.809720581775867,-14.0,33.15037508717345,-0.004592422502870286,-0.009101251422070522,-0.003401360544217691,-0.003871751803974521,0.0032826167354664767,-0.0015812214191888885,0.003768823813729291,0
2025-06-30,20.0,0.0023041474654377225,0,0.0,0.0,0.0,0.0,0.1,0.0,14.0,0.0,0.0,10.0,-40.0,-80.0,-30.0,33.91164991562634,-14.0,33.15037508717345,0.0011534025374855261,-0.004592422502870286,-0.009101251422070522,-0.003414826952586014,0.003866524923627328,-0.0015794172141023245,0.003770192034564009,0
2025-07-01,-100.0,-0.011494252873563204,0,0.0,0.0,0.0,0.0,0.05,0.0,15.0,0.0,0.0,20.0,10.0,-40.0,-24.0,40.3732584763727,-13.0,33.88836161030534,0.0023041474654377225,0.0011534025374855261,-0.004592422502870286,-0.00272749689324705,0.004608025930020914,-0.0014642098408304382,0.0038552402661091133,0
2025-07-02,-80.0,-0.009302325581395321,0,0.0,0.0,0.0,0.0,0.05,0.0,16.0,0.0,0.0,-100.0,20.0,10.0,-38.0,53.103672189407014,-17.0,39.081561138878115,-0.011494252873563204,0.0023041474654377225,0.0011534025374855261,-0.004346075359116153,0.006087662704897815,-0.0019273153416514532,0.00446104413493114,0
2025-07-03,-40.0,-0.0046948356807511304,0,0.0,0.0,0.0,0.0,0.05,0.0,17.0,0.0,0.0,-80.0,-100.0,20.0,-38.0,53.103672189407014,-19.0,41.282084810666056,-0.009302325581395321,-0.011494252873563204,0.0023041474654377225,-0.004386290190981112,0.006127462352945418,-0.002168717974188783,0.00472872331250604,0
2025-07-04,-80.0,-0.009433962264150941,0,0.0,0.0,0.0,0.0,0.05,0.0,18.0,0.0,0.0,-40.0,-80.0,-100.0,-38.0,53.103672189407014,-19.0,41.282084810666056,-0.0046948356807511304,-0.009302325581395321,-0.011494252873563204,-0.004406772826557282,0.00612849475084432,-0.0021787406571027457,0.004734121423948078,0
2025-07-07,-230.0,-0.027380952380952395,0,0.0,0.0,0.0,0.0,0.05,0.0,19.0,0.0,0.0,-80.0,-40.0,-80.0,-56.0,47.74934554525329,-21.5,43.440824844345784,-0.009433962264150941,-0.0046948356807511304,-0.009302325581395321,-0.0065242457868845746,0.005526581595309737,-0.002481138544576661,0.005000937135207287,0
2025-07-08,-40.0,-0.004895960832313362,0,0.0,0.0,0.0,0.0,0.0,0.0,20.0,0.0,0.0,-230.0,-80.0,-40.0,-106.0,72.6636084983398,-33.0,63.33702666977393,-0.027380952380952395,-0.009433962264150941,-0.0046948356807511304,-0.012461265756162599,0.00870334804075163,-0.0038501861636242806,0.007439358083937913,0
2025-07-09,10.0,0.0012300123001229846,0,0.0,0.0,0.0,0.0,0.0,0.0,21.0,0.0,0.0,-40.0,-230.0,-80.0,-94.0,78.61297602813418,-33.0,63.33702666977393,-0.004895960832313362,-0.027380952380952395,-0.009433962264150941,-0.01114160734791263,0.00936194826915317,-0.0038684836389885346,0.0074415678589064985,0
2025-07-10,510.0,0.0626535626535627,0,0.0,0.0,0.0,0.0,0.0,0.0,22.0,0.0,0.0,10.0,-40.0,-230.0,-76.0,91.81503144910424,-29.5,63.69954143435101,0.0012300123001229846,-0.004895960832313362,-0.027380952380952395,-0.009035139771608969,0.010932432124487712,-0.003465686095654741,0.007490924037406662,0
2025-07-11,-50.0,-0.005780346820809301,0,0.0,0.0,0.0,0.0,0.0,0.0,23.0,0.0,0.0,510.0,10.0,-40.0,34.0,280.7668071549769,-6.0,136.16553393417215,0.0626535626535627,0.0012300123001229846,-0.004895960832313362,0.004434539895253798,0.03424668871872991,-0.0005621030374325042,0.01655062475121669,0
2025-07-14,0.0,0.0,1,0.0,0.0,0.0,0.0,0.0,0.0,24.0,0.0,0.0,-50.0,510.0,10.0,40.0,278.0287754891569,-11.5,135.57965225380389,-0.005780346820809301,0.0626535626535627,0.0012300123001229846,0.0051652629839221255,0.03391416197588168,-0.0011931956350294092,0.01649400450943898,0
2025-07-15,0.0,0.0,1,1.0,0.0,0.0,0.2,0.05,1.0,0.0,0.0,1.0,0.0,-50.0,510.0,86.0,238.3904360497711,-11.0,135.60391237951364,0.0,-0.005780346820809301,0.0626535626535627,0.010641453460112605,0.029232524807840478,-0.0011365704934665545,0.016496167680091732,0
2025-07-16,0.0,0.0,1,1.0,1.0,0.0,0.4,0.1,2.0,0.0,0.0,0.0,0.0,0.0,-50.0,94.0,233.73061416938947,-10.5,135.62622786249628,0.0,0.0,-0.005780346820809301,0.011620645626575277,0.028658320035022056,-0.001079881151062928,0.01649812577165797,0
2025-07-17,0.0,0.0,1,1.0,1.0,1.0,0.6,0.15,3.0,0.0,0.0,0.0,0.0,0.0,0.0,92.0,234.66998103720042,-11.0,135.5650940944657,0.0,0.0,0.0,0.01137464316655068,0.028774853547502883,-0.0011366348400527137,0.01649205649922962,0
2025-07-18,60.0,0.006976744186046435,0,1.0,1.0,1.0,0.8,0.2,4.0,0.0,0.0,0.0,0.0,0.0,0.0,-10.0,22.360679774997898,-12.0,135.39804865265452,0.0,0.0,0.0,-0.0011560693641618602,0.002585049684971254,-0.0012500135248599664,0.016475207581761,0
2025-07-21,140.0,0.01616628175519641,0,0.0,1.0,1.0,0.8,0.2,0.0,1.0,1.0,0.0,60.0,0.0,0.0,12.0,26.832815729997478,-8.5,136.3538353734572,0.006976744186046435,0.0,0.0,0.001395348837209287,0.0031200948523255052,-0.0008446152295847942,0.01657772015905189,0
2025-07-22,80.0,0.009090909090909038,0,0.0,0.0,1.0,0.6,0.2,0.0,2.0,0.0,0.0,140.0,60.0,0.0,40.0,61.644140029689765,-1.0,140.3341876041813,0.01616628175519641,0.006976744186046435,0.0,0.004628605188248569,0.007122213407405833,2.0323999737881237e-05,0.01700761539538916,0
2025-07-23,-20.0,-0.0022522522522522292,0,0.0,0.0,0.0,0.4,0.2,0.0,3.0,0.0,0.0,80.0,140.0,60.0,56.0,58.9915248150105,4.5,141.29010841825178,0.009090909090909038,0.01616628175519641,0.006976744186046435,0.006446787006430377,0.006798215570899971,0.0006449374814942177,0.017104455246111025,0
2025-07-24,-40.0,-0.004514672686230292,0,0.0,0.0,0.0,0.2,0.2,0.0,4.0,0.0,0.0,-20.0,80.0,140.0,52.0,64.18722614352485,7.5,140.03289087323387,-0.0022522522522522292,0.009090909090909038,0.01616628175519641,0.005996336555979931,0.007381744933787238,0.0009873874399851323,0.016967066345045027,0
2025-07-25,-20.0,-0.0022675736961451642,0,0.0,0.0,0.0,0.0,0.2,0.0,5.0,0.0,0.0,-40.0,-20.0,80.0,44.0,74.02702209328699,7.5,140.03289087323387,-0.004514672686230292,-0.0022522522522522292,0.009090909090909038,0.0050934020187338724,0.008491310887820317,0.000991274930817132,0.01696572946787983,0
2025-07-28,-50.0,-0.005681818181818232,0,0.0,0.0,0.0,0.0,0.2,0.0,6.0,0.0,0.0,-20.0,-40.0,-20.0,28.0,78.23042886243178,6.0,140.16531592898767,-0.0022675736961451642,-0.004514672686230292,-0.0022522522522522292,0.0032445384422955525,0.008971551503348297,0.0008202261191355975,0.016981246941787674,0
2025-07-29,-120.0,-0.013714285714285679,0,0.0,0.0,0.0,0.0,0.2,0.0,7.0,0.0,0.0,-50.0,-20.0,-40.0,-10.0,51.96152422706632,2.5,140.67038741233378,-0.005681818181818232,-0.0022675736961451642,-0.004514672686230292,-0.001125081545107376,0.005899055934506238,0.0004209278367727998,0.017038312835651628,0
2025-07-30,-220.0,-0.02549246813441486,0,0.0,0.0,0.0,0.0,0.2,0.0,8.0,0.0,0.0,-120.0,-50.0,-20.0,-50.0,41.23105625617661,1.5,141.5059976411611,-0.013714285714285679,-0.005681818181818232,-0.0022675736961451642,-0.0056861205061463195,0.004724977740456589,0.00030992619473667603,0.01712702432892542,0
2025-07-31,10.0,0.0011890606420927874,0,0.0,0.0,0.0,0.0,0.2,0.0,9.0,0.0,0.0,-220.0,-120.0,-50.0,-90.0,81.8535277187245,-5.5,149.0134222142396,-0.02549246813441486,-0.013714285714285679,-0.005681818181818232,-0.010334163682578845,0.009510258762621236,-0.0004995809329143008,0.01796726031018258,0
2025-08-01,-40.0,-0.004750593824228044,0,0.0,0.0,0.0,0.0,0.2,0.0,10.0,0.0,0.0,10.0,-220.0,-120.0,-80.0,91.92388155425118,-3.0,148.82345598940648,0.0011890606420927874,-0.02549246813441486,-0.013714285714285679,-0.00919341701691423,0.010655887991294447,-0.00020538611677210495,0.017943107097883285,0
2025-08-04,50.0,0.005966587112171906,0,0.0,0.0,0.0,0.0,0.2,0.0,11.0,0.0,0.0,-40.0,10.0,-220.0,-84.0,89.05054744357274,-1.0,148.00071123584178,-0.004750593824228044,0.0011890606420927874,-0.02549246813441486,-0.009690021042530805,0.010304490404168332,2.8782305224039907e-05,0.01784663074879788,0
2025-08-05,110.0,0.013048635824436605,0,0.0,0.0,0.0,0.0,0.2,0.0,12.0,0.0,0.0,50.0,-40.0,10.0,-64.0,107.8424777163433,13.0,138.11132047049765,0.005966587112171906,-0.004750593824228044,0.0011890606420927874,-0.007360339983732778,0.012516556130951668,0.0016961592798802549,0.01667002257984986,0
2025-08-06,-40.0,-0.004683840749414525,0,0.0,0.0,0.0,0.0,0.2,0.0,13.0,0.0,0.0,110.0,50.0,-40.0,-18.0,125.57866060760483,20.5,139.15061888774102,0.013048635824436605,0.005966587112171906,-0.004750593824228044,-0.002007755675988321,0.014659123292775071,0.0025933891127177533,0.01677909986310322,0
2025-08-07,-90.0,-0.010588235294117676,0,0.0,0.0,0.0,0.0,0.2,0.0,14.0,0.0,0.0,-40.0,110.0,50.0,18.0,63.796551630946325,18.0,139.79684508148273,-0.004683840749414525,0.013048635824436605,0.005966587112171906,0.002153969801011746,0.007559588285528567,0.0022976964602408776,0.016856322017729467,0
2025-08-08,-110.0,-0.013079667063020217,0,0.0,0.0,0.0,0.0,0.2,0.0,15.0,0.0,0.0,-90.0,-40.0,110.0,-2.0,80.43631020876082,-12.0,80.43303851160765,-0.010588235294117676,-0.004683840749414525,0.013048635824436605,-0.00020148938623034684,0.009516844294123512,-0.001364393437143141,0.009329000770782105,0
2025-08-11,10.0,0.00120481927710836,0,0.0,0.0,0.0,0.0,0.2,0.0,16.0,0.0,0.0,-110.0,-90.0,-40.0,-16.0,93.70165420097983,-15.0,83.00285347028593,-0.013079667063020217,-0.010588235294117676,-0.004683840749414525,-0.0018673040339887814,0.011108101977364223,-0.0017293594492536867,0.009648173648515721,0
2025-08-12,-30.0,-0.0036101083032491488,0,0.0,0.0,0.0,0.0,0.15,0.0,17.0,0.0,0.0,10.0,-110.0,-90.0,-24.0,88.20430828479978,-14.5,83.12799262519195,0.00120481927710836,-0.013079667063020217,-0.010588235294117676,-0.0028196576010014905,0.010453383695289468,-0.0016691184853982687,0.009663289135761881,0
2025-08-13,-40.0,-0.004830917874396157,0,0.0,0.0,0.0,0.0,0.1,0.0,18.0,0.0,0.0,-30.0,10.0,-110.0,-52.0,48.16637831516918,-16.0,83.12324394662276,-0.0036101083032491488,0.00120481927710836,-0.013079667063020217,-0.006151406426538641,0.005709909097750984,-0.0018496239005607261,0.009664187341231546,0
2025-08-14,240.0,0.029126213592232997,0,0.0,0.0,0.0,0.0,0.05,0.0,19.0,0.0,0.0,-40.0,-30.0,10.0,-52.0,48.16637831516918,-18.0,83.199190279456,-0.004830917874396157,-0.0036101083032491488,0.00120481927710836,-0.006180821851534968,0.005700830252731743,-0.002091169794280534,0.00967588956653388,0
2025-08-18,-30.0,-0.003537735849056589,0,0.0,0.0,0.0,0.0,0.0,0.0,20.0,0.0,0.0,240.0,-40.0,-30.0,14.0,133.52902306240392,-6.0,101.27606876879845,0.029126213592232997,-0.004830917874396157,-0.0036101083032491488,0.0017620679257351669,0.016137780445170873,-0.0006348591146688842,0.011935284173303048,0
2025-08-19,-60.0,-0.007100591715976323,0,0.0,0.0,0.0,0.0,0.0,0.0,21.0,0.0,0.0,-30.0,240.0,-40.0,30.0,118.95377253370319,-10.5,100.18272778961278,-0.003537735849056589,0.029126213592232997,-0.004830917874396157,0.0036704541685278922,0.014416249192340263,-0.0011605831164240355,0.011813310137431348,0
2025-08-20,10.0,0.0011918951132301459,0,0.0,0.0,0.0,0.0,0.0,0.0,22.0,0.0,0.0,-60.0,-30.0,240.0,16.0,125.81732790041282,-20.5,94.17089728114559,-0.007100591715976323,-0.003537735849056589,0.029126213592232997,0.0020093719699109556,0.015227057059541294,-0.002323926789982672,0.011143862406787467,0
2025-08-21,50.0,0.005952380952380931,0,0.0,0.0,0.0,0.0,0.0,0.0,23.0,0.0,0.0,10.0,-60.0,-30.0,24.0,123.40988615179904,-24.0,91.50208510709795,0.0011918951132301459,-0.007100591715976323,-0.003537735849056589,0.002969772653206815,0.014932606347239774,-0.0027188774888666166,0.010854226733987206,0
2025-08-22,100.0,0.01183431952662728,0,0.0,0.0,0.0,0.0,0.0,0.0,24.0,0.0,0.0,50.0,10.0,-60.0,42.0,118.19475453673907,-20.5,92.98981268481577,0.005952380952380931,0.0011918951132301459,-0.007100591715976323,0.005126432418562232,0.01428915849628534,-0.0023086458286349586,0.011026469839736087,0
2025-08-25,100.0,0.011695906432748648,0,0.0,0.0,0.0,0.0,0.0,0.0,25.0,0.0,0.0,100.0,50.0,10.0,14.0,63.48228099241551,-13.5,96.64231393186164,0.01183431952662728,0.005952380952380931,0.0011918951132301459,0.0016680536054410888,0.007515393122170884,-0.00149119621799208,0.011452120333739383,0
2025-08-26,20.0,0.0023121387283238093,0,0.0,0.0,0.0,0.0,0.0,0.0,26.0,0.0,0.0,100.0,100.0,50.0,40.0,67.45368781616021,-7.5,99.8880952814028,0.011695906432748648,0.01183431952662728,0.005952380952380931,0.004714782061802136,0.007952505142574133,-0.0007930222115473895,0.011821964655712917,0
2025-08-27,850.0,0.0980392156862746,0,0.0,0.0,0.0,0.0,0.0,0.0,27.0,0.0,0.0,20.0,100.0,100.0,56.0,42.77849927241488,-4.0,99.54633938126385,0.0023121387283238093,0.011695906432748648,0.01183431952662728,0.006597328150662163,0.005035352290717927,-0.0003933243660402874,0.011783049040592365,0
2025-08-28,-420.0,-0.044117647058823484,0,0.0,0.0,0.0,0.0,0.0,0.0,28.0,0.0,0.0,850.0,20.0,100.0,224.0,351.6105800455953,44.5,212.39176810294222,0.0980392156862746,0.0023121387283238093,0.011695906432748648,0.025966792265271054,0.04049054976190236,0.005194350703987727,0.024628865526485022,0
2025-08-29,390.0,0.04285714285714293,0,0.0,0.0,0.0,0.0,0.0,0.0,29.0,0.0,0.0,-420.0,850.0,20.0,130.0,456.8369512200168,34.5,229.5183744507737,-0.044117647058823484,0.0980392156862746,0.0023121387283238093,0.015952786663030172,0.05139987576406911,0.004263091757767295,0.02615509081346579,0
2025-09-01,-190.0,-0.02002107481559534,0,0.0,0.0,0.0,0.0,0.0,0.0,30.0,0.0,0.0,390.0,-420.0,850.0,188.0,470.28714632658205,53.5,242.7317124121312,0.04285714285714293,-0.044117647058823484,0.0980392156862746,0.022157351329133303,0.0526359867662651,0.006346495868519803,0.0275212132467984,0
2025-09-02,70.0,0.007526881720430145,0,0.0,0.0,0.0,0.0,0.0,0.0,31.0,0.0,0.0,-190.0,390.0,-420.0,130.0,500.7494383421713,46.0,248.03225596683842,-0.02002107481559534,0.04285714285714293,-0.044117647058823484,0.015813955079464502,0.056014669583642145,0.005582971818951438,0.028051991577282668,1
2025-09-03,-20.0,-0.002134471718249764,0,0.0,0.0,0.0,0.0,0.0,0.0,32.0,0.0,0.0,70.0,-190.0,390.0,140.0,498.4977432245807,47.0,248.08954240884646,0.007526881720430145,-0.02002107481559534,0.04285714285714293,0.01685690367788577,0.05574834227455055,0.00566098654936435,0.028055284047409212,0
2025-09-04,0.0,0.0,1,0.0,0.0,0.0,0.0,0.0,0.0,33.0,0.0,0.0,-20.0,70.0,-190.0,-34.0,301.711782998278,40.5,248.05506604274976,-0.002134471718249764,0.007526881720430145,-0.02002107481559534,-0.003177833803019103,0.03238310397494135,0.004901831172230031,0.028050279824754408,0
2025-09-05,0.0,0.0,1,1.0,0.0,0.0,0.2,0.05,1.0,0.0,0.0,1.0,0.0,-20.0,70.0,50.0,212.72047386182646,42.5,247.53256032500428,0.0,-0.002134471718249764,0.007526881720430145,0.005645695608745593,0.02312692507698297,0.005136023209700758,0.02798551475988286,0
2025-09-08,130.0,0.013903743315508033,0,1.0,1.0,0.0,0.4,0.1,2.0,0.0,0.0,0.0,0.0,0.0,-20.0,-28.0,96.79876032264049,47.0,245.80908295495746,0.0,0.0,-0.002134471718249764,-0.002925732962682992,0.01023784386328954,0.005665434974406641,0.02777173173127128,0
2025-09-09,240.0,0.025316455696202445,0,0.0,1.0,1.0,0.4,0.1,0.0,1.0,1.0,0.0,130.0,0.0,0.0,36.0,62.68971207462992,59.0,243.5893870300664,0.013903743315508033,0.0,0.0,0.0038592306635376827,0.006709241565947427,0.007014605493333053,0.02746691621020212,0
2025-09-10,80.0,0.008230452674897082,0,0.0,0.0,1.0,0.4,0.1,0.0,2.0,0.0,0.0,240.0,130.0,0.0,70.0,112.24972160321825,70.5,246.565353779094,0.025316455696202445,0.013903743315508033,0.0,0.007417145458692142,0.011871423071185912,0.008220187314287758,0.027726420793452895,0
2025-09-11,850.0,0.08673469387755106,0,0.0,0.0,0.0,0.4,0.1,0.0,3.0,0.0,0.0,80.0,240.0,130.0,90.0,100.4987562112089,76.0,245.42980559354132,0.008230452674897082,0.025316455696202445,0.013903743315508033,0.009490130337321512,0.01062619980682521,0.00881221536319507,0.02758657955282469,0
2025-09-12,-150.0,-0.014084507042253502,0,0.0,0.0,0.0,0.2,0.1,0.0,4.0,0.0,0.0,850.0,80.0,240.0,260.0,341.1011580162108,120.5,298.2841280601951,0.08673469387755106,0.008230452674897082,0.025316455696202445,0.026837069112831725,0.03472658595238304,0.01339049595079243,0.03238415188066401,0
2025-09-15,-400.0,-0.03809523809523807,0,0.0,0.0,0.0,0.0,0.1,0.0,5.0,0.0,0.0,-150.0,850.0,80.0,230.0,374.6331538985838,101.0,302.77488597792694,-0.014084507042253502,0.08673469387755106,0.008230452674897082,0.024020167704381024,0.0378761651185738,0.011229959919068106,0.03271876753281189,0
2025-09-16,350.0,0.034653465346534684,0,0.0,0.0,0.0,0.0,0.1,0.0,6.0,0.0,0.0,-400.0,-150.0,850.0,124.0,472.2605213227123,82.5,321.900197020916,-0.03809523809523807,-0.014084507042253502,0.08673469387755106,0.013620371422231803,0.04731178055738977,0.009502084806759032,0.034408548892782755,0
2025-09-17,-350.0,-0.03349282296650713,0,0.0,0.0,0.0,0.0,0.1,0.0,7.0,0.0,0.0,350.0,-400.0,-150.0,146.0,481.48727916737323,103.0,325.3839836902003,0.034653465346534684,-0.03809523809523807,-0.014084507042253502,0.015487773352298251,0.048067075584242336,0.011589787659884582,0.03461425741581096,0
2025-09-18,150.0,0.014851485148514865,0,0.0,0.0,0.0,0.0,0.1,0.0,8.0,0.0,0.0,-350.0,350.0,-400.0,60.0,531.9774431308155,85.0,340.4099695491017,-0.03349282296650713,0.034653465346534684,-0.03809523809523807,0.007143118224017408,0.05300952458560274,0.009855551755897718,0.03600362820940337,0
2025-09-19,700.0,0.06829268292682933,0,0.0,0.0,0.0,0.0,0.1,0.0,9.0,0.0,0.0,150.0,-350.0,350.0,-80.0,323.26459750489227,90.0,340.6031801316434,0.014851485148514865,-0.03349282296650713,0.034653465346534684,-0.0072335235217898305,0.031349639764120786,0.010300506965704415,0.03600784165029768,0
2025-09-22,-500.0,-0.045662100456621,0,0.0,0.0,0.0,0.0,0.1,0.0,10.0,0.0,0.0,700.0,150.0,-350.0,90.0,468.2413907377262,120.0,366.93610515068855,0.06829268292682933,0.014851485148514865,-0.03349282296650713,0.009241914472026736,0.0453631768432334,0.013123425135714517,0.03827606858337679,0
2025-09-23,-100.0,-0.009569377990430672,0,0.0,0.0,0.0,0.0,0.1,0.0,11.0,0.0,0.0,-500.0,700.0,150.0,70.0,495.7317823178175,90.0,392.307612923703,-0.045662100456621,0.06829268292682933,0.014851485148514865,0.007728541999750149,0.047416939520996376,0.010255524791246034,0.0404743546222021,0
2025-09-24,0.0,0.0,1,0.0,0.0,0.0,0.0,0.1,0.0,12.0,0.0,0.0,-100.0,-500.0,700.0,-20.0,472.493386197098,84.0,394.3468951116641,-0.009569377990430672,-0.045662100456621,0.06829268292682933,-0.001116026667642922,0.04521227482207303,0.009661448955308311,0.04068373858886378,0
2025-09-25,150.0,0.01449275362318847,0,1.0,0.0,0.0,0.2,0.15,1.0,0.0,0.0,1.0,0.0,-100.0,-500.0,50.0,435.88989435406734,41.5,350.8527206378007,0.0,-0.009569377990430672,-0.045662100456621,0.005582537925658504,0.04154886856834437,0.0047594881709945806,0.03498141963860922,0
2025-09-26,100.0,0.00952380952380949,0,0.0,1.0,0.0,0.2,0.15,0.0,1.0,1.0,0.0,150.0,0.0,-100.0,50.0,435.88989435406734,70.0,334.1446267396001,0.01449275362318847,0.0,-0.009569377990430672,0.005510791620593225,0.04152916668057878,0.007690008205095178,0.033074316505171286,0
2025-09-29,-200.0,-0.018867924528301883,0,0.0,0.0,1.0,0.2,0.15,0.0,2.0,0.0,0.0,100.0,150.0,0.0,-70.0,258.8435821108957,55.5,325.71338708489566,0.00952380952380949,0.01449275362318847,0.0,-0.006242983060010743,0.023887596578688285,0.006023341538428506,0.03203236664563416,0
2025-09-30,100.0,0.009615384615384581,0,0.0,0.0,0.0,0.2,0.15,0.0,3.0,0.0,0.0,-200.0,100.0,150.0,-10.0,143.17821063276352,55.0,326.1175119170184,-0.018867924528301883,0.00952380952380949,0.01449275362318847,-0.0008841478743469189,0.013641900886965222,0.006080999052793179,0.031984021307431276,0
2025-10-01,-150.0,-0.014285714285714235,0,0.0,0.0,0.0,0.2,0.15,0.0,4.0,0.0,0.0,100.0,-200.0,100.0,30.0,139.64240043768942,56.5,326.2590994899595,0.009615384615384581,-0.018867924528301883,0.00952380952380949,0.0029528046468161318,0.013281582890646257,0.0061854241975409004,0.03199239874628899,0
2025-10-02,50.0,0.004830917874396157,0,0.0,0.0,0.0,0.0,0.15,0.0,5.0,0.0,0.0,-150.0,100.0,-200.0,0.0,162.0185174601965,50.0,329.1456244662269,-0.014285714285714235,0.009615384615384581,-0.018867924528301883,9.566178967328476e-05,0.01543723525682925,0.005577862069167677,0.03227286800919854,0
2025-10-10,-50.0,-0.004807692307692291,0,0.0,0.0,0.0,0.0,0.1,0.0,6.0,0.0,0.0,50.0,-150.0,100.0,-20.0,144.04860290887933,52.5,328.9356840030063,0.004830917874396157,-0.014285714285714235,0.009615384615384581,-0.001836705360085178,0.013690408251917438,0.005819407962887485,0.032246991433094924,0
2025-10-13,-50.0,-0.004830917874396157,0,0.0,0.0,0.0,0.0,0.05,0.0,7.0,0.0,0.0,-50.0,50.0,-150.0,-50.0,127.47548783981962,50.0,329.5451410656805,-0.004807692307692291,0.004830917874396157,-0.014285714285714235,-0.004703005726385534,0.01212843959958442,0.005579023347502871,0.03231051216350494,0
2025-10-14,-50.0,-0.004854368932038833,0,0.0,0.0,0.0,0.0,0.05,0.0,8.0,0.0,0.0,-50.0,-50.0,50.0,-20.0,97.46794344808964,41.0,329.7032158264688,-0.004830917874396157,-0.004807692307692291,0.004830917874396157,-0.0018956043956043888,0.009332203841743852,0.004642290288007661,0.0323280318855704,0
2025-10-15,50.0,0.004878048780487809,0,0.0,0.0,0.0,0.0,0.05,0.0,9.0,0.0,0.0,-50.0,-50.0,-50.0,-50.0,70.71067811865476,26.5,326.85543239207425,-0.004854368932038833,-0.004830917874396157,-0.004807692307692291,-0.004789555105089072,0.006759008436926149,0.003133749056595597,0.03201494943104382,0
2025-10-16,50.0,0.004854368932038833,0,0.0,0.0,0.0,0.0,0.05,0.0,10.0,0.0,0.0,50.0,-50.0,-50.0,-10.0,54.772255750516614,25.0,326.6657715705592,0.004878048780487809,-0.004854368932038833,-0.004830917874396157,-0.0009568024918486628,0.005305005724193351,0.0029661288618751335,0.031995630472673814,0
2025-10-17,0.0,0.0,1,0.0,0.0,0.0,0.0,0.05,0.0,11.0,0.0,0.0,50.0,50.0,-50.0,-10.0,54.772255750516614,-15.0,263.12894577613923,0.004854368932038833,0.004878048780487809,-0.004854368932038833,-0.0009521122803201276,0.0053114084578489516,-0.0011278873854004778,0.0252376708853753,0
2025-10-20,-100.0,-0.009661835748792313,0,1.0,0.0,0.0,0.2,0.1,1.0,0.0,0.0,1.0,0.0,50.0,50.0,0.0,50.0,-7.5,261.20923252805215,0.0,0.004854368932038833,0.004878048780487809,9.426181218330499e-06,0.004854443289559923,-0.00042366203328780274,0.025052933511123282,0
2025-10-21,50.0,0.004878048780487809,0,0.0,1.0,0.0,0.2,0.1,0.0,1.0,1.0,0.0,-100.0,0.0,50.0,-10.0,65.19202405202648,7.5,245.63290967577768,-0.009661835748792313,0.0,0.004854368932038833,-0.0009567573936609009,0.006318609456330814,0.0009980080840344852,0.023565265881108403,0
2025-10-22,-50.0,-0.004854368932038833,0,0.0,0.0,1.0,0.2,0.1,0.0,2.0,0.0,0.0,50.0,-100.0,0.0,10.0,65.19202405202648,-7.5,232.42146381542418,0.004878048780487809,-0.009661835748792313,0.0,0.0009897261488444275,0.006316820765347435,-0.0004907627442678586,0.02222983948325382,0
2025-10-23,0.0,0.0,1,0.0,0.0,0.0,0.2,0.1,0.0,3.0,0.0,0.0,-50.0,50.0,-100.0,-10.0,65.19202405202648,7.5,218.41233337066916,-0.004854368932038833,0.004878048780487809,-0.009661835748792313,-0.0009567573936609009,0.006318609456330814,0.0009411599574555563,0.02087310852842506,0
2025-10-24,0.0,0.0,1,1.0,0.0,0.0,0.4,0.15,1.0,0.0,0.0,1.0,0.0,-50.0,50.0,-20.0,57.0087712549569,0.0,215.82156372434227,0.0,-0.004854368932038833,0.004878048780487809,-0.0019276311800686674,0.00552567909487035,0.00019858570002981302,0.020614770940603527,0
2025-10-27,50.0,0.004878048780487809,0,1.0,1.0,0.0,0.4,0.2,2.0,0.0,0.0,0.0,0.0,0.0,-50.0,-20.0,57.0087712549569,-35.0,139.64240043768677,0.0,0.0,-0.004854368932038833,-0.0019276311800686674,0.00552567909487035,-0.0032160484463116534,0.012986725347583297,0
2025-10-28,50.0,0.004854368932038833,0,0.0,1.0,1.0,0.4,0.2,0.0,1.0,1.0,0.0,50.0,0.0,0.0,10.0,41.83300132670378,-7.5,87.77213321106149,0.004878048780487809,0.0,0.0,0.0009803457257873572,0.0040727824895162735,-0.0006890409844562129,0.008399803926994909,0
2025-10-29,0.0,0.0,1,0.0,0.0,1.0,0.4,0.2,0.0,2.0,0.0,0.0,50.0,50.0,0.0,10.0,41.83300132670378,0.0,85.83950752789097,0.004854368932038833,0.004878048780487809,0.0,0.0009756097560975618,0.0040671268538290855,3.214636166726237e-05,0.008214378275559413,0
2025-10-30,0.0,0.0,1,1.0,0.0,0.0,0.6,0.2,1.0,0.0,0.0,1.0,0.0,50.0,50.0,20.0,27.386127875258307,0.0,85.83950752789097,0.0,0.004854368932038833,0.004878048780487809,0.0019464835425053284,0.0026653455088857404,3.214636166726237e-05,0.008214378275559413,0
2025-10-31,50.0,0.004830917874396157,0,1.0,1.0,0.0,0.6,0.25,2.0,0.0,0.0,0.0,0.0,0.0,50.0,20.0,27.386127875258307,-7.5,78.26237921248799,0.0,0.0,0.004854368932038833,0.0019464835425053284,0.0026653455088857404,-0.0006924913194921612,0.007477806018877155,0
2025-11-03,0.0,0.0,1,0.0,1.0,1.0,0.4,0.25,0.0,1.0,1.0,0.0,50.0,0.0,0.0,30.0,27.386127875258307,-10.0,75.39370349250035,0.004830917874396157,0.0,0.0,0.00291266711738456,0.002658941352252025,-0.0009271359019628278,0.007209161418726285,0
2025-11-04,-50.0,-0.004807692307692291,0,1.0,0.0,1.0,0.6,0.3,1.0,0.0,0.0,1.0,0.0,50.0,0.0,20.0,27.386127875258307,0.0,60.697697866682404,0.0,0.004830917874396157,0.0,0.001937057361286998,0.0026524379885744247,1.6260324452266327e-05,0.005842926062699222,0
2025-11-05,150.0,0.01449275362318847,0,0.0,1.0,0.0,0.6,0.3,0.0,1.0,1.0,0.0,-50.0,0.0,50.0,0.0,35.35533905932738,-7.5,56.83540408842016,-0.004807692307692291,0.0,0.004830917874396157,4.645113340773221e-06,0.0034077692464874617,-0.0007048935217015773,0.005474255483900045,0
2025-11-06,0.0,0.0,1,0.0,0.0,1.0,0.4,0.3,0.0,2.0,0.0,0.0,150.0,-50.0,0.0,30.0,75.82875444051551,7.5,56.83540408842019,0.01449275362318847,-0.004807692307692291,0.0,0.0029031958379784673,0.007320328716129761,0.000734029873743558,0.005498812141173118,0
2025-11-07,0.0,0.0,1,1.0,0.0,0.0,0.4,0.35,1.0,0.0,0.0,1.0,0.0,150.0,-50.0,30.0,75.82875444051551,5.0,55.96051239372004,0.0,0.01449275362318847,-0.004807692307692291,0.0029031958379784673,0.007320328716129761,0.0004924839800237501,0.005414839184590433,0
2025-11-10,0.0,0.0,1,1.0,1.0,0.0,0.6,0.4,2.0,0.0,0.0,0.0,0.0,0.0,150.0,20.0,75.82875444051551,7.5,54.4711415628236,0.0,0.0,0.01449275362318847,0.0019370122630992359,0.007321095040547378,0.0007328685954083647,0.005271992338006493,0
2025-11-11,-50.0,-0.004761904761904745,0,1.0,1.0,1.0,0.6,0.45,3.0,0.0,0.0,0.0,0.0,0.0,0.0,20.0,75.82875444051551,10.0,52.815468228633556,0.0,0.0,0.0,0.0019370122630992359,0.007321095040547378,0.0009744144891281725,0.005111898654115875,0
2025-11-12,150.0,0.014354066985645897,0,0.0,1.0,1.0,0.6,0.45,0.0,1.0,1.0,0.0,-50.0,0.0,0.0,20.0,75.82875444051551,10.0,52.815468228633556,-0.004761904761904745,0.0,0.0,0.001946169772256745,0.007310570439980587,0.0009790376976348768,0.00510638848609137,0
2025-11-13,-50.0,-0.004716981132075526,0,0.0,0.0,1.0,0.6,0.45,0.0,2.0,0.0,0.0,150.0,-50.0,0.0,20.0,75.82875444051551,15.0,60.91408963276681,0.014354066985645897,-0.004761904761904745,0.0,0.0019184324447482303,0.007251087173047826,0.0014528386078927814,0.00586976301425392,0
2025-11-14,0.0,0.0,1,0.0,0.0,0.0,0.4,0.45,0.0,3.0,0.0,0.0,-50.0,150.0,-50.0,10.0,82.15838362577492,10.0,61.98471798078272,-0.004716981132075526,0.014354066985645897,-0.004761904761904745,0.0009750362183331251,0.007845562581085541,0.0009742711046870633,0.005967208502799138,0
2025-11-17,-50.0,-0.004739336492891044,0,1.0,0.0,0.0,0.4,0.45,1.0,0.0,0.0,1.0,0.0,-50.0,150.0,10.0,82.15838362577492,10.0,61.98471798078272,0.0,-0.004716981132075526,0.014354066985645897,0.0009750362183331251,0.007845562581085541,0.0009742711046870633,0.005967208502799138,0
2025-11-18,0.0,0.0,1,0.0,1.0,0.0,0.2,0.45,0.0,1.0,1.0,0.0,-50.0,0.0,-50.0,0.0,86.60254037844386,12.5,58.20788515945341,-0.004739336492891044,0.0,-0.004716981132075526,2.716891975491631e-05,0.008267746165553091,0.0012203960674821268,0.005595350333963588,0
2025-11-19,-50.0,-0.004761904761904745,0,1.0,0.0,1.0,0.4,0.5,1.0,0.0,0.0,1.0,0.0,-50.0,0.0,10.0,82.15838362577492,10.0,57.58289219623728,0.0,-0.004739336492891044,0.0,0.0009795498721358654,0.007841442320479314,0.0009764936284577363,0.005533496738920676,0
2025-11-20,0.0,0.0,1,0.0,1.0,0.0,0.4,0.5,0.0,1.0,1.0,0.0,-50.0,0.0,-50.0,-30.0,27.386127875258307,10.0,57.58289219623728,-0.004761904761904745,0.0,-0.004739336492891044,-0.002843644477374263,0.002595928966004326,0.0009811168369644407,0.005528404963836388,0
2025-11-21,0.0,0.0,1,1.0,0.0,1.0,0.6,0.5,1.0,0.0,0.0,1.0,0.0,-50.0,0.0,-20.0,27.386127875258307,10.0,57.58289219623728,0.0,-0.004761904761904745,0.0,-0.0019002482509591577,0.002602034313664172,0.0009811168369644407,0.005528404963836388,0
2025-11-24,0.0,0.0,1,1.0,1.0,0.0,0.6,0.5,2.0,0.0,0.0,0.0,0.0,0.0,-50.0,-20.0,27.386127875258307,10.0,57.58289219623728,0.0,0.0,-0.004761904761904745,-0.0019002482509591577,0.002602034313664172,0.0009811168369644407,0.005528404963836388,0
2025-11-25,0.0,0.0,1,1.0,1.0,1.0,0.8,0.55,3.0,0.0,0.0,0.0,0.0,0.0,0.0,-10.0,22.360679774997898,7.5,56.835404088420184,0.0,0.0,0.0,-0.000952380952380949,0.0021295885500003425,0.0007372143979400503,0.0054545428247776175,0
2025-11-26,0.0,0.0,1,1.0,1.0,1.0,0.8,0.6,4.0,0.0,0.0,0.0,0.0,0.0,0.0,-10.0,22.360679774997898,5.0,55.96051239372004,0.0,0.0,0.0,-0.000952380952380949,0.0021295885500003425,0.0004944959513381086,0.0053690290695500185,0
2025-11-27,50.0,0.004784688995215225,0,1.0,1.0,1.0,1.0,0.6,5.0,0.0,0.0,0.0,0.0,0.0,0.0,0.0,0.0,5.0,55.96051239372004,0.0,0.0,0.0,0.0,0.0,0.0004944959513381086,0.0053690290695500185,0
2025-11-28,500.0,0.04761904761904767,0,0.0,1.0,1.0,0.8,0.55,0.0,1.0,1.0,0.0,50.0,0.0,0.0,10.0,22.360679774997898,7.5,56.835404088420184,0.004784688995215225,0.0,0.0,0.000956937799043045,0.0021397779688997628,0.0007337304010988699,0.005451796215408878,0
2025-12-01,-200.0,-0.018181818181818188,0,0.0,0.0,1.0,0.6,0.55,0.0,2.0,0.0,0.0,500.0,50.0,0.0,110.0,219.08902300206645,30.0,123.96943596157423,0.04761904761904767,0.004784688995215225,0.0,0.01048074732285258,0.020864063738271713,0.002873136888331446,0.011820197657525981,0
2025-12-02,-250.0,-0.02314814814814814,0,0.0,0.0,0.0,0.4,0.5,0.0,3.0,0.0,0.0,-200.0,500.0,50.0,70.0,258.8435821108957,20.0,134.16407864998467,-0.018181818181818188,0.04761904761904767,0.004784688995215225,0.006844383686488942,0.02442753322115939,0.001964045979240536,0.012717893884734061,0
2025-12-03,-100.0,-0.009478672985781977,0,0.0,0.0,0.0,0.2,0.5,0.0,4.0,0.0,0.0,-250.0,-200.0,500.0,20.0,297.06901555025894,10.0,146.5390194130068,-0.02314814814814814,-0.018181818181818188,0.04761904761904767,0.002214754056859314,0.027983729836949477,0.0010470231872177437,0.01384329385592233,0
2025-12-04,-50.0,-0.004784688995215336,0,0.0,0.0,0.0,0.0,0.5,0.0,5.0,0.0,0.0,-100.0,-250.0,-200.0,0.0,302.0761493398643,-2.5,144.6183725679756,-0.009478672985781977,-0.02314814814814814,-0.018181818181818188,0.00031901945970291834,0.028487798241108545,-0.00015154814323077858,0.013654322737801794,0
2025-12-05,50.0,0.004807692307692291,0,0.0,0.0,0.0,0.0,0.45,0.0,6.0,0.0,0.0,-50.0,-100.0,-250.0,-20.0,301.24740662784137,-5.0,145.0045371340944,-0.004784688995215336,-0.009478672985781977,-0.02314814814814814,-0.0015948561383831938,0.028434176755588,-0.0003907825929915454,0.01369338761671128,0
2025-12-08,100.0,0.009569377990430672,0,0.0,0.0,0.0,0.0,0.4,0.0,7.0,0.0,0.0,50.0,-50.0,-100.0,-110.0,119.37336386313322,-2.5,145.5253640399042,0.004807692307692291,-0.004784688995215336,-0.009478672985781977,-0.01015712720065427,0.01102759613324387,-0.00015039797760693085,0.013742718950699364,0
2025-12-09,0.0,0.0,1,0.0,0.0,0.0,0.0,0.35,0.0,8.0,0.0,0.0,100.0,50.0,-50.0,-50.0,136.93063937629154,2.5,147.32259625875565,0.009569377990430672,0.004807692307692291,-0.004784688995215336,-0.004606887966204498,0.012817420468100601,0.00032807092191460273,0.013913751120386932,0
2025-12-10,-50.0,-0.004739336492891044,0,1.0,0.0,0.0,0.2,0.4,1.0,0.0,0.0,1.0,0.0,100.0,50.0,0.0,79.05694150420949,5.0,146.8081454788754,0.0,0.009569377990430672,0.004807692307692291,2.2741663425129843e-05,0.0075402719593732565,0.00056616616000984,0.013862715853345173,0
2025-12-11,0.0,0.0,1,0.0,1.0,0.0,0.2,0.4,0.0,1.0,1.0,0.0,-50.0,0.0,100.0,10.0,65.19202405202648,-5.0,143.178210632761,-0.004739336492891044,0.0,0.009569377990430672,0.0009706089620033165,0.006231593914027305,-0.00038850401391700705,0.013516339375546091,0
2025-12-12,-150.0,-0.014285714285714235,0,1.0,0.0,1.0,0.4,0.45,1.0,0.0,0.0,1.0,0.0,-50.0,0.0,20.0,57.0087712549569,-2.5,142.78710689252063,0.0,-0.004739336492891044,0.0,0.0019275467610463837,0.005444516237966809,-0.00015265495731323075,0.01347793498519985,0
2025-12-15,-100.0,-0.009661835748792313,0,0.0,1.0,0.0,0.4,0.4,0.0,1.0,1.0,0.0,-150.0,0.0,-50.0,-20.0,90.82951062292474,-10.0,146.5390194130068,-0.014285714285714235,0.0,-0.004739336492891044,-0.0018911345576349214,0.008663630713999938,-0.0008669406715989425,0.013843021952274012,0
2025-12-16,0.0,0.0,1,0.0,0.0,1.0,0.4,0.4,0.0,2.0,0.0,0.0,-100.0,-150.0,0.0,-60.0,65.19202405202648,-12.5,147.67941808632324,-0.009661835748792313,-0.014285714285714235,0.0,-0.0057373773054795185,0.006231101855920123,-0.001113065634394006,0.013958772112202282,0
2025-12-17,50.0,0.004878048780487809,0,1.0,0.0,0.0,0.4,0.4,1.0,0.0,0.0,1.0,0.0,-100.0,-150.0,-60.0,65.19202405202648,-12.5,147.67941808632324,0.0,-0.009661835748792313,-0.014285714285714235,-0.0057373773054795185,0.006231101855920123,-0.001113065634394006,0.013958772112202282,0
2025-12-18,0.0,0.0,1,0.0,1.0,0.0,0.4,0.4,0.0,1.0,1.0,0.0,50.0,0.0,-100.0,-40.0,82.15838362577492,-7.5,148.0353798394485,0.004878048780487809,0.0,-0.009661835748792313,-0.003813900250803748,0.007881923733758248,-0.0006310679572743783,0.013992539456638845,0
2025-12-19,-100.0,-0.009708737864077666,0,1.0,0.0,1.0,0.4,0.4,1.0,0.0,0.0,1.0,0.0,50.0,0.0,-40.0,82.15838362577492,-7.5,148.0353798394485,0.0,0.004878048780487809,0.0,-0.003813900250803748,0.007881923733758248,-0.0006310679572743783,0.013992539456638845,0
2025-12-22,-50.0,-0.004901960784313708,0,0.0,1.0,0.0,0.4,0.35,0.0,1.0,1.0,0.0,-100.0,0.0,50.0,-30.0,67.08203932499369,-12.5,149.45074879634677,-0.009708737864077666,0.0,0.004878048780487809,-0.002898504966476434,0.006507675576797812,-0.0011165048504782615,0.014137156926063611,0
2025-12-23,-170.0,-0.016748768472906406,0,0.0,0.0,1.0,0.4,0.3,0.0,2.0,0.0,0.0,-50.0,-100.0,0.0,-20.0,57.0087712549569,-15.0,149.64871146155764,-0.004901960784313708,-0.009708737864077666,0.0,-0.0019465299735807128,0.005548406880783727,-0.001361602889693947,0.014159256867319845,0
2025-12-24,20.0,0.002004008016031955,0,0.0,0.0,0.0,0.2,0.25,0.0,3.0,0.0,0.0,-170.0,-50.0,-100.0,-54.0,85.61541917201598,-23.5,153.52952741890712,-0.016748768472906406,-0.004901960784313708,-0.009708737864077666,-0.005296283668161994,0.008401671146860929,-0.0021990413133392674,0.0145639992079391,0
2025-12-26,-10.0,-0.0010000000000000009,0,0.0,0.0,0.0,0.2,0.2,0.0,4.0,0.0,0.0,20.0,-170.0,-50.0,-60.0,77.13624310270757,-22.5,153.75561607201047,0.002004008016031955,-0.016748768472906406,-0.004901960784313708,-0.005871091821053165,0.007590742850266605,-0.0020988409125376694,0.014586800854501992,0
2025-12-29,-10.0,-0.0010010010010009784,0,0.0,0.0,0.0,0.0,0.2,0.0,5.0,0.0,0.0,-10.0,20.0,-170.0,-62.0,75.2994023880668,-25.5,152.84925494369077,-0.0010000000000000009,0.002004008016031955,-0.016748768472906406,-0.006071091821053165,0.007408362241976767,-0.0023880753622984308,0.014500220978771091,0
2025-12-30,420.0,0.04208416833667328,0,0.0,0.0,0.0,0.0,0.2,0.0,6.0,0.0,0.0,-10.0,-10.0,20.0,-44.0,74.6993975879324,-51.0,90.31523739249333,-0.0010010010010009784,-0.0010000000000000009,0.002004008016031955,-0.004329544448437828,0.0073628075549907555,-0.004819077793300863,0.008515892048499278,0
2026-01-02,-100.0,-0.009615384615384581,0,0.0,0.0,0.0,0.0,0.2,0.0,7.0,0.0,0.0,420.0,-10.0,-10.0,50.0,219.88633427296023,-20.0,132.86320626473923,0.04208416833667328,-0.0010010010010009784,-0.0010000000000000009,0.005067681375759569,0.021961383998109648,-0.00180577846737629,0.01301343463813221,0
2026-01-05,50.0,0.004854368932038833,0,0.0,0.0,0.0,0.0,0.2,0.0,8.0,0.0,0.0,-100.0,420.0,-10.0,64.0,204.03431084011336,-12.5,123.06930011817823,-0.009615384615384581,0.04208416833667328,-0.0010010010010009784,0.006494358147263934,0.02036337065848193,-0.001129140290738112,0.01216979989605944,0
2026-01-06,-100.0,-0.009661835748792313,0,0.0,0.0,0.0,0.0,0.2,0.0,9.0,0.0,0.0,50.0,-100.0,420.0,70.0,202.85462775100794,-5.0,122.02243106990535,0.004854368932038833,-0.009615384615384581,0.04208416833667328,0.00706443033046531,0.02024579503967176,-0.00041248819484707155,0.012073878813710087,0
2026-01-07,50.0,0.004878048780487809,0,0.0,0.0,0.0,0.0,0.2,0.0,10.0,0.0,0.0,-100.0,50.0,-100.0,52.0,215.3369452741447,-7.5,123.49621771322781,-0.009661835748792313,0.004854368932038833,-0.009615384615384581,0.005332063180706848,0.021443509086929873,-0.0006563455325259204,0.012215256648675317,0
2026-01-08,50.0,0.004854368932038833,0,0.0,0.0,0.0,0.0,0.2,0.0,11.0,0.0,0.0,50.0,-100.0,50.0,64.0,212.67345861672538,-7.5,123.49621771322781,0.004878048780487809,-0.009661835748792313,0.004854368932038833,0.006507873137004605,0.02116885748997986,-0.0006528277088861445,0.012216923051885303,0
2026-01-09,0.0,0.0,1,0.0,0.0,0.0,0.0,0.2,0.0,12.0,0.0,0.0,50.0,50.0,-100.0,-10.0,82.15838362577492,-10.0,121.69850580754371,0.004854368932038833,0.004878048780487809,-0.009661835748792313,-0.000938086743922284,0.007942477777814648,-0.0008885781618057365,0.012053685019025418,0
2026-01-12,150.0,0.01449275362318847,0,1.0,0.0,0.0,0.2,0.2,1.0,0.0,0.0,1.0,0.0,50.0,50.0,10.0,65.19202405202648,-10.0,121.69850580754371,0.0,0.004854368932038833,0.004878048780487809,0.0009849901791546324,0.006313184559574521,-0.0008885781618057365,0.012053685019025418,0
2026-01-13,100.0,0.00952380952380949,0,0.0,1.0,0.0,0.2,0.2,0.0,1.0,1.0,0.0,150.0,0.0,50.0,30.0,90.82951062292474,0.0,126.36621800398578,0.01449275362318847,0.0,0.004854368932038833,0.00291266711738456,0.00877970794743178,7.302634399823927e-05,0.012489571421292325,0
2026-01-14,50.0,0.004716981132075526,0,0.0,0.0,1.0,0.2,0.15,0.0,2.0,0.0,0.0,100.0,150.0,0.0,70.0,57.0087712549569,5.0,128.32934603055864,0.00952380952380949,0.01449275362318847,0.0,0.006749796171904921,0.0054841674675857295,0.0005492168201887138,0.01266693855327464,0
2026-01-15,150.0,0.014084507042253502,0,0.0,0.0,0.0,0.2,0.15,0.0,3.0,0.0,0.0,50.0,100.0,150.0,70.0,57.0087712549569,15.0,123.30962313580405,0.004716981132075526,0.00952380952380949,0.01449275362318847,0.006717582642222464,0.005498365242995174,0.001499351591078202,0.012199687810332125,0
2026-01-16,-100.0,-0.0092592592592593,0,0.0,0.0,0.0,0.2,0.15,0.0,4.0,0.0,0.0,150.0,50.0,100.0,90.0,65.19202405202648,27.5,123.70912403060794,0.014084507042253502,0.004716981132075526,0.00952380952380949,0.008563610264265397,0.00621870165831939,0.0026866687306304924,0.012211803750166061,0
2026-01-19,50.0,0.004672897196261738,0,0.0,0.0,0.0,0.0,0.1,0.0,5.0,0.0,0.0,-100.0,150.0,50.0,70.0,103.6822067666386,22.5,126.85984807113267,-0.0092592592592593,0.014084507042253502,0.004716981132075526,0.006711758412413537,0.009770638184748432,0.0022237057676675275,0.012491334213826638,0
2026-01-20,150.0,0.013953488372093092,0,0.0,0.0,0.0,0.0,0.1,0.0,6.0,0.0,0.0,50.0,-100.0,150.0,50.0,93.54143466934853,22.5,126.85984807113267,0.004672897196261738,-0.0092592592592593,0.014084507042253502,0.004747787127028192,0.008749123308774892,0.002213448188456224,0.012489123849119722,0
2026-01-21,250.0,0.022935779816513735,0,0.0,0.0,0.0,0.0,0.05,0.0,7.0,0.0,0.0,150.0,50.0,-100.0,60.0,102.46950765959599,30.0,129.85822228390518,0.013953488372093092,0.004672897196261738,-0.0092592592592593,0.005633722896684912,0.009541996243287337,0.0029111226070608785,0.01274606291039107,0
2026-01-22,150.0,0.013452914798206317,0,0.0,0.0,0.0,0.0,0.05,0.0,8.0,0.0,0.0,250.0,150.0,50.0,100.0,132.28756555322954,47.5,134.90249890393287,0.022935779816513735,0.013953488372093092,0.004672897196261738,0.009277482633572554,0.012209981596227286,0.004543348491090449,0.013129362565022472,0
2026-01-23,400.0,0.03539823008849563,0,0.0,0.0,0.0,0.0,0.05,0.0,9.0,0.0,0.0,150.0,250.0,150.0,100.0,132.28756555322954,57.5,134.70728499817017,0.013452914798206317,0.022935779816513735,0.013953488372093092,0.009151164184763116,0.012150942048500722,0.00546109227021645,0.013075780136739804,0
2026-01-26,1000.0,0.08547008547008539,0,0.0,0.0,0.0,0.0,0.05,0.0,10.0,0.0,0.0,400.0,150.0,250.0,200.0,132.28756555322954,86.0,144.017542791072,0.03539823008849563,0.013452914798206317,0.022935779816513735,0.0180826620543141,0.011637096683255934,0.008068442198286552,0.013602502345401503,0
2026-01-27,100.0,0.007874015748031482,0,0.0,0.0,0.0,0.0,0.05,0.0,11.0,0.0,0.0,1000.0,400.0,150.0,390.0,356.01966237835796,135.0,248.9028557066927,0.08547008547008539,0.03539823008849563,0.013452914798206317,0.034242099709078835,0.02998872284434108,0.012241746070989223,0.021910633138443866,0
2026-01-28,50.0,0.00390625,0,0.0,0.0,0.0,0.0,0.05,0.0,12.0,0.0,0.0,100.0,1000.0,400.0,380.0,365.0342449688796,140.5,246.73606183637938,0.007874015748031482,0.08547008547008539,0.03539823008849563,0.03302620518426651,0.031118925494203087,0.012685446858390797,0.02171736737390841,0
2026-01-29,-300.0,-0.023346303501945553,0,0.0,0.0,0.0,0.0,0.05,0.0,13.0,0.0,0.0,50.0,100.0,1000.0,340.0,392.7467377331096,143.5,245.16965125140624,0.00390625,0.007874015748031482,0.08547008547008539,0.029220299220963763,0.03371676363650224,0.012930809408440847,0.021581898182777736,0
2026-01-30,-150.0,-0.01195219123505975,0,0.0,0.0,0.0,0.0,0.05,0.0,14.0,0.0,0.0,-300.0,50.0,100.0,250.0,487.3397172404482,107.5,255.09286234830628,-0.023346303501945553,0.00390625,0.007874015748031482,0.02186045556093339,0.04120400895929836,0.009659285816509905,0.021887080431311497,0
2026-02-02,0.0,0.0,1,0.0,0.0,0.0,0.0,0.05,0.0,15.0,0.0,0.0,-150.0,-300.0,50.0,140.0,506.7050424063293,105.0,257.46742256877826,-0.01195219123505975,-0.023346303501945553,0.00390625,0.012390371296222313,0.042727896863640494,0.009542445485526147,0.02200132949710176,0
2026-02-03,-100.0,-0.008064516129032251,0,1.0,0.0,0.0,0.2,0.1,1.0,0.0,0.0,1.0,0.0,-150.0,-300.0,-60.0,163.55427233796127,102.5,258.2710734256168,0.0,-0.01195219123505975,-0.023346303501945553,-0.0047036457977947645,0.012792011732245149,0.009299727038924205,0.022082397672482112,0
2026-02-04,0.0,0.0,1,0.0,1.0,0.0,0.2,0.1,0.0,1.0,1.0,0.0,-100.0,0.0,-150.0,-100.0,136.93063937629154,102.5,258.2710734256168,-0.008064516129032251,0.0,-0.01195219123505975,-0.007891352173207512,0.010686823386469816,0.009379593019912208,0.0220129889387012,0
2026-02-05,-150.0,-0.012195121951219523,0,1.0,0.0,1.0,0.4,0.15,1.0,0.0,0.0,1.0,0.0,-100.0,0.0,-110.0,124.49899597988733,100.0,259.04683583841364,0.0,-0.008064516129032251,0.0,-0.00867260217320751,0.009706583341297408,0.009135690580887817,0.022092371933098365,0
2026-02-06,-200.0,-0.016460905349794275,0,0.0,1.0,0.0,0.4,0.15,0.0,1.0,1.0,0.0,-150.0,0.0,-100.0,-80.0,75.82875444051551,90.0,264.87335603424026,-0.012195121951219523,0.0,-0.008064516129032251,-0.006442365863062305,0.006105159816749985,0.0082832160367249,0.0225896164388429,0
2026-02-09,50.0,0.004184100418409997,0,0.0,0.0,1.0,0.4,0.1,0.0,2.0,0.0,0.0,-200.0,-150.0,0.0,-90.0,89.44271909999159,80.0,272.12613174582606,-0.016460905349794275,-0.012195121951219523,0.0,-0.00734410868600921,0.007332106838689937,0.007460170769235186,0.02319895239383812,0
2026-02-10,100.0,0.008333333333333304,0,0.0,0.0,0.0,0.2,0.1,0.0,3.0,0.0,0.0,50.0,-200.0,-150.0,-80.0,103.6822067666386,75.0,271.6906135178091,0.004184100418409997,-0.016460905349794275,-0.012195121951219523,-0.006507288602327211,0.008522052221690569,0.006944738108996262,0.023148943877308505,0
2026-02-11,0.0,0.0,1,0.0,0.0,0.0,0.2,0.1,0.0,4.0,0.0,0.0,100.0,50.0,-200.0,-40.0,129.42179105544784,75.0,271.6906135178091,0.008333333333333304,0.004184100418409997,-0.016460905349794275,-0.003227718709854099,0.010660003573475978,0.006885214299472453,0.023143493089984608,0
2026-02-12,650.0,0.05371900826446274,0,1.0,0.0,0.0,0.2,0.15,1.0,0.0,0.0,1.0,0.0,100.0,50.0,-40.0,129.42179105544784,72.5,272.16239347318344,0.0,0.008333333333333304,0.004184100418409997,-0.003227718709854099,0.010660003573475978,0.0066493652428686765,0.023190738420245292,0
2026-02-13,0.0,0.0,1,0.0,1.0,0.0,0.2,0.15,0.0,1.0,1.0,0.0,650.0,0.0,100.0,120.0,317.41140496207754,97.5,301.08356944455306,0.05371900826446274,0.0,0.008333333333333304,0.009955107333282354,0.026211274217987884,0.008631090303979138,0.02544356179271586,0
2026-02-19,100.0,0.007843137254901933,0,1.0,0.0,1.0,0.4,0.2,1.0,0.0,0.0,1.0,0.0,650.0,0.0,160.0,277.0379035439014,102.5,298.44994290676607,0.0,0.05371900826446274,0.0,0.013247288403241209,0.022886839774638797,0.009094053266942103,0.02518381509864737,0
2026-02-20,50.0,0.0038910505836575737,0,0.0,1.0,0.0,0.4,0.2,0.0,1.0,1.0,0.0,100.0,0.0,650.0,170.0,272.9468812791236,105.0,298.1963323576906,0.007843137254901933,0.0,0.05371900826446274,0.013979095770539596,0.022581051251832254,0.009252565269874113,0.025164492491040164,0
2026-02-23,0.0,0.0,1,0.0,0.0,1.0,0.4,0.2,0.0,2.0,0.0,0.0,50.0,100.0,0.0,160.0,277.0379035439014,100.0,298.24045403172914,0.0038910505836575737,0.007843137254901933,0.0,0.013090639220604449,0.022943205691125044,0.008749443380452337,0.025166149459046175,0
2026-02-24,350.0,0.027131782945736482,0,1.0,0.0,0.0,0.4,0.25,1.0,0.0,0.0,1.0,0.0,50.0,100.0,160.0,277.0379035439014,87.5,296.8585521759467,0.0,0.0038910505836575737,0.007843137254901933,0.013090639220604449,0.022943205691125044,0.007602654389626651,0.025007751021072385,0
2026-02-25,0.0,0.0,1,0.0,1.0,0.0,0.4,0.25,0.0,1.0,1.0,0.0,350.0,0.0,50.0,100.0,145.7737973711325,97.5,302.3917814254936,0.027131782945736482,0.0,0.0038910505836575737,0.007773194156859198,0.011299070597367976,0.00828659779700316,0.02536073462651102,0
2026-02-26,200.0,0.015094339622641506,0,1.0,0.0,1.0,0.4,0.3,1.0,0.0,0.0,1.0,0.0,350.0,0.0,100.0,145.7737973711325,77.5,294.45534019341596,0.0,0.027131782945736482,0.0,0.007773194156859198,0.011299070597367976,0.006516686292578377,0.024592623752919218,0
2026-02-27,300.0,0.02230483271375472,0,0.0,1.0,0.0,0.4,0.3,0.0,1.0,1.0,0.0,200.0,0.0,350.0,120.0,152.47950681976906,37.5,202.53329810701385,0.015094339622641506,0.0,0.027131782945736482,0.009223434630407113,0.011765992066075643,0.002997899000206183,0.016356948198160897,0
2026-03-03,-300.0,-0.021818181818181848,0,0.0,0.0,1.0,0.4,0.3,0.0,2.0,0.0,0.0,300.0,200.0,0.0,170.0,164.31676725154983,47.5,210.56003019516493,0.02230483271375472,0.015094339622641506,0.0,0.012906191056426541,0.012536242049771757,0.003719439848492345,0.016892873121612535,0
2026-03-04,50.0,0.0037174721189590088,0,0.0,0.0,0.0,0.2,0.3,0.0,3.0,0.0,0.0,-300.0,300.0,200.0,110.0,265.5183609470351,30.0,224.42910028031315,-0.021818181818181848,0.02230483271375472,0.015094339622641506,0.008542554692790172,0.019828232090263815,0.002433218257583253,0.017831170204675666,0
2026-03-05,300.0,0.022222222222222143,0,0.0,0.0,0.0,0.2,0.3,0.0,4.0,0.0,0.0,50.0,-300.0,300.0,50.0,229.128784747792,47.5,210.56003019516493,0.0037174721189590088,-0.021818181818181848,0.02230483271375472,0.003859692527434677,0.016887207997527565,0.003786407038628481,0.016766986916308672,0
2026-03-06,100.0,0.007246376811594235,0,0.0,0.0,0.0,0.0,0.3,0.0,5.0,0.0,0.0,300.0,50.0,-300.0,110.0,250.99800796022265,70.0,212.37999707574636,0.022222222222222143,0.0037174721189590088,-0.021818181818181848,0.008304136971879105,0.018467749010734124,0.005495127711492576,0.016819923076811516,0
2026-03-09,50.0,0.003597122302158251,0,0.0,0.0,0.0,0.0,0.25,0.0,6.0,0.0,0.0,100.0,300.0,50.0,90.0,245.96747752497686,75.0,211.82167276421663,0.007246376811594235,0.022222222222222143,0.0037174721189590088,0.006734544409669652,0.018075708247226683,0.005857446552072288,0.016773304887117015,0
2026-03-10,300.0,0.021505376344086002,0,0.0,0.0,0.0,0.0,0.25,0.0,7.0,0.0,0.0,50.0,100.0,300.0,40.0,216.21748310439654,82.5,207.91888600580282,0.003597122302158251,0.007246376811594235,0.022222222222222143,0.002993002327350358,0.015845652151260443,0.006440528473631813,0.01646370763090613,0
2026-03-11,150.0,0.010526315789473717,0,0.0,0.0,0.0,0.0,0.2,0.0,8.0,0.0,0.0,300.0,50.0,100.0,160.0,129.42179105544784,97.5,212.42645786247834,0.021505376344086002,0.003597122302158251,0.007246376811594235,0.011657713959803927,0.00943485245060957,0.007515797290836112,0.016721188707301264,0
2026-03-12,750.0,0.05208333333333326,0,0.0,0.0,0.0,0.0,0.2,0.0,9.0,0.0,0.0,150.0,300.0,50.0,180.0,115.10864433221339,112.5,204.47300684030418,0.010526315789473717,0.021505376344086002,0.003597122302158251,0.01301948269390687,0.008441361175218032,0.008651869177870775,0.01607072294173803,0
2026-03-13,300.0,0.01980198019801982,0,0.0,0.0,0.0,0.0,0.2,0.0,10.0,0.0,0.0,750.0,150.0,300.0,270.0,284.1654447676564,160.0,235.97502097958395,0.05208333333333326,0.010526315789473717,0.021505376344086002,0.018991704916129094,0.019672208407784844,0.012079081112027152,0.01766325293833649,0
2026-03-16,600.0,0.03883495145631066,0,0.0,0.0,0.0,0.0,0.2,0.0,11.0,0.0,0.0,300.0,750.0,150.0,310.0,267.86190471957747,172.5,236.46241495047332,0.01980198019801982,0.05208333333333326,0.010526315789473717,0.02150282559341421,0.018568510394126284,0.012859975101007642,0.017641064719939398,0
2026-03-17,350.0,0.02180685358255441,0,0.0,0.0,0.0,0.0,0.2,0.0,12.0,0.0,0.0,600.0,300.0,750.0,420.0,246.47515087732475,197.5,254.16271207737304,0.03883495145631066,0.01980198019801982,0.05208333333333326,0.028550391424244693,0.016662876169050485,0.01438505600715651,0.01852541298661527,0
2026-03-18,0.0,0.0,1,0.0,0.0,0.0,0.0,0.15,0.0,13.0,0.0,0.0,350.0,600.0,300.0,430.0,241.3503677229434,215.0,251.88761069384088,0.02180685358255441,0.03883495145631066,0.01980198019801982,0.028610686871938372,0.016631526210318347,0.01547539868628423,0.0182742325059243,0
2026-03-19,-400.0,-0.024390243902439046,0,1.0,0.0,0.0,0.2,0.2,1.0,0.0,0.0,1.0,0.0,350.0,600.0,400.0,289.3959225697556,182.5,234.1136700970601,0.0,0.02180685358255441,0.03883495145631066,0.02650542371404363,0.019848154305589123,0.012789448273061093,0.016185815099739997,0
2026-03-20,-350.0,-0.021874999999999978,0,0.0,1.0,0.0,0.2,0.15,0.0,1.0,1.0,0.0,-400.0,0.0,350.0,170.0,383.40579025361626,162.5,265.5059717833685,-0.024390243902439046,0.0,0.02180685358255441,0.011210708266889169,0.024198630312177387,0.01156993607793914,0.018015558950487145,0
2026-03-23,-600.0,-0.03833865814696491,0,0.0,0.0,1.0,0.2,0.15,0.0,2.0,0.0,0.0,-350.0,-400.0,0.0,40.0,435.0287346831241,140.0,289.10023757932186,-0.021874999999999978,-0.024390243902439046,0.0,0.0028753122272852094,0.02745794438037725,0.010084029215194046,0.019503256485663666,0
2026-03-24,-150.0,-0.009966777408637828,0,0.0,0.0,0.0,0.2,0.15,0.0,3.0,0.0,0.0,-600.0,-350.0,-400.0,-200.0,375.8324094593227,107.5,332.95921988325,-0.03833865814696491,-0.021874999999999978,-0.024390243902439046,-0.012559409693369905,0.023611953196801157,0.007972543778662921,0.022295148763605995,0
2026-03-25,700.0,0.046979865771812124,0,0.0,0.0,0.0,0.2,0.1,0.0,4.0,0.0,0.0,-150.0,-600.0,-350.0,-300.0,231.8404623873926,100.0,337.1708921694087,-0.009966777408637828,-0.03833865814696491,-0.021874999999999978,-0.01891413589160835,0.014610495375007977,0.00747420490823103,0.022592139372610728,0
2026-03-26,100.0,0.0064102564102563875,0,0.0,0.0,0.0,0.0,0.1,0.0,5.0,0.0,0.0,700.0,-150.0,-600.0,-160.0,506.7050424063293,117.5,359.1931748267282,0.046979865771812124,-0.009966777408637828,-0.03833865814696491,-0.009518162737245928,0.0331538823575673,0.008466609049534812,0.023899207224874108,0
2026-03-27,-100.0,-0.006369426751592355,0,0.0,0.0,0.0,0.0,0.05,0.0,6.0,0.0,0.0,100.0,700.0,-150.0,-60.0,496.73936828079167,122.5,358.16601560846243,0.0064102564102563875,0.046979865771812124,-0.009966777408637828,-0.003358062674706841,0.032555803000270174,0.008787121870047631,0.023822546332578524,0
2026-03-30,-50.0,-0.0032051282051281937,0,0.0,0.0,0.0,0.0,0.05,0.0,7.0,0.0,0.0,-100.0,100.0,700.0,-10.0,472.2287581247038,107.5,361.02011899032544,-0.006369426751592355,0.0064102564102563875,0.046979865771812124,-0.00025694802502531646,0.0310549030803188,0.007713933551335939,0.02400621177132272,0
2026-03-31,50.0,0.003215434083601254,0,0.0,0.0,0.0,0.0,0.05,0.0,8.0,0.0,0.0,-50.0,-100.0,100.0,100.0,348.209706929603,90.0,359.67821876314787,-0.0032051282051281937,-0.006369426751592355,0.0064102564102563875,0.006769757963342027,0.023287497485990738,0.006438435505391793,0.023867462474599328,0
2026-04-01,300.0,0.019230769230769162,0,0.0,0.0,0.0,0.0,0.05,0.0,9.0,0.0,0.0,50.0,-50.0,-100.0,140.0,322.87768581925883,107.5,348.030171105896,0.003215434083601254,-0.0032051282051281937,-0.006369426751592355,0.009406200261789843,0.021604383922363055,0.007690116300480948,0.022946249267971557,0
2026-04-02,200.0,0.012578616352201255,0,0.0,0.0,0.0,0.0,0.05,0.0,10.0,0.0,0.0,300.0,50.0,-50.0,60.0,155.72411502397438,120.0,350.3381824826726,0.019230769230769162,0.003215434083601254,-0.0032051282051281937,0.003856380953581251,0.00997167190667905,0.008465781156071456,0.0230667776623828,0
2026-04-03,350.0,0.021739130434782705,0,0.0,0.0,0.0,0.0,0.05,0.0,11.0,0.0,0.0,200.0,300.0,50.0,80.0,168.0773631397161,115.0,348.34193727307246,0.012578616352201255,0.019230769230769162,0.003215434083601254,0.005090052941970224,0.010720101912806873,0.007983600862570411,0.02286398476646931,0
2026-04-06,-150.0,-0.00911854103343468,0,0.0,0.0,0.0,0.0,0.05,0.0,12.0,0.0,0.0,350.0,200.0,300.0,170.0,168.0773631397161,127.5,352.23907849790305,0.021739130434782705,0.012578616352201255,0.019230769230769162,0.010711764379245236,0.01057752628427859,0.008708238543729836,0.023068140809529153,0
2026-04-07,150.0,0.009202453987730008,0,0.0,0.0,0.0,0.0,0.05,0.0,13.0,0.0,0.0,-150.0,350.0,200.0,150.0,203.100960115899,117.5,357.3568907526764,-0.00911854103343468,0.021739130434782705,0.012578616352201255,0.00952908181358394,0.012650135102816063,0.008072455376950189,0.02338941443419017,0
2026-04-08,350.0,0.02127659574468077,0,0.0,0.0,0.0,0.0,0.05,0.0,14.0,0.0,0.0,150.0,-150.0,350.0,170.0,195.57607215607945,110.0,354.8906429043345,0.009202453987730008,-0.00911854103343468,0.021739130434782705,0.01072648579440969,0.012177636563490222,0.007457309259132389,0.023178364321901904,0
2026-04-09,600.0,0.03571428571428581,0,0.0,0.0,0.0,0.0,0.05,0.0,15.0,0.0,0.0,350.0,150.0,-150.0,180.0,204.93901531919198,120.0,358.87250338276095,0.02127659574468077,0.009202453987730008,-0.00911854103343468,0.011135651097192011,0.012563083131358337,0.007994823256892741,0.02337708091730254,0
2026-04-10,0.0,0.0,1,0.0,0.0,0.0,0.0,0.05,0.0,16.0,0.0,0.0,600.0,350.0,150.0,260.0,279.28480087537883,112.5,346.3626787966007,0.03571428571428581,0.02127659574468077,0.009202453987730008,0.015762784969608923,0.01678019310533089,0.0071763708759403685,0.021998139782881638,0
2026-04-13,-650.0,-0.03735632183908044,0,1.0,0.0,0.0,0.2,0.1,1.0,0.0,0.0,1.0,0.0,600.0,350.0,190.0,294.5335295004628,97.5,344.305173692726,0.0,0.03571428571428581,0.02127659574468077,0.011414958882652381,0.017638950146449377,0.0061862718660393775,0.021845068444368714,0
2026-04-14,-250.0,-0.014925373134328401,0,0.0,1.0,0.0,0.2,0.1,0.0,1.0,1.0,0.0,-650.0,0.0,600.0,90.0,470.90338711884414,35.0,361.32067693248143,-0.03735632183908044,0.0,0.03571428571428581,0.00576740272152323,0.027577477225737536,0.002376708201269823,0.02248590081374527,0
2026-04-15,150.0,0.009090909090909038,0,0.0,0.0,1.0,0.2,0.1,0.0,2.0,0.0,0.0,-250.0,-650.0,0.0,10.0,491.68079075758084,5.0,358.6891338427209,-0.014925373134328401,-0.03735632183908044,0.0,0.0009418372971115474,0.028905146547098463,0.0005400968654256822,0.022314814076059536,0
2026-04-16,100.0,0.006006006006006093,0,0.0,0.0,0.0,0.2,0.05,0.0,3.0,0.0,0.0,150.0,-250.0,-650.0,-30.0,464.4889664997437,12.5,360.1443424079022,0.009090909090909038,-0.014925373134328401,-0.03735632183908044,-0.001495300033642799,0.027226993801059134,0.000994642319971134,0.02239567635835973,0
2026-04-17,0.0,0.0,1,0.0,0.0,0.0,0.2,0.05,0.0,4.0,0.0,0.0,100.0,150.0,-250.0,-130.0,329.013677527242,37.5,347.1216228537641,0.006006006006006093,0.009090909090909038,-0.014925373134328401,-0.007436955975298742,0.019107830265983873,0.002514454815393391,0.02159956723307161,0
