date,vintage_bucket,is_traded,vintage_transition,Dubai,Brent,WTI,Oman,HH_GAS,NEWCASTLE_COAL,SMP_MEAN,smp_window_mean,smp_window_days,USD,USD_CNY,CALL,BOND_3Y,BOND_BBB,CREDIT_SPREAD,KOSPI,VIX_KR,KRX_IRON,KRX_ENG,KRX_ENERGY,KRX_CEMENT,KRX_SEMICON,ta_avg,ta_avg_window_mean,ta_avg_dev,ta_avg_dev_window_mean,ta_avg_dev_abs,ta_avg_dev_abs_window_mean,ta_avg_dev_abs_window_max,rn_day,rn_day_window_mean,rn_day_window_sum,weather_window_days,auction_window5,auction_window7,bid_qty_window,ask_ratio_last,CPI,PPI,CLI,CCI,BSI_P,BSI_E,EXPORT,IMPORT,IIP_MFG,IIP_STEEL,IIP_CHEM,CAP_UTIL,IND_ORDER,GDP,ask_ratio_last_known,smp_window_mean_lag1,KRX_ENERGY_lag1,BOND_BBB_lag1,Oman_lag1,NEWCASTLE_COAL_lag1,smp_window_mean_roll5_mean,smp_window_mean_roll20_mean,KRX_ENERGY_roll5_mean,KRX_ENERGY_roll20_mean,BOND_BBB_roll5_mean,BOND_BBB_roll20_mean,Oman_roll5_mean,Oman_roll20_mean,NEWCASTLE_COAL_roll5_mean,NEWCASTLE_COAL_roll20_mean,phase,FV_KAU15,FV_KAU16,FV_KAU17,FV_KAU18,FV_KAU19,FV_KAU20,FV_KAU21,FV_KAU22,FV_KAU23,FV_KAU24,FV_KAU25,prev_vintage_transition,return
2018-01-02,2,FALSE,FALSE,64.37,66.57,60.37,64.56,6.24,102.65,92.57,88.848,5,1061.2,163.36,1.5,2.119,1.8,-0.319,2479.65,12.66,2070.97,2777.79,1195.63,570.99,2766.75,-1.8,0.02,-14.70454628,-12.88454628,14.70454628,12.88454628,14.70454628,0,0.34,1.7,5,0,0,0,0,97.698,99.04,93.4,97.1,81,81,49040139,43529066,102.914,110.423,102.72,73.4,2413809,493865.8,0,90.71,1177.63,1.8,64.11,101.2,91.011,90.60708333,1186.87,1199.1015,1.8,1.7995,63.386,61.4895,100.4,98.9125,2,0,0,1,0,0,0,0,0,0,0,0,0,0
2018-01-03,2,TRUE,FALSE,64.15,67.84,61.63,64.46,6.24,103.8,92.34,92.34,1,1064.5,163.75,1.5,2.127,1.8,-0.327,2486.35,12.64,2104.78,2771.91,1185.17,565.61,2774.32,-4.7,-4.7,-17.60454628,-17.60454628,17.60454628,17.60454628,17.60454628,0,0,0,1,0,0,0,0,97.698,99.04,93.4,97.1,81,81,49040139,43529066,102.914,110.423,102.72,73.4,2413809,493865.8,0,88.848,1195.63,1.8,64.56,102.65,90.4826,90.87248333,1186.956,1198.446,1.8,1.8,63.816,61.691,100.89,99.205,2,0,0,1,0,0,0,0,0,0,0,0,0,0
2018-01-04,2,FALSE,FALSE,65.35,68.07,62.01,65.69,4.65,104.95,92.14,92.14,1,1062.2,163.41,1.5,2.142,1.8,-0.342,2466.46,12.22,2100.49,2724.27,1179.63,578.52,2723.38,-4.7,-4.7,-17.60454628,-17.60454628,17.60454628,17.60454628,17.60454628,0,0,0,1,0,0,0,0,97.698,99.04,93.4,97.1,81,81,49040139,43529066,102.914,110.423,102.72,73.4,2413809,493865.8,0,92.34,1185.17,1.8,64.46,103.8,90.4926,90.94898333,1186.128,1197.684,1.8,1.8,64.158,61.869,101.61,99.5475,2,0,0,1,0,0,0,0,0,0,0,0,0,0
2018-01-05,2,TRUE,FALSE,65.33,67.62,61.44,65.39,4.65,105.3,92.42,92.42,1,1062.7,163.96,1.5,2.099,1.8,-0.299,2497.52,11.92,2116.7,2764.58,1179.26,582.88,2760.21,-3,-3,-15.90454628,-15.90454628,15.90454628,15.90454628,15.90454628,0,0,0,1,0,0,0,0,97.698,99.04,93.4,97.1,81,81,49040139,43529066,102.914,110.423,102.72,73.4,2413809,493865.8,0,92.14,1179.63,1.8,65.69,104.95,91.0456,91.12615,1183.118,1196.171,1.8,1.8,64.692,62.0985,102.56,99.93,2,0,0,1,0,0,0,0,0,0,0,0,0,0.1
2018-01-08,2,FALSE,FALSE,65.04,67.78,61.73,64.97,2.89,106.75,92.71,90.75666667,3,1066,164.33,1.5,2.135,1.8,-0.335,2513.28,12.31,2133.66,2802.4,1193.54,587.04,2693.35,1.3,-0.766666667,-11.60454628,-13.67121295,11.60454628,13.67121295,15.70454628,0.9,0.3,0.9,3,0,0,0,0,97.698,99.04,93.4,97.1,81,81,49040139,43529066,102.914,110.423,102.72,73.4,2413809,493865.8,0,92.42,1179.26,1.8,65.39,105.3,91.2916,91.19565,1183.464,1193.976,1.8,1.8,64.842,62.374,103.58,100.3675,2,0,0,1,0,0,0,0,0,0,0,0,0,0
2018-01-09,2,FALSE,FALSE,65.51,68.82,62.96,65.13,2.93,107,92.61,92.61,1,1067.1,164.1,1.5,2.149,1.8,-0.349,2510.23,12.03,2187.27,2801.05,1204.68,593.54,2678.23,-4.2,-4.2,-17.10454628,-17.10454628,17.10454628,17.10454628,17.10454628,0.5,0.5,0.5,1,0,0,0,0,97.698,99.04,93.4,97.1,81,81,49040139,43529066,102.914,110.423,102.72,73.4,2413809,493865.8,0,90.75666667,1193.54,1.8,64.97,106.75,91.30093333,91.12448333,1186.646,1192.8575,1.8,1.8,65.014,62.5875,104.69,100.85,2,0,0,1,0,0,0,0,0,0,0,0,0,0
2018-01-10,2,TRUE,FALSE,66.59,69.2,63.57,66.51,3.16,106.55,92.9,92.9,1,1071.9,164.14,1.5,2.172,1.8,-0.372,2499.75,12.12,2203.65,2821.97,1217.38,609.79,2629.11,-7.5,-7.5,-20.40454628,-20.40454628,20.40454628,20.40454628,20.40454628,0.3,0.3,0.3,1,0,0,0,0,97.698,99.04,93.4,97.1,81,81,49040139,43529066,102.914,110.423,102.72,73.4,2413809,493865.8,0,92.61,1204.68,1.8,65.13,107,92.05333333,91.19948333,1188.456,1192.791,1.8,1.8,65.128,62.887,105.56,101.3375,2,0,0,1,0,0,0,0,0,0,0,0,0,0
2018-01-11,2,TRUE,FALSE,66.5,69.26,63.8,66.87,3.16,106.1,93.89,93.89,1,1072,164.49,1.5,2.152,1.8,-0.352,2487.91,11.19,2156.09,2804.63,1207.79,604.85,2678.44,-11.1,-11.1,-24.00454628,-24.00454628,24.00454628,24.00454628,24.00454628,0,0,0,1,0,0,0,0,97.698,99.04,93.4,97.1,81,81,49040139,43529066,102.914,110.423,102.72,73.4,2413809,493865.8,0,92.9,1217.38,1.8,66.51,106.55,92.16533333,91.27598333,1194.898,1194.1875,1.8,1.8,65.538,63.209,106.11,101.7875,2,0,0,1,0,0,0,0,0,0,0,0,0,0
2018-01-12,2,FALSE,FALSE,66.29,69.87,64.3,66.93,4.06,105.85,93.15,93.15,1,1064.8,164.2,1.5,2.174,1.8,-0.374,2496.42,11,2205.78,2818.12,1234.01,608.49,2668.75,-10.2,-10.2,-23.10454628,-23.10454628,23.10454628,23.10454628,23.10454628,0,0,0,1,0,0,0,0,97.698,99.04,93.4,97.1,81,81,49040139,43529066,102.914,110.423,102.72,73.4,2413809,493865.8,0,93.89,1207.79,1.8,66.87,106.1,92.51533333,91.50598333,1200.53,1195.1775,1.8,1.8,65.774,63.4925,106.34,102.19,2,0,0,1,0,0,0,0,0,0,0,0,0,0
2018-01-15,2,TRUE,FALSE,67.03,70.26,64.3,67.85,4.06,106.4,92.17,90.85333333,3,1062.7,165.27,1.5,2.223,1.8,-0.423,2503.73,11.78,2182.82,2836.34,1241.58,608.73,2645.92,4.7,0.3,-8.204546284,-12.60454628,8.204546284,12.60454628,17.30454628,0.2,0.2,0.6,3,0,0,0,0,97.698,99.04,93.4,97.1,81,81,49040139,43529066,102.914,110.423,102.72,73.4,2413809,493865.8,0,93.15,1234.01,1.8,66.93,105.85,92.66133333,91.61748333,1211.48,1197.2015,1.8,1.8,66.082,63.7185,106.45,102.55,2,0,0,1,0,0,0,0,0,0,0,0,0,0
2018-01-16,2,FALSE,FALSE,67.09,69.15,63.73,68.23,5.46,106.45,92.88,92.88,1,1062.7,165.21,1.5,2.225,1.8,-0.425,2521.74,11.81,2167.84,2825.31,1234.12,599.43,2746.43,3.5,3.5,-9.404546284,-9.404546284,9.404546284,9.404546284,9.404546284,0,0,0,1,0,0,0,0,97.698,99.04,93.4,97.1,81,81,49040139,43529066,102.914,110.423,102.72,73.4,2413809,493865.8,0,90.85333333,1241.58,1.8,67.85,106.4,92.68066667,91.58165,1221.088,1199.044,1.8,1.8,66.658,64.0565,106.38,102.8875,2,0,0,1,0,0,0,0,0,0,0,0,0,0
2018-01-17,2,TRUE,FALSE,66.27,69.38,63.97,67.23,3.92,106.55,91.88,91.88,1,1069.3,166.05,1.5,2.227,1.8,-0.427,2515.43,12.21,2167.64,2801.85,1238.11,598.07,2753.91,4.5,4.5,-8.404546284,-8.404546284,8.404546284,8.404546284,8.404546284,0,0,0,1,0,0,0,0,97.698,99.04,93.4,97.1,81,81,49040139,43529066,102.914,110.423,102.72,73.4,2413809,493865.8,0,92.88,1234.12,1.8,68.23,106.45,92.73466667,91.68115,1226.976,1201.0995,1.8,1.8,67.278,64.455,106.27,103.225,2,0,0,1,0,0,0,0,0,0,0,0,0,0
2018-01-18,2,TRUE,FALSE,66.42,69.31,63.95,67.45,3.92,106.75,91.72,91.72,1,1070.7,166.22,1.5,2.172,1.8,-0.372,2515.81,12.53,2158.06,2751.9,1230.31,593.15,2790.28,2.1,2.1,-10.80454628,-10.80454628,10.80454628,10.80454628,10.80454628,0,0,0,1,0,0,0,0,97.698,99.04,93.4,97.1,81,81,49040139,43529066,102.914,110.423,102.72,73.4,2413809,493865.8,0,91.88,1238.11,1.8,67.23,106.55,92.53066667,91.66915,1231.122,1202.604,1.8,1.8,67.422,64.7545,106.27,103.5525,2,0,0,1,0,0,0,0,0,0,0,0,0,0
2018-01-19,2,TRUE,FALSE,65.95,68.61,63.37,67.39,3.2,106.75,91.71,91.71,1,1065.9,166.78,1.5,2.17,1.8,-0.37,2520.26,12.67,2181.51,2785.45,1233.45,610.83,2763.09,1,1,-11.90454628,-11.90454628,11.90454628,11.90454628,11.90454628,0,0,0,1,0,0,0,0,97.698,99.04,93.4,97.1,81,81,49040139,43529066,102.914,110.423,102.72,73.4,2413809,493865.8,0,91.72,1230.31,1.8,67.45,106.75,92.09666667,91.75565,1235.626,1203.804,1.8,1.8,67.538,65.0675,106.4,103.8825,2,0,0,1,0,0,0,0,0,0,0,0,0,0
2018-01-22,2,FALSE,FALSE,66.09,69.03,63.49,67.19,3.13,106.5,91.19,89.56666667,3,1070.1,166.89,1.5,2.203,1.8,-0.403,2502.11,13.09,2158.71,2806.1,1242.63,610.57,2674.57,0.2,0.933333333,-12.70454628,-11.97121295,12.70454628,11.97121295,12.70454628,3.3,1.1,3.3,3,0,0,0,0,97.698,99.09,93.4,97.1,81,81,49040139,43529066,102.914,110.423,102.72,73.4,2413809,493865.8,0,91.71,1233.45,1.8,67.39,106.75,91.80866667,91.71565,1235.514,1205.6195,1.8,1.8,67.63,65.3675,106.58,104.205,2,0,0,1,0,0,0,0,0,0,0,0,0,0
2018-01-23,2,FALSE,FALSE,66.49,69.96,64.47,67.59,3.35,106.5,92.63,92.63,1,1070.2,167.32,1.5,2.192,1.8,-0.392,2536.6,12.75,2169.12,2841.29,1240.44,621.98,2704.77,-11.7,-11.7,-24.60454628,-24.60454628,24.60454628,24.60454628,24.60454628,0,0,0,1,0,0,0,0,97.698,99.09,93.4,97.1,81,81,49040139,43529066,102.914,110.423,102.72,73.4,2413809,493865.8,0,89.56666667,1242.63,1.8,67.19,106.5,91.55133333,91.63598333,1235.724,1207.582,1.8,1.8,67.498,65.639,106.6,104.5175,2,0,0,1,0,0,0,0,0,0,0,0,0,0
2018-01-24,2,TRUE,FALSE,66.86,70.53,65.61,68.46,3.54,106.95,92.47,92.47,1,1070.2,167.38,1.5,2.197,1.8,-0.397,2538,12.76,2190.56,2847.81,1267.54,622.87,2720.65,-14.2,-14.2,-27.10454628,-27.10454628,27.10454628,27.10454628,27.10454628,0,0,0,1,0,0,0,0,97.698,99.09,93.4,97.1,81,81,49040139,43529066,102.914,110.423,102.72,73.4,2413809,493865.8,0,92.63,1240.44,1.8,67.59,106.5,91.50133333,91.69298333,1236.988,1209.844,1.8,1.8,67.37,65.898,106.61,104.8325,2,0,0,1,0,0,0,0,0,0,0,0,0,-0.022727273
2018-01-25,2,TRUE,FALSE,67.98,70.42,65.51,68.98,3.54,106.5,93.36,93.36,1,1058.6,167.5,1.5,2.215,1.8,-0.415,2562.23,12.48,2219.74,2872.99,1280.21,637.16,2781.27,-14,-14,-26.90454628,-26.90454628,26.90454628,26.90454628,26.90454628,0,0,0,1,0,0,0,0,97.698,99.09,93.4,97.1,81,81,49040139,43529066,102.914,110.423,102.72,73.4,2413809,515789.6,0,92.47,1267.54,1.8,68.46,106.95,91.61933333,91.70198333,1242.874,1213.7555,1.8,1.8,67.616,66.1835,106.69,105.17,2,0,0,1,0,0,0,0,0,0,0,0,0,0.023255814
2018-01-26,2,FALSE,FALSE,67.4,70.52,66.14,68.59,3.58,106.5,94.01,94.01,1,1063.9,168.13,1.5,2.222,1.8,-0.422,2574.76,12.52,2210.59,2860.57,1283.49,630.88,2785.77,-14.8,-14.8,-27.70454628,-27.70454628,27.70454628,27.70454628,27.70454628,0,0,0,1,0,0,0,0,97.698,99.09,93.4,97.1,81,81,49040139,43529066,102.914,110.423,102.72,73.4,2413809,515789.6,0,93.36,1280.21,1.8,68.98,106.5,91.94733333,91.90123333,1252.854,1218.032,1.8,1.8,67.922,66.4815,106.64,105.485,2,0,0,1,0,0,0,0,0,0,0,0,0,0
2018-01-29,2,TRUE,FALSE,67.55,69.46,65.56,68.68,3.6,109,92.79,91.07,3,1065.6,168.35,1.5,2.281,1.8,-0.481,2598.19,13.42,2217.52,2951.76,1283.48,643.98,2790.88,-8.5,-8.233333333,-21.40454628,-21.13787962,21.40454628,21.13787962,22.80454628,0,0,0,3,0,0,0,0,97.698,99.09,93.4,97.1,81,81,49040139,43529066,102.914,110.423,102.72,73.4,2413809,515789.6,0,94.01,1283.49,1.8,68.59,106.5,92.40733333,92.04223333,1262.862,1223.33,1.8,1.8,68.162,66.679,106.59,105.8,2,0,0,1,0,0,0,0,0,0,0,0,0,-0.013636364
2018-01-30,2,TRUE,FALSE,66.38,69.02,64.5,67.76,3.6,107.15,93.85,93.85,1,1073.6,169.27,1.5,2.304,1.8,-0.504,2567.74,14.23,2191.25,2932.24,1269.52,649.39,2726.06,-5.3,-5.3,-18.20454628,-18.20454628,18.20454628,18.20454628,18.20454628,2.9,2.9,2.9,1,0,0,0,0,97.698,99.09,93.4,97.1,77,80,49040139,43529066,102.914,110.423,102.72,73.4,2413809,515789.6,0,91.07,1283.48,1.8,68.68,109,92.708,92.06023333,1271.032,1228.6225,1.8,1.8,68.46,66.9075,107.09,106.19,2,0,0,1,0,0,0,0,0,0,0,0,0,0.00921659
2018-01-31,2,TRUE,FALSE,65.77,69.05,64.73,67.31,3.34,104.35,93.37,93.37,1,1067.9,169.26,1.5,2.274,1.8,-0.474,2566.46,14.54,2168.37,2909.68,1254.82,645.21,2715.19,-2.6,-2.6,-15.50454628,-15.50454628,15.50454628,15.50454628,15.50454628,0,0,0,1,0,0,0,0,97.698,99.09,93.5,97,77,80,49040139,43529066,99.248,113.029,106.66,70.7,2273535,515789.6,0,93.85,1269.52,1.8,67.76,107.15,92.952,92.31033333,1276.848,1232.317,1.8,1.8,68.494,67.0675,107.22,106.415,2,0,0,1,0,0,0,0,0,0,0,0,0,0.00456621
2018-02-01,2,TRUE,FALSE,66.12,69.65,65.8,66.37,3.06,104.4,93.21,93.21,1,1071.9,170.15,1.5,2.249,1.8,-0.449,2568.54,13.98,2209.74,2895.56,1259.55,648.69,2755.47,-4,-4,-16.90454628,-16.90454628,16.90454628,16.90454628,16.90454628,0,0,0,1,0,0,0,0,98.106,99.09,93.5,97,77,80,49221291,45805322,99.248,113.029,106.66,70.7,2273535,515789.6,0,93.37,1254.82,1.8,67.31,104.35,93.132,92.36183333,1274.304,1235.7995,1.8,1.8,68.264,67.21,106.7,106.4425,2,0,0,1,0,0,0,0,0,0,0,0,0,0
2018-02-02,2,TRUE,FALSE,67.02,68.58,65.45,67.02,2.91,104.75,92.96,92.96,1,1079.7,171.66,1.5,2.25,1.8,-0.45,2525.39,14.34,2138.14,2830.52,1262.18,644.32,2693.6,-2.4,-2.4,-15.30454628,-15.30454628,15.30454628,15.30454628,15.30454628,0,0,0,1,0,0,0,0,98.106,99.09,93.5,97,77,80,49221291,45805322,99.248,113.029,106.66,70.7,2273535,515789.6,0,93.21,1259.55,1.8,66.37,104.4,93.102,92.41533333,1270.172,1239.7955,1.8,1.8,67.742,67.244,106.28,106.415,2,0,0,1,0,0,0,0,0,0,0,0,0,-0.004545455
2018-02-05,2,TRUE,FALSE,65.07,67.62,64.15,65.44,2.85,104.55,92.55,91.34,3,1088.5,172.63,1.5,2.287,1.8,-0.487,2491.75,16.24,2106.4,2773.36,1268.08,625.58,2609.87,-9.4,-8.733333333,-22.30454628,-21.63787962,22.30454628,21.63787962,22.40454628,0,0.166666667,0.5,3,0,0,0,0,98.106,99.09,93.5,97,77,80,49221291,45805322,99.248,113.029,106.66,70.7,2273535,515789.6,0,92.96,1262.18,1.8,67.02,104.75,92.892,92.44233333,1265.91,1243.9415,1.8,1.8,67.428,67.3255,105.93,106.3875,2,0,0,1,0,0,0,0,0,0,0,0,0,0
2018-02-06,2,TRUE,FALSE,64.25,66.86,63.39,64.5,2.75,104,93.41,93.41,1,1091.5,173.24,1.5,2.253,1.8,-0.453,2453.31,22.61,2089.79,2748.66,1248.82,614.96,2615.1,-10.1,-10.1,-23.00454628,-23.00454628,23.00454628,23.00454628,23.00454628,0,0,0,1,0,0,0,0,98.106,99.09,93.5,97,77,80,49221291,45805322,99.248,113.029,106.66,70.7,2273535,515789.6,0,91.34,1268.08,1.8,65.44,104.55,92.946,92.4715,1262.83,1247.6685,1.8,1.8,66.78,67.349,105.04,106.2775,2,0,0,1,0,0,0,0,0,0,0,0,0,0.00456621
2018-02-07,2,TRUE,FALSE,64.05,65.51,61.79,64.34,2.74,102.75,92.98,92.98,1,1086.6,173.36,1.5,2.248,1.8,-0.448,2396.56,23.04,2066.99,2660.05,1222.34,593.27,2628.85,-8,-8,-20.90454628,-20.90454628,20.90454628,20.90454628,20.90454628,0,0,0,1,0,0,0,0,98.106,99.09,93.5,97,77,80,49221291,45805322,99.248,113.029,106.66,70.7,2273535,515789.6,0,93.41,1248.82,1.8,64.5,104,92.858,92.5115,1258.69,1249.8755,1.8,1.8,66.128,67.3175,104.41,106.1275,2,0,0,1,0,0,0,0,0,0,0,0,0,0
2018-02-08,2,TRUE,FALSE,62.26,64.81,61.15,63.04,2.74,100.9,93.12,93.12,1,1087.9,171.47,1.5,2.272,1.8,-0.472,2407.62,18.21,2068.94,2669.77,1227.75,593.31,2724.13,-4.4,-4.4,-17.30454628,-17.30454628,17.30454628,17.30454628,17.30454628,0,0,0,1,0,0,0,0,98.106,99.09,93.5,97,77,80,49221291,45805322,99.248,113.029,106.66,70.7,2273535,515789.6,0,92.98,1222.34,1.8,64.34,102.75,92.78,92.5155,1252.194,1250.1235,1.8,1.8,65.534,67.209,104.09,105.9375,2,0,0,1,0,0,0,0,0,0,0,0,0,0
2018-02-09,2,TRUE,FALSE,61.12,62.79,59.2,62.38,2.66,101.15,93.69,93.69,1,1092.1,172.11,1.5,2.278,1.8,-0.478,2363.77,23.73,2036.47,2645.35,1205.9,580.68,2667.81,0.4,0.4,-12.50454628,-12.50454628,12.50454628,12.50454628,12.50454628,0,0,0,1,0,0,0,0,98.106,99.09,93.5,97,77,80,49221291,45805322,99.248,113.029,106.66,70.7,2273535,515789.6,0,93.12,1227.75,1.8,63.04,100.9,92.762,92.477,1245.834,1251.1215,1.8,1.8,64.868,67.0175,103.39,105.6775,2,0,0,1,0,0,0,0,0,0,0,0,0,0
2018-02-12,2,TRUE,FALSE,60.29,62.59,59.29,60.44,2.6,101.65,93.63,92.26333333,3,1084.6,171.75,1.5,2.302,1.8,-0.502,2385.38,21.67,2045.67,2669.77,1191.96,573.81,2689.68,-5.8,-4.133333333,-18.70454628,-17.03787962,18.70454628,17.03787962,19.00454628,0,0,0,3,0,0,0,0,98.106,99.09,93.5,97,77,80,49221291,45805322,99.248,113.029,106.66,70.7,2273535,515789.6,0,93.69,1205.9,1.8,62.38,101.15,92.908,92.504,1234.578,1249.716,1.8,1.8,63.94,66.79,102.67,105.4425,2,0,0,1,0,0,0,0,0,0,0,0,0,0
2018-02-13,2,TRUE,FALSE,59.84,62.72,59.19,60.25,2.58,102.65,93.1,93.1,1,1084.5,171.23,1.5,2.278,1.8,-0.478,2395.19,20.14,2022.86,2663.14,1183.96,566.37,2690.07,-0.8,-0.8,-13.70454628,-13.70454628,13.70454628,13.70454628,13.70454628,0,0,0,1,0,0,0,0,98.106,99.09,93.5,97,77,80,49221291,45805322,99.248,113.029,106.66,70.7,2273535,515789.6,0,92.26333333,1191.96,1.8,60.44,101.65,93.09266667,92.5745,1219.354,1247.235,1.8,1.8,62.94,66.4195,102.09,105.205,2,0,0,1,0,0,0,0,0,0,0,0,0,0.009090909
2018-02-14,2,TRUE,FALSE,59.4,64.36,60.6,59.82,2.53,104.4,91.05,91.05,1,1077.2,170.06,1.5,2.265,1.8,-0.465,2421.83,18.52,2042.16,2686.73,1185.6,575.94,2752.54,3.5,3.5,-9.404546284,-9.404546284,9.404546284,9.404546284,9.404546284,0,0,0,1,0,0,0,0,98.106,99.09,93.5,97,77,80,49221291,45805322,99.248,113.029,106.66,70.7,2273535,515789.6,0,93.1,1183.96,1.8,60.25,102.65,93.03066667,92.5855,1206.382,1244.727,1.8,1.8,62.09,66.0205,101.82,105.015,2,0,0,1,0,0,0,0,0,0,0,0,0,-0.009009009
2018-02-19,2,FALSE,FALSE,61.77,65.67,60.6,62.23,2.53,105.3,91.47,78.282,5,1067.6,169.19,1.5,2.302,1.8,-0.502,2442.82,16.66,2057.82,2768.27,1217.03,595.46,2778.38,1.8,-0.68,-11.10454628,-13.58454628,11.10454628,13.58454628,15.90454628,0,0,0,5,0,0,0,0,98.106,99.09,93.5,97,77,80,49221291,45805322,99.248,113.029,106.66,70.7,2273535,515789.6,0,91.05,1185.6,1.8,59.82,104.4,92.64466667,92.544,1199.034,1242.1015,1.8,1.8,61.186,65.65,102.15,104.9075,2,0,0,1,0,0,0,0,0,0,0,0,0,0
2018-02-20,2,TRUE,FALSE,62.05,65.25,61.9,62.49,2.61,105.25,93.02,93.02,1,1073.5,169.88,1.5,2.316,1.8,-0.516,2415.12,17.1,2057.92,2736.1,1248.08,591.01,2718.48,0.9,0.9,-12.00454628,-12.00454628,12.00454628,12.00454628,12.00454628,0,0,0,1,0,0,0,0,98.106,99.09,93.5,97,77,80,49221291,45805322,99.248,113.029,106.66,70.7,2273535,515789.6,0,78.282,1217.03,1.8,62.23,105.3,89.67706667,91.8721,1196.89,1241.4375,1.8,1.8,61.024,65.389,103.03,104.835,2,0,0,1,0,0,0,0,0,0,0,0,0,0
2018-02-21,2,TRUE,FALSE,61.3,65.42,61.68,62.19,2.65,105.55,93.34,93.34,1,1076.2,169.68,1.5,2.306,1.8,-0.506,2429.65,16.56,2056.78,2743.28,1246.66,587.94,2770.06,-0.9,-0.9,-13.80454628,-13.80454628,13.80454628,13.80454628,13.80454628,0,0,0,1,0,0,0,0,98.106,99.5,93.5,97,77,80,49221291,45805322,99.248,113.029,106.66,70.7,2273535,515789.6,0,93.02,1248.08,1.8,62.49,105.25,89.54306667,91.9376,1205.326,1242.169,1.8,1.8,61.046,65.144,103.85,104.76,2,0,0,1,0,0,0,0,0,0,0,0,0,0
2018-02-22,2,TRUE,FALSE,61.6,66.39,62.77,61.96,2.65,105.65,92.33,92.33,1,1084.3,170.88,1.5,2.303,1.8,-0.503,2414.28,16.85,2035.78,2718.71,1238.42,582.09,2737.23,1.3,1.3,-11.60454628,-11.60454628,11.60454628,11.60454628,11.60454628,0.4,0.4,0.4,1,0,0,0,0,98.106,99.5,93.5,97,77,80,49221291,45805322,99.248,113.029,106.66,70.7,2273535,515789.6,0,93.34,1246.66,1.8,62.19,105.55,89.7584,92.12626667,1216.266,1242.3705,1.8,1.8,61.396,64.894,104.63,104.7125,2,0,0,1,0,0,0,0,0,0,0,0,0,0
2018-02-23,2,TRUE,FALSE,62.77,67.31,63.55,63.18,2.58,105.1,92.29,92.29,1,1079,170.22,1.5,2.285,1.8,-0.485,2451.52,15.49,2046.55,2792.87,1245.82,591.76,2756.37,4.2,4.2,-8.704546284,-8.704546284,8.704546284,8.704546284,8.704546284,3.7,3.7,3.7,1,0,0,0,0,98.106,99.5,93.5,97,77,80,49221291,45805322,99.248,113.029,106.66,70.7,2273535,515789.6,0,92.33,1238.42,1.8,61.96,105.65,89.6044,92.11126667,1227.158,1242.2695,1.8,1.8,61.738,64.6125,105.23,104.67,2,0,0,1,0,0,0,0,0,0,0,0,0,0
2018-02-26,2,TRUE,FALSE,63.9,67.5,63.91,64.42,2.6,104.6,91.68,90.16,3,1073.4,170.08,1.5,2.263,1.8,-0.463,2457.65,15.11,2059.09,2847.65,1251.76,589.25,2751.11,3.1,2.466666667,-9.804546284,-10.43787962,9.804546284,10.43787962,11.00454628,0,0,0,3,0,0,0,0,98.106,99.5,93.5,97,77,80,49221291,45805322,99.248,113.029,106.66,70.7,2273535,515789.6,0,92.29,1245.82,1.8,63.18,105.1,89.8524,92.10226667,1239.202,1241.1835,1.8,1.8,62.41,64.3485,105.37,104.5775,2,0,0,1,0,0,0,0,0,0,0,0,0,0
2018-02-27,2,TRUE,FALSE,64.02,66.63,63.01,64.47,2.59,104.3,91.65,91.65,1,1071.3,170.07,1.5,2.258,1.8,-0.458,2456.14,14.53,2075.21,2841.89,1237.26,585.39,2758.05,4.2,4.2,-8.704546284,-8.704546284,8.704546284,8.704546284,8.704546284,0,0,0,1,0,0,0,0,98.106,99.5,93.5,97,77,80,49221291,45805322,99.248,113.029,106.66,70.7,2273535,515789.6,0,90.16,1251.76,1.8,64.42,104.6,92.228,91.94226667,1246.148,1239.761,1.8,1.8,62.848,64.1205,105.23,104.4825,2,0,0,1,0,0,0,0,0,0,0,0,0,0
2018-02-28,2,TRUE,FALSE,63.22,65.78,61.64,63.39,2.66,104.25,91.46,91.46,1,1082.8,171.06,1.5,2.266,1.8,-0.466,2427.36,15.55,2041.9,2792.1,1228.01,574.93,2715.55,4.6,4.6,-8.304546284,-8.304546284,8.304546284,8.304546284,8.304546284,25,25,25,1,0,0,0,0,98.106,99.5,93.5,97,75,79,49221291,45805322,99.248,113.029,106.66,70.7,2273535,515789.6,0,91.65,1237.26,1.8,64.47,104.3,91.954,91.82426667,1243.984,1237.4495,1.8,1.8,63.244,63.9145,105.04,104.3725,2,0,0,1,0,0,0,0,0,0,0,0,0,0
2018-03-02,2,FALSE,FALSE,60.28,64.37,61.25,60.68,2.67,102.9,102.33,100.555,2,1080.3,170.09,1.5,2.29,1.8,-0.49,2402.16,17.39,1986.52,2799.23,1272.28,563.99,2701.22,-0.7,-0.45,-13.60454628,-13.35454628,13.60454628,13.35454628,13.60454628,0,0.25,0.5,2,0,0,0,0,98.106,99.5,93.7,97.2,75,79,44523530,41722154,97.932,115.201,109.85,73.7,2984921,515789.6,0,91.46,1228.01,1.8,63.39,104.25,91.578,91.84376667,1240.254,1234.676,1.8,1.8,63.484,63.65,104.78,104.135,2,0,0,1,0,0,0,0,0,0,0,0,0,0
2018-03-05,2,FALSE,FALSE,61.32,65.54,62.57,61.88,2.7,102,102.67,100.6633333,3,1082,170.79,1.5,2.311,1.8,-0.511,2375.06,18.69,1955.62,2735.79,1262.43,556.07,2664.65,5.5,7.733333333,-7.404546284,-5.171212951,7.404546284,5.171212951,7.404546284,3.5,5,15,3,0,0,0,0,98.106,99.5,93.7,97.2,75,79,44523530,41722154,97.932,115.201,109.85,73.7,2984921,515789.6,0,100.555,1272.28,1.8,60.68,102.9,93.223,92.17901667,1247.026,1234.814,1.8,1.8,63.228,63.296,104.23,103.9225,2,0,0,1,0,0,0,0,0,0,0,0,0,0
2018-03-06,2,TRUE,FALSE,62.04,65.79,62.6,62.64,2.7,101.5,102.72,102.72,1,1076.1,169.8,1.5,2.312,1.8,-0.512,2411.41,16.67,1964.86,2757.12,1253.27,569.33,2744.83,4.5,4.5,-8.404546284,-8.404546284,8.404546284,8.404546284,8.404546284,0,0,0,1,0,0,0,0,98.855,99.5,93.7,97.2,75,79,44523530,41722154,97.932,115.201,109.85,73.7,2984921,515789.6,0,100.6633333,1262.43,1.8,61.88,102,94.89766667,92.54368333,1250.348,1235.1945,1.8,1.8,62.968,63.0245,103.61,103.805,2,0,0,1,0,0,0,0,0,0,0,0,0,0.009090909
2018-03-07,2,TRUE,FALSE,61.61,64.34,61.15,62.28,2.8,99.75,102.92,102.92,1,1069.1,169.2,1.5,2.297,1.8,-0.497,2401.82,17.6,1962.11,2740.62,1234.56,563.38,2712.56,6.4,6.4,-6.504546284,-6.504546284,6.504546284,6.504546284,6.504546284,0.5,0.5,0.5,1,0,0,0,0,98.855,99.5,93.7,97.2,75,79,44523530,41722154,97.932,115.201,109.85,73.7,2984921,515789.6,0,102.72,1253.27,1.8,62.64,101.5,97.40966667,93.01918333,1250.65,1234.8805,1.8,1.8,62.612,62.838,102.99,103.66,2,0,0,1,0,0,0,0,0,0,0,0,0,0
2018-03-08,2,FALSE,FALSE,60.8,63.61,60.12,61.42,2.8,99.95,102.72,102.72,1,1070.2,169.12,1.5,2.286,1.8,-0.486,2433.08,15.49,1999.34,2742.88,1231.43,575.02,2728.8,4.6,4.6,-8.304546284,-8.304546284,8.304546284,8.304546284,8.304546284,4,4,4,1,0,0,0,0,98.855,99.5,93.7,97.2,75,79,44523530,41722154,97.932,115.201,109.85,73.7,2984921,515789.6,0,102.92,1234.56,1.8,62.28,99.75,99.66366667,93.51718333,1250.11,1233.4995,1.8,1.8,62.174,62.601,102.08,103.41,2,0,0,1,0,0,0,0,0,0,0,0,0,0
2018-03-09,2,TRUE,FALSE,60.28,65.49,62.04,60.79,2.71,99.4,102.83,102.83,1,1069.8,168.61,1.5,2.293,1.8,-0.493,2459.45,14.8,1966.96,2792.87,1246.64,592.64,2771.3,4.5,4.5,-8.404546284,-8.404546284,8.404546284,8.404546284,8.404546284,0,0,0,1,0,0,0,0,98.855,99.5,93.7,97.2,75,79,44523530,41722154,97.932,115.201,109.85,73.7,2984921,515789.6,0,102.72,1231.43,1.8,61.42,99.95,101.9156667,94.08618333,1250.794,1231.667,1.8,1.8,61.78,62.4,101.22,103.18,2,0,0,1,0,0,0,0,0,0,0,0,0,0
2018-03-12,2,TRUE,FALSE,61.71,64.95,61.36,62.22,2.78,98,102.71,101.25,3,1065.2,168.32,1.5,2.305,1.8,-0.505,2484.12,15.13,1992.7,2838.33,1275.12,602.41,2816.91,8,6.333333333,-4.904546284,-6.571212951,4.904546284,6.571212951,8.304546284,0,0,0,3,0,0,0,0,98.855,99.5,93.7,97.2,75,79,44523530,41722154,97.932,115.201,109.85,73.7,2984921,515789.6,0,102.83,1246.64,1.8,60.79,99.4,102.3706667,94.55718333,1245.666,1231.558,1.8,1.8,61.802,62.2145,100.52,102.95,2,0,0,1,0,0,0,0,0,0,0,0,0,0.013513514
2018-03-13,2,TRUE,FALSE,61.25,64.64,60.71,61.83,2.76,98,102.28,102.28,1,1067.5,168.75,1.5,2.301,1.8,-0.501,2494.49,15.05,1978.26,2815.07,1254.98,588.56,2889.49,12.4,12.4,-0.504546284,-0.504546284,0.504546284,0.504546284,0.504546284,0,0,0,1,0,0,0,0,98.855,99.5,93.7,97.2,75,79,44523530,41722154,97.932,115.201,109.85,73.7,2984921,515789.6,0,101.25,1275.12,1.8,62.22,98,102.488,94.97068333,1248.204,1234.197,1.8,1.8,61.87,62.1085,99.72,102.7125,2,0,0,1,0,0,0,0,0,0,0,0,0,-0.017777778
2018-03-14,2,TRUE,FALSE,61.23,64.89,60.96,61.71,2.69,97.7,101.71,101.71,1,1064.6,168.59,1.5,2.274,1.8,-0.474,2486.08,15.16,1947.8,2819.27,1236.89,582.91,2878.12,17,17,4.095453716,4.095453716,4.095453716,4.095453716,4.095453716,0,0,0,1,0,0,0,0,98.855,99.5,93.7,97.2,75,79,44523530,41722154,97.932,115.201,109.85,73.7,2984921,515789.6,0,102.28,1254.98,1.8,61.83,98,102.4,95.42868333,1248.546,1235.5585,1.8,1.8,61.708,62.048,99.02,102.5675,2,0,0,1,0,0,0,0,0,0,0,0,0,0
2018-03-15,2,TRUE,FALSE,61.45,65.12,61.19,62.14,2.7,97.85,101.58,101.58,1,1065.4,168.86,1.5,2.268,1.8,-0.468,2492.38,15.52,1944.28,2828.39,1237.21,587.36,2862.59,12.4,12.4,-0.504546284,-0.504546284,0.504546284,0.504546284,0.504546284,27,27,27,1,0,0,0,0,98.855,99.5,93.7,97.2,75,79,44523530,41722154,97.932,115.201,109.85,73.7,2984921,515789.6,0,101.71,1236.89,1.8,61.71,97.7,102.158,95.82968333,1249.012,1237.108,1.8,1.8,61.594,62.0145,98.61,102.395,2,0,0,1,0,0,0,0,0,0,0,0,0,-0.004524887
2018-03-16,2,TRUE,FALSE,61.74,66.21,62.34,62.36,2.62,97.15,101.79,101.79,1,1066.2,168.74,1.5,2.276,1.81,-0.466,2493.97,15.52,1938.03,2799.64,1237.82,587.77,2861.56,7.1,7.1,-5.804546284,-5.804546284,5.804546284,5.804546284,5.804546284,0,0,0,1,0,0,0,0,98.855,99.5,93.7,97.2,75,79,44523530,41722154,97.932,115.201,109.85,73.7,2984921,515789.6,0,101.58,1237.21,1.8,62.14,97.85,101.93,96.29551667,1250.168,1239.3705,1.8,1.8,61.738,62.0995,98.19,102.205,2,0,0,1,0,0,0,0,0,0,0,0,0,0.009090909
2018-03-19,2,TRUE,FALSE,62.48,66.05,62.06,63.11,2.62,96.75,99.91,98.22,3,1071.6,169.22,1.5,2.275,1.81,-0.465,2475.03,16.3,1948.63,2786.97,1226.07,585.65,2853.87,8,7.6,-4.904546284,-5.304546284,4.904546284,5.304546284,6.304546284,1,0.5,1.5,3,0,0,0,0,98.855,99.5,93.7,97.2,75,79,44523530,41722154,97.932,115.201,109.85,73.7,2984921,515789.6,0,101.79,1237.82,1.81,62.36,97.15,101.722,96.73001667,1248.404,1242.0635,1.802,1.8005,62.052,62.205,97.74,101.93,2,0,0,1,0,0,0,0,0,0,0,0,0,-0.009009009
2018-03-20,2,TRUE,FALSE,62.98,67.42,63.4,63.71,2.71,97.35,101.51,101.51,1,1068.6,168.98,1.5,2.286,1.81,-0.476,2485.52,16.47,1944.87,2784.09,1222.35,590.28,2846.38,4.7,4.7,-8.204546284,-8.204546284,8.204546284,8.204546284,8.204546284,0,0,0,1,0,0,0,0,98.855,99.92,93.7,97.2,75,79,44523530,41722154,97.932,115.201,109.85,73.7,2984921,515789.6,0,98.22,1226.07,1.81,63.11,96.75,101.116,97.08851667,1238.594,1244.087,1.804,1.801,62.23,62.3695,97.49,101.5475,2,0,0,1,0,0,0,0,0,0,0,0,0,0
2018-03-21,2,TRUE,FALSE,63.89,69.47,65.17,64.68,2.74,97.15,102.06,102.06,1,1072.3,169.44,1.5,2.291,1.81,-0.481,2484.97,16.73,1956.12,2786.17,1213.36,589.45,2816.7,2.1,2.1,-10.80454628,-10.80454628,10.80454628,10.80454628,10.80454628,1,1,1,1,0,0,0,0,98.855,99.92,93.7,97.2,75,79,44523530,41722154,97.932,115.201,109.85,73.7,2984921,515789.6,0,101.51,1222.35,1.81,63.71,97.35,100.962,98.24991667,1232.068,1244.353,1.806,1.8015,62.606,62.4435,97.36,101.15,2,0,0,1,0,0,0,0,0,0,0,0,0,0
2018-03-22,2,TRUE,FALSE,65.44,68.91,64.3,65.99,2.62,96.7,101.73,101.73,1,1072.7,169.75,1.5,2.256,1.82,-0.436,2496.02,16.24,1942.61,2817.83,1229.4,583.13,2790.49,4.9,4.9,-8.004546284,-8.004546284,8.004546284,8.004546284,8.004546284,0,0,0,1,0,0,0,0,98.855,99.92,93.7,97.2,75,79,44523530,41722154,97.932,115.201,109.85,73.7,2984921,515789.6,0,102.06,1213.36,1.81,64.68,97.15,101.032,98.70191667,1227.362,1242.617,1.808,1.802,63.2,62.553,97.25,100.745,2,0,0,1,0,0,0,0,0,0,0,0,0,0
2018-03-23,2,TRUE,FALSE,65.33,70.45,65.88,65.84,2.58,96.75,102.48,102.48,1,1082.2,171.1,1.5,2.223,1.82,-0.403,2416.76,20.21,1870.77,2735.16,1199.39,562.98,2631.71,6.1,6.1,-6.804546284,-6.804546284,6.804546284,6.804546284,6.804546284,0,0,0,1,0,0,0,0,98.855,99.92,93.7,97.2,75,79,44523530,41722154,97.932,115.201,109.85,73.7,2984921,515789.6,0,101.73,1229.4,1.82,65.99,96.7,101.062,99.12141667,1225.8,1241.754,1.812,1.803,63.97,62.743,97.02,100.3025,2,0,0,1,0,0,0,0,0,0,0,0,0,0
2018-03-26,2,TRUE,FALSE,65.97,70.12,65.55,66.39,2.63,96.6,101.86,100.9466667,3,1081.1,171.45,1.5,2.244,1.82,-0.424,2437.08,19.29,1902.48,2778,1221.2,572.99,2701.23,11,9.4,-1.904546284,-3.504546284,1.904546284,3.504546284,5.304546284,0,0,0,3,0,0,0,0,98.855,99.92,93.7,97.2,75,79,44523530,41722154,97.932,115.201,109.85,73.7,2984921,515789.6,0,102.48,1199.39,1.82,65.84,96.75,101.2,99.62891667,1218.114,1239.8025,1.814,1.804,64.666,62.937,96.94,99.8575,2,0,0,1,0,0,0,0,0,0,0,0,0,0.009090909
2018-03-27,2,TRUE,FALSE,65.83,70.11,65.25,65.86,2.6,96.9,101.49,101.49,1,1070.3,171.3,1.5,2.232,1.82,-0.412,2452.06,18.16,1949.04,2779.29,1228.41,582.11,2670.97,13.3,13.3,0.395453716,0.395453716,0.395453716,0.395453716,0.395453716,0,0,0,1,0,0,0,0,98.855,99.92,93.7,97.2,75,79,44523530,41722154,97.932,115.201,109.85,73.7,2984921,515789.6,0,100.9466667,1221.2,1.82,66.39,96.6,101.7453333,100.06175,1217.14,1238.5715,1.816,1.805,65.322,63.0975,96.91,99.4325,2,0,0,1,0,0,0,0,0,0,0,0,0,-0.009009009
2018-03-28,2,TRUE,FALSE,65.24,69.53,64.38,65.24,2.64,96.65,100.95,100.95,1,1070.8,170.5,1.5,2.222,1.82,-0.402,2419.29,19.81,1913.43,2718.95,1233.99,586.05,2635.01,14,14,1.095453716,1.095453716,1.095453716,1.095453716,1.095453716,0,0,0,1,0,0,0,0,98.855,99.92,93.7,97.2,75,79,44523530,41722154,97.932,115.201,109.85,73.7,2984921,515789.6,0,101.49,1228.41,1.82,65.86,96.9,101.7413333,100.62825,1218.352,1237.404,1.818,1.806,65.752,63.1695,96.82,99.0475,2,0,0,1,0,0,0,0,0,0,0,0,0,0
2018-03-29,2,TRUE,FALSE,65.33,70.27,64.94,65.46,2.81,96.4,100.83,100.83,1,1065.9,169.61,1.5,2.227,1.82,-0.407,2436.37,18.94,1925.78,2736.99,1226.74,586.64,2660.84,15.4,15.4,2.495453716,2.495453716,2.495453716,2.495453716,2.495453716,0,0,0,1,0,0,0,0,98.855,99.92,93.7,97.2,74,79,44523530,41722154,97.932,115.201,109.85,73.7,2984921,515789.6,0,100.95,1233.99,1.82,65.24,96.65,101.5193333,101.09325,1222.478,1237.2405,1.82,1.807,65.864,63.208,96.72,98.665,2,0,0,1,0,0,0,0,0,0,0,0,0,0
2018-03-30,2,TRUE,FALSE,65.33,70.27,64.94,65.46,2.81,96.4,99.96,99.96,1,1063.5,169.74,1.5,2.216,1.82,-0.396,2445.85,17.54,1902.53,2749.69,1231.37,593.44,2672.72,14.8,14.8,1.895453716,1.895453716,1.895453716,1.895453716,1.895453716,0,0,0,1,0,0,0,0,98.855,99.92,94,97.5,74,79,44523530,41722154,86.184,99.891,97.186,73.8,1948558,515789.6,0,100.83,1226.74,1.82,65.46,96.4,101.3393333,101.56175,1221.946,1237.177,1.82,1.808,65.758,63.3115,96.66,98.2725,2,0,0,1,0,0,0,0,0,0,0,0,0,0
2018-04-02,2,TRUE,FALSE,66.79,67.64,63.01,66.85,2.75,92.25,89.97,91.75666667,3,1056.6,168.53,1.5,2.225,1.82,-0.405,2444.16,18.3,1888.63,2754.89,1225.9,582.76,2636.05,18.4,16,5.495453716,3.095453716,5.495453716,3.095453716,5.495453716,0,0,0,3,0,0,0,0,98.855,99.92,94,97.5,74,79,51309932,44897838,86.184,99.891,97.186,73.8,1948558,515789.6,0,99.96,1231.37,1.82,65.46,96.4,100.8353333,101.532,1228.342,1235.1315,1.82,1.809,65.682,63.5505,96.59,97.9475,2,0,0,1,0,0,0,0,0,0,0,0,0,0
2018-04-03,2,TRUE,FALSE,65.16,68.12,63.51,65.19,2.75,92,90.58,90.58,1,1054.2,168.17,1.5,2.193,1.82,-0.373,2442.43,18.61,1871.37,2740.75,1241.66,586.53,2634.16,17.8,17.8,4.895453716,4.895453716,4.895453716,4.895453716,4.895453716,0.1,0.1,0.1,1,0,0,0,0,98.751,99.92,94,97.5,74,79,51309932,44897838,86.184,99.891,97.186,73.8,1948558,515789.6,0,91.75666667,1225.9,1.82,66.85,92.25,98.99733333,101.0866667,1229.282,1233.305,1.82,1.81,65.774,63.799,95.72,97.46,2,0,0,1,0,0,0,0,0,0,0,0,0,0.004545455
2018-04-04,2,TRUE,FALSE,64.7,68.02,63.37,64.71,2.81,93.55,91.06,91.06,1,1059.8,168.4,1.5,2.168,1.82,-0.348,2408.06,18.86,1853.82,2702.26,1229.09,575.13,2576.47,13.4,13.4,0.495453716,0.495453716,0.495453716,0.495453716,0.495453716,18.5,18.5,18.5,1,0,0,0,0,98.751,99.92,94,97.5,74,79,51309932,44897838,86.184,99.891,97.186,73.8,1948558,515789.6,0,90.58,1241.66,1.82,65.19,92,96.81533333,100.4796667,1231.932,1232.7245,1.82,1.811,65.64,63.9265,94.74,96.985,2,0,0,1,0,0,0,0,0,0,0,0,0,-0.004524887
2018-04-05,2,TRUE,FALSE,65.38,68.33,63.54,65.87,2.81,94.15,91.52,91.52,1,1059.7,168.57,1.5,2.175,1.82,-0.355,2437.52,17.03,1858.99,2759.44,1245.22,585.03,2637.6,7.6,7.6,-5.304546284,-5.304546284,5.304546284,5.304546284,5.304546284,10.5,10.5,10.5,1,0,0,0,0,98.751,99.92,94,97.5,74,79,51309932,44897838,86.184,99.891,97.186,73.8,1948558,515789.6,0,91.06,1229.09,1.82,64.71,93.55,94.83733333,99.88666667,1230.952,1232.451,1.82,1.812,65.534,64.048,94.12,96.675,2,0,0,1,0,0,0,0,0,0,0,0,0,-0.004545455
2018-04-06,2,TRUE,FALSE,65.37,67.11,62.06,65.37,2.81,93.9,91.29,91.29,1,1069.6,169.36,1.5,2.156,1.82,-0.336,2429.58,17.35,1850.74,2729.89,1241.96,592.28,2602.96,5.8,5.8,-7.104546284,-7.104546284,7.104546284,7.104546284,7.104546284,6.5,6.5,6.5,1,0,0,0,0,98.751,99.92,94,97.5,74,79,51309932,44897838,86.184,99.891,97.186,73.8,1948558,515789.6,0,91.52,1245.22,1.82,65.87,94.15,92.97533333,99.32666667,1234.648,1233.1405,1.82,1.813,65.616,64.2705,93.67,96.385,2,0,0,1,0,0,0,0,0,0,0,0,0,-0.00456621
2018-04-09,2,TRUE,FALSE,64.7,68.65,63.42,64.72,2.78,94.2,90.33,88.48666667,3,1067.1,169.51,1.5,2.167,1.82,-0.347,2444.08,16.5,1823.84,2703.22,1230.87,607.94,2619.02,7.9,5.333333333,-5.004546284,-7.571212951,5.004546284,7.571212951,9.004546284,0,1.066666667,3.2,3,0,0,0,0,98.751,99.92,94,97.5,74,79,51309932,44897838,86.184,99.891,97.186,73.8,1948558,515789.6,0,91.29,1241.96,1.82,65.37,93.9,91.24133333,98.74966667,1236.766,1232.9065,1.82,1.814,65.598,64.4995,93.17,96.11,2,0,0,1,0,0,0,0,0,0,0,0,0,0
2018-04-10,2,TRUE,FALSE,66.51,71.04,65.51,66.55,2.78,93.5,91.52,91.52,1,1066.4,169.45,1.5,2.185,1.82,-0.365,2450.74,15.11,1846.89,2667.25,1232.22,606.32,2610.48,15.1,15.1,2.195453716,2.195453716,2.195453716,2.195453716,2.195453716,5,5,5,1,0,0,0,0,98.751,99.92,94,97.5,74,79,51309932,44897838,86.184,99.891,97.186,73.8,1948558,515789.6,0,88.48666667,1230.87,1.82,64.72,94.2,90.58733333,98.1115,1237.76,1230.694,1.82,1.815,65.172,64.6245,93.56,95.92,2,0,0,1,0,0,0,0,0,0,0,0,0,0
2018-04-11,2,TRUE,FALSE,67.58,72.06,66.82,67.52,2.74,93.65,91.54,91.54,1,1066.3,169.98,1.5,2.165,1.82,-0.345,2444.22,15.65,1844.79,2672.96,1234,605.57,2650.4,12.6,12.6,-0.304546284,-0.304546284,0.304546284,0.304546284,0.304546284,0,0,0,1,0,0,0,0,98.751,99.92,94,97.5,74,79,51309932,44897838,86.184,99.891,97.186,73.8,1948558,515789.6,0,91.52,1232.22,1.82,66.55,93.5,90.77533333,97.5735,1235.872,1229.556,1.82,1.816,65.444,64.8605,93.86,95.695,2,0,0,1,0,0,0,0,0,0,0,0,0,0
2018-04-12,2,TRUE,FALSE,68.63,72.02,67.07,68.66,2.76,93.65,91.5,91.5,1,1069.5,170.45,1.5,2.156,1.82,-0.336,2442.71,15.24,1843.72,2723.91,1242.81,609.3,2704.97,13.3,13.3,0.395453716,0.395453716,0.395453716,0.395453716,0.395453716,0,0,0,1,0,0,0,0,98.751,99.92,94,97.5,74,79,51309932,44897838,86.184,99.891,97.186,73.8,1948558,515789.6,0,91.54,1234,1.82,67.52,93.65,90.87133333,97.065,1236.854,1229.4115,1.82,1.817,66.006,65.151,93.88,95.4925,2,0,0,1,0,0,0,0,0,0,0,0,0,0.004587156
2018-04-13,2,TRUE,FALSE,69.04,72.58,67.39,69.09,2.82,93.4,91.5,91.5,1,1069.5,170.29,1.5,2.155,1.82,-0.335,2455.07,13.81,1835.37,2690.23,1225.79,607.46,2726.66,14.6,14.6,1.695453716,1.695453716,1.695453716,1.695453716,1.695453716,0,0,0,1,0,0,0,0,98.751,99.92,94,97.5,74,79,51309932,44897838,86.184,99.891,97.186,73.8,1948558,515789.6,0,91.5,1242.81,1.82,68.66,93.65,90.86733333,96.561,1236.372,1229.6915,1.82,1.818,66.564,65.477,93.78,95.2825,2,0,0,1,0,0,0,0,0,0,0,0,0,0
2018-04-16,2,TRUE,FALSE,68.18,71.42,66.22,68.19,2.88,93,91.7,89.46666667,3,1074,171.06,1.5,2.169,1.82,-0.349,2457.49,13.91,1819.11,2661.04,1217.42,604.41,2736.68,11.6,10.03333333,-1.304546284,-2.871212951,1.304546284,2.871212951,3.904546284,0,3,9,3,0,0,0,0,98.751,99.92,94,97.5,74,79,51309932,44897838,86.184,99.891,97.186,73.8,1948558,515789.6,0,91.5,1225.79,1.82,69.09,93.4,90.90933333,96.0465,1233.138,1229.09,1.82,1.8185,67.308,65.8135,93.68,95.095,2,0,0,1,0,0,0,0,0,0,0,0,0,0
2018-04-17,2,TRUE,FALSE,68.23,71.58,66.52,68.38,2.84,92.05,92.38,92.38,1,1067,170.18,1.5,2.178,1.82,-0.358,2453.77,13.35,1826.3,2669.53,1212.65,601.28,2733.43,12.9,12.9,-0.004546284,-0.004546284,0.004546284,0.004546284,0.004546284,0,0,0,1,0,0,0,0,98.751,99.92,94,97.5,74,79,51309932,44897838,86.184,99.891,97.186,73.8,1948558,515789.6,0,89.46666667,1217.42,1.82,68.19,93,91.10533333,95.60883333,1230.448,1228.6575,1.82,1.819,68.002,66.0675,93.44,94.9075,2,0,0,1,0,0,0,0,0,0,0,0,0,0.002283105
2018-04-18,2,TRUE,FALSE,68.81,73.48,68.47,68.85,2.85,92.65,91.84,91.84,1,1068.7,170.05,1.5,2.196,1.82,-0.376,2479.98,12.92,1861.59,2692.78,1216.14,620.7,2740.14,12.4,12.4,-0.504546284,-0.504546284,0.504546284,0.504546284,0.504546284,0,0,0,1,0,0,0,0,98.751,99.92,94,97.5,74,79,51309932,44897838,86.184,99.891,97.186,73.8,1948558,515789.6,0,92.38,1212.65,1.82,68.38,92.05,91.27733333,95.15233333,1226.534,1228.1725,1.82,1.8195,68.368,66.301,93.15,94.6425,2,0,0,1,0,0,0,0,0,0,0,0,0,0.002277904
2018-04-19,2,TRUE,FALSE,70.75,73.78,68.29,70.83,2.8,93.75,91.66,91.66,1,1061.5,169.47,1.5,2.195,1.82,-0.375,2486.1,12.6,1907.97,2682.71,1231.14,649.2,2787.62,14,14,1.095453716,1.095453716,1.095453716,1.095453716,1.095453716,0,0,0,1,0,0,0,0,98.751,99.88,94,97.5,74,79,51309932,44897838,86.184,99.891,97.186,73.8,1948558,515789.6,0,91.84,1216.14,1.82,68.85,92.65,91.33733333,94.64133333,1222.962,1228.3115,1.82,1.82,68.634,66.5095,92.95,94.4175,2,0,0,1,0,0,0,0,0,0,0,0,0,0
2018-04-20,2,TRUE,FALSE,70.42,74.06,68.38,70.38,2.78,93.45,91.51,91.51,1,1067.3,169.95,1.5,2.2,1.82,-0.38,2476.33,12.91,1912.74,2684.06,1238.52,652.77,2744.14,18.4,18.4,5.495453716,5.495453716,5.495453716,5.495453716,5.495453716,0,0,0,1,0,0,0,0,98.751,99.88,94,97.5,74,79,51309932,44897838,86.184,99.891,97.186,73.8,1948558,515789.6,0,91.66,1231.14,1.82,70.83,93.75,91.36933333,94.13783333,1220.628,1228.3985,1.82,1.82,69.068,66.7515,92.97,94.27,2,0,0,1,0,0,0,0,0,0,0,0,0,0
2018-04-23,2,TRUE,FALSE,70.29,74.71,68.64,70.26,2.78,93.35,92.04,89.24,3,1069,169.9,1.5,2.235,1.82,-0.415,2474.11,13.58,1930.37,2689.03,1277.71,653.11,2708.55,9.3,14.5,-3.604546284,1.595453716,3.604546284,3.998484572,5.795453716,59,24.83333333,74.5,3,0,0,0,0,98.751,99.88,94,97.5,74,79,51309932,44897838,86.184,99.891,97.186,73.8,1948558,515789.6,0,91.51,1238.52,1.82,70.38,93.45,91.37133333,93.58933333,1223.174,1230.355,1.82,1.82,69.326,66.9785,92.98,94.105,2,0,0,1,0,0,0,0,0,0,0,0,0,0
2018-04-24,2,TRUE,FALSE,71.24,73.86,67.7,71.24,2.79,93.25,92.47,92.47,1,1076.8,170.65,1.5,2.227,1.82,-0.407,2464.14,14.3,1930.56,2681.43,1280.58,661.17,2634,12.1,12.1,-0.804546284,-0.804546284,0.804546284,0.804546284,0.804546284,3,3,3,1,0,0,0,0,98.751,99.88,94,97.5,74,79,51309932,44897838,86.184,99.891,97.186,73.8,1948558,515789.6,0,89.24,1277.71,1.82,70.26,93.35,91.326,93.004,1235.232,1233.1805,1.82,1.82,69.74,67.172,93.05,93.9425,2,0,0,1,0,0,0,0,0,0,0,0,0,0
2018-04-25,2,TRUE,FALSE,70.36,74,68.05,70.45,2.81,93.45,92.59,92.59,1,1080.6,171.28,1.5,2.246,1.82,-0.426,2448.81,14.86,1904.89,2597.86,1290.68,648.94,2617.97,14.6,14.6,1.695453716,1.695453716,1.695453716,1.695453716,1.695453716,0,0,0,1,0,0,0,0,98.751,99.88,94,97.5,74,79,51309932,44897838,86.184,99.891,97.186,73.8,1948558,515789.6,0,92.47,1280.58,1.82,71.24,93.25,91.344,92.553,1248.818,1235.789,1.82,1.82,70.312,67.441,93.29,93.76,2,0,0,1,0,0,0,0,0,0,0,0,0,0.004545455
2018-04-26,2,TRUE,FALSE,70.63,74.74,68.19,70.61,2.81,93.5,93.24,93.24,1,1080.9,170.95,1.5,2.234,1.82,-0.414,2475.64,14.57,1909.48,2621.9,1269.84,655.61,2682.12,14.9,14.9,1.995453716,1.995453716,1.995453716,1.995453716,1.995453716,0,0,0,1,0,0,0,0,98.751,99.88,94,97.5,74,79,51309932,44897838,86.184,99.891,97.186,73.8,1948558,480607.4,0,92.59,1290.68,1.82,70.45,93.45,91.494,92.135,1263.726,1238.6235,1.82,1.82,70.632,67.7015,93.45,93.6,2,0,0,1,0,0,0,0,0,0,0,0,0,-0.004524887
2018-04-27,2,TRUE,FALSE,70.88,74.64,68.1,70.83,2.82,93.65,91.73,91.73,1,1076.6,169.85,1.5,2.201,1.82,-0.381,2492.4,14.05,1891.32,2605.42,1275.1,647.58,2689.75,15.7,15.7,2.795453716,2.795453716,2.795453716,2.795453716,2.795453716,0,0,0,1,0,0,0,0,98.751,99.88,94,97.5,77,80,51309932,44897838,86.184,99.891,97.186,73.8,1948558,480607.4,0,93.24,1269.84,1.82,70.61,93.5,91.81,91.7555,1271.466,1240.7785,1.82,1.82,70.588,67.959,93.4,93.455,2,0,0,1,0,0,0,0,0,0,0,0,0,0
2018-04-30,2,TRUE,FALSE,70.05,75.17,68.57,70.04,2.75,99.4,89.59,88.57666667,3,1068,169.15,1.5,2.216,1.82,-0.396,2515.38,13.59,1997.26,2649.22,1306.4,701.79,2636.26,19.2,16.93333333,6.295453716,4.028787049,6.295453716,4.028787049,6.295453716,0,0,0,3,0,0,0,0,98.751,99.88,94.2,97.7,77,80,51309932,44897838,101.598,110.315,109.006,72.9,2828374,480607.4,0,91.73,1275.1,1.82,70.83,93.65,91.854,91.344,1278.782,1242.965,1.82,1.82,70.678,68.2275,93.44,93.3175,2,0,0,1,0,0,0,0,0,0,0,0,0,0.004545455
2018-05-02,2,TRUE,FALSE,70.25,73.36,67.93,70.52,2.77,101,90.12,88.78,2,1076.1,169.3,1.5,2.237,1.82,-0.417,2505.61,13.63,1984.8,2648.28,1347.15,705.39,2613.84,15.1,17.75,2.195453716,4.845453716,2.195453716,4.845453716,7.495453716,12,6,12,2,0,0,0,0,98.931,99.88,94.2,97.7,77,80,49850235,43693963,101.598,110.315,109.006,72.9,2828374,480607.4,0,88.57666667,1306.4,1.82,70.04,99.4,91.72133333,91.185,1284.52,1246.99,1.82,1.82,70.634,68.387,94.65,93.675,2,0,0,1,0,0,0,0,0,0,0,0,0,-0.004524887
2018-05-03,2,TRUE,FALSE,70.54,73.62,68.43,70.62,2.75,100.1,88.38,88.38,1,1076.3,169.32,1.5,2.246,1.82,-0.426,2487.25,13.66,1962.68,2649.93,1304.8,690.25,2598.86,11.2,11.2,-1.704546284,-1.704546284,1.704546284,1.704546284,1.704546284,1,1,1,1,0,0,0,0,98.931,99.88,94.2,97.7,77,80,49850235,43693963,101.598,110.315,109.006,72.9,2828374,480607.4,0,88.78,1347.15,1.82,70.52,101,90.98333333,91.095,1297.834,1252.2645,1.82,1.82,70.49,68.6535,96.2,94.125,2,0,0,1,0,0,0,0,0,0,0,0,0,0
2018-05-04,2,TRUE,FALSE,70.47,74.87,69.72,70.5,2.75,100.55,88.63,88.63,1,1077.2,169.56,1.5,2.28,1.82,-0.46,2461.38,13.31,1994.73,2584.71,1313.27,712.19,2572.67,14.1,14.1,1.195453716,1.195453716,1.195453716,1.195453716,1.195453716,0,0,0,1,0,0,0,0,98.931,99.88,94.2,97.7,77,80,49850235,43693963,101.598,110.315,109.006,72.9,2828374,480607.4,0,88.38,1304.8,1.82,70.62,100.1,90.14133333,90.961,1300.658,1256.05,1.82,1.82,70.524,68.949,97.53,94.4525,2,0,0,1,0,0,0,0,0,0,0,0,0,0
2018-05-08,2,TRUE,FALSE,72.48,74.85,69.06,72.58,2.77,101,87.88,84.535,4,1076.5,169.32,1.5,2.311,1.82,-0.491,2449.81,13.39,1963.7,2554.8,1304.5,694.42,2539.7,17.5,17.9,4.595453716,4.995453716,4.595453716,4.995453716,6.295453716,0,5.5,22,4,0,0,0,0,98.931,99.88,94.2,97.7,77,80,49850235,43693963,101.598,110.315,109.006,72.9,2828374,480607.4,0,88.63,1313.27,1.82,70.5,100.55,89.21933333,90.8165,1309.344,1259.4525,1.82,1.82,70.502,69.1805,98.94,94.7725,2,0,0,1,0,0,0,0,0,0,0,0,0,0
2018-05-09,2,TRUE,FALSE,73.93,77.21,71.14,73.97,2.75,100.7,89.25,89.25,1,1080.9,169.5,1.5,2.309,1.82,-0.489,2443.98,12.73,1925.73,2591.21,1275.14,690.17,2587.42,15.7,15.7,2.795453716,2.795453716,2.795453716,2.795453716,2.795453716,0,0,0,1,0,0,0,0,98.931,99.88,94.2,97.7,77,80,49850235,43693963,101.598,110.315,109.006,72.9,2828374,480607.4,0,84.535,1304.5,1.82,72.58,101,87.78033333,90.47875,1315.224,1262.5795,1.82,1.82,70.852,69.541,100.41,95.1275,2,0,0,1,0,0,0,0,0,0,0,0,0,0
2018-05-10,2,TRUE,FALSE,74.73,77.47,71.36,74.71,2.78,101.5,89.4,89.4,1,1073.1,168.59,1.5,2.276,1.82,-0.456,2464.16,11.95,1985.94,2608.51,1271.88,698.92,2615.18,15.4,15.4,2.495453716,2.495453716,2.495453716,2.495453716,2.495453716,0,0,0,1,0,0,0,0,98.931,99.88,94.2,97.7,77,80,49850235,43693963,101.598,110.315,109.006,72.9,2828374,480607.4,0,89.25,1275.14,1.82,73.97,100.7,87.915,90.51691667,1308.972,1264.793,1.82,1.82,71.638,70.0035,100.67,95.4525,2,0,0,1,0,0,0,0,0,0,0,0,0,0.002272727
2018-05-11,2,TRUE,FALSE,74.46,77.12,70.7,74.57,2.75,101.75,88.5,88.5,1,1069.3,168.75,1.5,2.286,1.82,-0.466,2477.71,11.25,1994.39,2630.49,1274.66,706.68,2643.65,16.1,16.1,3.195453716,3.195453716,3.195453716,3.195453716,3.195453716,0,0,0,1,0,0,0,0,98.931,99.88,94.2,97.7,77,80,49850235,43693963,101.598,110.315,109.006,72.9,2828374,480607.4,0,89.4,1271.88,1.82,74.71,101.5,88.039,90.41091667,1293.918,1266.776,1.82,1.82,72.476,70.4115,100.77,95.8525,2,0,0,1,0,0,0,0,0,0,0,0,0,0
2018-05-14,2,FALSE,FALSE,73.77,78.23,70.96,73.75,2.84,102.5,87.71,86.38,3,1068,168.67,1.5,2.309,1.82,-0.489,2476.11,11.71,2071.16,2657.49,1327.39,753.96,2596.9,18.2,16.06666667,5.295453716,3.162120382,5.295453716,3.162120382,5.295453716,0,10.83333333,32.5,3,0,0,0,0,98.931,99.88,94.2,97.7,77,80,49850235,43693963,101.598,110.315,109.006,72.9,2828374,480607.4,0,88.5,1274.66,1.82,74.57,101.75,88.063,90.25891667,1287.89,1268.809,1.82,1.82,73.266,70.764,101.1,96.2575,2,0,0,1,0,0,0,0,0,0,0,0,0,0
2018-05-15,2,TRUE,FALSE,75.3,78.43,71.31,75.39,2.83,104.25,89.51,89.51,1,1073.8,169.25,1.5,2.312,1.82,-0.492,2458.54,12.8,2053.28,2625.63,1331.24,755.16,2607.76,23.2,23.2,10.29545372,10.29545372,10.29545372,10.29545372,10.29545372,0,0,0,1,0,0,0,0,98.931,99.88,94.2,97.7,77,80,49850235,43693963,101.598,110.315,109.006,72.9,2828374,480607.4,0,86.38,1327.39,1.82,73.75,102.5,87.613,90.00291667,1290.714,1273.038,1.82,1.82,73.916,71.0185,101.49,96.7,2,0,0,1,0,0,0,0,0,0,0,0,0,0.002267574
2018-05-16,2,TRUE,FALSE,75.1,79.28,71.49,75.05,2.85,104.6,90.42,90.42,1,1077.6,169.42,1.5,2.285,1.82,-0.465,2459.82,12.69,1978.31,2595.41,1307.15,728.04,2596.77,22.3,22.3,9.395453716,9.395453716,9.395453716,9.395453716,9.395453716,45,45,45,1,0,0,0,0,98.931,99.88,94.2,97.7,77,80,49850235,43693963,101.598,110.315,109.006,72.9,2828374,480607.4,0,89.51,1331.24,1.82,75.39,104.25,88.608,89.90341667,1296.062,1278.3105,1.82,1.82,74.478,71.3335,102.14,97.2425,2,0,0,1,0,0,0,0,0,0,0,0,0,0.002262443
2018-05-17,2,TRUE,FALSE,76.67,79.3,71.49,76.67,2.75,104.15,89.7,89.7,1,1081.2,170.14,1.5,2.262,1.82,-0.442,2448.45,13.09,1989.62,2605.52,1304.11,735.84,2601.09,20.9,20.9,7.995453716,7.995453716,7.995453716,7.995453716,7.995453716,83,83,83,1,0,0,0,0,98.931,99.88,94.2,97.7,77,80,49850235,43693963,101.598,110.315,109.006,72.9,2828374,480607.4,0,90.42,1307.15,1.82,75.05,104.6,88.842,89.95108333,1302.464,1282.797,1.82,1.82,74.694,71.6765,102.92,97.8225,2,0,0,1,0,0,0,0,0,0,0,0,0,0.002257336
2018-05-18,2,TRUE,FALSE,77.06,78.51,71.28,77.07,2.75,104.35,89.03,89.03,1,1077.6,169.57,1.5,2.231,1.82,-0.411,2460.65,12.69,1996.11,2636.98,1322.31,746.82,2646.36,16.3,16.3,3.395453716,3.395453716,3.395453716,3.395453716,3.395453716,6.5,6.5,6.5,1,0,0,0,0,98.931,99.88,94.2,97.7,77,80,49850235,43693963,101.598,110.315,109.006,72.9,2828374,480607.4,0,89.7,1304.11,1.82,76.67,104.15,88.902,89.81708333,1308.91,1287.37,1.82,1.82,75.086,72.091,103.45,98.4275,2,0,0,1,0,0,0,0,0,0,0,0,0,0.004504505
2018-05-21,2,TRUE,FALSE,76.43,79.22,72.24,76.44,2.77,104.6,82.43,79.16333333,3,1085.4,170.27,1.5,2.251,1.82,-0.431,2465.57,12.94,1971.97,2635.18,1320.86,736.83,2648.12,17.8,17.46666667,4.895453716,4.562120382,4.895453716,4.562120382,4.895453716,0,0,0,3,0,0,0,0,98.931,100.01,94.2,97.7,77,80,49850235,43693963,101.598,110.315,109.006,72.9,2828374,480607.4,0,89.03,1322.31,1.82,77.07,104.35,89.008,89.67658333,1318.44,1292.6785,1.82,1.82,75.586,72.502,103.97,99.0125,2,0,0,1,0,0,0,0,0,0,0,0,0,0.004484305
2018-05-23,2,TRUE,FALSE,76.65,79.8,71.84,76.63,2.89,104.75,88.65,87.47,2,1080.7,169.55,1.5,2.235,1.82,-0.415,2471.91,12.82,1930.26,2621.75,1331.94,732.86,2748.73,17.3,17.7,4.395453716,4.795453716,4.395453716,4.795453716,5.195453716,6.5,9.5,19,2,0,0,0,0,98.931,100.01,94.2,97.7,77,80,49850235,43693963,101.598,110.315,109.006,72.9,2828374,480607.4,0,79.16333333,1320.86,1.82,76.44,104.6,87.56466667,89.05175,1317.134,1297.1645,1.82,1.82,76.124,72.7825,104.39,99.555,2,0,0,1,0,0,0,0,0,0,0,0,0,0.008928571
2018-05-24,2,TRUE,FALSE,77.03,78.79,70.71,77.07,2.88,104.7,89.98,89.98,1,1079.6,169.06,1.5,2.191,1.82,-0.371,2466.01,12.84,1923.07,2600.51,1329.04,724.03,2736.75,18.3,18.3,5.395453716,5.395453716,5.395453716,5.395453716,5.395453716,0,0,0,1,0,0,0,0,98.931,100.01,94.2,97.7,77,80,49850235,43693963,101.598,110.315,109.006,72.9,2828374,480607.4,0,87.47,1331.94,1.82,76.63,104.75,87.15666667,88.84975,1317.274,1301.8355,1.82,1.82,76.372,73.095,104.49,100.12,2,0,0,1,0,0,0,0,0,0,0,0,0,0.017699115
2018-05-25,2,TRUE,FALSE,75.78,76.44,67.88,75.83,2.88,105.45,88.07,88.07,1,1078,168.84,1.5,2.198,1.82,-0.378,2460.8,12.5,1868.72,2591.88,1285.26,693.61,2741.53,19.7,19.7,6.795453716,6.795453716,6.795453716,6.795453716,6.795453716,0,0,0,1,0,0,0,0,98.931,100.01,94.2,97.7,77,80,49850235,43693963,101.598,110.315,109.006,72.9,2828374,480607.4,0,89.98,1329.04,1.82,77.07,104.7,87.06866667,88.88675,1321.652,1304.402,1.82,1.82,76.776,73.4355,104.51,100.6875,2,0,0,1,0,0,0,0,0,0,0,0,0,0.1
2018-05-28,2,TRUE,FALSE,73.24,75.3,67.88,73.29,2.88,107.35,87.78,88.15666667,3,1074.2,168.2,1.5,2.208,1.82,-0.388,2478.96,12.55,1968.34,2623.54,1315.16,774.23,2731.43,22.3,21.46666667,9.395453716,8.562120382,9.395453716,8.562120382,9.395453716,0,0,0,3,0,0,0,0,98.931,100.01,94.2,97.7,77,80,49850235,43693963,101.598,110.315,109.006,72.9,2828374,480607.4,0,88.07,1285.26,1.82,75.83,105.45,86.74266667,88.66675,1317.882,1304.636,1.82,1.82,76.608,73.665,104.77,101.2975,2,0,0,1,0,0,0,0,0,0,0,0,0,0.027667984
2018-05-29,2,TRUE,FALSE,73.24,75.39,66.73,73.29,2.84,106.85,88.53,88.53,1,1076.8,167.85,1.5,2.189,1.82,-0.369,2457.25,12.93,1911.32,2597.23,1311.75,745.41,2727.93,21.4,21.4,8.495453716,8.495453716,8.495453716,8.495453716,8.495453716,1,1,1,1,0,0,0,0,98.931,100.01,94.2,97.7,77,80,49850235,43693963,101.598,110.315,109.006,72.9,2828374,480607.4,0,88.15666667,1315.16,1.82,73.29,107.35,86.568,88.44508333,1316.452,1305.86,1.82,1.82,75.852,73.807,105.37,101.9925,2,0,0,1,0,0,0,0,0,0,0,0,0,-0.011538462
2018-05-30,2,TRUE,FALSE,73.53,77.5,68.21,73.5,2.83,108.65,88.56,88.56,1,1080.9,168.17,1.5,2.192,1.82,-0.372,2409.03,15.52,1878.29,2531.38,1299.76,742.2,2742.44,20.2,20.2,7.295453716,7.295453716,7.295453716,7.295453716,7.295453716,0,0,0,1,0,0,0,0,98.931,100.01,94.2,97.7,77,80,49850235,43693963,101.598,110.315,109.006,72.9,2828374,480607.4,0,88.53,1311.75,1.82,73.29,106.85,88.44133333,88.20958333,1314.63,1307.9555,1.82,1.82,75.222,73.941,105.82,102.66,2,0,0,1,0,0,0,0,0,0,0,0,0,-0.09922179
2018-05-31,2,TRUE,FALSE,75.45,77.59,67.04,75.5,2.94,110.15,87.79,87.79,1,1077.7,168.44,1.5,2.195,1.82,-0.375,2423.01,14.55,1864.74,2577.94,1300.24,743.12,2732.06,20.9,20.9,7.995453716,7.995453716,7.995453716,7.995453716,7.995453716,0,0,0,1,0,0,0,0,98.931,100.01,94.3,97.8,78,84,49850235,43693963,100.376,109.663,106.567,75,2532465,480607.4,0,88.56,1299.76,1.82,73.5,108.65,88.65933333,88.05108333,1308.194,1309.1885,1.82,1.82,74.596,74.0745,106.6,103.41,2,0,0,1,0,0,0,0,0,0,0,0,0,0.002159827
2018-06-01,2,TRUE,FALSE,75.11,76.79,65.81,75.15,2.91,111.05,91.99,91.99,1,1075,167.64,1.5,2.193,1.82,-0.373,2438.96,13.18,1877.44,2566.61,1315.69,723.79,2710.6,23.8,23.8,10.89545372,10.89545372,10.89545372,10.89545372,10.89545372,0,0,0,1,0,0,0,0,98.979,100.01,94.3,97.8,78,84,50687750,44458729,100.376,109.663,106.567,75,2532465,480607.4,0,87.79,1300.24,1.82,75.5,110.15,88.22133333,88.01175,1302.434,1308.8805,1.82,1.82,74.282,74.3475,107.69,103.9475,2,0,0,1,0,0,0,0,0,0,0,0,0,-0.00862069
2018-06-04,2,TRUE,FALSE,74.4,75.29,64.75,74.48,2.89,113.3,91.09,88.92333333,3,1071.9,167.17,1.5,2.213,1.82,-0.393,2447.76,12.67,1902.22,2625.36,1298.75,716.22,2688.19,22.6,23.33333333,9.695453716,10.42878705,9.695453716,10.42878705,11.09545372,0,0,0,3,0,0,0,0,98.979,100.01,94.3,97.8,78,84,50687750,44458729,100.376,109.663,106.567,75,2532465,480607.4,0,91.99,1315.69,1.82,75.15,111.05,89.00533333,88.17225,1308.52,1307.3075,1.82,1.82,74.146,74.579,108.81,104.45,2,0,0,1,0,0,0,0,0,0,0,0,0,-0.008695652
2018-06-05,2,TRUE,FALSE,73.61,75.38,65.52,73.59,2.89,113,92.33,92.33,1,1070.7,167.25,1.5,2.201,1.82,-0.381,2453.76,12.51,1917.94,2626.01,1307.06,729.26,2747.08,23.7,23.7,10.79545372,10.79545372,10.79545372,10.79545372,10.79545372,0,0,0,1,0,0,0,0,98.979,100.01,94.3,97.8,78,84,50687750,44458729,100.376,109.663,106.567,75,2532465,480607.4,0,88.92333333,1298.75,1.82,74.48,113.3,89.15866667,88.19941667,1305.238,1307.005,1.82,1.82,74.384,74.772,110,105.11,2,0,0,1,0,0,0,0,0,0,0,0,0,-0.006578947
2018-06-07,2,TRUE,FALSE,73.58,77.32,65.95,73.66,3.02,114.1,91.29,89.92,2,1069,167.39,1.5,2.217,1.82,-0.397,2470.58,12.35,1984.47,2649.71,1335.09,721.27,2773.29,22.2,22.6,9.295453716,9.695453716,9.295453716,9.695453716,10.09545372,0,0,0,2,0,0,0,0,98.979,100.01,94.3,97.8,78,84,50687750,44458729,100.376,109.663,106.567,75,2532465,480607.4,0,92.33,1307.06,1.82,73.59,113,89.91866667,88.38441667,1304.3,1306.6945,1.82,1.82,74.444,74.9265,111.23,105.7325,2,0,0,1,0,0,0,0,0,0,0,0,0,-0.01986755
2018-06-08,2,TRUE,FALSE,74.87,76.46,65.74,74.86,2.91,113.85,91.82,91.82,1,1075.9,168.06,1.5,2.189,1.82,-0.369,2451.58,12.96,1930.02,2663.68,1331.75,711.88,2721.28,21.9,21.9,8.995453716,8.995453716,8.995453716,8.995453716,8.995453716,0,0,0,1,0,0,0,0,98.979,100.01,94.3,97.8,78,84,50687750,44458729,100.376,109.663,106.567,75,2532465,480607.4,0,89.92,1335.09,1.82,73.66,114.1,90.19066667,88.65366667,1311.366,1308.224,1.82,1.82,74.476,74.9805,112.32,106.3875,2,0,0,1,0,0,0,0,0,0,0,0,0,-0.022522523
2018-06-11,2,TRUE,FALSE,74.36,76.46,66.1,74.38,3,114.35,88.83,87.34,3,1075.2,168,1.5,2.223,1.82,-0.403,2470.15,13.25,1961.76,2688.58,1348.76,735.19,2724.96,20.2,21.73333333,7.295453716,8.828787049,7.295453716,8.828787049,10.79545372,5,2,6,3,0,0,0,0,98.979,100.01,94.3,97.8,78,84,50687750,44458729,100.376,109.663,106.567,75,2532465,480607.4,0,91.82,1331.75,1.82,74.86,113.85,90.99666667,88.78216667,1317.668,1311.0545,1.82,1.82,74.348,75.025,113.06,107.045,2,0,0,1,0,0,0,0,0,0,0,0,0,-0.00921659
2018-06-12,2,TRUE,FALSE,74.75,75.88,66.36,74.79,2.98,115.55,90.71,90.71,1,1077.2,168.33,1.5,2.223,1.82,-0.403,2468.83,12.81,1939.73,2693.6,1346.78,717.61,2720.57,21.3,21.3,8.395453716,8.395453716,8.395453716,8.395453716,8.395453716,0,0,0,1,0,0,0,0,98.979,100.01,94.3,97.8,78,84,50687750,44458729,100.376,109.663,106.567,75,2532465,480607.4,0,87.34,1348.76,1.82,74.38,114.35,90.06666667,88.67916667,1324.282,1314.8985,1.82,1.82,74.194,75.0085,113.72,107.6875,2,0,0,1,0,0,0,0,0,0,0,0,0,0
2018-06-14,2,TRUE,FALSE,74.31,75.94,66.89,74.39,2.99,115.5,90.66,89.795,2,1083.1,169.54,1.5,2.227,1.82,-0.407,2423.48,13.18,1878.74,2644.11,1316.11,684.65,2674.75,21.6,21.8,8.695453716,8.895453716,8.695453716,8.895453716,9.095453716,29,14.5,29,2,0,0,0,0,98.979,100.01,94.3,97.8,78,84,50687750,44458729,100.376,109.663,106.567,75,2532465,480607.4,0,90.71,1346.78,1.82,74.79,115.55,90.424,88.78966667,1333.888,1318.5045,1.82,1.82,74.256,75.0195,114.17,108.3775,2,0,0,1,0,0,0,0,0,0,0,0,0,0
2018-06-15,2,TRUE,FALSE,74.31,73.44,65.06,74.39,3.02,115,90.6,90.6,1,1097.7,171.05,1.5,2.186,1.82,-0.366,2404.04,13.65,1872.91,2648.76,1346.98,684.02,2653.08,21.7,21.7,8.795453716,8.795453716,8.795453716,8.795453716,8.795453716,16.5,16.5,16.5,1,0,0,0,0,98.979,100.01,94.3,97.8,78,84,50687750,44458729,100.376,109.663,106.567,75,2532465,480607.4,0,89.795,1316.11,1.82,74.39,115.5,89.917,88.96041667,1335.698,1317.9405,1.82,1.82,74.416,75.0515,114.67,109.0275,2,0,0,1,0,0,0,0,0,0,0,0,0,0
2018-06-18,2,TRUE,FALSE,70.97,75.34,65.85,71.08,2.99,115.9,88.22,85.72333333,3,1104.8,171.2,1.5,2.178,1.82,-0.358,2376.24,15.09,1841.77,2620.11,1332.18,667.09,2544.98,24.8,23.36666667,11.89545372,10.46212038,11.89545372,10.46212038,11.89545372,0,0,0,3,0,0,0,0,98.979,100.01,94.3,97.8,78,84,50687750,44458729,100.376,109.663,106.567,75,2532465,480607.4,0,90.6,1346.98,1.82,74.39,115,90.053,89.01491667,1338.076,1318.7275,1.82,1.82,74.562,75.0015,114.85,109.565,2,0,0,1,0,0,0,0,0,0,0,0,0,0.009302326
2018-06-19,2,TRUE,FALSE,72.07,75.08,65.07,72.16,2.95,115.35,90.54,90.54,1,1109.1,171.64,1.5,2.164,1.82,-0.344,2340.11,16.74,1772.82,2536.21,1301.56,645.17,2505.12,22.4,22.4,9.495453716,9.495453716,9.495453716,9.495453716,9.495453716,0,0,0,1,0,0,0,0,98.979,100.01,94.3,97.8,78,84,50687750,44458729,100.376,109.663,106.567,75,2532465,480607.4,0,85.72333333,1332.18,1.82,71.08,115.9,88.83366667,88.78008333,1338.162,1319.979,1.82,1.82,73.806,74.803,115.26,110.13,2,0,0,1,0,0,0,0,0,0,0,0,0,0
2018-06-20,2,TRUE,FALSE,72.65,74.74,66.22,72.84,2.96,114.45,90.5,90.5,1,1105.1,170.72,1.5,2.163,1.82,-0.343,2363.91,15.38,1776.02,2550.02,1325.45,663.89,2590.86,22.7,22.7,9.795453716,9.795453716,9.795453716,9.795453716,9.795453716,0,0,0,1,0,0,0,0,98.979,100.01,94.3,97.8,78,84,50687750,44458729,100.376,109.663,106.567,75,2532465,480607.4,0,90.54,1301.56,1.82,72.16,115.35,89.47366667,88.82208333,1328.722,1319.8515,1.82,1.82,73.362,74.5775,115.46,110.69,2,0,0,1,0,0,0,0,0,0,0,0,0,-0.006912442
2018-06-21,2,TRUE,FALSE,71.25,73.05,65.54,71.39,3.08,114,90.42,90.42,1,1112.8,170.71,1.5,2.149,1.82,-0.329,2337.83,15.85,1740.47,2532.57,1300.17,655.56,2562.14,23.7,23.7,10.79545372,10.79545372,10.79545372,10.79545372,10.79545372,0,0,0,1,0,0,0,0,98.979,100.3,94.3,97.8,78,84,50687750,44458729,100.376,109.663,106.567,75,2532465,480607.4,0,90.5,1325.45,1.82,72.84,114.45,89.43166667,88.89558333,1324.456,1320.0085,1.82,1.82,72.972,74.366,115.24,111.195,2,0,0,1,0,0,0,0,0,0,0,0,0,0.002320186
2018-06-22,2,TRUE,FALSE,71.77,75.55,68.58,71.82,2.95,114.05,90.37,90.37,1,1107.4,170.31,1.5,2.147,1.82,-0.327,2357.22,15.17,1745.92,2523.09,1318.61,664.53,2591.94,25,25,12.09545372,12.09545372,12.09545372,12.09545372,12.09545372,0,0,0,1,0,0,0,0,98.979,100.3,94.3,97.8,78,84,50687750,44458729,100.376,109.663,106.567,75,2532465,480607.4,0,90.42,1300.17,1.82,71.39,114,89.55666667,89.45841667,1321.268,1318.974,1.82,1.82,72.372,74.1135,114.94,111.665,2,0,0,1,0,0,0,0,0,0,0,0,0,0
2018-06-25,2,TRUE,FALSE,72.81,74.73,68.08,72.84,2.96,114.5,88.72,86.09333333,3,1117.2,170.58,1.5,2.143,1.82,-0.323,2357.88,15.48,1797.45,2558.29,1344.79,679.25,2551.03,27.1,25.6,14.19545372,12.69545372,14.19545372,12.69545372,14.19545372,0,0,0,3,0,0,0,0,98.979,100.3,94.3,97.8,78,84,50687750,44458729,100.376,109.663,106.567,75,2532465,480607.4,0,90.37,1318.61,1.82,71.82,114.05,89.51066667,89.60341667,1315.594,1318.3075,1.82,1.82,71.858,73.873,114.75,112.13,2,0,0,1,0,0,0,0,0,0,0,0,0,0.016203704
2018-06-26,2,TRUE,FALSE,73.03,76.31,70.53,72.99,2.98,114.75,90.81,90.81,1,1114.8,169.94,1.5,2.148,1.82,-0.328,2350.92,15.74,1761.42,2564.05,1326.68,665.1,2545.83,22.3,22.3,9.395453716,9.395453716,9.395453716,9.395453716,9.395453716,71.5,71.5,71.5,1,0,0,0,0,98.979,100.3,94.3,97.8,78,84,50687750,44458729,100.376,109.663,106.567,75,2532465,480607.4,0,86.09333333,1344.79,1.82,72.84,114.5,89.58466667,89.40908333,1318.116,1319.095,1.82,1.82,72.21,73.6615,114.47,112.62,2,0,0,1,0,0,0,0,0,0,0,0,0,0.047835991
2018-06-27,2,TRUE,FALSE,74.36,77.62,72.76,74.3,3.01,114.4,90.75,90.75,1,1117.6,169.31,1.5,2.122,1.82,-0.302,2342.03,16.08,1698.2,2499.07,1313.21,641.29,2526.86,22.3,22.3,9.395453716,9.395453716,9.395453716,9.395453716,9.395453716,1,1,1,1,0,0,0,0,98.979,100.3,94.3,97.8,78,84,50687750,44458729,100.376,109.663,106.567,75,2532465,480607.4,0,90.81,1326.68,1.82,72.99,114.75,89.63866667,89.54608333,1323.14,1321.166,1.82,1.82,72.376,73.5195,114.35,113.085,2,0,0,1,0,0,0,0,0,0,0,0,0,0.039130435
2018-06-28,2,TRUE,FALSE,75.19,77.85,73.45,75.21,2.99,114.4,90.82,90.82,1,1124.2,169.9,1.5,2.115,1.82,-0.295,2314.24,16.7,1676.53,2497.62,1305.51,634.77,2457.19,23.3,23.3,10.39545372,10.39545372,10.39545372,10.39545372,10.39545372,26.5,26.5,26.5,1,0,0,0,0,98.979,100.3,94.3,97.8,78,84,50687750,44458729,100.376,109.663,106.567,75,2532465,480607.4,0,90.75,1313.21,1.82,74.3,114.4,89.68866667,89.67575,1320.692,1321.0685,1.82,1.82,72.668,73.57,114.34,113.4375,2,0,0,1,0,0,0,0,0,0,0,0,0,0.09832636
2018-06-29,2,TRUE,FALSE,75.86,79.44,74.15,75.87,2.96,114.4,91.65,91.65,1,1114.5,168.19,1.5,2.122,1.82,-0.302,2326.13,16.04,1704.5,2498.45,1317.55,649.14,2481.92,24.7,24.7,11.79545372,11.79545372,11.79545372,11.79545372,11.79545372,6.5,6.5,6.5,1,0,0,0,0,98.979,100.3,94.6,97.9,80,80,50687750,44458729,101.598,113.789,108.912,75.7,2297404,480607.4,0,90.82,1305.51,1.82,75.21,114.4,89.76866667,89.79025,1321.76,1320.7565,1.82,1.82,73.432,73.666,114.42,113.815,2,0,0,1,0,0,0,0,0,0,0,0,0,0.066666667
2018-07-02,2,TRUE,FALSE,75.57,77.3,73.94,75.59,2.9,115,86.16,83.49,3,1120,168.02,1.5,2.123,1.82,-0.303,2271.54,18.34,1642.17,2381.99,1270.85,618.48,2394.17,22.6,22.96666667,9.695453716,10.06212038,9.695453716,10.06212038,11.49545372,59.5,52.5,157.5,3,0,0,0,0,98.979,100.3,94.6,97.9,80,80,51079375,45000164,101.598,113.789,108.912,75.7,2297404,480607.4,0,91.65,1317.55,1.82,75.87,114.4,90.02466667,89.94475,1321.548,1321.646,1.82,1.82,74.242,73.7845,114.49,114.1025,2,0,0,1,0,0,0,0,0,0,0,0,0,0
2018-07-03,2,FALSE,FALSE,74.77,77.76,74.14,74.8,2.9,115.35,88.55,88.55,1,1118.7,166.7,1.5,2.138,1.82,-0.318,2272.76,17.76,1624.43,2366.3,1255.81,627.15,2445.3,27.4,27.4,14.49545372,14.49545372,14.49545372,14.49545372,14.49545372,0.1,0.1,0.1,1,0,0,0,0,98.779,100.3,94.6,97.9,80,80,51079375,45000164,101.598,113.789,108.912,75.7,2297404,480607.4,0,83.49,1270.85,1.82,75.59,115,89.504,89.72975,1306.76,1320.1765,1.82,1.82,74.792,73.789,114.59,114.345,2,0,0,1,0,0,0,0,0,0,0,0,0,0
2018-07-04,2,FALSE,FALSE,75.07,78.24,74.14,75.26,2.9,116.5,88.5,88.5,1,1114.5,168.25,1.5,2.116,1.82,-0.296,2265.46,17.49,1606.06,2367.15,1227.54,629.78,2456.92,27.3,27.3,14.39545372,14.39545372,14.39545372,14.39545372,14.39545372,0,0,0,1,0,0,0,0,98.779,100.3,94.6,97.9,80,80,51079375,45000164,101.598,113.789,108.912,75.7,2297404,480607.4,0,88.55,1255.81,1.82,74.8,115.35,89.052,89.55775,1292.586,1317.1825,1.82,1.82,75.154,73.7715,114.71,114.56,2,0,0,1,0,0,0,0,0,0,0,0,0,0
2018-07-05,2,FALSE,FALSE,74.92,77.39,72.94,74.93,2.91,116.6,87.9,87.9,1,1118.6,168.22,1.5,2.093,1.82,-0.273,2257.55,17.34,1604.03,2382.34,1221.7,618.18,2470.93,25.3,25.3,12.39545372,12.39545372,12.39545372,12.39545372,12.39545372,0.5,0.5,0.5,1,0,0,0,0,98.779,100.3,94.6,97.9,80,80,51079375,45000164,101.598,113.789,108.912,75.7,2297404,480607.4,0,88.5,1227.54,1.82,75.26,116.5,88.602,89.53658333,1275.452,1313.622,1.82,1.82,75.346,73.8105,115.13,114.72,2,0,0,1,0,0,0,0,0,0,0,0,0,0
2018-07-06,2,FALSE,FALSE,74.18,77.11,73.8,74.26,2.91,116.1,86.64,86.64,1,1115.9,167.5,1.5,2.101,1.82,-0.281,2272.87,16.28,1636.16,2411.28,1245.86,637.91,2503.83,23.9,23.9,10.99545372,10.99545372,10.99545372,10.99545372,10.99545372,0,0,0,1,0,0,0,0,98.779,100.3,94.6,97.9,80,80,51079375,45000164,101.598,113.789,108.912,75.7,2297404,480607.4,0,87.9,1221.7,1.82,74.93,116.6,88.018,89.31508333,1258.69,1309.354,1.82,1.82,75.29,73.8775,115.57,114.9,2,0,0,1,0,0,0,0,0,0,0,0,0,0
2018-07-09,2,FALSE,FALSE,74.67,78.07,73.85,74.75,2.9,116.1,82.56,76.76,3,1112.2,167.8,1.5,2.107,1.82,-0.287,2285.8,14.81,1594.21,2419.14,1225.68,622.22,2535.7,20.8,22.6,7.895453716,9.695453716,7.895453716,9.695453716,10.79545372,14,4.666666667,14,3,0,0,0,0,98.779,100.3,94.6,97.9,80,80,51079375,45000164,101.598,113.789,108.912,75.7,2297404,480607.4,0,86.64,1245.86,1.82,74.26,116.1,87.016,89.15108333,1244.352,1304.8925,1.82,1.82,74.968,73.9075,115.91,115,2,0,0,1,0,0,0,0,0,0,0,0,0,0
2018-07-10,2,FALSE,FALSE,76,78.86,74.11,76.03,2.9,117.45,84.23,84.23,1,1116,168.57,1.5,2.095,1.82,-0.275,2294.16,13.89,1622.57,2428.24,1243.08,624.34,2553.3,23.7,23.7,10.79545372,10.79545372,10.79545372,10.79545372,10.79545372,16.5,16.5,16.5,1,0,0,0,0,98.779,100.3,94.6,97.9,80,80,51079375,45000164,101.598,113.789,108.912,75.7,2297404,480607.4,0,76.76,1225.68,1.82,74.75,116.1,85.67,88.39808333,1235.318,1299.589,1.82,1.82,74.8,73.902,116.13,115.1125,2,0,0,1,0,0,0,0,0,0,0,0,0,0
2018-07-11,2,FALSE,FALSE,74.75,73.4,70.38,74.89,2.89,117.9,84.43,84.43,1,1120,167.83,1.5,2.054,1.82,-0.234,2280.62,14.83,1606.76,2410.85,1253.95,630.09,2529.32,26.8,26.8,13.89545372,13.89545372,13.89545372,13.89545372,13.89545372,3,3,3,1,0,0,0,0,98.779,100.3,94.6,97.9,80,80,51079375,45000164,101.598,113.789,108.912,75.7,2297404,480607.4,0,84.23,1243.08,1.82,76.03,117.45,84.806,88.24258333,1232.772,1294.305,1.82,1.82,75.046,73.9845,116.55,115.2675,2,0,0,1,0,0,0,0,0,0,0,0,0,0
2018-07-12,2,FALSE,FALSE,72.56,74.45,70.33,72.63,2.89,118.05,85.06,85.06,1,1125.9,167.88,1.5,2.09,1.82,-0.27,2285.06,14.11,1616.4,2421.91,1269.99,623,2560.71,26.6,26.6,13.69545372,13.69545372,13.69545372,13.69545372,13.69545372,1,1,1,1,0,0,0,0,98.779,100.3,94.6,97.9,80,80,51079375,45000164,101.598,113.789,108.912,75.7,2297404,480607.4,0,84.43,1253.95,1.82,74.89,117.9,83.992,87.92858333,1238.054,1289.6635,1.82,1.82,74.972,73.9895,116.83,115.385,2,0,0,1,0,0,0,0,0,0,0,0,0,0
2018-07-13,2,FALSE,FALSE,71.65,75.33,71.01,71.58,2.86,117.7,86.02,86.02,1,1123.5,168.18,1.5,2.105,1.82,-0.285,2310.9,13.06,1627.71,2458.21,1276.7,633.07,2606.37,27.3,27.3,14.39545372,14.39545372,14.39545372,14.39545372,14.39545372,0,0,0,1,0,0,0,0,98.779,100.3,94.6,97.9,80,80,51079375,45000164,101.598,113.789,108.912,75.7,2297404,480607.4,0,85.06,1269.99,1.82,72.63,118.05,83.424,87.69183333,1247.712,1287.3575,1.82,1.82,74.512,73.9015,117.12,115.5125,2,0,0,1,0,0,0,0,0,0,0,0,0,0
2018-07-16,2,TRUE,FALSE,72.95,71.84,68.06,73.02,2.76,118.25,85.35,80.3,3,1129.2,168.36,1.5,2.088,1.82,-0.268,2301.99,13.57,1617.23,2467.88,1259.76,625.95,2596.06,28.7,28.3,15.79545372,15.39545372,15.79545372,15.39545372,15.79545372,0,0,0,3,0,0,0,0,98.779,100.3,94.6,97.9,80,80,51079375,45000164,101.598,113.789,108.912,75.7,2297404,480607.4,0,86.02,1276.7,1.82,71.58,117.7,83.3,87.46283333,1253.88,1283.8435,1.82,1.82,73.976,73.761,117.44,115.6475,2,0,0,1,0,0,0,0,0,0,0,0,0,0
2018-07-17,2,TRUE,FALSE,70.36,72.16,68.08,70.46,2.81,118.7,89.92,89.92,1,1124.1,167.92,1.5,2.094,1.82,-0.274,2297.92,13.8,1628.94,2423.53,1265.24,622.66,2600.09,28.1,28.1,15.19545372,15.19545372,15.19545372,15.19545372,15.19545372,0,0,0,1,0,0,0,0,98.779,100.3,94.6,97.9,80,80,51079375,45000164,101.598,113.789,108.912,75.7,2297404,480607.4,0,80.3,1259.76,1.82,73.02,118.25,84.008,87.19166667,1260.696,1280.2225,1.82,1.82,73.63,73.858,117.87,115.765,2,0,0,1,0,0,0,0,0,0,0,0,0,-0.1
2018-07-18,2,TRUE,FALSE,69.68,72.9,68.76,69.8,2.8,119.6,89.43,89.43,1,1132.3,168.02,1.5,2.087,1.82,-0.267,2290.11,14,1618.09,2437.44,1249.19,606.61,2615.77,28.2,28.2,15.29545372,15.29545372,15.29545372,15.29545372,15.29545372,0,0,0,1,0,0,0,0,98.779,100.3,94.6,97.9,80,80,51079375,45000164,101.598,113.789,108.912,75.7,2297404,480607.4,0,89.92,1265.24,1.82,70.46,118.7,85.146,87.16066667,1265.128,1278.4065,1.82,1.82,72.516,73.773,118.12,115.9325,2,0,0,1,0,0,0,0,0,0,0,0,0,-0.099206349
2018-07-19,2,TRUE,FALSE,70.41,72.58,69.46,70.52,2.75,119.3,90.34,90.34,1,1133.2,167.11,1.5,2.089,1.82,-0.269,2282.29,14.27,1599.88,2454.33,1236.01,604.19,2605.78,28.7,28.7,15.79545372,15.79545372,15.79545372,15.79545372,15.79545372,0,0,0,1,0,0,0,0,98.779,100.3,94.6,97.9,80,80,51079375,45000164,101.598,113.789,108.912,75.7,2297404,480607.4,0,89.43,1249.19,1.82,69.8,119.6,86.146,87.10716667,1264.176,1274.5935,1.82,1.82,71.498,73.621,118.46,116.19,2,0,0,1,0,0,0,0,0,0,0,0,0,0
2018-07-20,2,TRUE,FALSE,71.52,73.07,70.46,71.49,2.79,117.7,91.87,91.87,1,1133.7,166.86,1.5,2.077,1.82,-0.257,2289.19,13.93,1584.82,2443.42,1240.85,607.07,2567.23,29.5,29.5,16.59545372,16.59545372,16.59545372,16.59545372,16.59545372,0,0,0,1,0,0,0,0,98.779,100.33,94.6,97.9,80,80,51079375,45000164,101.598,113.789,108.912,75.7,2297404,480607.4,0,90.34,1236.01,1.82,70.52,119.3,87.202,87.10316667,1257.38,1271.3855,1.82,1.82,71.076,73.5775,118.71,116.455,2,0,0,1,0,0,0,0,0,0,0,0,0,0
2018-07-23,2,TRUE,FALSE,71.5,73.06,67.89,71.52,2.79,118.65,88.08,84.98333333,3,1131.4,166.84,1.5,2.077,1.82,-0.257,2269.31,14.66,1605.97,2426.84,1243.71,601.07,2426.14,31.7,31.36666667,18.79545372,18.46212038,18.79545372,18.46212038,18.89545372,0,0,0,3,0,0,0,0,98.779,100.33,94.6,97.9,80,80,51079375,45000164,101.598,113.789,108.912,75.7,2297404,480607.4,0,91.87,1240.85,1.82,71.49,117.7,88.372,87.17816667,1250.21,1267.4975,1.82,1.82,71.058,73.561,118.71,116.6375,2,0,0,1,0,0,0,0,0,0,0,0,0,0
2018-07-24,2,TRUE,FALSE,71.59,73.44,68.52,71.65,2.73,119.3,92.12,92.12,1,1135.2,166.06,1.5,2.092,1.82,-0.272,2280.2,14.09,1654.72,2427.31,1255.02,625.81,2468.39,31.4,31.4,18.49545372,18.49545372,18.49545372,18.49545372,18.49545372,0,0,0,1,0,0,0,0,98.779,100.33,94.6,97.9,80,80,51079375,45000164,101.598,113.789,108.912,75.7,2297404,480607.4,0,84.98333333,1243.71,1.82,71.52,118.65,89.30866667,87.12266667,1247,1262.4435,1.82,1.82,70.758,73.495,118.79,116.845,2,0,0,1,0,0,0,0,0,0,0,0,0,0
2018-07-25,2,TRUE,FALSE,72.49,73.93,69.3,72.71,2.82,119.9,91.29,91.29,1,1126.3,165.63,1.5,2.079,1.82,-0.259,2273.03,13.89,1660.04,2483.5,1255.69,635.32,2412.72,30.1,30.1,17.19545372,17.19545372,17.19545372,17.19545372,17.19545372,0,0,0,1,0,0,0,0,98.779,100.33,94.6,97.9,80,80,51079375,45000164,101.598,113.789,108.912,75.7,2297404,480607.4,0,92.12,1255.02,1.82,71.65,119.3,89.74866667,87.18816667,1244.956,1258.8605,1.82,1.82,70.996,73.428,118.91,117.0725,2,0,0,1,0,0,0,0,0,0,0,0,0,0
2018-07-26,2,FALSE,FALSE,73.41,74.54,69.61,73.75,2.82,119.9,95.78,95.78,1,1119.3,164.93,1.5,2.071,1.82,-0.251,2289.06,13.17,1690.65,2550.57,1265.29,631.53,2484.43,30.1,30.1,17.19545372,17.19545372,17.19545372,17.19545372,17.19545372,0,0,0,1,0,0,0,0,98.779,100.33,94.6,97.9,80,80,51079375,45000164,101.598,113.789,108.912,75.7,2297404,504711.6,0,91.29,1255.69,1.82,72.71,119.9,90.12066667,87.21516667,1246.256,1255.9845,1.82,1.82,71.578,73.3485,118.97,117.3475,2,0,0,1,0,0,0,0,0,0,0,0,0,0
2018-07-27,2,FALSE,FALSE,73.42,74.29,68.69,73.88,2.78,119.9,95.16,95.16,1,1118.1,163.84,1.5,2.112,1.82,-0.292,2294.99,12.67,1685.42,2548.14,1246.47,635.01,2562.54,30.9,30.9,17.99545372,17.99545372,17.99545372,17.99545372,17.99545372,0,0,0,1,0,0,0,0,98.779,100.33,94.6,97.9,80,80,51079375,45000164,101.598,113.789,108.912,75.7,2297404,504711.6,0,95.78,1265.29,1.82,73.75,119.9,91.20866667,87.46316667,1252.112,1253.9735,1.82,1.82,72.224,73.2755,119.09,117.6225,2,0,0,1,0,0,0,0,0,0,0,0,0,0
2018-07-30,2,TRUE,FALSE,73.38,74.97,70.13,73.63,2.75,115.55,87.53,86.92,3,1120.2,163.71,1.5,2.128,1.82,-0.308,2293.51,13.2,1704.85,2577.18,1259.37,649.91,2555.71,31.7,30.83333333,18.79545372,17.92878705,18.79545372,17.92878705,18.79545372,0,2.5,7.5,3,0,0,0,0,98.779,100.33,94.6,97.9,80,80,51079375,45000164,101.598,113.789,108.912,75.7,2297404,504711.6,0,95.16,1246.47,1.82,73.88,119.9,91.86666667,87.63866667,1253.236,1250.4195,1.82,1.82,72.702,73.176,119.53,117.8975,2,0,0,1,0,0,0,0,0,0,0,0,0,0
2018-07-31,2,TRUE,FALSE,73.69,74.25,68.76,73.8,2.82,117.55,90.47,90.47,1,1118.7,163.66,1.5,2.123,1.82,-0.303,2295.26,13.05,1712.65,2566.83,1271.05,654.6,2562.04,32.6,32.6,19.69545372,19.69545372,19.69545372,19.69545372,19.69545372,0,0,0,1,0,0,0,0,98.779,100.33,94.7,98.1,74,76,51079375,45000164,101.88,110.098,103.659,74.3,2329371,504711.6,0,86.92,1259.37,1.82,73.63,115.55,92.254,87.81016667,1256.368,1249.8455,1.82,1.82,73.124,73.078,118.91,117.925,2,0,0,1,0,0,0,0,0,0,0,0,0,-0.008810573
2018-08-01,2,TRUE,FALSE,72.42,72.39,67.66,72.38,2.8,117.8,90.99,90.99,1,1120.6,164.02,1.5,2.124,1.82,-0.304,2307.07,12.51,1722.91,2544.37,1275.01,654.82,2578.42,33.6,33.6,20.69545372,20.69545372,20.69545372,20.69545372,20.69545372,0,0,0,1,0,0,0,0,98.59,100.33,94.7,98.1,74,76,51810255,44917044,101.88,110.098,103.659,74.3,2329371,504711.6,0,90.47,1271.05,1.82,73.8,117.55,91.924,87.90616667,1259.574,1250.6075,1.82,1.82,73.554,73.028,118.56,118.035,2,0,0,1,0,0,0,0,0,0,0,0,0,-0.022222222
2018-08-02,2,TRUE,FALSE,71.14,73.45,68.96,71.17,2.77,117.35,89.67,89.67,1,1126.1,164.83,1.5,2.113,1.82,-0.293,2270.2,13.47,1668.34,2509.33,1254.79,651.63,2530.18,33.7,33.7,20.79545372,20.79545372,20.79545372,20.79545372,20.79545372,0,0,0,1,0,0,0,0,98.59,100.33,94.7,98.1,74,76,51810255,44917044,101.88,110.098,103.659,74.3,2329371,504711.6,0,90.99,1275.01,1.82,72.38,117.8,91.864,88.03066667,1263.438,1252.981,1.82,1.82,73.488,72.884,118.14,118.1,2,0,0,1,0,0,0,0,0,0,0,0,0,-0.013636364
2018-08-03,2,TRUE,FALSE,71.93,73.21,68.49,72.06,2.86,117.45,90.34,90.34,1,1127.6,163.65,1.5,2.108,1.82,-0.288,2287.68,12.4,1680.33,2550.46,1254.91,661.31,2544.32,33.1,33.1,20.19545372,20.19545372,20.19545372,20.19545372,20.19545372,0,0,0,1,0,0,0,0,98.59,100.33,94.7,98.1,74,76,51810255,44917044,101.88,110.098,103.659,74.3,2329371,504711.6,0,89.67,1254.79,1.82,71.17,117.35,90.642,88.11916667,1261.338,1254.6355,1.82,1.82,72.972,72.696,117.63,118.1375,2,0,0,1,0,0,0,0,0,0,0,0,0,0
2018-08-06,2,TRUE,FALSE,72.11,73.75,69.01,72.4,2.85,116.8,89.85,87.19333333,3,1124,164.09,1.5,2.097,1.81,-0.287,2286.5,12.49,1717.82,2524.6,1222.51,646.6,2487.72,30.5,30.53333333,17.59545372,17.62878705,17.59545372,17.62878705,18.19545372,6.5,2.833333333,8.5,3,0,0,0,0,98.59,100.33,94.7,98.1,74,76,51810255,44917044,101.88,110.098,103.659,74.3,2329371,504711.6,0,90.34,1254.91,1.82,72.06,117.45,89.678,88.30416667,1263.026,1255.088,1.82,1.82,72.608,72.586,117.14,118.205,2,0,0,1,0,0,0,0,0,0,0,0,0,0
2018-08-07,2,TRUE,FALSE,72.65,74.65,69.17,72.94,2.95,116,94.28,94.28,1,1123.8,163.91,1.5,2.082,1.81,-0.272,2300.16,12.04,1727.58,2543.98,1210.67,650.42,2506.81,30.5,30.5,17.59545372,17.59545372,17.59545372,17.59545372,17.59545372,0,0,0,1,0,0,0,0,98.59,100.33,94.7,98.1,74,76,51810255,44917044,101.88,110.098,103.659,74.3,2329371,504711.6,0,87.19333333,1222.51,1.81,72.4,116.8,89.73266667,88.82583333,1255.654,1254.9295,1.818,1.8195,72.362,72.4685,117.39,118.24,2,0,0,1,0,0,0,0,0,0,0,0,0,-0.004608295
2018-08-08,2,TRUE,FALSE,73.28,72.28,66.94,73.82,2.99,115.9,93.87,93.87,1,1119.9,163.78,1.5,2.07,1.81,-0.26,2301.45,12.02,1717.04,2525,1219.62,647.43,2505.02,31,31,18.09545372,18.09545372,18.09545372,18.09545372,18.09545372,0,0,0,1,0,0,0,0,98.59,100.33,94.7,98.1,74,76,51810255,44917044,101.88,110.098,103.659,74.3,2329371,504711.6,0,94.28,1210.67,1.81,72.94,116,90.49466667,89.32833333,1243.578,1253.309,1.816,1.819,72.19,72.314,117.08,118.1675,2,0,0,1,0,0,0,0,0,0,0,0,0,0
2018-08-09,2,TRUE,FALSE,73.28,72.07,66.81,73.82,3.02,116.3,93.46,93.46,1,1117.2,163.73,1.5,2.05,1.81,-0.24,2303.71,11.44,1705.08,2549.43,1215.44,645.86,2477.66,28.8,28.8,15.89545372,15.89545372,15.89545372,15.89545372,15.89545372,2,2,2,1,0,0,0,0,98.59,100.33,94.7,98.1,74,76,51810255,44917044,101.88,110.098,103.659,74.3,2329371,504711.6,0,93.87,1219.62,1.81,73.82,115.9,91.07066667,89.80033333,1232.5,1251.5925,1.814,1.8185,72.478,72.2605,116.7,118.0675,2,0,0,1,0,0,0,0,0,0,0,0,0,0
2018-08-10,2,FALSE,TRUE,70.55,72.81,67.63,70.75,2.96,116.65,92.65,92.65,1,1128.9,164.52,1.5,2.04,1.81,-0.23,2282.79,12.14,1707.62,2532.87,1222.17,656.06,2425.9,30.7,30.7,17.79545372,17.79545372,17.79545372,17.79545372,17.79545372,0,0,0,1,0,0,0,0,98.59,100.33,94.7,98.1,74,76,51810255,44917044,101.88,110.098,103.659,74.3,2329371,504711.6,0,93.46,1215.44,1.81,73.82,116.3,91.82866667,90.22033333,1224.63,1248.865,1.812,1.818,73.008,72.32,116.49,117.98,2,0,0,0,1,0,0,0,0,0,0,0,0,0
2018-08-13,2,FALSE,FALSE,71.25,72.61,67.2,71.46,2.92,117.5,91,89.68,3,1133.9,164.87,1.5,2.051,1.81,-0.241,2248.45,14.21,1662.62,2510.96,1222.31,639.38,2344.75,30.5,30.7,17.59545372,17.79545372,17.59545372,17.79545372,18.09545372,1,2,6,3,0,0,0,0,98.59,100.33,94.7,98.1,74,76,51810255,44917044,101.88,110.098,103.659,74.3,2329371,504711.6,0,92.65,1222.17,1.81,70.75,116.65,92.29066667,90.55183333,1218.082,1246.1385,1.81,1.8175,72.746,72.2785,116.33,117.9275,2,0,0,0,1,0,0,0,0,0,0,0,1,0
2018-08-14,2,FALSE,FALSE,71.79,72.46,67.04,72.05,3.02,118.4,93.7,93.7,1,1127.9,163.93,1.5,2.063,1.81,-0.253,2258.91,13.13,1675.04,2546.06,1214.13,653.15,2350.7,31.7,31.7,18.79545372,18.79545372,18.79545372,18.79545372,18.79545372,0,0,0,1,0,0,0,0,98.59,100.33,94.7,98.1,74,76,51810255,44917044,101.88,110.098,103.659,74.3,2329371,504711.6,0,89.68,1222.31,1.81,71.46,117.5,92.788,91.02083333,1218.042,1244.266,1.81,1.817,72.558,72.2005,116.47,117.89,2,0,0,0,1,0,0,0,0,0,0,0,0,0
2018-08-16,2,FALSE,FALSE,69.6,71.43,65.46,69.88,3.02,118.1,89.47,89.41,2,1130.1,164.02,1.5,2.05,1.81,-0.24,2240.8,14.32,1646.05,2538.27,1205.19,651.75,2342.58,29.9,30.8,16.99545372,17.89545372,16.99545372,17.89545372,18.79545372,0,0.5,1,2,0,0,0,0,98.59,100.33,94.7,98.1,74,76,51810255,44917044,101.88,110.098,103.659,74.3,2329371,504711.6,0,93.7,1214.13,1.81,72.05,118.4,92.672,91.20983333,1218.734,1241.7105,1.81,1.8165,72.38,72.28,116.95,117.875,2,0,0,0,1,0,0,0,0,0,0,0,0,0
2018-08-17,2,FALSE,FALSE,70.38,71.83,65.91,70.53,3.01,118,92.1,92.1,1,1124.9,163.74,1.5,1.997,1.81,-0.187,2247.05,13.79,1649.34,2542.26,1202.84,648.11,2324.49,27.2,27.2,14.29545372,14.29545372,14.29545372,14.29545372,14.29545372,0,0,0,1,0,0,0,0,98.59,100.33,94.7,98.1,74,76,51810255,44917044,101.88,110.098,103.659,74.3,2329371,504711.6,0,89.41,1205.19,1.81,69.88,118.1,91.78,91.20883333,1215.848,1239.5105,1.81,1.816,71.592,72.284,117.39,117.8,2,0,0,0,1,0,0,0,0,0,0,0,0,0
2018-08-20,2,FALSE,FALSE,70.81,72.21,66.43,70.92,3.04,117.65,90.8,87.49666667,3,1123.1,164.01,1.5,1.985,1.81,-0.175,2247.88,13.64,1689.13,2549.97,1214.73,650.79,2304.04,29.1,28,16.19545372,15.09545372,16.19545372,15.09545372,16.19545372,0,0,0,3,0,0,0,0,98.59,100.33,94.7,98.1,74,76,51810255,44917044,101.88,110.098,103.659,74.3,2329371,504711.6,0,92.1,1202.84,1.81,70.53,118,91.508,91.29683333,1213.328,1237.852,1.81,1.8155,70.934,72.2845,117.73,117.735,2,0,0,0,1,0,0,0,0,0,0,0,0,0
2018-08-21,2,FALSE,FALSE,71.11,72.63,67.35,71.28,3.01,117.55,91.67,91.67,1,1118.4,163.66,1.5,1.919,1.81,-0.109,2270.06,12.43,1691.87,2536.65,1211.44,655.88,2383.55,26.6,26.6,13.69545372,13.69545372,13.69545372,13.69545372,13.69545372,5,5,5,1,0,0,0,0,98.59,100.8,94.7,98.1,74,76,51810255,44917044,101.88,110.098,103.659,74.3,2329371,504711.6,0,87.49666667,1214.73,1.81,70.92,117.65,90.47733333,91.07816667,1211.84,1236.546,1.81,1.815,70.968,72.256,117.93,117.7325,2,0,0,0,1,0,0,0,0,0,0,0,0,0
2018-08-22,2,FALSE,FALSE,71.11,74.78,67.86,71.28,3.02,117.5,91.88,91.88,1,1118.9,163.6,1.5,1.962,1.81,-0.152,2273.33,12.29,1692.15,2479.75,1194.46,657.25,2376.3,30.7,30.7,17.79545372,17.79545372,17.79545372,17.79545372,17.79545372,0,0,0,1,0,0,0,0,98.59,100.8,94.7,98.1,74,76,51810255,44917044,101.88,110.098,103.659,74.3,2329371,504711.6,0,91.67,1211.44,1.81,71.28,117.55,90.87533333,91.4125,1209.666,1234.9325,1.81,1.8145,70.932,72.244,117.94,117.6775,2,0,0,0,1,0,0,0,0,0,0,0,0,0
2018-08-23,2,FALSE,FALSE,73.14,74.73,67.83,73.34,3.01,117.15,93.37,93.37,1,1121.4,163.3,1.5,1.963,1.81,-0.153,2282.6,12.01,1670.29,2473.44,1184.81,669.09,2377.12,29.4,29.4,16.49545372,16.49545372,16.49545372,16.49545372,16.49545372,3,3,3,1,0,0,0,0,98.59,100.8,94.7,98.1,74,76,51810255,44917044,101.88,110.098,103.659,74.3,2329371,504711.6,0,91.88,1194.46,1.81,71.28,117.5,90.51133333,91.4005,1205.732,1231.9045,1.81,1.814,70.778,72.2255,117.76,117.5875,2,0,0,0,1,0,0,0,0,0,0,0,0,0
2018-08-24,2,FALSE,FALSE,74,75.82,68.72,74.09,2.99,117.9,93.19,93.19,1,1118.9,162.7,1.5,1.963,1.81,-0.153,2293.21,11.61,1674.85,2509.33,1193.02,672.6,2382.96,24.4,24.4,11.49545372,11.49545372,11.49545372,11.49545372,11.49545372,7.5,7.5,7.5,1,0,0,0,0,98.59,100.8,94.7,98.1,74,76,51810255,44917044,101.88,110.098,103.659,74.3,2329371,504711.6,0,93.37,1184.81,1.81,73.34,117.15,91.30333333,91.5045,1201.656,1228.3605,1.81,1.8135,71.47,72.257,117.57,117.45,2,0,0,0,1,0,0,0,0,0,0,0,0,0
2018-08-27,2,FALSE,FALSE,74.41,76.21,68.87,74.43,2.98,118.9,87.96,84.61666667,3,1113.8,163.63,1.5,1.963,1.81,-0.153,2299.3,11.74,1696.24,2526.67,1180.24,661.69,2420.53,22.7,23.7,9.795453716,10.79545372,9.795453716,10.79545372,12.29545372,19.5,7.166666667,21.5,3,0,0,0,0,98.59,100.8,94.7,98.1,74,76,51810255,44917044,101.88,110.098,103.659,74.3,2329371,504711.6,0,93.19,1193.02,1.81,74.09,117.9,91.52133333,91.375,1199.692,1224.747,1.81,1.813,72.182,72.274,117.55,117.35,2,0,0,0,1,0,0,0,0,0,0,0,0,0
2018-08-28,2,FALSE,FALSE,75.02,75.95,68.53,75.08,2.98,117.5,91.51,91.51,1,1110,162.96,1.5,1.965,1.81,-0.155,2303.12,11.66,1718.48,2520.95,1180.03,670.06,2406.97,23.7,23.7,10.79545372,10.79545372,10.79545372,10.79545372,10.79545372,96.5,96.5,96.5,1,0,0,0,0,98.59,100.8,94.7,98.1,74,76,51810255,44917044,101.88,110.098,103.659,74.3,2329371,504711.6,0,84.61666667,1180.24,1.81,74.43,118.9,90.94533333,90.84783333,1192.794,1221.4355,1.81,1.8125,72.884,72.3015,117.8,117.3,2,0,0,0,1,0,0,0,0,0,0,0,0,0
2018-08-29,2,FALSE,FALSE,74.34,77.14,69.51,74.41,2.96,117.65,91.09,91.09,1,1110.2,162.82,1.5,1.955,1.81,-0.145,2309.03,11.38,1742.76,2547.38,1186.79,667.07,2450.36,25.2,25.2,12.29545372,12.29545372,12.29545372,12.29545372,12.29545372,42,42,42,1,0,0,0,0,98.59,100.8,94.7,98.1,74,76,51810255,44917044,101.88,110.098,103.659,74.3,2329371,504711.6,0,91.51,1180.03,1.81,75.08,117.5,90.91333333,91.07733333,1186.512,1217.4685,1.81,1.812,73.644,72.374,117.79,117.3975,2,0,0,0,1,0,0,0,0,0,0,0,0,0
2018-08-30,2,FALSE,FALSE,75.76,77.77,70.25,76.04,2.96,117.5,91.52,91.52,1,1108.6,162.19,1.5,1.98,1.81,-0.17,2307.35,11.43,1745.58,2508.49,1177.2,666.22,2442.31,25.3,25.3,12.39545372,12.39545372,12.39545372,12.39545372,12.39545372,9.5,9.5,9.5,1,0,0,0,0,98.59,100.8,94.7,98.1,73,74,51810255,44917044,101.88,110.098,103.659,74.3,2329371,504711.6,0,91.09,1186.79,1.81,74.41,117.65,90.75533333,91.10833333,1184.978,1213.2555,1.81,1.8115,74.27,72.4045,117.82,117.4025,2,0,0,0,1,0,0,0,0,0,0,0,0,0
2018-08-31,2,FALSE,FALSE,75.85,77.42,69.8,76.01,2.98,118,91.45,91.45,1,1112.9,162.67,1.5,1.916,1.81,-0.106,2322.88,11.64,1720.48,2512.29,1176.16,667.45,2467.13,25.6,25.6,12.69545372,12.69545372,12.69545372,12.69545372,12.69545372,0.1,0.1,0.1,1,0,0,0,0,98.59,100.8,94.9,98.2,73,74,51810255,44917044,101.692,111.726,106.942,74.2,2210749,504711.6,0,91.52,1177.2,1.81,76.04,117.5,90.38533333,91.13483333,1183.456,1208.365,1.81,1.811,74.81,72.5875,117.89,117.3875,2,0,0,0,1,0,0,0,0,0,0,0,0,0
2018-09-03,2,FALSE,FALSE,76.18,78.15,69.8,76.31,2.98,116.25,92.95,92.29,3,1110.3,162.32,1.5,1.922,1.81,-0.112,2307.03,11.99,1699.58,2517.43,1173.15,665.09,2459.31,23.3,24.63333333,10.39545372,11.72878705,10.39545372,11.72878705,12.59545372,34.5,11.5,34.5,3,0,0,0,0,98.59,100.8,94.9,98.2,73,74,51180449,44360778,101.692,111.726,106.942,74.2,2210749,504711.6,0,91.45,1176.16,1.81,76.01,118,90.03733333,91.22383333,1180.084,1204.4335,1.81,1.8105,75.194,72.8295,117.91,117.42,2,0,0,0,1,0,0,0,0,0,0,0,0,0
2018-09-04,2,FALSE,FALSE,76.88,78.17,69.87,77.22,2.96,115.35,98.84,98.84,1,1114.9,163.03,1.5,1.917,1.81,-0.107,2315.72,11.63,1687.45,2509.66,1182.01,670.59,2463.2,23.2,23.2,10.29545372,10.29545372,10.29545372,10.29545372,10.29545372,0,0,0,1,0,0,0,0,99.462,100.8,94.9,98.2,73,74,51180449,44360778,101.692,111.726,106.942,74.2,2210749,504711.6,0,92.29,1173.15,1.81,76.31,116.25,91.572,91.32133333,1178.666,1200.3455,1.81,1.81,75.57,73.042,117.38,117.36,2,0,0,0,1,0,0,0,0,0,0,0,0,0
2018-09-05,2,TRUE,FALSE,75.83,77.27,68.72,76.26,3,114.8,98.48,98.48,1,1121.5,163.42,1.5,1.9,1.81,-0.09,2291.77,12.6,1667.54,2476.09,1187.52,667.46,2457.24,24,24,11.09545372,11.09545372,11.09545372,11.09545372,11.09545372,0,0,0,1,0,0,0,0,99.462,100.8,94.9,98.2,73,74,51180449,44360778,101.692,111.726,106.942,74.2,2210749,504711.6,0,98.84,1182.01,1.81,77.22,115.35,93.038,91.90366667,1179.062,1198.3205,1.81,1.81,75.998,73.283,116.95,117.2875,2,0,0,0,1,0,0,0,0,0,0,0,0,0.018518519
2018-09-06,2,FALSE,FALSE,75.31,76.5,67.77,75.78,2.93,114.8,98.65,98.65,1,1124,164.08,1.5,1.912,1.81,-0.102,2287.61,12.44,1675.19,2457.98,1191.77,668.05,2422.28,24.1,24.1,11.19545372,11.19545372,11.19545372,11.19545372,11.19545372,1,1,1,1,0,0,0,0,99.462,100.8,94.9,98.2,73,74,51180449,44360778,101.692,111.726,106.942,74.2,2210749,504711.6,0,98.48,1187.52,1.81,76.26,114.8,94.516,92.11366667,1179.208,1197.163,1.81,1.81,76.368,73.449,116.38,117.2275,2,0,0,0,1,0,0,0,0,0,0,0,0,0
2018-09-07,2,FALSE,FALSE,74.73,76.83,67.75,75.23,2.88,114.55,98.18,98.18,1,1122.8,164.08,1.5,1.919,1.81,-0.109,2281.58,12.72,1693.94,2462.97,1194.38,685.39,2359.45,22,22,9.095453716,9.095453716,9.095453716,9.095453716,9.095453716,0.5,0.5,0.5,1,0,0,0,0,99.462,100.8,94.9,98.2,73,74,51180449,44360778,101.692,111.726,106.942,74.2,2210749,504711.6,0,98.65,1191.77,1.81,75.78,114.8,95.942,92.35266667,1182.122,1195.7705,1.81,1.81,76.316,73.547,115.84,117.1725,2,0,0,0,1,0,0,0,0,0,0,0,0,0
2018-09-10,2,FALSE,FALSE,75.83,77.37,67.54,76.24,2.9,115.3,95.98,94.46333333,3,1128.4,164.31,1.5,1.918,1.81,-0.108,2288.66,12.56,1706.41,2477.92,1214.73,717.56,2368.1,22.9,22.26666667,9.995453716,9.362120382,9.995453716,9.362120382,9.995453716,0,0,0,3,0,0,0,0,99.462,100.8,94.9,98.2,73,74,51180449,44360778,101.692,111.726,106.942,74.2,2210749,504711.6,0,98.18,1194.38,1.81,75.23,114.55,97.288,92.58866667,1185.766,1194.7175,1.81,1.81,76.16,73.6175,115.15,117.085,2,0,0,0,1,0,0,0,0,0,0,0,0,0
2018-09-11,2,FALSE,FALSE,76.22,79.06,69.25,76.58,2.94,115.65,96.88,96.88,1,1125.3,163.72,1.5,1.923,1.81,-0.113,2283.2,12.29,1668.04,2473.85,1212.6,719.31,2368.48,21.6,21.6,8.695453716,8.695453716,8.695453716,8.695453716,8.695453716,0,0,0,1,0,0,0,0,99.462,100.8,94.9,98.2,73,74,51180449,44360778,101.692,111.726,106.942,74.2,2210749,504711.6,0,94.46333333,1214.73,1.81,76.24,115.3,97.72266667,92.67933333,1194.082,1194.3455,1.81,1.81,76.146,73.892,114.96,117.0175,2,0,0,0,1,0,0,0,0,0,0,0,0,0.002272727
2018-09-12,2,FALSE,FALSE,77.45,79.74,70.37,77.98,2.98,115.05,96.85,96.85,1,1128.6,164.05,1.5,1.893,1.81,-0.083,2282.92,12.01,1672.28,2477.24,1220.13,716.01,2346.81,22.8,22.8,9.895453716,9.895453716,9.895453716,9.895453716,9.895453716,0,0,0,1,0,0,0,0,99.462,100.8,94.9,98.2,73,74,51180449,44360778,101.692,111.726,106.942,74.2,2210749,504711.6,0,96.88,1212.6,1.81,76.58,115.65,97.33066667,93.03933333,1200.2,1193.86,1.81,1.81,76.018,74.148,115.02,116.925,2,0,0,0,1,0,0,0,0,0,0,0,0,0
2018-09-13,2,FALSE,FALSE,77.2,78.18,68.59,77.61,2.94,115.3,97.33,97.33,1,1122.4,163.96,1.5,1.921,1.81,-0.111,2286.23,11.51,1717.07,2487.8,1226.59,716.58,2335.87,23.5,23.5,10.59545372,10.59545372,10.59545372,10.59545372,10.59545372,0,0,0,1,0,0,0,0,99.462,100.8,94.9,98.2,73,74,51180449,44360778,101.692,111.726,106.942,74.2,2210749,504711.6,0,96.85,1220.13,1.81,77.98,115.05,97.00466667,93.19683333,1206.722,1194.16,1.81,1.81,76.362,74.4445,115.07,116.7575,2,0,0,0,1,0,0,0,0,0,0,0,0,0
2018-09-14,2,FALSE,FALSE,76.31,78.09,68.99,76.8,2.91,115.4,97.58,97.58,1,1116.6,163.05,1.5,1.96,1.81,-0.15,2318.25,10.66,1725.95,2507.8,1225.14,719.81,2359.36,23.5,23.5,10.59545372,10.59545372,10.59545372,10.59545372,10.59545372,0.5,0.5,0.5,1,0,0,0,0,99.462,100.8,94.9,98.2,73,74,51180449,44360778,101.692,111.726,106.942,74.2,2210749,504711.6,0,97.33,1226.59,1.81,77.61,115.3,96.74066667,93.59283333,1213.686,1195.23,1.81,1.81,76.728,74.831,115.17,116.6175,2,0,0,0,1,0,0,0,0,0,0,0,0,0
2018-09-17,2,FALSE,FALSE,76.43,78.05,68.91,76.89,2.95,114.6,90.9,90.08,3,1126.6,164,1.5,1.967,1.81,-0.157,2303.01,11.56,1712.75,2481.69,1216.18,716.21,2330.28,22.3,22.6,9.395453716,9.695453716,9.395453716,9.695453716,10.39545372,0.1,0.766666667,2.3,3,0,0,0,0,99.462,100.8,94.9,98.2,73,74,51180449,44360778,101.692,111.726,106.942,74.2,2210749,504711.6,0,97.58,1225.14,1.81,76.8,115.4,96.62066667,93.86683333,1219.838,1196.345,1.81,1.81,77.042,75.1445,115.34,116.4875,2,0,0,0,1,0,0,0,0,0,0,0,0,0
2018-09-18,2,TRUE,FALSE,75.85,79.03,69.85,76.34,3,114.15,96.47,96.47,1,1123.2,163.71,1.5,1.98,1.81,-0.17,2308.98,11.62,1718.57,2503.33,1205.58,709.54,2333.33,22,22,9.095453716,9.095453716,9.095453716,9.095453716,9.095453716,0,0,0,1,0,0,0,0,99.462,100.8,94.9,98.2,73,74,51180449,44360778,101.692,111.726,106.942,74.2,2210749,504711.6,0,90.08,1216.18,1.81,76.89,114.6,95.744,93.996,1220.128,1196.4175,1.81,1.81,77.172,75.443,115.2,116.335,2,0,0,0,1,0,0,0,0,0,0,0,0,-0.002267574
2018-09-19,2,FALSE,FALSE,77.02,79.4,71.12,77.61,3.11,114.5,96.54,96.54,1,1121.1,163.58,1.5,1.996,1.81,-0.186,2308.46,11.42,1740.3,2481.85,1193.2,699.38,2331.65,22.1,22.1,9.195453716,9.195453716,9.195453716,9.195453716,9.195453716,0.2,0.2,0.2,1,0,0,0,0,99.462,100.8,94.9,98.2,73,74,51180449,44360778,101.692,111.726,106.942,74.2,2210749,504711.6,0,96.47,1205.58,1.81,76.34,114.15,95.662,94.236,1218.724,1196.1245,1.81,1.81,77.124,75.696,114.9,116.165,2,0,0,0,1,0,0,0,0,0,0,0,0,0
2018-09-20,2,FALSE,FALSE,77.53,78.7,70.8,78.18,3.07,113.15,96.15,96.15,1,1120.4,163.54,1.5,2.035,1.81,-0.225,2323.45,10.97,1735.69,2457.65,1190.94,697.71,2316.93,19,19,6.095453716,6.095453716,6.095453716,6.095453716,6.095453716,5,5,5,1,0,0,0,0,99.462,100.8,94.9,98.2,73,74,51180449,44360778,101.692,111.726,106.942,74.2,2210749,504711.6,0,96.54,1193.2,1.81,77.61,114.5,95.6,94.469,1213.338,1196.0615,1.81,1.81,77.05,76.0125,114.79,116.015,2,0,0,0,1,0,0,0,0,0,0,0,0,0
2018-09-21,2,TRUE,FALSE,77.35,78.8,70.78,78.03,3.02,113.45,95.89,95.89,1,1115.3,163.32,1.5,2.022,1.81,-0.212,2339.17,11.09,1760.19,2477.16,1202.35,712.8,2305.82,19.4,19.4,6.495453716,6.495453716,6.495453716,6.495453716,6.495453716,18,18,18,1,0,0,0,0,99.462,101.25,94.9,98.2,73,74,51180449,44360778,101.692,111.726,106.942,74.2,2210749,504711.6,0,96.15,1190.94,1.81,78.18,113.15,95.364,94.608,1206.208,1196.368,1.81,1.81,77.164,76.2545,114.36,115.815,2,0,0,0,1,0,0,0,0,0,0,0,0,0
2018-09-27,2,FALSE,FALSE,80.36,81.72,72.12,81.52,3.05,113.7,90.62,73.91333333,6,1112.5,161.77,1.5,2.006,1.82,-0.186,2355.43,11.35,1778.91,2513.99,1223.7,716.79,2284.4,18.9,18.98333333,5.995453716,6.078787049,5.995453716,6.078787049,7.895453716,0,1.083333333,6.5,6,0,0,0,0,99.462,101.25,94.9,98.2,73,74,51180449,44360778,101.692,111.726,106.942,74.2,2210749,504711.6,0,95.89,1202.35,1.81,78.03,113.45,95.026,94.743,1201.65,1196.8345,1.81,1.81,77.41,76.4515,113.97,115.5925,2,0,0,0,1,0,0,0,0,0,0,0,0,0
2018-09-28,2,TRUE,FALSE,80.03,82.72,73.25,80.98,3.01,113.85,97.51,97.51,1,1109.3,161.05,1.5,2.005,1.82,-0.185,2343.07,11.24,1753.42,2532.19,1229.39,719,2261.15,17.5,17.5,4.595453716,4.595453716,4.595453716,4.595453716,4.595453716,0,0,0,1,0,0,0,0,99.462,101.25,94.9,98.2,73,74,51180449,44360778,101.692,111.726,106.942,74.2,2210749,504711.6,0,73.91333333,1223.7,1.82,81.52,113.7,91.79266667,94.20783333,1203.154,1199.0075,1.812,1.8105,78.336,76.806,113.79,115.3325,2,0,0,0,1,0,0,0,0,0,0,0,0,0.009090909
2018-10-01,2,FALSE,FALSE,80.83,84.98,75.3,81.83,3.13,114.6,100.97,97.46666667,3,1111.8,161.38,1.5,2.022,1.82,-0.202,2338.88,11.6,1749.12,2540.66,1230.74,723.43,2250.99,15.4,17.73333333,2.495453716,4.828787049,2.495453716,4.828787049,7.295453716,0,0,0,3,0,0,0,0,99.462,101.25,94.9,98.2,73,74,50650208,41032928,101.692,111.726,106.942,74.2,2210749,504711.6,0,97.51,1229.39,1.82,80.98,113.85,92.00066667,94.50783333,1207.916,1201.4755,1.814,1.811,79.264,77.101,113.73,115.15,2,0,0,0,1,0,0,0,0,0,0,0,0,0
2018-10-02,2,FALSE,FALSE,82.88,84.8,75.23,84.18,3.14,114.05,103.61,103.61,1,1119.2,162.5,1.5,2.015,1.82,-0.195,2309.57,11.81,1733.52,2524.07,1229.42,723.06,2205.77,15.9,15.9,2.995453716,2.995453716,2.995453716,2.995453716,2.995453716,0,0,0,1,0,0,0,0,99.462,101.25,94.8,98.3,73,76,50650208,41032928,98.778,108.36,105.347,74.3,1918183,504711.6,0,97.46666667,1230.74,1.82,81.83,114.6,92.186,94.82666667,1215.424,1203.673,1.816,1.8115,80.108,77.472,113.75,114.9975,2,0,0,0,1,0,0,0,0,0,0,0,0,0
2018-10-04,2,FALSE,FALSE,84.44,84.58,74.33,85.25,3.39,113.75,101.81,101.76,2,1129.9,163.77,1.5,2.066,1.82,-0.246,2274.49,12.93,1685.99,2450.19,1211.4,723.07,2166.07,19.3,18.3,6.395453716,5.395453716,6.395453716,5.395453716,6.395453716,0,0,0,2,0,0,0,0,99.462,101.25,94.8,98.3,73,76,50650208,41032928,98.778,108.36,105.347,74.3,1918183,504711.6,0,103.61,1229.42,1.82,84.18,114.05,93.678,95.43116667,1223.12,1206.284,1.818,1.812,81.308,77.879,113.93,114.825,2,0,0,0,1,0,0,0,0,0,0,0,0,0
2018-10-05,2,TRUE,FALSE,83.2,84.16,74.34,84.28,3.25,113.65,102.5,102.5,1,1130.4,163.73,1.5,2.084,1.82,-0.264,2267.52,13.06,1681.74,2448.28,1225.07,705.45,2129.36,16.9,16.9,3.995453716,3.995453716,3.995453716,3.995453716,3.995453716,36.5,36.5,36.5,1,0,0,0,0,100.221,101.25,94.8,98.3,73,76,50650208,41032928,98.778,108.36,105.347,74.3,1918183,504711.6,0,101.76,1211.4,1.82,85.25,113.75,94.852,95.94666667,1224.93,1208.046,1.82,1.8125,82.752,78.341,113.99,114.6125,2,0,0,0,1,0,0,0,0,0,0,0,0,0.009009009
2018-10-08,2,FALSE,FALSE,81.61,83.91,74.29,82.48,3.28,112.75,101.74,100.81,3,1132.7,164.05,1.5,2.091,1.82,-0.271,2253.83,14.01,1655.79,2422.51,1213.32,697.78,2126.86,14.8,16.4,1.895453716,3.495453716,1.895453716,3.495453716,5.095453716,0,18.5,55.5,3,0,0,0,0,100.221,101.25,94.8,98.3,73,76,50650208,41032928,98.778,108.36,105.347,74.3,1918183,504711.6,0,102.5,1225.07,1.82,84.28,113.65,100.5693333,96.45716667,1225.204,1210.642,1.82,1.813,83.304,78.7395,113.98,114.4825,2,0,0,0,1,0,0,0,0,0,0,0,0,0
2018-10-10,2,FALSE,FALSE,83.04,83.09,73.17,83.84,3.45,109.85,102.97,102.075,2,1134,163.83,1.5,2.059,1.82,-0.239,2228.61,14.72,1618.52,2394.59,1189.93,668.9,2076.96,12,13.65,-0.904546284,0.745453716,0.904546284,1.65,2.395453716,7,3.5,7,2,0,0,0,0,100.221,101.25,94.8,98.3,73,76,50650208,41032928,98.778,108.36,105.347,74.3,1918183,504711.6,0,100.81,1213.32,1.82,82.48,112.75,101.2293333,96.55566667,1221.99,1212.2075,1.82,1.8135,83.604,79.0025,113.76,114.3525,2,0,0,0,1,0,0,0,0,0,0,0,0,0
2018-10-11,2,FALSE,FALSE,80.66,80.26,70.97,81.24,3.16,108.7,103.1,103.1,1,1144.4,164.98,1.5,2.012,1.82,-0.192,2129.67,19.49,1537.95,2298.83,1153.06,631.43,1977.17,9.7,9.7,-3.204546284,-3.204546284,3.204546284,3.204546284,3.204546284,0,0,0,1,0,0,0,0,100.221,101.25,94.8,98.3,73,76,50650208,41032928,98.778,108.36,105.347,74.3,1918183,504711.6,0,102.075,1189.93,1.82,83.84,109.85,102.151,96.73541667,1213.828,1212.328,1.82,1.814,84.006,79.3815,112.81,114.105,2,0,0,0,1,0,0,0,0,0,0,0,0,0
2018-10-12,2,FALSE,FALSE,79.36,80.43,71.34,79.88,3.19,109.2,101.93,101.93,1,1131.4,163.91,1.5,2.05,1.82,-0.23,2161.85,17.18,1557.53,2345.27,1167.51,647.32,2034.91,10.9,10.9,-2.004546284,-2.004546284,2.004546284,2.004546284,2.004546284,0,0,0,1,0,0,0,0,100.221,101.25,94.8,98.3,73,76,50650208,41032928,98.778,108.36,105.347,74.3,1918183,504711.6,0,103.1,1153.06,1.82,81.24,108.7,102.049,96.95791667,1198.556,1210.3925,1.82,1.8145,83.418,79.6545,111.74,113.8,2,0,0,0,1,0,0,0,0,0,0,0,0,0
2018-10-15,2,FALSE,FALSE,79.3,80.78,71.78,79.43,3.26,109.25,101.17,99.03,3,1134.3,163.92,1.5,2.051,1.82,-0.231,2145.12,18.4,1540.87,2354.15,1171.57,639.35,1992.32,15.2,13.63333333,2.295453716,0.728787049,2.295453716,0.998484572,2.295453716,0,0,0,3,0,0,0,0,100.221,101.25,94.8,98.3,73,76,50650208,41032928,98.778,108.36,105.347,74.3,1918183,504711.6,0,101.93,1167.51,1.82,79.88,109.2,102.083,97.14541667,1189.778,1209.049,1.82,1.815,82.344,79.887,110.83,113.5325,2,0,0,0,1,0,0,0,0,0,0,0,0,0
2018-10-16,2,TRUE,FALSE,78.83,81.41,71.92,79.28,3.27,109.1,102.81,102.81,1,1128,162.94,1.5,2.048,1.82,-0.228,2145.12,18.05,1547.6,2337.78,1160.79,643.46,2044.27,14.5,14.5,1.595453716,1.595453716,1.595453716,1.595453716,1.595453716,0,0,0,1,0,0,0,0,100.221,101.25,94.8,98.3,73,76,50650208,41032928,98.778,108.36,105.347,74.3,1918183,504711.6,0,99.03,1171.57,1.82,79.43,109.25,101.389,97.37375,1179.078,1206.891,1.82,1.8155,81.374,80.0465,109.95,113.23,2,0,0,0,1,0,0,0,0,0,0,0,0,0.008928571
2018-10-17,2,FALSE,FALSE,80.23,80.05,69.75,80.73,3.3,109.15,102.5,102.5,1,1126.5,162.93,1.5,2.023,1.82,-0.203,2167.51,16.08,1563.38,2392.5,1170.83,649.13,2085.3,12.4,12.4,-0.504546284,-0.504546284,0.504546284,0.504546284,0.504546284,0,0,0,1,0,0,0,0,100.221,101.25,94.8,98.3,73,76,50650208,41032928,98.778,108.36,105.347,74.3,1918183,504711.6,0,102.81,1160.79,1.82,79.28,109.1,101.789,97.67025,1168.572,1204.3005,1.82,1.816,80.734,80.1815,109.22,112.9025,2,0,0,0,1,0,0,0,0,0,0,0,0,0
2018-10-18,2,FALSE,FALSE,78.43,79.29,68.65,78.77,3.28,109.75,103.29,103.29,1,1135.2,163.66,1.5,1.981,1.82,-0.161,2148.31,16.4,1533.2,2361.3,1157.67,639.32,2053.12,12.7,12.7,-0.204546284,-0.204546284,0.204546284,0.204546284,0.204546284,0,0,0,1,0,0,0,0,100.221,101.25,94.8,98.3,73,76,50650208,41032928,98.778,108.36,105.347,74.3,1918183,504711.6,0,102.5,1170.83,1.82,80.73,109.15,101.874,97.95275,1164.752,1201.8355,1.82,1.8165,80.112,80.319,109.08,112.6075,2,0,0,0,1,0,0,0,0,0,0,0,0,0
2018-10-19,2,TRUE,FALSE,77.88,79.78,69.12,78.48,3.2,110,104.51,104.51,1,1132.1,163.2,1.5,1.989,1.82,-0.169,2156.26,15.96,1532.63,2346.9,1165.46,643.15,2086.86,13.1,13.1,0.195453716,0.195453716,0.195453716,0.195453716,0.195453716,0,0,0,1,0,0,0,0,100.221,101.25,94.8,98.3,73,76,50650208,41032928,98.778,108.36,105.347,74.3,1918183,504711.6,0,103.29,1157.67,1.82,78.77,109.75,101.912,98.25075,1165.674,1198.3895,1.82,1.817,79.618,80.377,109.29,112.33,2,0,0,0,1,0,0,0,0,0,0,0,0,0.008849558
2018-10-22,2,FALSE,FALSE,78.78,79.83,69.17,79.42,3.2,110.1,102.43,100.6466667,3,1128.4,162.82,1.5,2.009,1.82,-0.189,2161.71,16.24,1538.56,2376.06,1168.36,635.35,2070.39,14,13.6,1.095453716,0.695453716,1.095453716,0.695453716,1.095453716,0,0,0,3,0,0,0,0,100.221,101.25,94.8,98.3,73,76,50650208,41032928,98.778,108.36,105.347,74.3,1918183,504711.6,0,104.51,1165.46,1.82,78.48,110,102.428,98.59725,1165.264,1195.4055,1.82,1.8175,79.338,80.461,109.45,112.06,2,0,0,0,1,0,0,0,0,0,0,0,0,0
2018-10-23,2,TRUE,FALSE,77.83,76.44,66.43,78.38,3.28,109.5,104.02,104.02,1,1137.6,163.72,1.5,1.989,1.82,-0.169,2106.1,19.04,1504.49,2302.08,1150.43,617.29,2009.93,12.2,12.2,-0.704546284,-0.704546284,0.704546284,0.704546284,0.704546284,5,5,5,1,0,0,0,0,100.221,101.54,94.8,98.3,73,76,50650208,41032928,98.778,108.36,105.347,74.3,1918183,504711.6,0,100.6466667,1168.36,1.82,79.42,110.1,102.7513333,99.12558333,1164.622,1193.0145,1.82,1.818,79.336,80.5875,109.62,111.835,2,0,0,0,1,0,0,0,0,0,0,0,0,0.004385965
2018-10-24,2,FALSE,FALSE,74.42,76.17,66.82,75.1,3.42,109.75,104.07,104.07,1,1132.3,163.02,1.5,2.007,1.82,-0.187,2097.58,18.93,1517.49,2323.45,1151.58,602.33,1986.86,12.5,12.5,-0.404546284,-0.404546284,0.404546284,0.404546284,0.404546284,0,0,0,1,0,0,0,0,100.221,101.54,94.8,98.3,73,76,50650208,41032928,98.778,108.36,105.347,74.3,1918183,504711.6,0,104.02,1150.43,1.82,78.38,109.5,102.9933333,99.50308333,1162.55,1190.257,1.82,1.8185,79.156,80.6895,109.7,111.6025,2,0,0,0,1,0,0,0,0,0,0,0,0,0
2018-10-25,2,FALSE,FALSE,74.96,76.89,67.33,75.63,3.42,109.75,103.32,103.32,1,1138,163.74,1.5,1.982,1.82,-0.162,2063.3,20.68,1503.53,2349.5,1156.99,596.42,1941.68,13.8,13.8,0.895453716,0.895453716,0.895453716,0.895453716,0.895453716,0,0,0,1,0,0,0,0,100.221,101.54,94.8,98.3,73,76,50650208,41032928,98.778,108.36,105.347,74.3,1918183,506697.6,0,104.07,1151.58,1.82,75.1,109.75,103.3073333,99.87958333,1158.7,1188.176,1.82,1.819,78.03,80.564,109.82,111.365,2,0,0,0,1,0,0,0,0,0,0,0,0,0
2018-10-26,2,FALSE,FALSE,75.42,77.62,67.59,75.77,3.27,109.65,103.31,103.31,1,1141.9,163.86,1.5,1.968,1.82,-0.148,2027.15,22.42,1465.73,2261.56,1143.93,576.39,1935.33,12.2,12.2,-0.704546284,-0.704546284,0.704546284,0.704546284,0.704546284,11,11,11,1,0,0,0,0,100.221,101.54,94.8,98.3,73,76,50650208,41032928,98.778,108.36,105.347,74.3,1918183,506697.6,0,103.32,1156.99,1.82,75.63,109.75,103.3133333,100.2380833,1158.564,1186.4785,1.82,1.8195,77.402,80.4365,109.82,111.195,2,0,0,0,1,0,0,0,0,0,0,0,0,0
2018-10-29,2,TRUE,FALSE,76.01,77.34,67.04,76.12,3.2,108,100.97,99.79666667,3,1141.4,163.83,1.5,1.894,1.82,-0.074,1996.05,23.03,1439.54,2233.52,1122.43,559.74,1897.23,7.2,8.066666667,-5.704546284,-4.837879618,5.704546284,4.837879618,5.704546284,0,1.833333333,5.5,3,0,0,0,0,100.221,101.54,94.8,98.3,73,76,50650208,41032928,98.778,108.36,105.347,74.3,1918183,506697.6,0,103.31,1143.93,1.82,75.77,109.65,103.0733333,100.6090833,1154.258,1183.5575,1.82,1.82,76.86,80.3235,109.75,111.005,2,0,0,0,1,0,0,0,0,0,0,0,0,0.013100437
2018-10-30,2,FALSE,FALSE,76.18,75.91,66.18,76.56,3.27,107.5,102.38,102.38,1,1139.2,163.38,1.5,1.931,1.82,-0.111,2014.69,21.91,1423.43,2254.86,1111.64,572.45,1967.37,6.1,6.1,-6.804546284,-6.804546284,6.804546284,6.804546284,6.804546284,0,0,0,1,0,0,0,0,100.221,101.54,94.8,98.3,71,76,50650208,41032928,98.778,108.36,105.347,74.3,1918183,506697.6,0,99.79666667,1122.43,1.82,76.12,108,102.9033333,101.90325,1145.072,1178.494,1.82,1.82,76.2,80.0535,109.33,110.72,2,0,0,0,1,0,0,0,0,0,0,0,0,0
2018-10-31,2,FALSE,FALSE,75.66,75.47,65.31,76.26,3.31,105.2,102.28,102.28,1,1139.6,163.42,1.5,1.939,1.82,-0.119,2029.69,20.49,1420.59,2314.88,1119.86,571.24,1971.91,7.4,7.4,-5.504546284,-5.504546284,5.504546284,5.504546284,5.504546284,0,0,0,1,0,0,0,0,100.221,101.54,94.9,98.2,71,76,50650208,41032928,96.805,102.28,102.251,72.5,1968238,506697.6,0,102.38,1111.64,1.82,76.56,107.5,102.5753333,102.14675,1137.314,1172.6065,1.82,1.82,75.836,79.8325,108.93,110.4025,2,0,0,0,1,0,0,0,0,0,0,0,0,0
2018-11-01,2,FALSE,FALSE,73.38,72.89,63.69,73.76,3.36,102.85,105.65,105.65,1,1138.1,163.33,1.5,1.942,1.82,-0.122,2024.46,19.7,1415.27,2262.94,1114.93,567.75,1963.87,8.4,8.4,-4.504546284,-4.504546284,4.504546284,4.504546284,4.504546284,0,0,0,1,0,0,0,0,100.041,101.54,94.9,98.2,71,76,54860310,48480618,96.805,102.28,102.251,72.5,1968238,506697.6,0,102.28,1119.86,1.82,76.26,105.2,102.2173333,102.3874167,1130.97,1167.0625,1.82,1.82,76.068,79.554,108.02,109.9325,2,0,0,0,1,0,0,0,0,0,0,0,0,0
2018-11-02,2,FALSE,FALSE,71.67,72.83,63.14,71.82,3.26,103.4,104.64,104.64,1,1121.6,162.7,1.5,1.982,1.82,-0.162,2096,18.11,1494.18,2360.99,1130.19,599.93,2069,10.6,10.6,-2.304546284,-2.304546284,2.304546284,2.304546284,2.304546284,0,0,0,1,0,0,0,0,100.041,101.54,94.9,98.2,71,76,54860310,48480618,96.805,102.28,102.251,72.5,1968238,506697.6,0,105.65,1114.93,1.82,73.76,102.85,102.6833333,102.4894167,1122.558,1161.338,1.82,1.82,75.694,79.033,106.64,109.3725,2,0,0,0,1,0,0,0,0,0,0,0,0,0
2018-11-05,2,FALSE,FALSE,71.2,73.17,63.1,71.47,3.53,103.9,103.18,100.6366667,3,1123.5,162.48,1.5,1.982,1.82,-0.162,2076.92,19.73,1457.65,2351.46,1130.52,591.06,2017.68,11.9,11.56666667,-1.004546284,-1.337879618,1.004546284,1.337879618,1.704546284,0,0,0,3,0,0,0,0,100.041,101.54,94.9,98.2,71,76,54860310,48480618,96.805,102.28,102.251,72.5,1968238,506697.6,0,104.64,1130.19,1.82,71.82,103.4,102.9493333,102.6334167,1119.81,1157.2775,1.82,1.82,74.904,78.3615,105.39,108.855,2,0,0,0,1,0,0,0,0,0,0,0,0,0
2018-11-06,2,FALSE,FALSE,71.2,72.13,62.21,71.47,3.53,103.5,105.51,105.51,1,1123.8,162.54,1.5,1.984,1.82,-0.164,2089.62,19.89,1490.89,2336.94,1126.62,598.02,2004.87,12.2,12.2,-0.704546284,-0.704546284,0.704546284,0.704546284,0.704546284,0,0,0,1,0,0,0,0,100.041,101.54,94.9,98.2,71,76,54860310,48480618,96.805,102.28,102.251,72.5,1968238,506697.6,0,100.6366667,1130.52,1.82,71.47,103.9,103.1173333,102.54025,1121.428,1152.55,1.82,1.82,73.974,77.721,104.57,108.3675,2,0,0,0,1,0,0,0,0,0,0,0,0,0
2018-11-07,2,FALSE,FALSE,70.64,72.07,61.67,71.01,3.54,105.45,105.6,105.6,1,1123.3,162.03,1.5,1.964,1.82,-0.144,2078.69,19.25,1463.45,2299.04,1119.18,587.5,1960.92,12.8,12.8,-0.104546284,-0.104546284,0.104546284,0.104546284,0.104546284,2,2,2,1,0,0,0,0,100.041,101.54,94.9,98.2,71,76,54860310,48480618,96.805,102.28,102.251,72.5,1968238,506697.6,0,105.51,1126.62,1.82,71.47,103.5,103.7433333,102.77525,1124.424,1148.215,1.82,1.82,72.956,77.1705,103.77,107.905,2,0,0,0,1,0,0,0,0,0,0,0,0,0
2018-11-08,2,FALSE,FALSE,71.54,70.65,60.67,71.71,3.54,105.35,105.73,105.73,1,1117.3,161.19,1.5,1.966,1.83,-0.136,2092.63,16.6,1482.5,2309.77,1134.21,605.69,1997.37,11.8,11.8,-1.104546284,-1.104546284,1.104546284,1.104546284,1.104546284,64,64,64,1,0,0,0,0,100.041,101.54,94.9,98.2,71,76,54860310,48480618,96.805,102.28,102.251,72.5,1968238,506697.6,0,105.6,1119.18,1.82,71.01,105.45,104.4073333,102.9515,1124.288,1144.6775,1.82,1.82,71.906,76.529,103.82,107.685,2,0,0,0,1,0,0,0,0,0,0,0,0,0
2018-11-09,2,FALSE,FALSE,69.36,70.18,60.19,69.56,3.74,105.9,105.73,105.73,1,1128.3,162.46,1.5,1.96,1.83,-0.13,2086.09,15.79,1485.67,2284.9,1144.5,602.64,2017.65,12.1,12.1,-0.804546284,-0.804546284,0.804546284,0.804546284,0.804546284,1,1,1,1,0,0,0,0,100.041,101.54,94.9,98.2,71,76,54860310,48480618,96.805,102.28,102.251,72.5,1968238,506697.6,0,105.73,1134.21,1.83,71.71,105.35,104.4233333,103.083,1128.144,1143.735,1.822,1.8205,71.496,76.0525,104.32,107.5175,2,0,0,0,1,0,0,0,0,0,0,0,0,0.004310345
2018-11-12,2,TRUE,FALSE,70.59,70.12,59.93,71.05,3.96,105.85,104.97,102.9633333,3,1133.9,163.03,1.5,1.945,1.83,-0.115,2080.44,16.69,1477.05,2290,1136.25,608.6,2023.69,8.1,9.366666667,-4.804546284,-3.537879618,4.804546284,3.537879618,4.804546284,0,0,0,3,0,0,0,0,100.041,101.54,94.9,98.2,71,76,54860310,48480618,96.805,102.28,102.251,72.5,1968238,506697.6,0,105.73,1144.5,1.83,69.56,105.9,104.6413333,103.273,1131.006,1142.5845,1.824,1.821,71.044,75.5365,104.82,107.3525,2,0,0,0,1,0,0,0,0,0,0,0,0,0
2018-11-13,2,FALSE,FALSE,68.48,65.47,55.69,68.69,4.1,105.5,105.29,105.29,1,1133.3,163.02,1.5,1.94,1.84,-0.1,2071.23,18.62,1499.94,2285.03,1129.46,606.5,1968.5,8.8,8.8,-4.104546284,-4.104546284,4.104546284,4.104546284,4.104546284,0,0,0,1,0,0,0,0,100.041,101.54,94.9,98.2,71,76,54860310,48480618,96.805,102.28,102.251,72.5,1968238,506697.6,0,102.9633333,1136.25,1.83,71.05,105.85,105.1066667,103.4696667,1132.152,1140.8185,1.826,1.8215,70.96,75.1175,105.21,107.1825,2,0,0,0,1,0,0,0,0,0,0,0,0,0
2018-11-14,2,TRUE,FALSE,64.46,66.12,56.25,64.78,4.1,103.35,105.4,105.4,1,1134.3,163.25,1.5,1.922,1.84,-0.082,2068.05,18.94,1482.96,2263.97,1122.8,593.96,1939.84,9.8,9.8,-3.104546284,-3.104546284,3.104546284,3.104546284,3.104546284,0,0,0,1,0,0,0,0,100.041,101.54,94.9,98.2,71,76,54860310,48480618,96.805,102.28,102.251,72.5,1968238,506697.6,0,105.29,1129.46,1.84,68.69,105.5,105.0626667,103.5936667,1132.72,1139.252,1.83,1.8225,70.404,74.588,105.61,107.0025,2,0,0,0,1,0,0,0,0,0,0,0,0,0
2018-11-15,2,FALSE,FALSE,65.39,66.62,56.46,65.78,4.69,104.15,106.86,106.86,1,1129.2,163.01,1.5,1.943,1.84,-0.103,2088.06,18.32,1492.93,2287.7,1114.21,606.51,1979.55,9.7,9.7,-3.204546284,-3.204546284,3.204546284,3.204546284,3.204546284,0,0,0,1,0,0,0,0,100.041,101.54,94.9,98.2,71,76,54860310,48480618,96.805,102.28,102.251,72.5,1968238,506697.6,0,105.4,1122.8,1.84,64.78,103.35,105.0226667,103.7386667,1133.444,1136.8505,1.834,1.8235,69.158,73.7905,105.19,106.7125,2,0,0,0,1,0,0,0,0,0,0,0,0,0
2018-11-16,2,FALSE,FALSE,66.49,66.76,56.46,66.95,4.3,102.5,106.37,106.37,1,1128.5,162.9,1.5,1.947,1.84,-0.107,2092.4,18.15,1505.57,2297.9,1126.53,612.75,1970.85,8.8,8.8,-4.104546284,-4.104546284,4.104546284,4.104546284,4.104546284,0,0,0,1,0,0,0,0,100.041,101.54,94.9,98.2,71,76,54860310,48480618,96.805,102.28,102.251,72.5,1968238,506697.6,0,106.86,1114.21,1.84,65.78,104.15,105.2486667,103.9171667,1129.444,1134.6775,1.836,1.8245,67.972,73.141,104.95,106.4325,2,0,0,0,1,0,0,0,0,0,0,0,0,0.008583691
2018-11-19,2,FALSE,FALSE,66.17,66.79,56.76,66.55,4.65,102.95,104.5,101.8466667,3,1128.6,162.77,1.5,1.942,1.84,-0.102,2100.56,17.72,1522.52,2321.14,1130.51,627.16,1966.8,6.5,5.833333333,-6.404546284,-7.071212951,6.404546284,7.071212951,8.004546284,0,0,0,3,0,0,0,0,100.041,101.54,94.9,98.2,71,76,54860310,48480618,96.805,102.28,102.251,72.5,1968238,506697.6,0,106.37,1126.53,1.84,66.95,102.5,105.3766667,104.0101667,1125.85,1132.731,1.838,1.8255,67.45,72.5645,104.27,106.0575,2,0,0,0,1,0,0,0,0,0,0,0,0,0
2018-11-20,2,TRUE,FALSE,65.51,62.53,53.43,65.82,4.65,102.3,105.79,105.79,1,1125.8,162.38,1.5,1.94,1.84,-0.1,2082.58,18.55,1515.02,2303.48,1130.69,625.52,1889.17,6.5,6.5,-6.404546284,-6.404546284,6.404546284,6.404546284,6.404546284,0.2,0.2,0.2,1,0,0,0,0,100.041,101.19,94.9,98.2,71,76,54860310,48480618,96.805,102.28,102.251,72.5,1968238,506697.6,0,101.8466667,1130.51,1.84,66.55,102.95,105.1533333,104.0701667,1124.702,1130.8385,1.84,1.8265,66.55,71.921,103.69,105.7,2,0,0,0,1,0,0,0,0,0,0,0,0,0
2018-11-21,2,TRUE,FALSE,62.65,63.48,54.63,62.75,4.7,102.45,106.18,106.18,1,1131.6,163.01,1.5,1.946,1.85,-0.096,2076.55,18.91,1517.27,2313.2,1131.07,622.99,1908.96,5.8,5.8,-7.104546284,-7.104546284,7.104546284,7.104546284,7.104546284,1,1,1,1,0,0,0,0,100.041,101.19,94.9,98.2,71,76,54860310,48480618,96.805,102.28,102.251,72.5,1968238,506697.6,0,105.79,1130.69,1.84,65.82,102.3,105.2533333,104.1586667,1124.948,1129.8515,1.84,1.8275,65.976,71.293,103.05,105.34,2,0,0,0,1,0,0,0,0,0,0,0,0,0.00212766
2018-11-22,2,TRUE,FALSE,62.44,62.6,54.63,62.8,4.7,102.4,106.72,106.72,1,1129.2,163.13,1.5,1.942,1.86,-0.082,2069.95,18.41,1500.54,2309.2,1129.45,614.48,1897.93,2.3,2.3,-10.60454628,-10.60454628,10.60454628,10.60454628,10.60454628,0,0,0,1,0,0,0,0,100.041,101.19,94.9,98.2,71,76,54860310,48480618,96.805,102.28,102.251,72.5,1968238,506697.6,0,106.18,1131.07,1.85,62.75,102.45,105.4093333,104.2641667,1126.602,1128.826,1.842,1.829,65.57,70.6755,102.87,104.975,2,0,0,0,1,0,0,0,0,0,0,0,0,0.040339703
2018-11-23,2,FALSE,FALSE,61.08,58.8,50.42,61.57,4.7,101.75,107.11,107.11,1,1130.5,163.09,1.5,1.914,1.86,-0.054,2057.48,18.48,1484.77,2262.43,1125.47,610.72,1885.53,1.9,1.9,-11.00454628,-11.00454628,11.00454628,11.00454628,11.00454628,0,0,0,1,0,0,0,0,100.041,101.19,94.9,98.2,71,76,54860310,48480618,96.805,102.28,102.251,72.5,1968238,506697.6,0,106.72,1129.45,1.86,62.8,102.4,105.3813333,104.4341667,1129.65,1127.449,1.846,1.831,64.974,70.034,102.52,104.6075,2,0,0,0,1,0,0,0,0,0,0,0,0,-0.020408163
2018-11-26,2,TRUE,FALSE,59.13,60.48,51.63,59.48,4.28,101.4,105.17,103.7233333,3,1128.9,162.66,1.5,1.914,1.86,-0.054,2083.02,17.82,1479.59,2277.67,1130.4,616.81,1912.55,6.3,4.566666667,-6.604546284,-8.337879618,6.604546284,8.337879618,10.30454628,0,3.633333333,10.9,3,0,0,0,0,100.041,101.19,94.9,98.2,71,76,54860310,48480618,96.805,102.28,102.251,72.5,1968238,506697.6,0,107.11,1125.47,1.86,61.57,101.75,105.5293333,104.6241667,1129.438,1126.526,1.85,1.833,63.898,69.324,102.37,104.2125,2,0,0,0,1,0,0,0,0,0,0,0,0,-0.020833333
2018-11-27,2,FALSE,FALSE,59.07,60.21,51.56,59.38,4.28,101.55,105.71,105.71,1,1129.4,162.56,1.5,1.908,1.86,-0.048,2099.42,17.46,1486.99,2289.52,1132.82,624.9,1923.25,7.1,7.1,-5.804546284,-5.804546284,5.804546284,5.804546284,5.804546284,0,0,0,1,0,0,0,0,100.041,101.19,94.9,98.2,71,76,54860310,48480618,96.805,102.28,102.251,72.5,1968238,506697.6,0,103.7233333,1130.4,1.86,59.48,101.4,105.9046667,104.8205,1129.416,1126.9245,1.854,1.835,62.484,68.492,102.06,103.8825,2,0,0,0,1,0,0,0,0,0,0,0,0,0
2018-11-28,2,FALSE,FALSE,60.18,58.76,50.29,60.52,4.5,101.55,105.74,105.74,1,1126.5,162.14,1.5,1.92,1.86,-0.06,2108.22,17.54,1469.02,2288.27,1153.37,636.09,1955.52,5,5,-7.904546284,-7.904546284,7.904546284,7.904546284,7.904546284,0,0,0,1,0,0,0,0,100.041,101.19,94.9,98.2,73,74,54860310,48480618,96.805,102.28,102.251,72.5,1968238,506697.6,0,105.71,1132.82,1.86,59.38,101.55,105.8886667,104.987,1129.842,1127.9835,1.858,1.837,61.196,67.633,101.91,103.585,2,0,0,0,1,0,0,0,0,0,0,0,0,0.00212766
2018-11-29,2,TRUE,FALSE,58.3,59.51,51.45,58.58,4.5,101.55,105.99,105.99,1,1119.2,161.45,1.5,1.889,1.86,-0.029,2114.1,17.99,1491.94,2294.79,1154.88,637.34,1941.15,3.5,3.5,-9.404546284,-9.404546284,9.404546284,9.404546284,9.404546284,0,0,0,1,0,0,0,0,100.041,101.19,94.9,98.2,73,74,54860310,48480618,96.805,102.28,102.251,72.5,1968238,506697.6,0,105.74,1153.37,1.86,60.52,101.55,105.8006667,105.16,1134.302,1129.659,1.86,1.839,60.75,66.846,101.73,103.4025,2,0,0,0,1,0,0,0,0,0,0,0,0,0.01910828
2018-11-30,2,FALSE,FALSE,59.02,58.71,50.93,59.01,4.61,101.7,105.71,105.71,1,1121.2,161.45,1.75,1.897,1.97,0.073,2096.86,18.57,1492.1,2301.52,1157.72,639.46,1922.28,2.7,2.7,-10.20454628,-10.20454628,10.20454628,10.20454628,10.20454628,0,0,0,1,0,0,0,0,100.041,101.19,94.9,98.3,73,74,54860310,48480618,106.485,111.183,102.627,74.9,2052941,506697.6,0,105.99,1154.88,1.86,58.58,101.55,105.6546667,105.177,1139.388,1131.6565,1.86,1.841,59.906,66.087,101.56,103.3375,2,0,0,0,1,0,0,0,0,0,0,0,0,0
2018-12-03,2,FALSE,FALSE,61.19,61.69,52.95,61.29,4.4,102.45,107.47,105.22,3,1110.7,161.05,1.75,1.924,1.97,0.046,2131.93,16.62,1550.77,2385.33,1164.88,652.84,1965.06,11.5,8.4,-1.404546284,-4.504546284,1.404546284,4.504546284,7.404546284,9.5,3.166666667,9.5,3,0,0,0,0,100.041,101.19,94.9,98.3,73,74,51479530,46808199,106.485,111.183,102.627,74.9,2052941,506697.6,0,105.71,1157.72,1.97,59.01,101.7,105.3746667,105.2305,1145.838,1133.033,1.882,1.8485,59.394,65.4465,101.55,103.2525,2,0,0,0,1,0,0,0,0,0,0,0,0,0
2018-12-04,2,FALSE,FALSE,61.54,62.08,53.25,61.74,4.4,102.85,109.88,109.88,1,1105.3,161.87,1.75,1.914,1.97,0.056,2114.35,16.75,1545.2,2348.39,1173.94,651.58,1933.41,6.7,6.7,-6.204546284,-6.204546284,6.204546284,6.204546284,6.204546284,5,5,5,1,0,0,0,0,99.33,101.19,94.9,98.3,73,74,51479530,46808199,106.485,111.183,102.627,74.9,2052941,506697.6,0,105.22,1164.88,1.97,61.29,102.45,105.674,105.4596667,1152.734,1134.751,1.904,1.856,59.756,64.9375,101.76,103.18,2,0,0,0,1,0,0,0,0,0,0,0,0,0
2018-12-05,2,TRUE,FALSE,59.81,61.56,52.89,60.08,4.69,102.65,110.12,110.12,1,1114.1,162.27,1.75,1.901,1.97,0.069,2101.31,17.1,1517.05,2324.59,1166.03,643.72,1907.55,0,0,-12.90454628,-12.90454628,12.90454628,12.90454628,12.90454628,0,0,0,1,0,0,0,0,99.33,101.19,94.9,98.3,73,74,51479530,46808199,106.485,111.183,102.627,74.9,2052941,506697.6,0,109.88,1173.94,1.97,61.74,102.85,106.508,105.6781667,1160.958,1137.117,1.926,1.8635,60.228,64.451,102.02,103.1475,2,0,0,0,1,0,0,0,0,0,0,0,0,0
2018-12-06,2,TRUE,FALSE,59.85,60.06,51.49,59.95,4.44,102.55,110.26,110.26,1,1120.3,162.72,1.75,1.839,1.97,0.131,2068.69,18.96,1501.68,2290.08,1154.92,636.21,1846.43,2.4,2.4,-10.50454628,-10.50454628,10.50454628,10.50454628,10.50454628,0,0,0,1,0,0,0,0,99.33,101.19,94.9,98.3,73,74,51479530,46808199,106.485,111.183,102.627,74.9,2052941,506697.6,0,110.12,1166.03,1.97,60.08,102.65,107.384,105.9041667,1163.49,1139.4595,1.948,1.871,60.14,63.9045,102.24,103.0075,2,0,0,0,1,0,0,0,0,0,0,0,0,0
2018-12-07,2,TRUE,FALSE,58.39,61.67,52.61,58.52,4.51,102.55,111.86,111.86,1,1119.8,162.75,1.75,1.834,1.97,0.136,2075.76,18.15,1497.97,2275.96,1158.85,643.62,1852.07,-7.3,-7.3,-20.20454628,-20.20454628,20.20454628,20.20454628,20.20454628,0,0,0,1,0,0,0,0,99.33,101.19,94.9,98.3,73,74,51479530,46808199,106.485,111.183,102.627,74.9,2052941,506697.6,0,110.26,1154.92,1.97,59.95,102.55,108.238,106.1306667,1163.498,1140.495,1.97,1.878,60.414,63.3165,102.44,102.8675,2,0,0,0,1,0,0,0,0,0,0,0,0,0
2018-12-10,2,FALSE,FALSE,60.22,59.97,51,60.29,4.54,102.65,107.42,105.65,3,1126.5,163.22,1.75,1.803,1.97,0.167,2053.79,19.82,1492.3,2224.73,1166.09,634.05,1780.44,-2.5,-6,-15.40454628,-18.90454628,15.40454628,18.90454628,21.20454628,0,0,0,3,0,0,0,0,99.33,101.19,94.9,98.3,73,74,51479530,46808199,106.485,111.183,102.627,74.9,2052941,506697.6,0,111.86,1158.85,1.97,58.52,102.55,109.468,106.4371667,1163.724,1141.2125,1.97,1.885,60.316,62.7645,102.61,102.7,2,0,0,0,1,0,0,0,0,0,0,0,0,0.041666667
2018-12-11,2,FALSE,FALSE,58.37,60.2,51.65,58.59,4.53,102.15,110.88,110.88,1,1130.1,163.75,1.75,1.792,1.97,0.178,2052.97,18.62,1482.55,2225.65,1166.32,630.96,1778.04,0.2,0.2,-12.70454628,-12.70454628,12.70454628,12.70454628,12.70454628,0,0,0,1,0,0,0,0,99.33,101.19,94.9,98.3,73,74,51479530,46808199,106.485,111.183,102.627,74.9,2052941,506697.6,0,105.65,1166.09,1.97,60.29,102.65,109.554,106.5715,1163.966,1142.7045,1.97,1.892,60.116,62.2265,102.65,102.54,2,0,0,0,1,0,0,0,0,0,0,0,0,0
2018-12-12,2,FALSE,FALSE,59.23,60.15,51.15,59.51,4.53,101.65,111.53,111.53,1,1128.5,163.89,1.75,1.803,1.97,0.167,2082.57,17.25,1504.01,2258.73,1164.05,642.73,1820.67,-1.9,-1.9,-14.80454628,-14.80454628,14.80454628,14.80454628,14.80454628,0,0,0,1,0,0,0,0,99.33,101.19,94.9,98.3,73,74,51479530,46808199,106.485,111.183,102.627,74.9,2052941,506697.6,0,110.88,1166.32,1.97,58.59,102.15,109.754,106.851,1162.442,1144.5475,1.97,1.8985,59.486,61.7215,102.51,102.3725,2,0,0,0,1,0,0,0,0,0,0,0,0,0
2018-12-13,2,FALSE,FALSE,58.81,61.45,52.58,58.88,4.31,102.15,112.26,112.26,1,1123.4,163.63,1.75,1.795,1.97,0.175,2095.55,15.87,1515.78,2275.87,1168.63,661.37,1841.99,-2.2,-2.2,-15.10454628,-15.10454628,15.10454628,15.10454628,15.10454628,1.3,1.3,1.3,1,0,0,0,0,99.33,101.19,94.9,98.3,73,74,51479530,46808199,106.485,111.183,102.627,74.9,2052941,506697.6,0,111.53,1164.05,1.97,59.51,101.65,110.036,107.1575,1162.046,1146.61,1.97,1.905,59.372,61.458,102.31,102.2875,2,0,0,0,1,0,0,0,0,0,0,0,0,0
2018-12-14,2,FALSE,FALSE,59.67,60.28,51.2,59.83,3.99,102.3,112.62,112.62,1,1130.8,164.14,1.75,1.781,1.97,0.189,2069.38,17.65,1520.61,2275.81,1161.51,658.93,1770.17,-4.4,-4.4,-17.30454628,-17.30454628,17.30454628,17.30454628,17.30454628,0,0,0,1,0,0,0,0,99.33,101.19,94.9,98.3,73,74,51479530,46808199,106.485,111.183,102.627,74.9,2052941,506697.6,0,112.26,1168.63,1.97,58.88,102.15,110.436,107.4275,1164.788,1149.331,1.97,1.9115,59.158,61.113,102.23,102.1875,2,0,0,0,1,0,0,0,0,0,0,0,0,0
2018-12-17,2,TRUE,FALSE,58.92,59.61,49.88,59.22,3.8,101.85,112.2,109.56,3,1131.3,164.08,1.75,1.795,1.97,0.175,2071.09,17.44,1536.45,2267.63,1174.07,656.31,1769.92,1.6,-0.266666667,-11.30454628,-13.17121295,11.30454628,13.17121295,15.30454628,0.3,0.2,0.6,3,0,0,0,0,99.33,101.19,94.9,98.3,73,74,51479530,46808199,106.485,111.183,102.627,74.9,2052941,506697.6,0,112.62,1161.51,1.97,59.83,102.3,110.588,107.74,1165.32,1151.08,1.97,1.918,59.42,60.757,102.18,102.1775,2,0,0,0,1,0,0,0,0,0,0,0,0,0
2018-12-18,2,FALSE,FALSE,57.21,56.26,46.24,57.52,3.8,101.5,111.77,111.77,1,1129.6,163.92,1.75,1.795,1.97,0.175,2062.11,17.98,1537.85,2219.73,1185.21,659.52,1736.55,2.6,2.6,-10.30454628,-10.30454628,10.30454628,10.30454628,10.30454628,0,0,0,1,0,0,0,0,99.33,101.19,94.9,98.3,73,74,51479530,46808199,106.485,111.183,102.627,74.9,2052941,506697.6,0,109.56,1174.07,1.97,59.22,101.85,111.37,108.1256667,1166.916,1153.258,1.97,1.9245,59.206,60.3905,102.02,102.1225,2,0,0,0,1,0,0,0,0,0,0,0,0,0
2018-12-19,2,TRUE,FALSE,55.05,57.24,47.2,55.55,3.64,101.6,112.34,112.34,1,1123.5,163.09,1.75,1.783,1.97,0.187,2078.84,17.85,1543.08,2261.64,1170.76,649.75,1749.93,4,4,-8.904546284,-8.904546284,8.904546284,8.904546284,8.904546284,0,0,0,1,0,0,0,0,99.33,101.19,94.9,98.3,73,74,51479530,46808199,106.485,111.183,102.627,74.9,2052941,506697.6,0,111.77,1185.21,1.97,57.52,101.5,111.548,108.4246667,1170.694,1155.984,1.97,1.931,58.992,59.9755,101.89,102.0825,2,0,0,0,1,0,0,0,0,0,0,0,0,-0.04
2018-12-20,2,FALSE,FALSE,54.47,54.35,45.88,54.91,3.7,101.65,112.26,112.26,1,1127.8,163.23,1.75,1.8,1.97,0.17,2060.12,18.57,1538.04,2240.91,1168.28,656.07,1709.81,3.4,3.4,-9.504546284,-9.504546284,9.504546284,9.504546284,9.504546284,0,0,0,1,0,0,0,0,99.33,101.19,94.9,98.3,73,74,51479530,46808199,106.485,111.183,102.627,74.9,2052941,506697.6,0,112.34,1170.76,1.97,55.55,101.6,111.71,108.7326667,1172.036,1157.9685,1.97,1.937,58.2,59.6155,101.88,102.04,2,0,0,0,1,0,0,0,0,0,0,0,0,0
2018-12-21,2,FALSE,FALSE,53.51,53.82,45.59,53.97,3.7,101.7,111.31,111.31,1,1122.4,162.63,1.75,1.838,1.97,0.132,2061.49,18.67,1498.22,2278.2,1162.45,650.49,1731.84,5.6,5.6,-7.304546284,-7.304546284,7.304546284,7.304546284,7.304546284,0,0,0,1,0,0,0,0,99.33,100.49,94.9,98.3,73,74,51479530,46808199,106.485,111.183,102.627,74.9,2052941,506697.6,0,112.26,1168.28,1.97,54.91,101.65,111.71,109.0096667,1171.966,1159.91,1.97,1.9425,57.406,59.221,101.78,102.0025,2,0,0,0,1,0,0,0,0,0,0,0,0,0
2018-12-24,2,FALSE,FALSE,53.51,50.47,42.53,53.97,3.7,101,108.86,107.8366667,3,1125.2,162.94,1.75,1.846,1.97,0.124,2055.01,19.49,1515.05,2274.23,1159.75,640.91,1745.97,-2.3,2.333333333,-15.20454628,-10.57121295,15.20454628,10.57121295,15.20454628,0,0,0,3,0,0,0,0,99.33,100.49,94.9,98.3,73,74,51479530,46808199,106.485,111.183,102.627,74.9,2052941,506697.6,0,111.31,1162.45,1.97,53.97,101.7,111.448,109.2196667,1172.154,1161.759,1.97,1.948,56.234,58.841,101.66,102,2,0,0,0,1,0,0,0,0,0,0,0,0,0.041666667
2018-12-26,2,FALSE,FALSE,49.52,54.47,46.22,50.02,3.42,101,111.48,108.415,2,1125.4,163.25,1.75,1.807,1.97,0.163,2028.01,21.74,1500.42,2260.15,1144.19,626.43,1713.09,-1.5,-0.45,-14.40454628,-13.35454628,14.40454628,13.35454628,14.40454628,0,0,0,2,0,0,0,0,99.33,100.49,94.9,98.3,73,74,51479530,46808199,106.485,111.183,102.627,74.9,2052941,506697.6,0,107.8366667,1159.75,1.97,53.97,101,111.1033333,109.4253333,1169.29,1163.2265,1.97,1.9535,55.184,58.5655,101.49,101.98,2,0,0,0,1,0,0,0,0,0,0,0,0,0
2018-12-27,2,FALSE,FALSE,53.07,52.16,44.61,53.36,3.1,101.55,112.25,112.25,1,1120,162.5,1.75,1.81,1.97,0.16,2028.44,19.26,1489.62,2222.54,1140.11,642.63,1736.19,-10.1,-10.1,-23.00454628,-23.00454628,23.00454628,23.00454628,23.00454628,0,0,0,1,0,0,0,0,99.33,100.49,94.9,98.3,73,74,51479530,46808199,106.485,111.183,102.627,74.9,2052941,506697.6,0,108.415,1144.19,1.97,50.02,101,110.4323333,109.5605833,1161.086,1163.795,1.97,1.959,53.684,58.0975,101.39,101.9525,2,0,0,0,1,0,0,0,0,0,0,0,0,0
2018-12-28,2,FALSE,FALSE,52.86,52.2,45.33,53.11,3.25,101.9,111.68,111.68,1,1115.7,162.43,1.75,1.817,1.97,0.153,2041.04,18.99,1482.16,2224.68,1145.5,642.57,1749.01,-10.5,-10.5,-23.40454628,-23.40454628,23.40454628,23.40454628,23.40454628,0,0,0,1,0,0,0,0,99.33,100.49,94.9,98.4,71,73,51479530,46808199,103.195,109.555,100.281,73.4,1891586,506697.6,0,112.25,1140.11,1.97,53.36,101.55,110.4143333,109.8860833,1154.956,1163.132,1.97,1.9645,53.246,57.7395,101.38,101.9525,2,0,0,0,1,0,0,0,0,0,0,0,0,0
2019-01-02,2,FALSE,FALSE,51.86,54.91,46.54,52.04,3.25,101.1,111.76,106.156,5,1119,163.09,1.75,1.802,1.97,0.168,2010,19.74,1459.35,2148.19,1140.1,624.87,1727.08,-4.9,-5.94,-17.80454628,-18.84454628,17.80454628,18.84454628,20.50454628,0,0,0,5,0,0,0,0,98.988,100.49,94.9,98.4,71,73,48206793,44024694,103.195,109.555,100.281,73.4,1891586,506697.6,0,111.68,1145.5,1.97,53.11,101.9,110.2983333,110.1705833,1150.4,1162.663,1.97,1.97,52.886,57.466,101.43,101.97,2,0,0,0,1,0,0,0,0,0,0,0,0,0
2019-01-03,2,FALSE,FALSE,53.2,55.95,47.09,53.27,2.72,99.6,111.74,111.74,1,1127.7,163.81,1.75,1.796,1.97,0.174,1993.7,19.25,1470.19,2092.35,1150.05,624.45,1657.07,-3.5,-3.5,-16.40454628,-16.40454628,16.40454628,16.40454628,16.40454628,0,0,0,1,0,0,0,0,98.988,100.49,94.9,98.4,71,73,48206793,44024694,103.195,109.555,100.281,73.4,1891586,506697.6,0,106.156,1140.1,1.97,52.04,101.1,109.2675333,110.1928833,1145.93,1161.782,1.97,1.97,52.5,57.1175,101.31,101.94,2,0,0,0,1,0,0,0,0,0,0,0,0,0
2019-01-04,2,FALSE,FALSE,55.59,57.06,47.96,55.61,2.8,99.5,112.3,112.3,1,1124.5,163.51,1.75,1.797,1.97,0.173,2010.25,17.96,1486.04,2093.35,1151.88,626.36,1628.49,-1.1,-1.1,-14.00454628,-14.00454628,14.00454628,14.00454628,14.00454628,0,0,0,1,0,0,0,0,98.988,100.49,94.9,98.4,71,73,48206793,44024694,103.195,109.555,100.281,73.4,1891586,506697.6,0,111.74,1150.05,1.97,53.27,99.6,110.0482,110.5188833,1143.99,1161.0405,1.97,1.97,52.36,56.7165,101.03,101.7975,2,0,0,0,1,0,0,0,0,0,0,0,0,0
2019-01-07,2,FALSE,FALSE,56.79,57.33,48.52,57.11,2.74,99.05,111.22,109.05,3,1118.6,163.33,1.75,1.807,1.97,0.163,2037.1,16.67,1501.75,2169.46,1163.53,638.54,1659.55,-1.9,-2.5,-14.80454628,-15.40454628,14.80454628,15.40454628,15.70454628,0,0,0,3,0,0,0,0,98.988,100.49,94.9,98.4,71,73,48206793,44024694,103.195,109.555,100.281,73.4,1891586,506697.6,0,112.3,1151.88,1.97,55.61,99.5,110.8252,110.6398833,1145.528,1159.9375,1.97,1.97,53.478,56.41,100.73,101.63,2,0,0,0,1,0,0,0,0,0,0,0,0,0
2019-01-08,2,FALSE,FALSE,56.18,58.72,49.78,56.48,2.89,97.8,112.27,112.27,1,1124.1,163.6,1.75,1.81,1.97,0.16,2025.27,16.13,1499.2,2171.23,1168.69,634.97,1661.54,-3.5,-3.5,-16.40454628,-16.40454628,16.40454628,16.40454628,16.40454628,0,0,0,1,0,0,0,0,98.988,100.49,94.9,98.4,71,73,48206793,44024694,103.195,109.555,100.281,73.4,1891586,506697.6,0,109.05,1163.53,1.97,57.11,99.05,110.1852,110.5863833,1150.212,1159.8125,1.97,1.97,54.228,56.2615,100.23,101.45,2,0,0,0,1,0,0,0,0,0,0,0,0,0
2019-01-09,2,TRUE,FALSE,58.07,61.44,52.36,58.45,2.92,98.1,112.7,112.7,1,1122.1,164.08,1.75,1.809,1.97,0.161,2064.71,15.45,1549.56,2212.56,1157.93,645.75,1751.07,-4.7,-4.7,-17.60454628,-17.60454628,17.60454628,17.60454628,17.60454628,0,0,0,1,0,0,0,0,98.988,100.49,94.9,98.4,71,73,48206793,44024694,103.195,109.555,100.281,73.4,1891586,506697.6,0,112.27,1168.69,1.97,56.48,97.8,110.3032,110.6868833,1154.85,1160.501,1.97,1.97,54.902,56.088,99.41,101.2125,2,0,0,0,1,0,0,0,0,0,0,0,0,0
2019-01-10,2,FALSE,FALSE,59.6,61.68,52.59,59.99,2.95,97.85,112.07,112.07,1,1118.3,164.69,1.75,1.796,1.97,0.174,2063.28,15.01,1557.65,2208.62,1164.6,644.02,1778.75,-0.6,-0.6,-13.50454628,-13.50454628,13.50454628,13.50454628,13.50454628,0,0,0,1,0,0,0,0,98.988,100.49,94.9,98.4,71,73,48206793,44024694,103.195,109.555,100.281,73.4,1891586,506697.6,0,112.7,1157.93,1.97,58.45,98.1,111.612,110.7288833,1158.416,1160.455,1.97,1.97,56.184,56.0845,98.81,100.99,2,0,0,0,1,0,0,0,0,0,0,0,0,0
2019-01-11,2,FALSE,FALSE,61.16,60.48,51.59,61.55,2.95,98.05,112.02,112.02,1,1116.4,165.25,1.75,1.804,1.97,0.166,2075.57,14.67,1553.11,2229.56,1181.29,644.14,1779.13,2.4,2.4,-10.50454628,-10.50454628,10.50454628,10.50454628,10.50454628,0,0,0,1,0,0,0,0,98.988,100.49,94.9,98.4,71,73,48206793,44024694,103.195,109.555,100.281,73.4,1891586,506697.6,0,112.07,1164.6,1.97,59.99,97.85,111.678,111.0498833,1161.326,1160.3805,1.97,1.97,57.528,56.0695,98.46,100.75,2,0,0,0,1,0,0,0,0,0,0,0,0,0
2019-01-14,2,FALSE,FALSE,58.92,58.99,50.51,59.37,3.36,97.35,111.48,109.1866667,3,1123,165.89,1.75,1.797,1.97,0.173,2064.52,14.97,1528.83,2216.55,1175.67,647.87,1742.93,1.4,1.8,-11.50454628,-11.10454628,11.50454628,11.10454628,11.70454628,0,0,0,3,0,0,0,0,98.988,100.49,94.9,98.4,71,73,48206793,44024694,103.195,109.555,100.281,73.4,1891586,506697.6,0,112.02,1181.29,1.97,61.55,98.05,111.622,111.1068833,1167.208,1161.129,1.97,1.97,58.716,56.2175,98.17,100.545,2,0,0,0,1,0,0,0,0,0,0,0,0,0
2019-01-15,2,FALSE,FALSE,58.63,60.64,52.11,58.98,3.54,98.7,112.32,112.32,1,1120.7,165.81,1.75,1.797,1.97,0.173,2097.18,15.06,1553.39,2238.02,1180.68,653.1,1776.68,-1.7,-1.7,-14.60454628,-14.60454628,14.60454628,14.60454628,14.60454628,0,0,0,1,0,0,0,0,98.988,100.49,94.9,98.4,71,73,48206793,44024694,103.195,109.555,100.281,73.4,1891586,506697.6,0,109.1866667,1175.67,1.97,59.37,97.35,111.6493333,110.9897167,1169.636,1161.71,1.97,1.97,59.168,56.2105,97.83,100.33,2,0,0,0,1,0,0,0,0,0,0,0,0,0
2019-01-16,2,FALSE,FALSE,60.15,61.32,52.31,60.46,3.58,99.7,112.32,112.32,1,1120.1,165.45,1.75,1.803,1.97,0.167,2106.1,14.62,1559.7,2255.28,1186.16,662.08,1798.69,-5.2,-5.2,-18.10454628,-18.10454628,18.10454628,18.10454628,18.10454628,0,0,0,1,0,0,550000,0,98.988,100.49,94.9,98.4,71,73,48206793,44024694,103.195,109.555,100.281,73.4,1891586,506697.6,0,112.32,1180.68,1.97,58.98,98.7,111.6593333,110.9927167,1172.034,1162.3125,1.97,1.97,59.668,56.2155,98.01,100.1575,2,0,0,0,1,0,0,0,0,0,0,0,0,0
2019-01-17,2,FALSE,FALSE,60.03,61.18,52.07,60.48,3.58,100.3,112.16,112.16,1,1122.5,165.8,1.75,1.795,1.97,0.175,2107.06,14.98,1550.46,2257.56,1190.15,652.62,1807.63,-0.3,-0.3,-13.20454628,-13.20454628,13.20454628,13.20454628,13.20454628,0,0,0,1,0,0,550000,0,98.988,100.49,94.9,98.4,71,73,48206793,44024694,103.195,109.555,100.281,73.4,1891586,506697.6,0,112.32,1186.16,1.97,60.46,99.7,111.5833333,110.9777167,1177.68,1163.545,1.97,1.97,60.07,56.247,98.33,100.0275,2,0,0,0,1,0,0,0,0,0,0,0,0,0
2019-01-18,2,FALSE,FALSE,61.12,62.7,53.8,61.45,3.43,99.75,111.73,111.73,1,1121.9,165.37,1.75,1.814,1.97,0.156,2124.28,14.32,1557.33,2285.41,1198.22,655.48,1825.36,0.6,0.6,-12.30454628,-12.30454628,12.30454628,12.30454628,12.30454628,0,0,0,1,0,1,550000,0,98.988,100.49,94.9,98.4,71,73,48206793,44024694,103.195,109.555,100.281,73.4,1891586,506697.6,0,112.16,1190.15,1.97,60.48,100.3,111.6013333,111.1077167,1182.79,1164.349,1.97,1.97,60.168,56.31,98.82,99.95,2,0,0,0,1,0,0,0,0,0,0,0,0,0
2019-01-21,2,FALSE,FALSE,61.88,62.74,53.8,62.22,3.43,99.35,111.68,109.2633333,3,1128.1,165.9,1.75,1.821,1.97,0.149,2124.61,14.64,1580.44,2301.48,1190.74,650.59,1880.18,-1.2,0.333333333,-14.10454628,-12.57121295,14.10454628,12.57121295,14.30454628,0,0,0,3,1,1,550000,0,98.988,100.49,94.9,98.4,71,73,48206793,44024694,103.195,109.555,100.281,73.4,1891586,506697.6,0,111.73,1198.22,1.97,61.45,99.75,111.5433333,111.1057167,1186.176,1164.9995,1.97,1.97,60.148,56.5065,99.16,99.8625,2,0,0,0,1,0,0,0,0,0,0,0,0,0
2019-01-22,2,FALSE,FALSE,61.43,61.5,52.57,61.63,3.43,99.2,112,112,1,1130.5,165.93,1.75,1.803,1.97,0.167,2117.77,14.93,1573.88,2289.09,1189.2,650.2,1861.49,1.7,1.7,-11.20454628,-11.20454628,11.20454628,11.20454628,11.20454628,0,0,0,1,1,1,550000,0,98.988,100,94.9,98.4,71,73,48206793,44024694,103.195,109.555,100.281,73.4,1891586,534085.8,0,109.2633333,1190.74,1.97,62.22,99.35,111.5586667,110.9518833,1189.19,1165.9985,1.97,1.97,60.718,56.84,99.56,99.75,2,0,0,0,1,0,0,0,0,0,0,0,0,0
2019-01-23,2,TRUE,FALSE,61.23,61.14,52.62,61.32,3.13,99.2,112.08,112.08,1,1127.3,166.03,1.75,1.803,1.97,0.167,2127.78,14.8,1576.65,2293.9,1199.47,663.51,1866.4,2,2,-10.90454628,-10.90454628,10.90454628,10.90454628,10.90454628,0,0,0,1,1,1,550000,0,98.988,100,94.9,98.4,71,73,48206793,44024694,103.195,109.555,100.281,73.4,1891586,534085.8,0,112,1189.2,1.97,61.63,99.2,111.4946667,110.9388833,1190.894,1167.0445,1.97,1.97,61.248,57.176,99.66,99.6275,2,0,0,0,1,0,0,0,0,0,0,0,0,0
2019-01-24,2,FALSE,FALSE,60.41,61.09,53.13,60.51,3.13,99,111.97,111.97,1,1128.6,166.12,1.75,1.81,1.97,0.16,2145.03,14.03,1557.94,2280.86,1197.68,673.65,1916.22,0.1,0.1,-12.80454628,-12.80454628,12.80454628,12.80454628,12.80454628,0,0,0,1,1,1,0,0,98.988,100,94.9,98.4,71,73,48206793,44024694,103.195,109.555,100.281,73.4,1891586,534085.8,0,112.08,1199.47,1.97,61.32,99.2,111.4466667,110.9773833,1193.556,1168.8955,1.97,1.97,61.42,57.5435,99.56,99.5025,2,0,0,0,1,0,0,0,0,0,0,0,0,0
2019-01-25,2,TRUE,FALSE,61.16,61.64,53.69,61.31,3.07,98.75,111.76,111.76,1,1121.3,165.38,1.75,1.812,1.97,0.158,2177.73,14.42,1572.89,2331.84,1197.96,680.26,1978.81,-1.2,-1.2,-14.10454628,-14.10454628,14.10454628,14.10454628,14.10454628,0,0,0,1,1,1,0,0,98.988,100,94.9,98.4,71,73,48206793,44024694,103.195,109.555,100.281,73.4,1891586,534085.8,0,111.97,1197.68,1.97,60.51,99,111.4086667,111.18405,1195.062,1170.792,1.97,1.97,61.426,57.8705,99.3,99.4025,2,0,0,0,1,0,0,0,0,0,0,0,0,0.02
2019-01-28,2,FALSE,FALSE,60.32,59.93,51.99,60.44,3.05,99.45,111.26,110.2133333,3,1117.7,165.69,1.75,1.82,1.97,0.15,2177.3,14.94,1567.65,2333.34,1193.41,676.38,1974.98,1.2,-0.466666667,-11.70454628,-13.37121295,11.70454628,13.37121295,15.40454628,0,0,0,3,0,1,0,0,98.988,100,94.9,98.4,71,73,48206793,44024694,103.195,109.555,100.281,73.4,1891586,534085.8,0,111.76,1197.96,1.97,61.31,98.75,111.4146667,111.3513,1195.01,1173.4805,1.97,1.97,61.398,58.435,99.1,99.29,2,0,0,0,1,0,0,0,0,0,0,0,0,0
2019-01-29,2,TRUE,FALSE,59.44,61.32,53.31,59.52,2.94,99.2,112.03,112.03,1,1116.5,165.27,1.75,1.823,1.97,0.147,2183.36,15.18,1568.92,2356.11,1191.76,664.54,2004.09,-0.2,-0.2,-13.10454628,-13.10454628,13.10454628,13.10454628,13.10454628,0,0,0,1,0,0,0,0,98.988,100,94.9,98.4,71,73,48206793,44024694,103.195,109.555,100.281,73.4,1891586,534085.8,0,110.2133333,1193.41,1.97,60.44,99.45,111.6046667,111.2494667,1195.544,1176.1455,1.97,1.97,61.042,58.789,99.12,99.185,2,0,0,0,1,0,0,0,0,0,0,0,0,0
2019-01-30,2,TRUE,FALSE,60.93,61.65,54.23,60.83,3,99.3,112.01,112.01,1,1116.3,165.85,1.75,1.827,1.97,0.143,2206.2,16.99,1609.27,2378.28,1195.76,680.36,2059.14,1.8,1.8,-11.10454628,-11.10454628,11.10454628,11.10454628,11.10454628,0,0,0,1,0,0,0,0,98.988,100,94.9,98.4,67,71,48206793,44024694,103.195,109.555,100.281,73.4,1891586,534085.8,0,112.03,1191.76,1.97,59.52,99.2,111.6106667,111.2669667,1196.056,1178.4585,1.97,1.97,60.62,59.1095,99.12,99.05,2,0,0,0,1,0,0,0,0,0,0,0,0,0
2019-01-31,2,FALSE,FALSE,61.82,61.89,53.79,62,2.82,99,112.2,112.2,1,1112.7,165.68,1.75,1.809,1.97,0.161,2204.85,15.51,1606.56,2369.95,1216.39,680.25,2030.85,-2,-2,-14.90454628,-14.90454628,14.90454628,14.90454628,14.90454628,0,0,0,1,0,0,0,0,98.988,100,94.9,98.4,67,71,48206793,44024694,100.376,106.84,103.471,71.9,2529300,534085.8,0,112.01,1195.76,1.97,60.83,99.3,111.5966667,111.5596667,1195.314,1181.2415,1.97,1.97,60.522,59.549,99.14,98.96,2,0,0,0,1,0,0,0,0,0,0,0,0,0
2019-02-01,2,FALSE,FALSE,60.87,62.75,55.26,61.2,2.7,98.35,109.06,109.06,1,1118.8,165.84,1.75,1.803,1.97,0.167,2203.46,14.86,1606.44,2362.4,1211.23,680.79,2041.9,-2.1,-2.1,-15.00454628,-15.00454628,15.00454628,15.00454628,15.00454628,0.3,0.3,0.3,1,0,0,550000,0,98.884,100,94.9,98.4,67,71,46168934,45153389,100.376,106.84,103.471,71.9,2529300,534085.8,0,112.2,1216.39,1.97,62,99,111.6426667,111.5826667,1199.056,1184.5585,1.97,1.97,60.82,59.9855,99.14,98.93,2,0,0,0,1,0,0,0,0,0,0,0,0,0
2019-02-07,2,FALSE,FALSE,62.51,61.63,52.64,62.66,2.62,97.8,106.39,90.915,6,1124.1,165.91,1.75,1.801,1.97,0.169,2203.42,14.75,1621.04,2374.93,1207.04,683.73,2100.22,-2.1,1.65,-15.00454628,-11.25454628,15.00454628,11.25454628,15.00454628,0.5,2.75,16.5,6,0,0,550000,0,98.884,100,94.9,98.4,67,71,46168934,45153389,100.376,106.84,103.471,71.9,2529300,534085.8,0,109.06,1211.23,1.97,61.2,98.35,111.1026667,111.4206667,1201.71,1187.526,1.97,1.97,60.798,60.265,99.06,98.8725,2,0,0,0,1,0,0,0,0,0,0,0,0,0
2019-02-08,2,TRUE,FALSE,61.62,62.1,52.72,61.71,2.66,97.2,108.61,108.61,1,1123.9,165.55,1.75,1.786,1.97,0.184,2177.05,14.83,1580.02,2335.79,1208.59,677.74,2045.99,-6.1,-6.1,-19.00454628,-19.00454628,19.00454628,19.00454628,19.00454628,0,0,0,1,0,1,550000,0,98.884,100,94.9,98.4,67,71,46168934,45153389,100.376,106.84,103.471,71.9,2529300,534085.8,0,90.915,1207.04,1.97,62.66,97.8,107.243,110.5139167,1204.436,1189.7015,1.97,1.97,61.242,60.5425,98.73,98.81,2,0,0,0,1,0,0,0,0,0,0,0,0,0
2019-02-11,2,FALSE,FALSE,62.02,61.51,52.41,62.06,2.76,96.7,109.72,107.4966667,3,1124.7,165.81,1.75,1.781,1.97,0.189,2180.73,14.87,1572.68,2341.14,1214.58,676.42,2039.26,-3,-4.466666667,-15.90454628,-17.37121295,15.90454628,17.37121295,18.30454628,0,0,0,3,1,1,550000,0,98.884,100,94.9,98.4,67,71,46168934,45153389,100.376,106.84,103.471,71.9,2529300,534085.8,0,108.61,1208.59,1.97,61.71,97.2,106.559,110.3309167,1207.802,1191.6965,1.97,1.97,61.68,60.804,98.33,98.78,2,0,0,0,1,0,0,0,0,0,0,0,0,0
2019-02-12,2,FALSE,FALSE,62.23,62.42,53.1,62.24,2.71,95.65,109.08,109.08,1,1123.9,165.52,1.75,1.796,1.97,0.174,2190.47,14.88,1574.06,2332.9,1208.56,676.07,2080.6,-0.6,-0.6,-13.50454628,-13.50454628,13.50454628,13.50454628,13.50454628,0,0,0,1,1,1,550000,0,98.884,100,94.9,98.4,67,71,46168934,45153389,100.376,106.84,103.471,71.9,2529300,534085.8,0,107.4966667,1214.58,1.97,62.06,96.7,105.6563333,110.07075,1211.566,1194.529,1.97,1.97,61.926,60.9845,97.81,98.71,2,0,0,0,1,0,0,0,0,0,0,0,0,0.001960784
2019-02-13,2,FALSE,FALSE,63.34,63.61,53.9,63.46,2.61,95.7,109.59,109.59,1,1121.7,165.94,1.75,1.801,1.97,0.169,2201.48,15.77,1575.66,2373.55,1213.89,678.72,2142.76,-2.1,-2.1,-15.00454628,-15.00454628,15.00454628,15.00454628,15.00454628,0,0,0,1,1,1,550000,0,98.884,100,94.9,98.4,67,71,46168934,45153389,100.376,106.84,103.471,71.9,2529300,534085.8,0,109.08,1208.56,1.97,62.24,95.65,105.0323333,109.92125,1210,1196.727,1.97,1.97,61.974,61.097,97.14,98.6,2,0,0,0,1,0,0,0,0,0,0,0,0,0
2019-02-14,2,TRUE,FALSE,65.32,64.57,54.41,65.56,2.61,94.95,109.74,109.74,1,1125.1,166.19,1.75,1.794,1.97,0.176,2225.85,13.76,1587.14,2386.76,1218.89,678.1,2190.18,-0.5,-0.5,-13.40454628,-13.40454628,13.40454628,13.40454628,13.40454628,0,0,0,1,1,1,0,0,98.884,100,94.9,98.4,67,71,46168934,45153389,100.376,106.84,103.471,71.9,2529300,534085.8,0,109.59,1213.89,1.97,63.46,95.7,105.1383333,109.79975,1210.532,1198.357,1.97,1.97,62.426,61.1925,96.61,98.4825,2,0,0,0,1,0,0,0,0,0,0,0,0,0.058708415
2019-02-15,2,FALSE,FALSE,65.12,66.25,55.59,65.22,2.59,94.85,109.68,109.68,1,1128.7,166.33,1.75,1.779,1.97,0.191,2196.09,14.24,1568.76,2367.74,1206.81,677.63,2116.98,-0.8,-0.8,-13.70454628,-13.70454628,13.70454628,13.70454628,13.70454628,2.2,2.2,2.2,1,1,1,0,0,98.884,100,94.9,98.4,67,71,46168934,45153389,100.376,106.84,103.471,71.9,2529300,534085.8,0,109.74,1218.89,1.97,65.56,94.95,108.9033333,109.8274167,1212.902,1200.518,1.97,1.97,63.006,61.502,96.04,98.3625,2,0,0,0,1,0,0,0,0,0,0,0,0,0
2019-02-18,2,TRUE,FALSE,66.73,66.5,55.59,66.85,2.59,95,109.95,107.8766667,3,1125.8,166.24,1.75,1.804,1.97,0.166,2210.89,14.29,1580.64,2430.5,1202.32,679.82,2144.24,0.9,-1.2,-12.00454628,-14.10454628,12.00454628,14.10454628,15.60454628,0,0.066666667,0.2,3,0,1,0,0,98.884,100,94.9,98.4,67,71,46168934,45153389,100.376,106.84,103.471,71.9,2529300,534085.8,0,109.68,1206.81,1.97,65.22,94.85,109.1173333,109.6954167,1212.546,1201.8245,1.97,1.97,63.708,61.814,95.57,98.17,2,0,0,0,1,0,0,0,0,0,0,0,0,-0.001848429
2019-02-19,2,TRUE,FALSE,66.48,66.45,56.09,66.6,2.69,95.2,109.99,109.99,1,1128.2,166.3,1.75,1.8,1.97,0.17,2205.63,15.15,1588.89,2433.72,1204.92,678.59,2137.55,1.4,1.4,-11.50454628,-11.50454628,11.50454628,11.50454628,11.50454628,4.6,4.6,4.6,1,0,0,0,0,98.884,100,94.9,98.4,67,71,46168934,45153389,100.376,106.84,103.471,71.9,2529300,534085.8,0,107.8766667,1202.32,1.97,66.85,95,109.1933333,109.47325,1210.094,1202.6325,1.97,1.97,64.666,62.1335,95.23,97.935,2,0,0,0,1,0,0,0,0,0,0,0,0,0
2019-02-20,2,TRUE,FALSE,66.38,67.08,56.92,66.41,2.69,95.2,109.68,109.68,1,1123.5,167.02,1.75,1.802,1.97,0.168,2229.76,14.64,1628.87,2468.36,1214.62,679.73,2184.13,1.7,1.7,-11.20454628,-11.20454628,11.20454628,11.20454628,11.20454628,0,0,0,1,0,0,0,0,98.884,100,94.9,98.4,67,71,46168934,45153389,100.376,106.84,103.471,71.9,2529300,534085.8,0,109.99,1204.92,1.97,66.6,95.2,109.3753333,109.36475,1209.366,1203.371,1.97,1.97,65.538,62.4395,95.14,97.68,2,0,0,0,1,0,0,0,0,0,0,0,0,-0.037037037
2019-02-21,2,TRUE,FALSE,67.12,67.07,56.96,67.16,2.73,95.2,109.27,109.27,1,1125.2,167.85,1.75,1.811,1.97,0.159,2228.66,14.53,1631.86,2441.03,1211.73,674.87,2181.93,2.4,2.4,-10.50454628,-10.50454628,10.50454628,10.50454628,10.50454628,0,0,0,1,0,0,0,0,98.884,100,94.9,98.4,67,71,46168934,45153389,100.376,106.84,103.471,71.9,2529300,534085.8,0,109.68,1214.62,1.97,66.41,95.2,109.3933333,109.26225,1209.512,1204.191,1.97,1.97,66.128,62.6875,95.04,97.4525,2,0,0,0,1,0,0,0,0,0,0,0,0,0
2019-02-22,2,TRUE,FALSE,67.22,67.12,57.26,67.26,2.74,95.05,109.34,109.34,1,1125.2,167.3,1.75,1.814,1.97,0.156,2230.5,14.2,1636.23,2421.07,1207.59,678.04,2176.23,4,4,-8.904546284,-8.904546284,8.904546284,8.904546284,8.904546284,0,0,0,1,0,0,0,0,98.884,99.89,94.9,98.4,67,71,46168934,45153389,100.376,106.84,103.471,71.9,2529300,534085.8,0,109.27,1211.73,1.97,67.16,95.2,109.2993333,109.2625833,1208.08,1205.2405,1.97,1.97,66.448,62.9345,95.09,97.245,2,0,0,0,1,0,0,0,0,0,0,0,0,0
2019-02-25,2,FALSE,FALSE,66.84,64.76,55.48,66.88,2.84,93.7,109.12,106.17,3,1121,167.7,1.75,1.819,1.97,0.151,2232.56,14.59,1641.14,2433.31,1207.42,674.5,2225.27,4.7,5.933333333,-8.204546284,-6.971212951,8.204546284,6.971212951,8.204546284,0,0,0,3,0,0,0,0,98.884,99.89,94.9,98.4,67,71,46168934,45153389,100.376,106.84,103.471,71.9,2529300,534085.8,0,109.34,1207.59,1.97,67.26,95.05,109.2313333,109.1295833,1208.236,1206.16,1.97,1.97,66.856,63.216,95.13,97.0375,2,0,0,0,1,0,0,0,0,0,0,0,0,0
2019-02-26,2,FALSE,FALSE,64.56,65.21,55.5,64.59,2.74,94.8,109.18,109.18,1,1118.6,166.96,1.75,1.816,1.97,0.154,2226.6,14.63,1655.84,2419.48,1209.28,675.37,2195.3,5.2,5.2,-7.704546284,-7.704546284,7.704546284,7.704546284,7.704546284,0,0,0,1,0,0,0,0,98.884,99.89,94.9,98.4,67,71,46168934,45153389,100.376,106.84,103.471,71.9,2529300,534085.8,0,106.17,1207.42,1.97,66.88,93.7,108.89,108.8340833,1209.256,1206.5575,1.97,1.97,66.862,63.494,94.87,96.7625,2,0,0,0,1,0,0,0,0,0,0,0,0,0.001923077
2019-02-27,2,TRUE,FALSE,65.3,66.39,56.94,65.35,2.89,94.9,108.37,108.37,1,1119.1,167.25,1.75,1.808,1.97,0.162,2234.79,14.54,1646.67,2456.74,1208.57,669.3,2183.5,7.8,7.8,-5.104546284,-5.104546284,5.104546284,5.104546284,5.104546284,0,0,0,1,0,0,0,0,98.884,99.89,94.9,98.4,69,70,46168934,45153389,100.376,106.84,103.471,71.9,2529300,534085.8,0,109.18,1209.28,1.97,64.59,94.8,108.728,108.6945833,1210.128,1207.1375,1.97,1.97,66.46,63.698,94.79,96.5525,2,0,0,0,1,0,0,0,0,0,0,0,0,0.003838772
2019-02-28,2,FALSE,FALSE,65.98,66.03,57.22,66.03,2.89,96.05,108.21,108.21,1,1124.7,168.1,1.75,1.813,1.97,0.157,2195.44,15.49,1609.38,2425.52,1196.65,646.85,2094.22,6.6,6.6,-6.304546284,-6.304546284,6.304546284,6.304546284,6.304546284,0,0,0,1,0,0,0,0,98.884,99.89,95,98.8,69,70,46168934,45153389,98.026,112.704,110.507,73.1,2020515,534085.8,0,108.37,1208.57,1.97,65.35,94.9,108.466,108.5250833,1208.918,1207.668,1.97,1.97,66.248,63.9,94.73,96.36,2,0,0,0,1,0,0,0,0,0,0,0,0,0.013384321
2019-03-04,2,FALSE,FALSE,65.36,65.67,56.59,65.37,4.25,98.15,113.46,109.9775,4,1124.9,168.03,1.75,1.834,1.97,0.136,2190.66,15.01,1621.59,2411.97,1200.89,638.11,2125.06,9.9,8.425,-3.004546284,-4.479546284,3.004546284,4.479546284,6.304546284,0,0,0,4,0,0,0,0,98.884,99.89,95,98.8,69,70,39481803,36651437,98.026,112.704,110.507,73.1,2020515,534085.8,0,108.21,1196.65,1.97,66.03,96.05,108.254,108.4249167,1205.902,1207.83,1.97,1.97,66.022,64.1795,94.9,96.19,2,0,0,0,1,0,0,0,0,0,0,0,0,0
2019-03-05,2,FALSE,FALSE,65.73,65.86,56.56,65.74,3.18,98.05,113.67,113.67,1,1125.5,167.92,1.75,1.836,1.97,0.134,2179.23,14.75,1592.05,2390.72,1206.55,637.62,2098.16,8.4,8.4,-4.504546284,-4.504546284,4.504546284,4.504546284,4.504546284,0,0,0,1,0,0,0,0,99.311,99.89,95,98.8,69,70,39481803,36651437,98.026,112.704,110.507,73.1,2020515,534085.8,0,109.9775,1200.89,1.97,65.37,98.15,108.3815,108.3222917,1204.562,1208.2865,1.97,1.97,65.644,64.472,95.52,96.1375,2,0,0,0,1,0,0,0,0,0,0,0,0,0
2019-03-06,2,FALSE,FALSE,65.85,65.99,56.22,65.84,3.18,97.45,113.54,113.54,1,1128.8,167.95,1.75,1.828,1.97,0.142,2175.6,14.53,1590.68,2400.77,1206.26,633.75,2082.19,8.4,8.4,-4.504546284,-4.504546284,4.504546284,4.504546284,4.504546284,0,0,0,1,0,0,550000,0,99.311,99.89,95,98.8,69,70,39481803,36651437,98.026,112.704,110.507,73.1,2020515,534085.8,0,113.67,1206.55,1.97,65.74,98.05,109.8815,108.4052917,1204.388,1208.826,1.97,1.97,65.416,64.7175,96.39,96.075,2,0,0,0,1,0,0,0,0,0,0,0,0,0
2019-03-07,2,TRUE,FALSE,66.47,66.3,56.66,66.47,2.9,97.6,113.26,113.26,1,1129,168.11,1.75,1.817,1.97,0.153,2165.79,14.55,1575.4,2351.12,1197.2,628.46,2063.75,7,7,-5.904546284,-5.904546284,5.904546284,5.904546284,5.904546284,0,0,0,1,0,0,550000,0,99.311,99.89,95,98.8,69,70,39481803,36651437,98.026,112.704,110.507,73.1,2020515,534085.8,0,113.54,1206.26,1.97,65.84,97.45,110.7535,108.4722917,1203.784,1208.3195,1.97,1.97,65.666,64.9095,96.92,95.9975,2,0,0,0,1,0,0,0,0,0,0,0,0,0
2019-03-08,2,TRUE,FALSE,65.77,65.74,56.07,65.77,2.9,95.55,113.51,113.51,1,1136.2,168.9,1.75,1.802,1.97,0.168,2137.44,15.17,1543.7,2336.31,1195.55,620.62,2041.75,6.1,6.1,-6.804546284,-6.804546284,6.804546284,6.804546284,6.804546284,0,0,0,1,0,1,550000,0,99.311,99.89,95,98.8,69,70,39481803,36651437,98.026,112.704,110.507,73.1,2020515,534085.8,0,113.26,1197.2,1.97,66.47,97.6,111.7315,108.6822917,1201.51,1207.618,1.97,1.97,65.89,65.173,97.46,95.96,2,0,0,0,1,0,0,0,0,0,0,0,0,0
2019-03-11,2,TRUE,FALSE,66.81,66.58,56.79,66.84,2.86,94.55,112.48,110.5733333,3,1133.7,168.5,1.75,1.81,1.97,0.16,2138.1,15.58,1548.05,2313.95,1207.87,620.4,2074.72,6.6,7.966666667,-6.304546284,-4.937879618,6.304546284,4.937879618,6.304546284,0,0,0,3,1,1,550000,0,99.311,99.89,95,98.8,69,70,39481803,36651437,98.026,112.704,110.507,73.1,2020515,534085.8,0,113.51,1195.55,1.97,65.77,95.55,112.7915,109.8120417,1201.29,1207.0435,1.97,1.97,65.838,65.3285,97.36,95.8475,2,0,0,0,1,0,0,0,0,0,0,0,0,0
2019-03-12,2,TRUE,FALSE,67.15,66.67,56.87,67.19,2.83,95.05,113.91,113.91,1,1129.8,167.93,1.75,1.81,1.98,0.17,2157.18,14.6,1560.59,2340.82,1217.44,623.74,2125.77,3.9,3.9,-9.004546284,-9.004546284,9.004546284,9.004546284,9.004546284,0,0,0,1,1,1,550000,0,99.311,99.89,95,98.8,69,70,39481803,36651437,98.026,112.704,110.507,73.1,2020515,534085.8,0,110.5733333,1207.87,1.97,66.84,94.55,112.9106667,109.9102083,1202.686,1207.0075,1.97,1.97,66.132,65.585,96.64,95.715,2,0,0,0,1,0,0,0,0,0,0,0,0,0
2019-03-13,2,FALSE,FALSE,67.22,67.55,58.26,67.27,2.87,94.5,113.21,113.21,1,1132.6,168.52,1.75,1.795,1.98,0.185,2148.41,14.79,1573.52,2326.12,1226.39,620.87,2142.36,3.5,3.5,-9.404546284,-9.404546284,9.404546284,9.404546284,9.404546284,0,0,0,1,1,1,550000,0,99.311,99.89,95,98.8,69,70,39481803,36651437,98.026,112.704,110.507,73.1,2020515,534085.8,0,113.91,1217.44,1.98,67.19,95.05,112.9586667,110.230875,1204.864,1207.1505,1.972,1.9705,66.422,65.8415,96.04,95.6325,2,0,0,0,1,0,0,0,0,0,0,0,0,0
2019-03-14,2,FALSE,FALSE,68.17,67.23,58.61,68.3,2.95,94.6,113.38,113.38,1,1134.8,168.89,1.75,1.793,1.98,0.187,2155.68,13.96,1582.24,2361.95,1237.68,627.59,2171.09,5,5,-7.904546284,-7.904546284,7.904546284,7.904546284,7.904546284,0,0,0,1,1,1,0,134.58,99.311,99.89,95,98.8,69,70,39481803,36651437,98.026,112.704,110.507,73.1,2020515,534085.8,1,113.21,1226.39,1.98,67.27,94.5,112.8926667,110.437375,1208.89,1208.042,1.974,1.971,66.708,66.093,95.45,95.575,2,0,0,0,1,0,0,0,0,0,0,0,0,0
2019-03-15,2,TRUE,FALSE,67.71,67.16,58.52,67.83,2.95,93.85,114.33,114.33,1,1137.3,169.17,1.75,1.803,1.98,0.177,2176.11,13.6,1602.94,2389.69,1226.06,637.18,2169.14,5.5,5.5,-7.404546284,-7.404546284,7.404546284,7.404546284,7.404546284,3.5,3.5,3.5,1,1,1,0,134.58,99.311,99.89,95,98.8,69,70,39481803,36651437,98.026,112.704,110.507,73.1,2020515,534085.8,1,113.38,1237.68,1.98,68.3,94.6,112.9166667,110.626875,1216.986,1209.2315,1.976,1.9715,67.074,66.335,94.85,95.52,2,0,0,0,1,0,0,0,0,0,0,0,0,0
2019-03-18,2,FALSE,FALSE,67.32,67.54,59.09,67.37,2.9,93.8,114.48,111.4466667,3,1132.1,168.6,1.75,1.812,1.98,0.168,2179.49,13.9,1592.07,2379.73,1215.57,636.94,2168.52,7.1,5.9,-5.804546284,-7.004546284,5.804546284,7.004546284,8.604546284,0,0,0,3,0,1,0,134.58,99.311,99.89,95,98.8,69,70,39481803,36651437,98.026,112.704,110.507,73.1,2020515,534085.8,1,114.33,1226.06,1.98,67.83,93.85,113.0806667,110.856375,1223.088,1209.59,1.978,1.972,67.486,66.4485,94.51,95.465,2,0,0,0,1,0,0,0,0,0,0,0,0,0
2019-03-19,2,FALSE,FALSE,67.63,67.61,59.03,67.67,2.92,93.45,113.6,113.6,1,1130.6,168.23,1.75,1.81,1.98,0.17,2177.62,13.6,1582.01,2379.49,1195.27,639.13,2146.33,10,10,-2.904546284,-2.904546284,2.904546284,2.904546284,2.904546284,0,0,0,1,0,0,0,134.58,99.311,99.89,95,98.8,69,70,39481803,36651437,98.026,112.704,110.507,73.1,2020515,534085.8,1,111.4466667,1215.57,1.98,67.37,93.8,113.2553333,110.9447083,1224.628,1210.028,1.98,1.9725,67.592,66.556,94.36,95.4125,2,0,0,0,1,0,0,0,0,0,0,0,0,0
2019-03-20,2,FALSE,FALSE,67.67,68.5,59.83,67.65,2.86,93.55,114.31,114.31,1,1130.4,168.36,1.75,1.813,1.98,0.167,2177.1,13.95,1586.26,2358.49,1177.84,637.9,2185.89,10.3,10.3,-2.604546284,-2.604546284,2.604546284,2.604546284,2.604546284,16.5,16.5,16.5,1,0,0,0,134.58,99.311,99.99,95,98.8,69,70,39481803,36651437,98.026,112.704,110.507,73.1,2020515,534085.8,1,113.6,1195.27,1.98,67.67,93.45,113.1933333,111.230875,1220.194,1209.6755,1.98,1.973,67.688,66.597,94.04,95.335,2,0,0,0,1,0,0,0,0,0,0,0,0,0
2019-03-21,2,FALSE,FALSE,68.23,67.86,59.98,68.22,2.86,93.5,114.45,114.45,1,1127.7,168.77,1.75,1.793,1.98,0.187,2184.88,13.48,1574.05,2380.23,1175.28,627.54,2215.82,7.1,7.1,-5.804546284,-5.804546284,5.804546284,5.804546284,5.804546284,3.3,3.3,3.3,1,0,0,0,134.58,99.311,99.99,95,98.8,69,70,39481803,36651437,98.026,112.704,110.507,73.1,2020515,534085.8,1,114.31,1177.84,1.98,67.65,93.55,113.4133333,111.446875,1210.484,1208.3215,1.98,1.9735,67.764,66.6495,93.85,95.2525,2,0,0,0,1,0,0,0,0,0,0,0,0,0
2019-03-22,2,FALSE,FALSE,67.46,67.03,59.04,67.45,2.75,93.3,114.02,114.02,1,1130.1,168.5,1.75,1.8,1.98,0.18,2186.95,13.1,1569.17,2362.16,1171.33,627.28,2236.54,3.3,3.3,-9.604546284,-9.604546284,9.604546284,9.604546284,9.604546284,0,0,0,1,0,0,0,134.58,99.311,99.99,95,98.8,69,70,39481803,36651437,98.026,112.704,110.507,73.1,2020515,534085.8,1,114.45,1175.28,1.98,68.22,93.5,113.6273333,111.685375,1198.004,1206.3545,1.98,1.974,67.748,66.74,93.63,95.1675,2,0,0,0,1,0,0,0,0,0,0,0,0,0
2019-03-25,2,FALSE,FALSE,66.34,67.21,58.82,66.35,2.72,93.55,113.36,110.79,3,1134.2,168.85,1.75,1.77,1.98,0.21,2144.86,15.06,1545.38,2306.7,1151.31,615.49,2153.14,7.3,4.966666667,-5.604546284,-7.937879618,5.604546284,7.937879618,9.604546284,0,0.566666667,1.7,3,0,0,0,134.58,99.311,99.99,95,98.8,69,70,39481803,36651437,98.026,112.704,110.507,73.1,2020515,534085.8,1,114.02,1171.33,1.98,67.45,93.3,113.5653333,111.922875,1187.058,1204.3345,1.98,1.9745,67.672,66.7545,93.52,95.0725,2,0,0,0,1,0,0,0,0,0,0,0,0,0
2019-03-26,2,TRUE,FALSE,67.17,67.97,59.94,67.18,2.74,93.2,112.47,112.47,1,1133.4,168.87,1.75,1.763,1.98,0.217,2148.8,14.82,1542.17,2294.25,1152.64,621.16,2170.92,11.4,11.4,-1.504546284,-1.504546284,1.504546284,1.504546284,1.504546284,0,0,0,1,0,0,0,134.58,99.311,99.99,95,98.8,69,70,39481803,36651437,98.026,112.704,110.507,73.1,2020515,534085.8,1,110.79,1151.31,1.98,66.35,93.55,113.434,111.995375,1174.206,1201.5205,1.98,1.975,67.468,66.709,93.47,94.9975,2,0,0,0,1,0,0,0,0,0,0,0,0,0
2019-03-27,2,FALSE,FALSE,67.37,67.83,59.41,67.38,2.69,93.5,112.77,112.77,1,1134.5,168.74,1.75,1.722,1.98,0.258,2145.62,14.67,1549.52,2290.74,1157.75,618.04,2171.02,11.6,11.6,-1.304546284,-1.304546284,1.304546284,1.304546284,1.304546284,0,0,0,1,0,0,0,134.58,99.311,99.99,95,98.8,69,70,39481803,36651437,98.026,112.704,110.507,73.1,2020515,534085.8,1,112.47,1152.64,1.98,67.18,93.2,113.208,112.310375,1165.68,1198.7815,1.98,1.9755,67.37,66.724,93.42,94.9725,2,0,0,0,1,0,0,0,0,0,0,0,0,0.003773585
2019-03-28,2,FALSE,FALSE,66.56,67.82,59.3,66.57,2.69,92.95,112.81,112.81,1,1136.8,168.89,1.75,1.679,1.98,0.301,2128.1,14.92,1541.82,2273.04,1146.37,614.16,2124.47,9.4,9.4,-3.504546284,-3.504546284,3.504546284,3.504546284,3.504546284,0,0,0,1,0,0,0,134.58,99.311,99.99,95,98.8,73,73,39481803,36651437,98.026,112.704,110.507,73.1,2020515,534085.8,1,112.77,1157.75,1.98,67.38,93.5,112.9,112.489875,1161.662,1196.205,1.98,1.976,67.316,66.8635,93.41,94.9075,2,0,0,0,1,0,0,0,0,0,0,0,0,0.001879699
2019-03-29,2,FALSE,FALSE,67.23,68.39,60.14,67.23,2.73,92.75,112.7,112.7,1,1135.1,168.67,1.75,1.69,1.98,0.29,2140.67,14.29,1550.73,2276.56,1134.4,632.03,2158.24,9.2,9.2,-3.704546284,-3.704546284,3.704546284,3.704546284,3.704546284,0,0,0,1,0,0,0,134.58,99.311,99.99,95.2,98.5,73,73,39481803,36651437,83.083,96.851,94.747,70.2,1831528,534085.8,1,112.81,1146.37,1.98,66.57,92.95,112.572,112.711875,1155.88,1193.095,1.98,1.9765,66.986,66.9245,93.3,94.81,2,0,0,0,1,0,0,0,0,0,0,0,0,0
2019-04-01,3,FALSE,FALSE,68.23,69.01,61.59,68.26,2.73,82.5,99.69,105.25,3,1133.7,168.86,1.75,1.726,1.98,0.254,2168.28,13.73,1598.44,2317.33,1148.57,636.31,2223.63,5.5,5.033333333,-7.404546284,-7.871212951,7.404546284,7.871212951,8.504546284,0,0.6,1.8,3,0,0,0,134.58,99.311,99.99,95.2,98.5,73,73,47003206,41992349,83.083,96.851,94.747,70.2,1831528,534085.8,1,112.7,1134.4,1.98,67.23,92.75,112.308,112.936375,1148.494,1189.9825,1.98,1.977,66.942,66.9845,93.19,94.645,2,0,0,0,1,0,0,0,0,0,0,0,0,0
2019-04-02,3,FALSE,FALSE,68.81,69.37,62.58,68.93,2.76,81.1,100.84,100.84,1,1136.4,169.05,1.75,1.706,1.98,0.274,2177.18,13.34,1600.1,2323.34,1137.98,634.21,2212.88,6.7,6.7,-6.204546284,-6.204546284,6.204546284,6.204546284,6.204546284,0,0,0,1,0,0,0,134.58,99.121,99.99,95.2,98.5,73,73,47003206,41992349,83.083,96.851,94.747,70.2,1831528,534085.8,1,105.25,1148.57,1.98,68.26,82.5,111.2,112.7,1147.946,1187.3665,1.98,1.9775,67.324,67.129,90.98,93.8625,2,0,0,0,1,0,0,0,0,0,0,0,0,0
2019-04-03,3,FALSE,FALSE,69.43,69.31,62.46,69.61,2.74,79,101.16,101.16,1,1134.3,169.02,1.75,1.72,1.98,0.26,2203.27,13.29,1629.81,2356.54,1143.87,641.1,2270.43,7.6,7.6,-5.304546284,-5.304546284,5.304546284,5.304546284,5.304546284,0,0,0,1,0,0,1590000,134.58,99.121,99.99,95.2,98.5,73,73,47003206,41992349,83.083,96.851,94.747,70.2,1831528,534085.8,1,100.84,1137.98,1.98,68.93,81.1,108.874,112.0585,1145.014,1183.938,1.98,1.978,67.674,67.2885,88.56,93.015,2,0,0,0,1,0,0,0,0,0,0,0,0,0.001876173
2019-04-04,3,FALSE,FALSE,68.67,69.4,62.1,68.8,2.66,77.7,100.44,100.44,1,1136.3,169.11,1.75,1.72,1.98,0.26,2206.53,13.6,1636.61,2358.31,1134.91,639.64,2287.87,9.2,9.2,-3.704546284,-3.704546284,3.704546284,3.704546284,3.704546284,0,0,0,1,0,0,1590000,134.58,99.121,99.99,95.2,98.5,73,73,47003206,41992349,83.083,96.851,94.747,70.2,1831528,534085.8,1,101.16,1143.87,1.98,69.61,79,106.552,111.4395,1142.238,1180.8185,1.98,1.9785,68.12,67.477,85.66,92.0925,2,0,0,0,1,0,0,0,0,0,0,0,0,0
2019-04-05,3,TRUE,FALSE,68.82,70.34,63.08,68.95,2.62,78.85,100.45,100.45,1,1136.6,169.35,1.75,1.735,1.98,0.245,2209.61,13.59,1643.06,2363.52,1119.34,645.51,2309.75,11.4,11.4,-1.504546284,-1.504546284,1.504546284,1.504546284,1.504546284,0,0,0,1,0,1,1590000,134.58,99.121,99.99,95.2,98.5,73,73,47003206,41992349,83.083,96.851,94.747,70.2,1831528,534085.8,1,100.44,1134.91,1.98,68.8,77.7,104.078,110.7985,1139.946,1177.704,1.98,1.979,68.566,67.5935,82.61,91.0975,2,0,0,0,1,0,0,0,0,0,0,0,0,0.011235955
2019-04-08,3,TRUE,FALSE,70.29,71.1,64.4,70.43,2.72,80.4,99.75,97.59333333,3,1144.7,170.28,1.75,1.723,1.98,0.257,2210.6,13.15,1640.43,2374.45,1129.24,643.19,2272.29,11.6,11.16666667,-1.304546284,-1.737879618,1.304546284,1.737879618,3.604546284,0,0.266666667,0.8,3,1,1,1590000,134.58,99.121,99.99,95.2,98.5,73,73,47003206,41992349,83.083,96.851,94.747,70.2,1831528,534085.8,1,100.45,1119.34,1.98,68.95,78.85,101.628,110.1455,1136.934,1173.8935,1.98,1.9795,68.91,67.7525,79.83,90.2625,2,0,0,0,1,0,0,0,0,0,0,0,0,0.022222222
2019-04-09,3,FALSE,FALSE,70.53,70.61,63.98,70.72,2.71,81.2,100.46,100.46,1,1142.1,170,1.75,1.725,1.98,0.255,2213.56,12.67,1627.05,2376.25,1119.03,639.45,2280.75,9.2,9.2,-3.704546284,-3.704546284,3.704546284,3.704546284,3.704546284,17.4,17.4,17.4,1,1,1,1590000,134.58,99.121,99.99,95.2,98.5,73,73,47003206,41992349,83.083,96.851,94.747,70.2,1831528,534085.8,1,97.59333333,1129.24,1.98,70.43,80.4,100.0966667,109.4965,1133.068,1169.962,1.98,1.98,69.344,67.932,79.41,89.555,2,0,0,0,1,0,0,0,0,0,0,0,0,0
2019-04-10,3,FALSE,FALSE,70.08,71.73,64.61,70.21,2.72,82.2,100.79,100.79,1,1138.6,169.5,1.75,1.731,1.98,0.249,2224.39,30.4,1638.87,2371.29,1128.97,639.54,2294.53,7.1,7.1,-5.804546284,-5.804546284,5.804546284,5.804546284,5.804546284,5.6,5.6,5.6,1,1,1,1590000,134.58,99.121,99.99,95.2,98.5,73,73,47003206,41992349,83.083,96.851,94.747,70.2,1831528,534085.8,1,100.46,1119.03,1.98,70.72,81.2,100.0206667,108.824,1129.278,1165.0415,1.98,1.98,69.702,68.1085,79.43,88.8625,2,0,0,0,1,0,0,0,0,0,0,0,0,0
2019-04-11,3,FALSE,FALSE,70.52,70.83,63.58,70.78,2.72,84.15,101.09,101.09,1,1139.4,169.53,1.75,1.732,1.98,0.248,2224.44,12.29,1630.66,2375.07,1126.13,643.61,2307.11,9.5,9.5,-3.404546284,-3.404546284,3.404546284,3.404546284,3.404546284,0,0,0,1,1,1,0,143.38,99.121,99.99,95.2,98.5,73,73,47003206,41992349,83.083,96.851,94.747,70.2,1831528,534085.8,1,100.79,1128.97,1.98,70.21,82.2,99.94666667,108.203,1126.298,1160.1705,1.98,1.98,69.822,68.2555,80.07,88.2475,2,0,0,0,1,0,0,0,0,0,0,0,0,0
2019-04-12,3,FALSE,FALSE,70.1,71.55,63.89,70.56,2.75,84.2,100.55,100.55,1,1139.4,169.39,1.75,1.733,1.98,0.247,2233.45,12.41,1632.03,2365.64,1120.82,641.18,2304.02,11.4,11.4,-1.504546284,-1.504546284,1.504546284,1.504546284,1.504546284,0,0,0,1,1,1,0,143.38,99.121,99.99,95.2,98.5,73,73,47003206,41992349,83.083,96.851,94.747,70.2,1831528,534085.8,1,101.09,1126.13,1.98,70.78,84.15,100.0766667,107.5885,1124.542,1154.593,1.98,1.98,70.218,68.3795,81.36,87.725,2,0,0,0,1,0,0,0,0,0,0,0,0,0
2019-04-15,3,FALSE,FALSE,70.32,71.18,63.4,70.62,2.75,84.35,100.38,97.92,3,1133.1,168.96,1.75,1.761,1.98,0.219,2242.88,12.92,1624.26,2383.94,1116.27,642.37,2312.35,11.6,11,-1.304546284,-1.904546284,1.304546284,1.904546284,3.304546284,0,0.566666667,1.7,3,0,1,0,143.38,99.121,99.99,95.2,98.5,73,73,47003206,41992349,83.083,96.851,94.747,70.2,1831528,534085.8,1,100.55,1120.82,1.98,70.56,84.2,100.0966667,106.8995,1124.838,1149.331,1.98,1.98,70.54,68.516,82.43,87.2425,2,0,0,0,1,0,0,0,0,0,0,0,0,0
2019-04-16,3,FALSE,FALSE,70.21,71.72,64.05,70.41,2.66,84.1,100.44,100.44,1,1135.7,169.28,1.75,1.765,1.98,0.215,2248.63,12.66,1628.82,2368.99,1119.98,645.17,2295.15,14.9,14.9,1.995453716,1.995453716,1.995453716,1.995453716,1.995453716,0,0,0,1,0,0,0,143.38,99.121,99.99,95.2,98.5,73,73,47003206,41992349,83.083,96.851,94.747,70.2,1831528,534085.8,1,97.92,1116.27,1.98,70.62,84.35,100.162,106.2231667,1122.244,1144.366,1.98,1.98,70.578,68.6785,83.22,86.77,2,0,0,0,1,0,0,0,0,0,0,0,0,0
2019-04-17,3,FALSE,FALSE,71.33,71.62,63.76,71.52,2.55,84.6,100.79,100.79,1,1134.8,169.58,1.75,1.778,1.98,0.202,2245.89,12.65,1628.04,2358.31,1117.04,643.85,2337.23,15.3,15.3,2.395453716,2.395453716,2.395453716,2.395453716,2.395453716,0,0,0,1,0,0,0,143.38,99.121,99.99,95.2,98.5,73,73,47003206,41992349,83.083,96.851,94.747,70.2,1831528,534085.8,1,100.44,1119.98,1.98,70.41,84.1,100.158,105.5651667,1122.434,1140.6015,1.98,1.98,70.516,68.8155,83.8,86.3025,2,0,0,0,1,0,0,0,0,0,0,0,0,0
2019-04-18,3,FALSE,FALSE,71.07,71.97,64,71.27,2.54,84.45,101.4,101.4,1,1136.9,169.98,1.75,1.741,1.98,0.239,2213.77,12.85,1612.99,2326.79,1111.61,627.46,2299.07,12.6,12.6,-0.304546284,-0.304546284,0.304546284,0.304546284,0.304546284,0,0,0,1,0,0,0,143.38,99.121,99.99,95.2,98.5,73,73,47003206,41992349,83.083,96.851,94.747,70.2,1831528,534085.8,1,100.79,1117.04,1.98,71.52,84.6,100.158,104.8891667,1120.048,1137.5615,1.98,1.98,70.778,69.009,84.28,85.855,2,0,0,0,1,0,0,0,0,0,0,0,0,0.001811594
2019-04-19,3,TRUE,FALSE,71.07,71.97,64,71.27,2.54,84.45,100.19,100.19,1,1136.9,169.68,1.75,1.756,1.98,0.224,2216.15,12.45,1605.97,2328.64,1115.2,629.99,2334.02,13.8,13.8,0.895453716,0.895453716,0.895453716,0.895453716,0.895453716,0,0,0,1,0,0,0,143.38,99.121,100.34,95.2,98.5,73,73,47003206,41992349,83.083,96.851,94.747,70.2,1831528,534085.8,1,101.4,1111.61,1.98,71.27,84.45,100.22,104.2366667,1117.144,1134.378,1.98,1.98,70.876,69.1615,84.34,85.4025,2,0,0,0,1,0,0,0,0,0,0,0,0,0.009041591
2019-04-22,3,TRUE,FALSE,73.36,74.04,65.7,73.52,2.61,84.45,97.59,94.19333333,3,1141.5,170.05,1.75,1.769,1.98,0.211,2216.65,12.89,1597.63,2326.49,1120.22,628.34,2305.62,19.3,16.13333333,6.395453716,3.228787049,6.395453716,3.228787049,6.395453716,0,0.5,1.5,3,0,0,0,143.38,99.121,100.34,95.2,98.5,73,73,47003206,41992349,83.083,96.851,94.747,70.2,1831528,534085.8,1,100.19,1115.2,1.98,71.27,84.45,100.148,103.5451667,1116.02,1131.5715,1.98,1.98,71.018,69.3525,84.39,84.96,2,0,0,0,1,0,0,0,0,0,0,0,0,0
2019-04-23,3,TRUE,FALSE,73.77,74.51,66.3,73.87,2.53,84.6,99.59,99.59,1,1141.8,170.01,1.75,1.768,1.98,0.212,2220.51,12.72,1591.91,2326.55,1131.51,632.27,2322.68,20.4,20.4,7.495453716,7.495453716,7.495453716,7.495453716,7.495453716,0,0,0,1,0,0,0,143.38,99.121,100.34,95.2,98.5,73,73,47003206,41992349,83.083,96.851,94.747,70.2,1831528,534085.8,1,94.19333333,1120.22,1.98,73.52,84.45,99.40266667,102.7153333,1116.81,1130.017,1.98,1.98,71.598,69.711,84.41,84.505,2,0,0,0,1,0,0,0,0,0,0,0,0,0
2019-04-24,3,TRUE,FALSE,73.67,74.57,65.89,73.89,2.53,84.65,99.33,99.33,1,1150.9,171.08,1.75,1.749,1.98,0.231,2201.03,12.9,1570.87,2305.46,1118.53,621.94,2299.86,19.5,19.5,6.595453716,6.595453716,6.595453716,6.595453716,6.595453716,4.1,4.1,4.1,1,0,0,0,143.38,99.121,100.34,95.2,98.5,73,73,47003206,41992349,83.083,96.851,94.747,70.2,1831528,534085.8,1,99.59,1131.51,1.98,73.87,84.6,99.23266667,102.0713333,1119.116,1128.9605,1.98,1.98,72.29,70.0455,84.51,84.075,2,0,0,0,1,0,0,0,0,0,0,0,0,0.003584229
2019-04-25,3,TRUE,FALSE,74.46,74.35,65.21,74.57,2.54,85.45,100.45,100.45,1,1160.5,172.23,1.75,1.724,1.98,0.256,2190.5,12.88,1572.25,2288.28,1111.28,622.9,2333.55,13.2,13.2,0.295453716,0.295453716,0.295453716,0.295453716,0.295453716,11.3,11.3,11.3,1,0,0,0,143.38,99.121,100.34,95.2,98.5,73,73,47003206,41992349,83.083,96.851,94.747,70.2,1831528,489586.8,1,99.33,1118.53,1.98,73.89,84.65,98.94066667,101.3993333,1119.414,1126.9995,1.98,1.98,72.764,70.371,84.52,83.6325,2,0,0,0,1,0,0,0,0,0,0,0,0,0.032142857
2019-04-26,3,TRUE,FALSE,73.45,72.15,63.3,73.5,2.58,85.2,100.66,100.66,1,1161,172.14,1.75,1.72,1.98,0.26,2179.31,12.98,1549.57,2251.13,1110.39,628.57,2266.79,8.4,8.4,-4.504546284,-4.504546284,4.504546284,4.504546284,4.504546284,4.9,4.9,4.9,1,0,0,0,143.38,99.121,100.34,95.2,98.5,73,73,47003206,41992349,83.083,96.851,94.747,70.2,1831528,489586.8,1,100.45,1111.28,1.98,74.57,85.45,98.75066667,100.7813333,1119.348,1125.245,1.98,1.98,73.424,70.771,84.72,83.2575,2,0,0,0,1,0,0,0,0,0,0,0,0,0.003460208
2019-04-29,3,TRUE,FALSE,71.09,72.04,63.5,71.19,2.58,86.9,97.45,95.60666667,3,1158.5,171.98,1.75,1.712,1.98,0.268,2216.43,13.22,1578.99,2287.63,1117.37,636.57,2327.7,13,12.5,0.095453716,-0.404546284,0.095453716,0.468182095,1.304546284,0,0,0,3,0,0,1000000,143.38,99.121,100.34,95.2,98.5,73,73,47003206,41992349,83.083,96.851,94.747,70.2,1831528,489586.8,1,100.66,1110.39,1.98,73.5,85.2,98.84466667,100.1793333,1118.386,1124.0445,1.98,1.98,73.87,71.0845,84.87,82.88,2,0,0,0,1,0,0,0,0,0,0,0,0,-0.031034483
2019-04-30,3,TRUE,FALSE,71.63,72.8,63.91,72.12,2.59,87.3,98.29,98.29,1,1168.2,173.13,1.75,1.699,1.98,0.281,2203.59,13.28,1559.37,2258.74,1111.47,635.85,2328.78,15.5,15.5,2.595453716,2.595453716,2.595453716,2.595453716,2.595453716,0,0,0,1,0,0,1000000,143.38,99.121,100.34,95.6,98.6,75,74,47003206,41992349,99.342,109.989,105.722,71.8,2508721,489586.8,1,95.60666667,1117.37,1.98,71.19,86.9,99.12733333,99.69716667,1117.816,1122.4845,1.98,1.98,73.404,71.231,85.36,83.1,2,0,0,0,1,0,0,0,0,0,0,0,0,0.007117438
2019-05-02,3,TRUE,FALSE,71.43,70.75,61.81,71.74,2.63,87.2,80.93,79.41,2,1165.7,172.85,1.75,1.732,1.97,0.238,2212.75,13.72,1554.09,2269.82,1095.32,639.18,2351.68,17.1,16.75,4.195453716,3.845453716,4.195453716,3.845453716,4.195453716,0,0,0,2,0,1,1000000,143.38,99.481,100.34,95.6,98.6,75,74,48781156,45047164,99.342,109.989,105.722,71.8,2508721,489586.8,1,98.29,1111.47,1.98,72.12,87.3,98.86733333,99.56966667,1113.808,1121.159,1.98,1.98,73.054,71.3905,85.9,83.41,2,0,0,0,1,0,0,0,0,0,0,0,0,0.024734982
2019-05-03,3,TRUE,FALSE,69.93,70.85,61.94,70.42,2.59,87.6,81.2,81.2,1,1170,173.5,1.75,1.739,1.96,0.221,2196.32,13.54,1539.76,2261.47,1084.13,635.34,2349.26,17.9,17.9,4.995453716,4.995453716,4.995453716,4.995453716,4.995453716,0,0,0,1,1,1,1000000,143.38,99.481,100.34,95.6,98.6,75,74,48781156,45047164,99.342,109.989,105.722,71.8,2508721,489586.8,1,79.41,1095.32,1.97,71.74,87.2,94.88333333,98.48216667,1109.166,1118.7315,1.978,1.9795,72.624,71.497,86.41,83.82,2,0,0,0,1,0,0,0,0,0,0,0,0,0
2019-05-07,3,TRUE,FALSE,70.29,69.88,61.4,71.03,2.54,87,80.3,78.2975,4,1166.5,172,1.75,1.723,1.96,0.237,2176.99,14.61,1522.76,2231.44,1083.83,628.31,2307.36,15,17.05,2.095453716,4.145453716,2.095453716,4.145453716,6.595453716,0,0,0,4,1,1,1000000,143.38,99.481,100.34,95.6,98.6,75,74,48781156,45047164,99.342,109.989,105.722,71.8,2508721,489586.8,1,81.2,1084.13,1.96,70.42,87.6,91.03333333,97.52016667,1103.736,1116.1925,1.974,1.9785,71.794,71.578,86.84,84.315,2,0,0,0,1,0,0,0,0,0,0,0,0,0
2019-05-08,3,TRUE,FALSE,69.28,70.37,62.12,69.91,2.64,87.2,81.57,81.57,1,1169.4,172.26,1.75,1.717,1.95,0.233,2168.01,15.83,1520.5,2226.24,1085.65,630.33,2267.97,15.6,15.6,2.695453716,2.695453716,2.695453716,2.695453716,2.695453716,0,0,0,1,1,1,1000000,143.38,99.481,100.34,95.6,98.6,75,74,48781156,45047164,99.342,109.989,105.722,71.8,2508721,489586.8,1,78.2975,1083.83,1.96,71.03,87,86.56083333,96.41254167,1098.424,1114.417,1.97,1.9775,71.3,71.682,87.2,84.7225,2,0,0,0,1,0,0,0,0,0,0,0,0,0.006896552
2019-05-09,3,TRUE,FALSE,69.09,70.39,61.7,69.83,2.62,86.25,80.97,80.97,1,1179.8,172.77,1.75,1.708,1.95,0.242,2102.01,18.28,1484.03,2158.81,1070.1,598.76,2182.63,16.6,16.6,3.695453716,3.695453716,3.695453716,3.695453716,3.695453716,0,0,0,1,1,1,0,128.53,99.481,100.34,95.6,98.6,75,74,48781156,45047164,99.342,109.989,105.722,71.8,2508721,489586.8,1,81.57,1085.65,1.95,69.91,87.2,83.7535,95.611375,1092.08,1112.2375,1.964,1.976,71.044,71.656,87.26,85.0625,2,0,0,0,1,0,0,0,0,0,0,0,0,0.003424658
2019-05-10,3,TRUE,FALSE,70.1,70.62,61.66,70.76,2.64,86.15,80.82,80.82,1,1177,172.38,1.75,1.719,1.95,0.231,2108.04,18.53,1486.35,2167.83,1070.4,594.03,2187.35,17.8,17.8,4.895453716,4.895453716,4.895453716,4.895453716,4.895453716,0,0,0,1,1,1,0,128.53,99.481,100.34,95.6,98.6,75,74,48781156,45047164,99.342,109.989,105.722,71.8,2508721,489586.8,1,80.97,1070.1,1.95,69.83,86.25,80.2895,94.636875,1083.806,1109.791,1.958,1.9745,70.586,71.6115,87.05,85.315,2,0,0,0,1,0,0,0,0,0,0,0,0,-0.010238908
2019-05-13,3,TRUE,FALSE,70.97,70.23,61.04,71.79,2.71,85.55,80.27,77.91666667,3,1187.5,172.25,1.75,1.721,1.95,0.229,2079.01,18.38,1463.54,2117.03,1053.19,581.88,2120.43,18.7,20.2,5.795453716,7.295453716,5.795453716,7.295453716,8.695453716,0,0,0,3,0,1,0,128.53,99.481,100.34,95.6,98.6,75,74,48781156,45047164,99.342,109.989,105.722,71.8,2508721,489586.8,1,80.82,1070.4,1.95,70.76,86.15,80.5715,93.638375,1078.822,1106.8625,1.954,1.973,70.39,71.639,86.84,85.5125,2,0,0,0,1,0,0,0,0,0,0,0,0,-0.017241379
2019-05-14,3,TRUE,FALSE,69.7,71.24,61.78,70.41,2.7,84.8,80.89,80.89,1,1189.4,172.25,1.75,1.711,1.95,0.239,2081.84,18.05,1470.35,2116.66,1057.29,584.75,2131.7,19.6,19.6,6.695453716,6.695453716,6.695453716,6.695453716,6.695453716,0,0,0,1,0,0,0,128.53,99.481,100.34,95.6,98.6,75,74,48781156,45047164,99.342,109.989,105.722,71.8,2508721,489586.8,1,77.91666667,1053.19,1.95,71.79,85.55,79.91483333,92.47970833,1072.634,1103.2155,1.952,1.9715,70.664,71.6895,86.43,85.5825,2,0,0,0,1,0,0,0,0,0,0,0,0,-0.010526316
2019-05-15,3,TRUE,FALSE,70.46,71.77,62.02,70.93,2.69,84.45,80.25,80.25,1,1188.6,172.3,1.75,1.71,1.94,0.23,2092.78,16.63,1483.17,2167.32,1062.82,603.01,2175.74,20.7,20.7,7.795453716,7.795453716,7.795453716,7.795453716,7.795453716,0,0,0,1,0,0,0,128.53,99.481,100.34,95.6,98.6,75,74,48781156,45047164,99.342,109.989,105.722,71.8,2508721,489586.8,1,80.89,1057.29,1.95,70.41,84.8,80.43333333,91.49670833,1067.326,1100.039,1.95,1.97,70.54,71.682,85.99,85.6125,2,0,0,0,1,0,0,0,0,0,0,0,0,-0.007092199
2019-05-16,3,TRUE,FALSE,72.04,72.62,62.87,72.47,2.62,84.15,79.63,79.63,1,1191.5,172.26,1.75,1.675,1.94,0.265,2067.69,16.6,1459.36,2141.96,1052.54,598.57,2110.32,23.5,23.5,10.59545372,10.59545372,10.59545372,10.59545372,10.59545372,0,0,0,1,0,0,0,128.53,99.481,100.34,95.6,98.6,75,74,48781156,45047164,99.342,109.989,105.722,71.8,2508721,489586.8,1,80.25,1062.82,1.94,70.93,84.45,80.16933333,90.61320833,1062.76,1097.3665,1.948,1.968,70.744,71.6975,85.44,85.6175,2,0,0,0,1,0,0,0,0,0,0,0,0,-0.001785714
2019-05-17,3,TRUE,FALSE,72.46,72.21,62.76,72.58,2.61,84.1,79.74,79.74,1,1195.7,172.2,1.75,1.67,1.94,0.27,2055.8,16.03,1457.03,2141.31,1046.11,606.58,2107.67,23.6,23.6,10.69545372,10.69545372,10.69545372,10.69545372,10.69545372,0,0,0,1,0,0,0,128.53,99.481,100.34,95.6,98.6,75,74,48781156,45047164,99.342,109.989,105.722,71.8,2508721,489586.8,1,79.63,1052.54,1.94,72.47,84.15,79.90133333,89.57270833,1059.248,1093.9945,1.946,1.966,71.272,71.8005,85.02,85.62,2,0,0,0,1,0,0,0,0,0,0,0,0,-0.033989267
2019-05-20,3,TRUE,FALSE,72.46,71.97,63.1,72.58,2.7,83.85,78.33,75.51,3,1194.2,172,1.75,1.681,1.94,0.259,2055.71,15.9,1453.88,2106.76,1049.16,599.92,2067.54,16.4,19.53333333,3.495453716,6.628787049,3.495453716,6.628787049,9.895453716,8.7,10.23333333,30.7,3,0,0,0,128.53,99.481,100.34,95.6,98.6,75,74,48781156,45047164,99.342,109.989,105.722,71.8,2508721,489586.8,1,79.74,1046.11,1.94,72.58,84.1,79.68533333,88.52020833,1054.39,1090.448,1.944,1.964,71.636,71.8535,84.61,85.595,2,0,0,0,1,0,0,0,0,0,0,0,0,-0.055555556
2019-05-21,3,TRUE,FALSE,71.64,72.18,62.99,71.73,2.73,83.85,79.86,79.86,1,1194,172.25,1.75,1.663,1.94,0.277,2061.25,15.66,1448.08,2123.46,1043.64,597.67,2078.62,17.2,17.2,4.295453716,4.295453716,4.295453716,4.295453716,4.295453716,0,0,0,1,0,0,0,128.53,99.481,100.63,95.6,98.6,75,74,48781156,45047164,99.342,109.989,105.722,71.8,2508721,489586.8,1,75.51,1049.16,1.94,72.58,83.85,79.204,87.22570833,1053.584,1087.3255,1.942,1.962,71.794,71.919,84.27,85.565,2,0,0,0,1,0,0,0,0,0,0,0,0,0.007843137
2019-05-22,3,TRUE,FALSE,71.23,70.99,61.42,71.28,2.73,84,79.49,79.49,1,1192.8,172.05,1.75,1.667,1.94,0.273,2064.86,16.1,1450.84,2131.63,1043.61,600.59,2060.25,19.5,19.5,6.595453716,6.595453716,6.595453716,6.595453716,6.595453716,0,0,0,1,0,0,0,128.53,99.481,100.63,95.6,98.6,75,74,48781156,45047164,99.342,109.989,105.722,71.8,2508721,489586.8,1,79.86,1043.64,1.94,71.73,83.85,78.998,86.20920833,1050.854,1083.7475,1.94,1.96,72.058,71.942,84.08,85.535,2,0,0,0,1,0,0,0,0,0,0,0,0,0.03307393
2019-05-23,3,TRUE,FALSE,69.22,67.76,57.91,69.22,2.56,83.75,79.97,79.97,1,1189.2,171.47,1.75,1.648,1.94,0.292,2059.59,16.4,1442.67,2115.82,1041.69,603.44,2017.65,22.1,22.1,9.195453716,9.195453716,9.195453716,9.195453716,9.195453716,0,0,0,1,0,0,0,128.53,99.481,100.63,95.6,98.6,75,74,48781156,45047164,99.342,109.989,105.722,71.8,2508721,489586.8,1,79.49,1043.61,1.94,71.28,84,78.846,85.47404167,1047.012,1079.917,1.94,1.958,72.128,71.83,83.99,85.5125,2,0,0,0,1,0,0,0,0,0,0,0,0,0.016949153
2019-05-24,3,TRUE,FALSE,66.73,68.69,58.63,67.37,2.6,83.65,80.94,80.94,1,1188.4,171.66,1.75,1.643,1.94,0.297,2045.31,16.66,1441.86,2093.32,1044.65,598.69,1976.74,24.2,24.2,11.29545372,11.29545372,11.29545372,11.29545372,11.29545372,0,0,0,1,0,0,0,128.53,99.481,100.63,95.6,98.6,75,74,48781156,45047164,99.342,109.989,105.722,71.8,2508721,489586.8,1,79.97,1041.69,1.94,69.22,83.75,78.914,84.49304167,1044.842,1075.426,1.94,1.956,71.478,71.5975,83.91,85.47,2,0,0,0,1,0,0,0,0,0,0,0,0,0
2019-05-27,3,TRUE,FALSE,66.88,70.11,58.63,67.35,2.6,83.65,78.69,77.39333333,3,1184.5,171.4,1.75,1.652,1.94,0.288,2044.21,17.07,1452.26,2092.3,1038.85,601.37,1974.12,17.8,21.9,4.895453716,8.995453716,4.895453716,8.995453716,11.59545372,7.1,2.366666667,7.1,3,0,0,0,128.53,99.481,100.63,95.6,98.6,75,74,48781156,45047164,99.342,109.989,105.722,71.8,2508721,489586.8,1,80.94,1044.65,1.94,67.37,83.65,79.154,83.57354167,1044.55,1071.732,1.94,1.954,70.436,71.2715,83.82,85.42,2,0,0,0,1,0,0,0,0,0,0,0,0,0
2019-05-28,3,TRUE,FALSE,68.31,70.11,59.14,68.53,2.65,83.3,79.32,79.32,1,1185.8,171.6,1.75,1.654,1.94,0.286,2048.83,17.01,1458.91,2090.46,1034.56,606.58,2007.81,18.1,18.1,5.195453716,5.195453716,5.195453716,5.195453716,5.195453716,0,0,0,1,0,0,0,128.53,99.481,100.63,95.6,98.6,75,74,48781156,45047164,99.342,109.989,105.722,71.8,2508721,489586.8,1,77.39333333,1038.85,1.94,67.35,83.65,79.53066667,82.42070833,1042.488,1068.1105,1.94,1.952,69.39,70.9105,83.78,85.33,2,0,0,0,1,0,0,0,0,0,0,0,0,0.011111111
2019-05-29,3,TRUE,FALSE,67.13,69.45,58.81,67.13,2.69,83.45,79.09,79.09,1,1193.9,172.3,1.75,1.619,1.94,0.321,2023.32,17.32,1445.9,2069.33,1028.18,598.9,1996.21,20.3,20.3,7.395453716,7.395453716,7.395453716,7.395453716,7.395453716,0,0,0,1,0,0,0,128.53,99.481,100.63,95.6,98.6,76,71,48781156,45047164,99.342,109.989,105.722,71.8,2508721,489586.8,1,79.32,1034.56,1.94,68.53,83.3,79.42266667,81.35370833,1040.672,1064.319,1.94,1.95,68.75,70.662,83.67,85.235,2,0,0,0,1,0,0,0,0,0,0,0,0,-0.010989011
2019-05-30,3,TRUE,FALSE,67.12,66.87,56.59,67.11,2.69,83.4,78.99,78.99,1,1188.8,171.69,1.75,1.626,1.94,0.314,2038.8,16.67,1453.23,2090.87,1032.26,604.72,2013.62,19.6,19.6,6.695453716,6.695453716,6.695453716,6.695453716,6.695453716,0,0,0,1,0,0,0,128.53,99.481,100.63,95.6,98.6,76,71,48781156,45047164,99.342,109.989,105.722,71.8,2508721,489586.8,1,79.09,1028.18,1.94,67.13,83.45,79.34266667,80.527875,1037.586,1059.8595,1.94,1.948,67.92,70.459,83.56,85.0625,2,0,0,0,1,0,0,0,0,0,0,0,0,0
2019-05-31,3,TRUE,FALSE,63.83,64.49,53.5,63.84,2.59,83.4,77.93,77.93,1,1190.9,171.78,1.75,1.587,1.93,0.343,2041.74,17.32,1448.1,2108.42,1042.95,606.31,2015.15,19.1,19.1,6.195453716,6.195453716,6.195453716,6.195453716,6.195453716,0,0,0,1,0,0,0,128.53,99.481,100.63,95.8,98.6,76,71,48781156,45047164,100.846,108.795,103.846,73.9,2381082,489586.8,1,78.99,1032.26,1.94,67.11,83.4,79.14666667,79.562875,1035.7,1055.899,1.94,1.946,67.498,70.2085,83.49,84.8675,2,0,0,0,1,0,0,0,0,0,0,0,0,0.018518519
2019-06-03,3,TRUE,FALSE,60.17,61.28,53.25,60.36,2.5,73.25,78.7,75.35333333,3,1182.1,170.64,1.75,1.575,1.93,0.355,2067.85,17.32,1481.34,2113.05,1054.62,603.1,2026.13,23.1,21.03333333,10.19545372,8.128787049,10.19545372,8.128787049,10.19545372,0,0,0,3,0,0,0,128.53,99.481,100.63,95.8,98.6,76,71,45703948,43619667,100.846,108.795,103.846,73.9,2381082,489586.8,1,77.93,1042.95,1.93,63.84,83.4,78.54466667,79.488875,1035.36,1053.2805,1.938,1.944,66.792,69.8135,83.44,84.6775,2,0,0,0,1,0,0,0,0,0,0,0,0,0.010909091
2019-06-04,3,TRUE,FALSE,60.03,61.97,53.48,60.17,2.45,73.35,79.47,79.47,1,1182.8,170.83,1.75,1.57,1.93,0.36,2066.97,17.4,1474.52,2123.04,1053.98,618.79,2017.23,22.6,22.6,9.695453716,9.695453716,9.695453716,9.695453716,9.695453716,0,0,0,1,0,0,550000,128.53,99.652,100.63,95.8,98.6,76,71,45703948,43619667,100.846,108.795,103.846,73.9,2381082,489586.8,1,75.35333333,1054.62,1.93,60.36,73.25,78.13666667,79.19654167,1038.514,1051.805,1.936,1.9425,65.394,69.3105,81.36,83.96,2,0,0,0,1,0,0,0,0,0,0,0,0,0
2019-06-05,3,TRUE,FALSE,60.03,60.63,51.68,60.17,2.45,72.85,79.8,79.8,1,1178.6,170.14,1.75,1.542,1.93,0.388,2069.11,16.46,1467.17,2115.95,1047.02,622.19,2035.91,23,23,10.09545372,10.09545372,10.09545372,10.09545372,10.09545372,0,0,0,1,0,0,550000,128.53,99.652,100.63,95.8,98.6,76,71,45703948,43619667,100.846,108.795,103.846,73.9,2381082,489586.8,1,79.47,1053.98,1.93,60.17,73.35,78.16666667,79.25516667,1042.398,1050.3125,1.934,1.941,63.722,68.7675,79.37,83.2775,2,0,0,0,1,0,0,0,0,0,0,0,0,-0.028776978
2019-06-07,3,TRUE,FALSE,61.2,63.29,53.99,61.26,2.43,72.8,77.01,77.365,2,1181.4,170.22,1.75,1.537,1.93,0.393,2072.33,15.79,1463.63,2098.95,1051.24,622.64,2047.68,20,20.6,7.095453716,7.695453716,7.095453716,7.695453716,8.295453716,35.3,21.4,42.8,2,0,1,550000,128.53,99.652,100.63,95.8,98.6,76,71,45703948,43619667,100.846,108.795,103.846,73.9,2381082,489586.8,1,79.8,1047.02,1.93,60.17,72.85,78.30866667,79.16666667,1046.166,1048.381,1.932,1.94,62.33,68.2805,77.25,82.56,2,0,0,0,1,0,0,0,0,0,0,0,0,0
2019-06-10,3,TRUE,FALSE,61.92,62.29,53.26,61.97,2.42,73.5,77.1,74.03333333,3,1185.2,170.56,1.75,1.533,1.93,0.397,2099.49,14.94,1486.88,2128.31,1053.79,630.96,2076.89,18.4,20.63333333,5.495453716,7.728787049,5.495453716,7.728787049,8.995453716,9.5,4,12,3,1,1,550000,128.53,99.652,100.63,95.8,98.6,76,71,45703948,43619667,100.846,108.795,103.846,73.9,2381082,489586.8,1,77.365,1051.24,1.93,61.26,72.8,77.98366667,78.98641667,1049.962,1047.438,1.93,1.939,61.16,67.852,75.13,81.8875,2,0,0,0,1,0,0,0,0,0,0,0,0,-0.003703704
2019-06-11,3,TRUE,FALSE,61.28,62.29,53.27,61.38,2.41,74.15,79.51,79.51,1,1180.4,170.37,1.75,1.542,1.93,0.388,2111.81,14.85,1505.78,2145,1065.9,637.39,2121.43,20.5,20.5,7.595453716,7.595453716,7.595453716,7.595453716,7.595453716,0,0,0,1,1,1,550000,128.53,99.652,100.63,95.8,98.6,76,71,45703948,43619667,100.846,108.795,103.846,73.9,2381082,489586.8,1,74.03333333,1053.79,1.93,61.97,73.5,77.20433333,78.64708333,1052.13,1046.6075,1.93,1.938,60.786,67.4125,73.15,81.255,2,0,0,0,1,0,0,0,0,0,0,0,0,0.003717472
2019-06-12,3,TRUE,FALSE,59.9,59.97,51.14,59.98,2.43,71.95,79.38,79.38,1,1182.6,170.67,1.75,1.469,1.93,0.461,2108.75,14.96,1511.18,2130.5,1069.08,641.11,2076.41,21.5,21.5,8.595453716,8.595453716,8.595453716,8.595453716,8.595453716,0,0,0,1,1,1,550000,128.53,99.652,100.63,95.8,98.6,76,71,45703948,43619667,100.846,108.795,103.846,73.9,2381082,489586.8,1,79.51,1065.9,1.93,61.38,74.15,78.03566667,78.72675,1054.386,1047.243,1.93,1.937,60.99,66.892,73.33,80.685,2,0,0,0,1,0,0,0,0,0,0,0,0,0.011111111
2019-06-13,3,TRUE,FALSE,60.28,61.31,52.28,60.32,2.43,71.85,79.41,79.41,1,1183.1,170.66,1.75,1.48,1.93,0.45,2103.15,14.89,1513.47,2155.37,1059.65,646.29,2050.63,23,23,10.09545372,10.09545372,10.09545372,10.09545372,10.09545372,0,0,0,1,1,1,0,141.36,99.652,100.63,95.8,98.6,76,71,45703948,43619667,100.846,108.795,103.846,73.9,2381082,489586.8,1,79.38,1069.08,1.93,59.98,71.95,78.01766667,78.65125,1057.406,1047.8325,1.93,1.936,60.952,66.3705,73.05,80.0425,2,0,0,0,1,0,0,0,0,0,0,0,0,0
2019-06-14,3,TRUE,FALSE,59.9,62.01,52.51,59.96,2.37,71.4,79.55,79.55,1,1185.3,170.92,1.75,1.47,1.93,0.46,2095.41,14.4,1509.19,2127.86,1065.16,646.47,2031.24,23,23,10.09545372,10.09545372,10.09545372,10.09545372,10.09545372,0,0,0,1,1,1,0,141.36,99.652,100.63,95.8,98.6,76,71,45703948,43619667,100.846,108.795,103.846,73.9,2381082,489586.8,1,79.41,1059.65,1.93,60.32,71.85,77.93966667,78.60925,1059.932,1047.674,1.93,1.9355,60.982,65.84,72.85,79.4125,2,0,0,0,1,0,0,0,0,0,0,0,0,0.003663004
2019-06-17,3,TRUE,FALSE,60.74,60.94,51.93,60.78,2.46,71.15,78.37,75.33333333,3,1186.5,171.22,1.75,1.491,1.93,0.439,2090.73,14.68,1504.04,2121.56,1057.81,638.73,2017.43,21.7,21.86666667,8.795453716,8.962120382,8.795453716,8.962120382,9.095453716,0,0.7,2.1,3,0,1,0,141.36,99.652,100.63,95.8,98.6,76,71,45703948,43619667,100.846,108.795,103.846,73.9,2381082,489586.8,1,79.55,1065.16,1.93,59.96,71.4,78.37666667,78.60525,1062.716,1048.305,1.93,1.935,60.722,65.2145,72.57,78.775,2,0,0,0,1,0,0,0,0,0,0,0,0,0.003649635
2019-06-18,3,TRUE,FALSE,59.92,62.14,53.9,59.98,2.44,70.8,80.53,80.53,1,1185.8,170.93,1.75,1.493,1.93,0.437,2098.71,14.54,1503.61,2115.82,1056.86,637.73,2011.73,20.8,20.8,7.895453716,7.895453716,7.895453716,7.895453716,7.895453716,13.8,13.8,13.8,1,0,0,0,141.36,99.652,100.63,95.8,98.6,76,71,45703948,43619667,100.846,108.795,103.846,73.9,2381082,489586.8,1,75.33333333,1057.81,1.93,60.78,71.15,78.63666667,78.38491667,1063.52,1048.89,1.93,1.9345,60.484,64.6245,72.1,78.1275,2,0,0,0,1,0,0,0,0,0,0,0,0,0.005454545
2019-06-19,3,TRUE,FALSE,61.22,61.82,53.76,61.21,2.43,70.6,80.51,80.51,1,1176.1,170.28,1.75,1.484,1.93,0.446,2124.78,14.4,1511.68,2141.46,1055.81,651.3,2051.59,21.4,21.4,8.495453716,8.495453716,8.495453716,8.495453716,8.495453716,0.2,0.2,0.2,1,0,0,0,141.36,99.652,100.63,95.8,98.6,76,71,45703948,43619667,100.846,108.795,103.846,73.9,2381082,489586.8,1,80.53,1056.86,1.93,59.98,70.8,78.84066667,78.63591667,1061.712,1049.275,1.93,1.934,60.204,63.9945,71.43,77.475,2,0,0,0,1,0,0,0,0,0,0,0,0,0.003616637
2019-06-20,3,TRUE,FALSE,62.61,64.45,56.65,62.62,2.38,70.5,80.69,80.69,1,1162.1,169.28,1.75,1.42,1.93,0.51,2131.29,13.67,1516.35,2156.61,1062.46,647.46,2080.06,22.7,22.7,9.795453716,9.795453716,9.795453716,9.795453716,9.795453716,0,0,0,1,0,0,0,141.36,99.652,100.74,95.8,98.6,76,71,45703948,43619667,100.846,108.795,103.846,73.9,2381082,489586.8,1,80.51,1055.81,1.93,61.21,70.6,79.06666667,78.66841667,1059.058,1049.8835,1.93,1.9335,60.45,63.4685,71.16,76.8125,2,0,0,0,1,0,0,0,0,0,0,0,0,0.001801802
2019-06-21,3,TRUE,FALSE,64.22,65.2,57.43,64.22,2.27,71.3,80.7,80.7,1,1164,169.3,1.75,1.44,1.92,0.48,2125.62,13.77,1523.84,2145.7,1056.74,640.46,2043.04,22.1,22.1,9.195453716,9.195453716,9.195453716,9.195453716,9.195453716,0.2,0.2,0.2,1,0,0,0,141.36,99.652,100.74,95.8,98.6,76,71,45703948,43619667,100.846,108.795,103.846,73.9,2381082,489586.8,1,80.69,1062.46,1.93,62.62,70.5,79.32266667,78.72841667,1059.62,1050.826,1.93,1.933,60.91,63.0355,70.89,76.1375,2,0,0,0,1,0,0,0,0,0,0,0,0,0.007194245
2019-06-24,3,TRUE,FALSE,64.02,64.86,57.9,64.03,2.31,70.6,76.27,73.09666667,3,1156.5,168.26,1.75,1.44,1.92,0.48,2126.33,13.99,1522.13,2141.01,1062.06,646.63,2048.88,25.2,24.8,12.29545372,11.89545372,12.29545372,11.89545372,12.29545372,0,0,0,3,0,0,0,141.36,99.652,100.74,95.8,98.6,76,71,45703948,43619667,100.846,108.795,103.846,73.9,2381082,489586.8,1,80.7,1056.74,1.92,64.22,71.3,79.55266667,78.76491667,1057.936,1051.5785,1.928,1.932,61.762,62.7855,70.87,75.515,2,0,0,0,1,0,0,0,0,0,0,0,0,0
2019-06-25,3,TRUE,FALSE,63.38,65.05,57.83,63.37,2.31,70.95,80.63,80.63,1,1156.2,168.01,1.75,1.478,1.92,0.442,2121.64,14.09,1523.59,2149.16,1052.09,642.27,2028.73,25.6,25.6,12.69545372,12.69545372,12.69545372,12.69545372,12.69545372,0,0,0,1,0,0,0,141.36,99.652,100.74,95.8,98.6,76,71,45703948,43619667,100.846,108.795,103.846,73.9,2381082,489586.8,1,73.09666667,1062.06,1.92,64.03,70.6,79.10533333,78.37275,1058.786,1052.449,1.926,1.931,62.412,62.6185,70.76,74.8625,2,0,0,0,1,0,0,0,0,0,0,0,0,0.005357143
2019-06-26,3,TRUE,FALSE,64.29,66.49,59.38,64.28,2.34,70.9,80.87,80.87,1,1156.6,168.04,1.75,1.496,1.92,0.424,2121.85,14.05,1517.81,2135.63,1051.25,639.58,2043.23,25.5,25.5,12.59545372,12.59545372,12.59545372,12.59545372,12.59545372,0,0,0,1,0,0,0,141.36,99.652,100.74,95.8,98.6,76,71,45703948,43619667,100.846,108.795,103.846,73.9,2381082,489586.8,1,80.63,1052.09,1.92,63.37,70.95,79.12533333,78.53458333,1057.832,1053.111,1.924,1.93,63.09,62.4195,70.79,74.2275,2,0,0,0,1,0,0,0,0,0,0,0,0,-0.001776199
2019-06-27,3,TRUE,FALSE,64.42,66.55,59.43,64.43,2.32,71,80.91,80.91,1,1158.1,168.31,1.75,1.494,1.92,0.426,2134.32,13.94,1516.89,2150.26,1055.54,639.29,2077.98,25.5,25.5,12.59545372,12.59545372,12.59545372,12.59545372,12.59545372,1.4,1.4,1.4,1,0,0,0,141.36,99.652,100.74,95.8,98.6,75,74,45703948,43619667,100.846,108.795,103.846,73.9,2381082,489586.8,1,80.87,1051.25,1.92,64.28,70.9,79.19733333,78.61208333,1056.92,1053.9455,1.922,1.929,63.704,62.207,70.85,73.6075,2,0,0,0,1,0,0,0,0,0,0,0,0,0
2019-06-28,3,TRUE,FALSE,64.88,66.55,58.47,64.87,2.42,70.9,80.77,80.77,1,1154.7,168.24,1.75,1.472,1.92,0.448,2130.62,14.43,1511.39,2151.03,1050.12,634.1,2065.03,24.7,24.7,11.79545372,11.79545372,11.79545372,11.79545372,11.79545372,0,0,0,1,0,0,0,141.36,99.652,100.74,95.9,99.1,75,74,45703948,43619667,102.444,110.423,103.846,73.3,2227827,489586.8,1,80.91,1055.54,1.92,64.43,71,79.24133333,78.70308333,1055.536,1055.3135,1.92,1.928,64.066,62.072,70.95,72.985,2,0,0,0,1,0,0,0,0,0,0,0,0,-0.001779359
2019-07-01,4,TRUE,FALSE,64.92,65.06,59.09,65.17,2.33,68,80.29,77.24333333,3,1158.8,169.23,1.75,1.479,1.92,0.441,2129.74,14.03,1508.59,2174.79,1051.81,638.8,2087.44,23.9,23.63333333,10.99545372,10.72878705,10.99545372,10.72878705,10.99545372,0,0.5,1.5,3,0,0,0,141.36,99.652,100.74,95.9,99.1,75,74,44008404,40104812,102.444,110.423,103.846,73.3,2227827,489586.8,1,80.77,1050.12,1.92,64.87,70.9,79.25533333,78.79208333,1054.212,1056.2065,1.92,1.927,64.196,61.96,70.87,72.36,2,0,0,0,1,0,0,0,0,0,0,0,0,0
2019-07-02,4,TRUE,FALSE,63.43,62.4,56.25,63.52,2.3,70,80.34,80.34,1,1166,169.85,1.75,1.463,1.92,0.457,2122.02,13.41,1500.35,2183.24,1060.01,637.53,2094.46,24.4,24.4,11.49545372,11.49545372,11.49545372,11.49545372,11.49545372,0,0,0,1,0,0,0,141.36,99.491,100.74,95.9,99.1,75,74,44008404,40104812,102.444,110.423,103.846,73.3,2227827,489586.8,1,77.24333333,1051.81,1.92,65.17,68,80.08466667,78.75775,1052.162,1056.6495,1.92,1.9265,64.424,62.0265,70.35,71.59,2,0,0,0,1,0,0,0,0,0,0,0,0,0.001782531
2019-07-03,4,TRUE,FALSE,60.62,63.82,57.34,61.03,2.29,72.75,79.77,79.77,1,1171.3,169.87,1.75,1.429,1.92,0.491,2096.02,13.5,1488.82,2196.43,1061.32,623.95,2081.4,24.1,24.1,11.19545372,11.19545372,11.19545372,11.19545372,11.19545372,0,0,0,1,0,0,550000,141.36,99.491,100.74,95.9,99.1,75,74,44008404,40104812,102.444,110.423,103.846,73.3,2227827,489586.8,1,80.34,1060.01,1.92,63.52,70,80.02666667,79.00708333,1053.746,1056.919,1.92,1.926,64.454,62.1845,70.16,71.4275,2,0,0,0,1,0,0,0,0,0,0,0,0,0
2019-07-04,4,TRUE,FALSE,61.75,63.3,57.34,62.07,2.29,77,79.38,79.38,1,1168.6,170,1.75,1.416,1.91,0.494,2108.73,13.15,1496.42,2240.42,1068.06,629.15,2111.25,25.4,25.4,12.49545372,12.49545372,12.49545372,12.49545372,12.49545372,0,0,0,1,0,0,550000,141.36,99.491,100.74,95.9,99.1,75,74,44008404,40104812,102.444,110.423,103.846,73.3,2227827,489586.8,1,79.77,1061.32,1.92,61.03,72.75,79.80666667,79.02208333,1055.76,1057.286,1.92,1.9255,63.804,62.2275,70.53,71.3975,2,0,0,0,1,0,0,0,0,0,0,0,0,0.001779359
2019-07-05,4,TRUE,FALSE,61.62,64.23,57.51,62.16,2.29,76.2,79.5,79.5,1,1170.4,170.1,1.75,1.423,1.91,0.487,2110.59,13.16,1505.41,2231.85,1071.23,626.95,2080.39,27.6,27.6,14.69545372,14.69545372,14.69545372,14.69545372,14.69545372,0,0,0,1,0,1,550000,141.36,99.491,100.74,95.9,99.1,75,74,44008404,40104812,102.444,110.423,103.846,73.3,2227827,489586.8,1,79.38,1068.06,1.91,62.07,77,79.50066667,79.00108333,1058.264,1058.338,1.918,1.9245,63.332,62.3225,71.73,71.605,2,0,0,0,1,0,0,0,0,0,0,0,0,0
2019-07-08,4,TRUE,FALSE,63.32,64.11,57.66,63.62,2.39,75.2,78.75,75.71666667,3,1182,171.3,1.75,1.422,1.91,0.488,2064.17,14.48,1471.02,2179.03,1062.57,606.94,1965.98,25.1,27.16666667,12.19545372,14.26212038,12.19545372,14.26212038,16.79545372,0,0,0,3,1,1,550000,141.36,99.491,100.74,95.9,99.1,75,74,44008404,40104812,102.444,110.423,103.846,73.3,2227827,489586.8,1,79.5,1071.23,1.91,62.16,76.2,79.24666667,79.10783333,1062.486,1059.3375,1.916,1.9235,62.79,62.3675,72.79,71.775,2,0,0,0,1,0,0,0,0,0,0,0,0,0.001776199
2019-07-09,4,TRUE,FALSE,62.63,64.16,57.83,63.17,2.41,74.9,80.7,80.7,1,1180.5,171.35,1.75,1.424,1.91,0.486,2052.03,14.43,1461.45,2139.65,1055.89,589.18,1976.6,25,25,12.09545372,12.09545372,12.09545372,12.09545372,12.09545372,0,0,0,1,1,1,550000,141.36,99.491,100.74,95.9,99.1,75,74,44008404,40104812,102.444,110.423,103.846,73.3,2227827,489586.8,1,75.71666667,1062.57,1.91,63.62,75.2,78.94133333,79.192,1064.638,1059.7765,1.914,1.9225,62.48,62.45,74.23,71.86,2,0,0,0,1,0,0,0,0,0,0,0,0,0
2019-07-10,4,TRUE,FALSE,63.9,67.01,60.43,64.47,2.49,75.45,79.22,79.22,1,1181.6,171.55,1.75,1.438,1.91,0.472,2058.78,14.63,1455.32,2134.62,1050.36,591.07,2031.04,22.7,22.7,9.795453716,9.795453716,9.795453716,9.795453716,9.795453716,8.5,8.5,8.5,1,1,1,550000,141.36,99.491,100.74,95.9,99.1,75,74,44008404,40104812,102.444,110.423,103.846,73.3,2227827,489586.8,1,80.7,1055.89,1.91,63.17,74.9,79.01333333,79.2515,1063.814,1059.276,1.912,1.9215,62.41,62.5395,75.21,71.8975,2,0,0,0,1,0,0,0,0,0,0,0,0,0
2019-07-11,4,FALSE,FALSE,65.95,66.52,60.2,66.71,2.54,75.05,80.25,80.25,1,1173.5,170.85,1.75,1.419,1.91,0.491,2080.58,13.96,1463.59,2166.47,1055.36,599.01,2086.28,21.9,21.9,8.995453716,8.995453716,8.995453716,8.995453716,8.995453716,2.9,2.9,2.9,1,1,1,0,146.82,99.491,100.74,95.9,99.1,75,74,44008404,40104812,102.444,110.423,103.846,73.3,2227827,489586.8,1,79.22,1050.36,1.91,64.47,75.45,78.90333333,79.2435,1061.622,1058.34,1.91,1.9205,63.098,62.764,75.75,72.0725,2,0,0,0,1,0,0,0,0,0,0,0,0,0
2019-07-12,4,TRUE,FALSE,65.88,66.72,60.21,66.31,2.54,74.6,80.48,80.48,1,1179.2,171.5,1.75,1.424,1.91,0.486,2086.66,12.81,1463.92,2182.78,1055.34,596.82,2104.18,23.6,23.6,10.69545372,10.69545372,10.69545372,10.69545372,10.69545372,0,0,0,1,1,1,0,146.82,99.491,100.74,95.9,99.1,75,74,44008404,40104812,102.444,110.423,103.846,73.3,2227827,489586.8,1,80.25,1055.36,1.91,66.71,75.05,79.07733333,79.2855,1059.082,1058.1255,1.91,1.9195,64.026,63.0835,75.36,72.2325,2,0,0,0,1,0,0,0,0,0,0,0,0,0
2019-07-15,4,TRUE,FALSE,65.22,66.48,59.58,65.52,2.53,74.35,77.87,75.51666667,3,1179.3,171.59,1.75,1.434,1.91,0.476,2082.48,13.03,1453.16,2210.31,1056.12,589.1,2116.77,23.8,24.86666667,10.89545372,11.96212038,10.89545372,11.96212038,12.99545372,7.7,2.566666667,7.7,3,0,1,0,146.82,99.491,100.74,95.9,99.1,75,74,44008404,40104812,102.444,110.423,103.846,73.3,2227827,489586.8,1,80.48,1055.34,1.91,66.31,74.6,79.27333333,79.332,1055.904,1057.6345,1.91,1.9185,64.856,63.401,75.04,72.3925,2,0,0,0,1,0,0,0,0,0,0,0,0,0.003546099
2019-07-16,4,TRUE,FALSE,64.58,64.35,57.62,64.92,2.53,73.3,78.8,78.8,1,1177.6,171.33,1.75,1.431,1.91,0.479,2091.87,12.57,1465.35,2221.95,1062.4,591.72,2121.4,24.7,24.7,11.79545372,11.79545372,11.79545372,11.79545372,11.79545372,6.3,6.3,6.3,1,0,0,0,146.82,99.491,100.74,95.9,99.1,75,74,44008404,40104812,102.444,110.423,103.846,73.3,2227827,489586.8,1,75.51666667,1056.12,1.91,65.52,74.35,79.23333333,79.34116667,1054.614,1057.55,1.91,1.9175,65.236,63.638,74.87,72.5525,2,0,0,0,1,0,0,0,0,0,0,0,0,-0.001766784
2019-07-17,4,TRUE,FALSE,63.23,63.66,56.78,63.72,2.44,74.3,78.89,78.89,1,1181.3,171.6,1.75,1.399,1.91,0.511,2072.92,13.04,1451.73,2218.62,1056.01,579.11,2074.47,25.6,25.6,12.69545372,12.69545372,12.69545372,12.69545372,12.69545372,0.7,0.7,0.7,1,0,0,0,146.82,99.491,100.74,95.9,99.1,75,74,44008404,40104812,102.444,110.423,103.846,73.3,2227827,489586.8,1,78.8,1062.4,1.91,64.92,73.3,78.85333333,79.25466667,1055.916,1057.827,1.91,1.9165,65.586,63.885,74.55,72.6775,2,0,0,0,1,0,0,0,0,0,0,0,0,0
2019-07-18,4,TRUE,FALSE,62.14,61.93,55.3,62.65,2.38,73.85,79.71,79.71,1,1178.8,171.35,1.5,1.345,1.84,0.495,2066.55,13.8,1437.39,2198.85,1058.89,568.77,2107.45,26.9,26.9,13.99545372,13.99545372,13.99545372,13.99545372,13.99545372,0,0,0,1,0,0,0,146.82,99.491,100.74,95.9,99.1,75,74,44008404,40104812,102.444,110.423,103.846,73.3,2227827,489586.8,1,78.89,1056.01,1.91,63.72,74.3,78.78733333,79.17366667,1057.046,1057.837,1.91,1.9155,65.436,64.0105,74.32,72.8625,2,0,0,0,1,0,0,0,0,0,0,0,0,0.003539823
2019-07-19,4,TRUE,FALSE,61.55,62.47,55.63,62.26,2.3,74.1,80.46,80.46,1,1174.5,170.72,1.5,1.327,1.84,0.513,2094.36,13.11,1461.58,2216.61,1067.31,578.46,2132.08,28.6,28.6,15.69545372,15.69545372,15.69545372,15.69545372,15.69545372,0,0,0,1,0,0,0,146.82,99.491,100.46,95.9,99.1,75,74,44008404,40104812,102.444,110.423,103.846,73.3,2227827,489586.8,1,79.71,1058.89,1.84,62.65,73.85,78.67933333,79.12466667,1057.752,1057.6585,1.896,1.911,64.624,64.012,74.08,73.03,2,0,0,0,1,0,0,0,0,0,0,0,0,0.001763668
2019-07-22,4,TRUE,FALSE,62.74,63.26,56.22,63.68,2.33,74.5,79.51,76.65,3,1178.3,171.3,1.5,1.333,1.84,0.507,2093.34,13.67,1461.44,2218.26,1063.54,578.38,2155.6,26.7,26.6,13.79545372,13.69545372,13.79545372,13.69545372,15.09545372,0.1,2.466666667,7.4,3,0,0,0,146.82,99.491,100.46,95.9,99.1,75,74,44008404,40104812,102.444,110.423,103.846,73.3,2227827,489586.8,1,80.46,1067.31,1.84,62.26,74.1,78.67533333,79.11266667,1060.146,1058.187,1.882,1.907,63.814,63.914,73.98,73.17,2,0,0,0,1,0,0,0,0,0,0,0,0,0
2019-07-23,4,TRUE,FALSE,62.11,63.83,56.77,62.88,2.34,73.85,80.96,80.96,1,1178.9,171.28,1.5,1.339,1.82,0.481,2101.45,13.16,1473.07,2239.18,1077.21,578.19,2151.6,28.1,28.1,15.19545372,15.19545372,15.19545372,15.19545372,15.19545372,0,0,0,1,0,0,0,146.82,99.491,100.46,95.9,99.1,75,74,44008404,40104812,102.444,110.423,103.846,73.3,2227827,489586.8,1,76.65,1063.54,1.84,63.68,74.5,78.902,79.29033333,1061.63,1058.261,1.868,1.903,63.446,63.8965,74.01,73.365,2,0,0,0,1,0,0,0,0,0,0,0,0,0.007042254
2019-07-24,4,TRUE,FALSE,63.21,63.18,55.88,63.97,2.33,74.2,81.21,81.21,1,1177.9,171.15,1.5,1.321,1.8,0.479,2082.3,13.75,1468.04,2216.74,1071.71,571.21,2121.23,26.5,26.5,13.59545372,13.59545372,13.59545372,13.59545372,13.59545372,1,1,1,1,0,0,0,146.82,99.491,100.46,95.9,99.1,75,74,44008404,40104812,102.444,110.423,103.846,73.3,2227827,489586.8,1,80.96,1077.21,1.82,62.88,73.85,79.334,79.30683333,1064.592,1059.517,1.85,1.898,63.038,63.872,74.12,73.51,2,0,0,0,1,0,0,0,0,0,0,0,0,-0.006993007
2019-07-25,4,TRUE,FALSE,63.03,63.39,56.02,63.87,2.26,74.4,81.88,81.88,1,1181.5,171.84,1.5,1.302,1.79,0.488,2074.48,14.09,1448.83,2156.41,1073.51,561.64,2126.01,26.3,26.3,13.39545372,13.39545372,13.39545372,13.39545372,13.39545372,9.7,9.7,9.7,1,0,0,0,146.82,99.491,100.46,95.9,99.1,75,74,44008404,40104812,102.444,110.423,103.846,73.3,2227827,516735.4,1,81.21,1071.71,1.8,63.97,74.2,79.798,79.32383333,1067.732,1060.54,1.828,1.892,63.088,63.8565,74.1,73.675,2,0,0,0,1,0,0,0,0,0,0,0,0,0.001760563
2019-07-26,4,TRUE,FALSE,62.83,63.46,56.2,63.53,2.23,74.25,81.82,81.82,1,1184.8,172.24,1.5,1.308,1.78,0.472,2066.26,14.34,1419.39,2134.51,1066.86,555.44,2109.19,25.1,25.1,12.19545372,12.19545372,12.19545372,12.19545372,12.19545372,60,60,60,1,0,0,0,146.82,99.491,100.46,95.9,99.1,75,74,44008404,40104812,102.444,110.423,103.846,73.3,2227827,516735.4,1,81.88,1073.51,1.79,63.87,74.4,80.232,79.37233333,1070.656,1061.4385,1.818,1.8855,63.332,63.8285,74.21,73.845,2,0,0,0,1,0,0,0,0,0,0,0,0,0.001757469
2019-07-29,4,TRUE,FALSE,62.53,63.71,56.87,62.92,2.23,71.6,79.73,77.5,3,1183.5,171.7,1.5,1.306,1.77,0.464,2029.48,15.08,1389.3,2096.79,1059.71,549.37,2015.9,27.5,27.33333333,14.59545372,14.42878705,14.59545372,14.42878705,15.49545372,0.5,8.9,26.7,3,0,0,0,146.82,99.491,100.46,95.9,99.1,75,74,44008404,40104812,102.444,110.423,103.846,73.3,2227827,516735.4,1,81.82,1066.86,1.78,63.53,74.25,80.504,79.42483333,1070.566,1062.2755,1.806,1.8785,63.586,63.7615,74.24,74.0125,2,0,0,0,1,0,0,0,0,0,0,0,0,0
2019-07-30,4,TRUE,FALSE,63.63,64.72,58.05,63.63,2.22,69.65,80.42,80.42,1,1181.6,171.48,1.5,1.301,1.76,0.459,2038.68,14.96,1393.17,2105.71,1060.82,552.06,2048.55,28.1,28.1,15.19545372,15.19545372,15.19545372,15.19545372,15.19545372,1.2,1.2,1.2,1,0,0,0,146.82,99.491,100.46,95.9,99.1,73,72,44008404,40104812,102.444,110.423,103.846,73.3,2227827,516735.4,1,77.5,1059.71,1.77,62.92,71.6,80.674,79.43766667,1069.8,1062.6705,1.792,1.871,63.434,63.649,73.66,74.1925,2,0,0,0,1,0,0,0,0,0,0,0,0,0.003508772
2019-07-31,4,TRUE,FALSE,64.57,65.17,58.58,64.57,2.28,69.45,80.44,80.44,1,1183.1,171.55,1.5,1.292,1.76,0.468,2024.55,15.29,1387.34,2116.76,1064.45,555,2044.07,25.8,25.8,12.89545372,12.89545372,12.89545372,12.89545372,12.89545372,62.3,62.3,62.3,1,0,0,0,146.82,99.491,100.46,95.9,99.3,73,72,44008404,40104812,99.812,106.949,96.811,72.6,2099002,516735.4,1,80.42,1060.82,1.76,63.63,69.65,80.566,79.44166667,1066.522,1062.711,1.78,1.863,63.584,63.6545,72.82,74.175,2,0,0,0,1,0,0,0,0,0,0,0,0,0
2019-08-01,4,FALSE,FALSE,63.05,60.5,53.95,63.23,2.36,69.45,84.03,84.03,1,1188.5,172,1.5,1.309,1.76,0.451,2017.34,15.22,1355.15,2107.16,1050.39,542.93,2009.81,26.3,26.3,13.39545372,13.39545372,13.39545372,13.39545372,13.39545372,26.9,26.9,26.9,1,0,0,0,146.82,99.187,100.46,95.9,99.3,73,72,46078221,43762245,99.812,106.949,96.811,72.6,2099002,516735.4,1,80.44,1064.45,1.76,64.57,69.45,80.412,79.47516667,1065.07,1062.8675,1.772,1.855,63.704,63.8315,71.87,74.01,2,0,0,0,1,0,0,0,0,0,0,0,0,0
2019-08-02,4,TRUE,FALSE,60.33,61.89,55.66,61.19,2.12,69.15,82.5,82.5,1,1198,172.14,1.5,1.26,1.75,0.49,1998.13,16.01,1322.58,2082.88,1048.48,539.11,1995,28.4,28.4,15.49545372,15.49545372,15.49545372,15.49545372,15.49545372,0,0,0,1,0,0,0,146.82,99.187,100.46,95.9,99.3,73,72,46078221,43762245,99.812,106.949,96.811,72.6,2099002,516735.4,1,84.03,1050.39,1.76,63.23,69.45,80.842,79.70766667,1060.446,1061.984,1.766,1.8475,63.576,63.8895,70.88,73.6325,2,0,0,0,1,0,0,0,0,0,0,0,0,0
2019-08-05,4,TRUE,FALSE,59.68,59.81,54.69,60.32,2.02,68.9,83.51,81.77666667,3,1215.3,171.66,1.5,1.172,1.74,0.568,1946.98,19.08,1288.69,2021.92,1027.26,522.06,1907.89,30.5,29.4,17.59545372,16.49545372,17.59545372,16.49545372,17.59545372,0,3.866666667,11.6,3,0,0,0,146.82,99.187,100.46,95.9,99.3,73,72,46078221,43762245,99.812,106.949,96.811,72.6,2099002,516735.4,1,82.5,1048.48,1.75,61.19,69.15,80.978,79.85766667,1056.77,1060.8465,1.76,1.8395,63.108,63.841,69.86,73.28,2,0,0,0,1,0,0,0,0,0,0,0,0,0
2019-08-06,4,TRUE,FALSE,58.75,58.94,53.63,59.33,2.15,68.05,86.12,86.12,1,1215.3,171.88,1.5,1.163,1.73,0.567,1917.5,20.62,1274.05,1992.64,1004.41,514.9,1835.77,31.6,31.6,18.69545372,18.69545372,18.69545372,18.69545372,18.69545372,0,0,0,1,0,0,0,146.82,99.187,100.46,95.9,99.3,73,72,46078221,43762245,99.812,106.949,96.811,72.6,2099002,516735.4,1,81.77666667,1027.26,1.74,60.32,68.9,81.83333333,80.16066667,1050.28,1059.081,1.754,1.831,62.588,63.676,69.32,72.965,2,0,0,0,1,0,0,0,0,0,0,0,0,0
2019-08-07,4,TRUE,FALSE,57.89,56.23,51.09,58.69,2.18,67.75,85.52,85.52,1,1214.9,171.55,1.5,1.153,1.73,0.577,1909.71,19.24,1278.64,2005.89,998.81,509.77,1889.46,26.9,26.9,13.99545372,13.99545372,13.99545372,13.99545372,13.99545372,8,8,8,1,0,0,550000,146.82,99.187,100.46,95.9,99.3,73,72,46078221,43762245,99.812,106.949,96.811,72.6,2099002,516735.4,1,86.12,1004.41,1.73,59.33,68.05,82.97333333,80.43166667,1038.998,1056.507,1.748,1.822,61.728,63.484,69,72.6225,2,0,0,0,1,0,0,0,0,0,0,0,0,0.001748252
2019-08-08,4,TRUE,FALSE,56.83,57.38,52.54,57.37,2.13,67.8,85.54,85.54,1,1209.2,170.99,1.5,1.165,1.73,0.565,1920.61,16.47,1306.84,2016.87,983.92,522.2,1928.95,28.9,28.9,15.99545372,15.99545372,15.99545372,15.99545372,15.99545372,0,0,0,1,0,0,550000,146.82,99.187,100.46,95.9,99.3,73,72,46078221,43762245,99.812,106.949,96.811,72.6,2099002,516735.4,1,85.52,998.81,1.73,58.69,67.75,83.98933333,80.74666667,1025.87,1053.9295,1.742,1.813,60.552,63.195,68.66,72.2375,2,0,0,0,1,0,0,0,0,0,0,0,0,0.001745201
2019-08-09,4,TRUE,FALSE,56.83,58.53,54.5,57.37,2.09,67.85,84.98,84.98,1,1210.5,171.08,1.5,1.186,1.73,0.544,1937.75,15.91,1316.54,2005.26,986.39,526.85,1945.9,29.8,29.8,16.89545372,16.89545372,16.89545372,16.89545372,16.89545372,0,0,0,1,0,1,550000,146.82,99.187,100.46,95.9,99.3,73,72,46078221,43762245,99.812,106.949,96.811,72.6,2099002,516735.4,1,85.54,983.92,1.73,57.37,67.8,84.29133333,81.01116667,1012.576,1050.3575,1.736,1.804,59.38,62.728,68.33,71.875,2,0,0,0,1,0,0,0,0,0,0,0,0,0.003484321
2019-08-12,4,TRUE,FALSE,56.83,58.57,54.93,57.37,2.21,67.3,84.48,82.17333333,3,1216.2,171.44,1.5,1.182,1.73,0.548,1942.29,15.34,1309.12,1996.26,985.01,532.27,1950.83,26.6,29.5,13.69545372,16.59545372,13.69545372,16.59545372,18.59545372,56.2,20.96666667,62.9,3,1,1,550000,146.82,99.187,100.46,95.9,99.3,73,72,46078221,43762245,99.812,106.949,96.811,72.6,2099002,516735.4,1,84.98,986.39,1.73,57.37,67.85,84.78733333,81.23616667,1000.158,1046.91,1.732,1.795,58.616,62.281,68.07,71.5375,2,0,0,0,1,0,0,0,0,0,0,0,0,0.024305556
2019-08-13,4,TRUE,FALSE,57.76,61.3,57.1,58.37,2.24,67.15,86.67,86.67,1,1222.2,172.02,1.5,1.15,1.73,0.58,1925.83,17.25,1299.1,1960.37,971.72,517.94,1950.64,29.2,29.2,16.29545372,16.29545372,16.29545372,16.29545372,16.29545372,6.4,6.4,6.4,1,1,1,550000,146.82,99.187,100.46,95.9,99.3,73,72,46078221,43762245,99.812,106.949,96.811,72.6,2099002,516735.4,1,82.17333333,985.01,1.73,57.37,67.3,84.86666667,81.569,991.708,1043.3545,1.73,1.786,58.026,61.8735,67.75,71.185,2,0,0,0,1,0,0,0,0,0,0,0,0,0.016949153
2019-08-14,4,TRUE,FALSE,59.66,59.48,55.23,60.26,2.22,66.85,87.31,87.31,1,1212.7,172.52,1.5,1.149,1.72,0.571,1938.37,16.09,1299.02,2013.93,972.38,513.99,1988.38,30.4,30.4,17.49545372,17.49545372,17.49545372,17.49545372,17.49545372,0,0,0,1,1,1,550000,146.82,99.187,100.46,95.9,99.3,73,72,46078221,43762245,99.812,106.949,96.811,72.6,2099002,516735.4,1,86.67,971.72,1.73,58.37,67.15,84.97666667,81.9625,985.17,1038.8205,1.73,1.777,57.834,61.546,67.57,70.8775,2,0,0,0,1,0,0,0,0,0,0,0,0,0.016666667
2019-08-16,4,TRUE,FALSE,58.2,58.64,54.87,58.96,2.2,66.3,86.89,86.39,2,1210.8,171.79,1.5,1.095,1.72,0.625,1927.17,17.06,1298.98,1990.95,953.27,514.76,1977.23,25.9,25.9,12.99545372,12.99545372,12.99545372,12.99545372,12.99545372,0.1,8.15,16.3,2,1,1,0,151.64,99.187,100.46,95.9,99.3,73,72,46078221,43762245,99.812,106.949,96.811,72.6,2099002,516735.4,1,87.31,972.38,1.72,60.26,66.85,85.33466667,82.3835,979.884,1034.639,1.728,1.7675,58.148,61.373,67.39,70.505,2,0,0,0,1,0,0,0,0,0,0,0,0,-0.019672131
2019-08-19,4,TRUE,FALSE,58.4,59.74,56.21,59.03,2.26,66.35,85.27,83.20666667,3,1211,171.61,1.5,1.093,1.72,0.627,1939.9,16.41,1314.7,2012.68,971.55,524.78,1978.41,26.3,25.93333333,13.39545372,13.02878705,13.39545372,13.02878705,13.39545372,0,0,0,3,1,1,0,151.64,99.187,100.46,95.9,99.3,73,72,46078221,43762245,99.812,106.949,96.811,72.6,2099002,516735.4,1,86.39,953.27,1.72,58.96,66.3,85.50466667,82.7175,973.754,1029.358,1.726,1.7615,58.466,61.1885,67.09,70.1275,2,0,0,0,1,0,0,0,0,0,0,0,0,0
2019-08-20,4,TRUE,FALSE,59.24,60.03,56.34,59.84,2.35,65.95,87.6,87.6,1,1208.3,170.85,1.5,1.101,1.72,0.619,1960.25,14.99,1324.45,2035.52,972.86,529.64,2015.72,28.2,28.2,15.29545372,15.29545372,15.29545372,15.29545372,15.29545372,0,0,0,1,0,1,0,151.64,99.187,100.46,95.9,99.3,73,72,46078221,43762245,99.812,106.949,96.811,72.6,2099002,516735.4,1,83.20666667,971.55,1.72,59.03,66.35,85.15,82.85483333,970.786,1024.57,1.724,1.7555,58.798,61.027,66.79,69.74,2,0,0,0,1,0,0,0,0,0,0,0,0,-0.026755853
2019-08-21,4,TRUE,FALSE,60.09,60.3,55.68,60.97,2.31,65.45,87.35,87.35,1,1202.5,170.25,1.5,1.156,1.72,0.564,1964.65,15.18,1324.76,2053.95,977.69,534.83,2038.96,27,27,14.09545372,14.09545372,14.09545372,14.09545372,14.09545372,1.3,1.3,1.3,1,0,0,0,151.64,99.187,100.46,95.9,99.3,73,72,46078221,43762245,99.812,106.949,96.811,72.6,2099002,516735.4,1,87.6,972.86,1.72,59.84,65.95,86.23533333,83.40233333,968.356,1020.036,1.722,1.7495,59.292,60.835,66.52,69.3125,2,0,0,0,1,0,0,0,0,0,0,0,0,0.010309278
2019-08-22,4,TRUE,FALSE,60.29,59.92,55.35,61.19,2.28,65.35,86.48,86.48,1,1207.4,170.43,1.5,1.13,1.72,0.59,1951.01,15.23,1315.65,2035,977.5,531.85,1996.11,26.9,26.9,13.99545372,13.99545372,13.99545372,13.99545372,13.99545372,0,0,0,1,0,0,0,151.64,99.187,100.46,95.9,99.3,73,72,46078221,43762245,99.812,106.949,96.811,72.6,2099002,516735.4,1,87.35,977.69,1.72,60.97,65.45,86.37133333,83.72183333,969.55,1015.06,1.72,1.7445,59.812,60.7395,66.18,68.8925,2,0,0,0,1,0,0,0,0,0,0,0,0,0.00170068
2019-08-23,4,TRUE,FALSE,59.43,59.34,54.17,60.21,2.15,65.75,85.11,85.11,1,1210.6,170.61,1.5,1.169,1.72,0.551,1948.3,15.55,1299.74,2044.2,972.45,527.57,2000.53,26.2,26.2,13.29545372,13.29545372,13.29545372,13.29545372,13.29545372,0,0,0,1,0,0,0,151.64,99.187,100.46,95.9,99.3,73,72,46078221,43762245,99.812,106.949,96.811,72.6,2099002,516735.4,1,86.48,977.5,1.72,61.19,65.35,86.20533333,83.98533333,970.574,1010.3495,1.72,1.7405,59.998,60.6005,65.88,68.45,2,0,0,0,1,0,0,0,0,0,0,0,0,0.001697793
2019-08-26,4,TRUE,FALSE,58.59,58.7,53.64,59.17,2.23,65.75,82.77,79.50666667,3,1217.8,169.89,1.5,1.121,1.72,0.599,1916.31,17.33,1277.54,1998.38,962.96,515.54,1906.79,26.4,25.16666667,13.49545372,12.26212038,13.49545372,12.26212038,13.49545372,0,0,0,3,0,0,0,151.64,99.187,100.46,95.9,99.3,73,72,46078221,43762245,99.812,106.949,96.811,72.6,2099002,516735.4,1,85.11,972.45,1.72,60.21,65.75,85.94933333,84.14683333,974.41,1005.2965,1.72,1.737,60.248,60.4175,65.77,68.0175,2,0,0,0,1,0,0,0,0,0,0,0,0,0.003389831
2019-08-27,4,TRUE,FALSE,58.07,59.51,54.93,58.71,2.24,65.4,84.77,84.77,1,1211.2,169.02,1.5,1.171,1.72,0.549,1924.6,16.66,1276.11,1989.7,963.79,519,1940.74,25.7,25.7,12.79545372,12.79545372,12.79545372,12.79545372,12.79545372,20,20,20,1,0,0,0,151.64,99.187,100.46,95.9,99.3,73,72,46078221,43762245,99.812,106.949,96.811,72.6,2099002,516735.4,1,79.50666667,962.96,1.72,59.17,65.75,85.20933333,84.03116667,972.692,1000.1015,1.72,1.734,60.276,60.1995,65.65,67.5925,2,0,0,0,1,0,0,0,0,0,0,0,0,0.003378378
2019-08-28,4,TRUE,FALSE,58.99,60.49,55.78,59.18,2.24,65.6,84.81,84.81,1,1213.9,169.42,1.5,1.18,1.72,0.54,1941.09,16.46,1284.94,2003.29,967.86,523.7,1972.11,26.1,26.1,13.19545372,13.19545372,13.19545372,13.19545372,13.19545372,0,0,0,1,0,0,0,151.64,99.187,100.46,95.9,99.3,73,72,46078221,43762245,99.812,106.949,96.811,72.6,2099002,516735.4,1,84.77,963.79,1.72,58.71,65.4,84.64333333,84.39466667,970.878,995.3055,1.72,1.7315,60.05,59.989,65.54,67.2825,2,0,0,0,1,0,0,0,0,0,0,0,0,0
2019-08-29,4,TRUE,FALSE,59.32,61.08,56.71,59.31,2.36,65.3,84.31,84.31,1,1216.4,169.57,1.5,1.167,1.72,0.553,1933.41,16.81,1282.04,1998.85,977.8,523.11,1944.34,23.4,23.4,10.49545372,10.49545372,10.49545372,10.49545372,10.49545372,36.9,36.9,36.9,1,0,0,0,151.64,99.187,100.46,95.9,99.3,68,70,46078221,43762245,99.812,106.949,96.811,72.6,2099002,516735.4,1,84.81,967.86,1.72,59.18,65.6,84.13533333,84.61416667,968.912,990.6575,1.72,1.7295,59.692,59.7665,65.57,67.08,2,0,0,0,1,0,0,0,0,0,0,0,0,0.001683502
2019-08-30,4,TRUE,FALSE,59.62,60.43,55.1,59.62,2.33,65.75,82.44,82.44,1,1211.2,169.25,1.5,1.168,1.72,0.552,1967.79,15.75,1307.79,2055.29,977.83,536.08,1999.93,22.6,22.6,9.695453716,9.695453716,9.695453716,9.695453716,9.695453716,0.2,0.2,0.2,1,0,0,0,151.64,99.187,100.46,95.9,99.4,68,70,46078221,43762245,104.229,111.075,107.223,75.5,1807674,516735.4,1,84.31,977.8,1.72,59.31,65.3,83.70133333,84.80766667,968.972,986.325,1.72,1.7275,59.316,59.5035,65.56,66.8725,2,0,0,0,1,0,0,0,0,0,0,0,0,0.006722689
2019-09-02,4,TRUE,FALSE,57.62,58.66,55.1,58.42,2.33,65.05,77.04,74.70333333,3,1210.8,168.96,1.5,1.233,1.72,0.487,1969.19,16.15,1320.36,2041.05,978.59,534.95,2037.82,24.4,23.86666667,11.49545372,10.96212038,11.49545372,10.96212038,11.49545372,0,0,0,3,0,0,0,151.64,99.187,100.46,95.9,99.4,68,70,44020065,42457250,104.229,111.075,107.223,75.5,1807674,516735.4,1,82.44,977.83,1.72,59.62,65.75,83.16733333,84.72816667,970.048,982.697,1.72,1.7255,59.198,59.323,65.56,66.6875,2,0,0,0,1,0,0,0,0,0,0,0,0,0
2019-09-03,4,TRUE,FALSE,56.48,58.26,53.94,57.19,2.39,66.5,80.03,80.03,1,1215.6,169.25,1.5,1.228,1.72,0.492,1965.69,16.53,1318.17,2036.43,975.45,533.36,2027.43,24.1,24.1,11.19545372,11.19545372,11.19545372,11.19545372,11.19545372,0,0,0,1,0,0,0,151.64,99.425,100.46,95.9,99.4,68,70,44020065,42457250,104.229,111.075,107.223,75.5,1807674,516735.4,1,74.70333333,978.59,1.72,58.42,65.05,82.20666667,84.33833333,973.174,979.2025,1.72,1.724,59.048,59.1845,65.42,66.4825,2,0,0,0,1,0,0,0,0,0,0,0,0,0.001669449
2019-09-04,4,TRUE,FALSE,56.72,60.7,56.26,57.27,2.48,66.35,81.11,81.11,1,1208.2,168.6,1.5,1.241,1.72,0.479,1988.53,15.97,1330.39,2039.02,977.11,534.33,2111.06,22.8,22.8,9.895453716,9.895453716,9.895453716,9.895453716,9.895453716,22.7,22.7,22.7,1,0,0,550000,151.64,99.425,100.46,95.9,99.4,68,70,44020065,42457250,104.229,111.075,107.223,75.5,1807674,516735.4,1,80.03,975.45,1.72,57.19,66.5,81.25866667,84.251,975.506,976.612,1.72,1.723,58.744,59.028,65.64,66.3625,2,0,0,0,1,0,0,0,0,0,0,0,0,0
2019-09-05,4,TRUE,FALSE,58.53,60.95,56.3,59.31,2.49,66.9,81.19,81.19,1,1200.2,168.05,1.5,1.259,1.72,0.461,2004.75,15.07,1336.57,2068.53,971.39,536.74,2180.79,23,23,10.09545372,10.09545372,10.09545372,10.09545372,10.09545372,36.4,36.4,36.4,1,0,0,550000,151.64,99.425,100.46,95.9,99.4,68,70,44020065,42457250,104.229,111.075,107.223,75.5,1807674,516735.4,1,81.11,977.11,1.72,57.27,66.35,80.51866667,84.0005,977.356,975.247,1.72,1.7225,58.362,58.925,65.79,66.2775,2,0,0,0,1,0,0,0,0,0,0,0,0,0.003333333
2019-09-06,4,TRUE,FALSE,59.23,61.54,56.52,59.94,2.49,66.25,81.69,81.69,1,1196.9,167.53,1.5,1.265,1.72,0.455,2009.13,14.54,1324.63,2066.98,969.51,537.85,2176.68,25.3,25.3,12.39545372,12.39545372,12.39545372,12.39545372,12.39545372,2.4,2.4,2.4,1,0,1,550000,151.64,99.425,100.46,95.9,99.4,68,70,44020065,42457250,104.229,111.075,107.223,75.5,1807674,516735.4,1,81.19,971.39,1.72,59.31,66.9,79.89466667,83.784,976.074,973.876,1.72,1.722,58.362,58.956,66.11,66.235,2,0,0,0,1,0,0,0,0,0,0,0,0,0.006644518
2019-09-09,4,TRUE,FALSE,60.12,62.59,57.85,61.08,2.65,65.55,79.53,76.97333333,3,1193,167.23,1.5,1.235,1.72,0.485,2019.55,14.37,1329.02,2067.66,968.85,536.99,2169.44,25.1,25.16666667,12.19545372,12.26212038,12.19545372,12.26212038,12.79545372,0,0.933333333,2.8,3,1,1,550000,151.64,99.425,100.46,95.9,99.4,68,70,44020065,42457250,104.229,111.075,107.223,75.5,1807674,516735.4,1,81.69,969.51,1.72,59.94,66.25,79.74466667,83.5915,974.41,973.1555,1.72,1.7215,58.426,59.0845,66.21,66.1575,2,0,0,0,1,0,0,0,0,0,0,0,0,0.014851485
2019-09-10,4,TRUE,FALSE,60.89,62.38,57.4,61.88,2.67,65.8,83.59,83.59,1,1193.3,167.73,1.5,1.242,1.72,0.478,2032.08,13.43,1346.4,2080.56,978.39,551.11,2165.8,23.8,23.8,10.89545372,10.89545372,10.89545372,10.89545372,10.89545372,63.2,63.2,63.2,1,1,1,550000,151.64,99.425,100.46,95.9,99.4,68,70,44020065,42457250,104.229,111.075,107.223,75.5,1807674,516735.4,1,76.97333333,968.85,1.72,61.08,65.55,80.19866667,83.19116667,972.462,972.2785,1.72,1.721,58.958,59.27,66.31,66.0425,2,0,0,0,1,0,0,0,0,0,0,0,0,-0.014634146
2019-09-11,4,TRUE,FALSE,60.89,60.81,55.75,61.81,2.63,65.35,81.75,81.75,1,1191,167.56,1.5,1.258,1.72,0.462,2049.2,13.5,1380.29,2100.21,983.59,557.48,2159.64,24.3,24.3,11.39545372,11.39545372,11.39545372,11.39545372,11.39545372,7.6,7.6,7.6,1,1,1,550000,151.64,99.425,100.46,95.9,99.4,68,70,44020065,42457250,104.229,111.075,107.223,75.5,1807674,516735.4,1,83.59,978.39,1.72,61.88,65.8,80.91066667,83.262,973.05,971.9475,1.72,1.7205,59.896,59.4955,66.17,65.9675,2,0,0,0,1,0,0,0,0,0,0,0,0,0.014851485
2019-09-16,4,TRUE,FALSE,63.88,69.02,62.9,64.31,2.75,66.15,78.81,71.682,5,1183.1,167.52,1.5,1.348,1.72,0.372,2062.22,14.41,1401.68,2129,985.73,580.51,2153.63,24.5,23.08,11.59545372,10.17545372,11.59545372,10.17545372,11.59545372,0,0.86,4.3,5,1,1,0,148.25,99.425,100.46,95.9,99.4,68,70,44020065,42457250,104.229,111.075,107.223,75.5,1807674,516735.4,1,81.75,983.59,1.72,61.81,65.35,81.03866667,83.016,974.346,972.541,1.72,1.72,60.804,59.6675,65.97,65.8775,2,0,0,0,1,0,0,0,0,0,0,0,0,0.001626016
2019-09-17,4,TRUE,FALSE,67.53,64.55,59.34,68.23,2.7,65.6,82,82,1,1190.7,168.01,1.5,1.315,1.72,0.405,2062.33,14.63,1393.43,2129.56,991.1,580.29,2151.92,23.5,23.5,10.59545372,10.59545372,10.59545372,10.59545372,10.59545372,0,0,0,1,1,1,0,148.25,99.425,100.46,95.9,99.4,68,70,44020065,42457250,104.229,111.075,107.223,75.5,1807674,516735.4,1,71.682,985.73,1.72,64.31,66.15,79.13706667,82.2346,977.214,973.2085,1.72,1.72,61.804,59.87,65.82,65.8425,2,0,0,0,1,0,0,0,0,0,0,0,0,0.006493506
2019-09-18,4,TRUE,FALSE,63.3,63.6,58.11,63.62,2.72,65.35,81.87,81.87,1,1191.3,168.2,1.5,1.309,1.72,0.411,2070.73,14.76,1392.06,2117.81,979.85,574.93,2170.62,21,21,8.095453716,8.095453716,8.095453716,8.095453716,8.095453716,0,0,0,1,0,1,0,148.25,99.425,100.46,95.9,99.4,68,70,44020065,42457250,104.229,111.075,107.223,75.5,1807674,516735.4,1,82,991.1,1.72,68.23,65.6,79.19906667,82.0151,981.532,975.1,1.72,1.72,63.462,60.3335,65.69,65.8075,2,0,0,0,1,0,0,0,0,0,0,0,0,0.009677419
2019-09-19,4,TRUE,FALSE,63.23,64.4,58.13,63.54,2.65,65.55,80.11,80.11,1,1193.6,168.09,1.5,1.329,1.72,0.391,2080.35,14.26,1375.98,2115.8,982.53,568.15,2203.92,19.5,19.5,6.595453716,6.595453716,6.595453716,6.595453716,6.595453716,0,0,0,1,0,0,0,148.25,99.425,100.46,95.9,99.4,68,70,44020065,42457250,104.229,111.075,107.223,75.5,1807674,516735.4,1,81.87,979.85,1.72,63.62,65.35,80.1784,81.94826667,983.732,975.515,1.72,1.72,63.97,60.563,65.65,65.7575,2,0,0,0,1,0,0,0,0,0,0,0,0,0.07028754
2019-09-20,4,TRUE,FALSE,64.28,64.28,58.09,64.42,2.34,65.45,80.22,80.22,1,1188,167.89,1.5,1.332,1.72,0.388,2091.52,14.08,1380.77,2130.09,986.44,571.93,2214.61,19.6,19.6,6.695453716,6.695453716,6.695453716,6.695453716,6.695453716,0,0,0,1,0,0,0,148.25,99.425,100.46,95.9,99.4,68,70,44020065,42457250,104.229,111.075,107.223,75.5,1807674,516735.4,1,80.11,982.53,1.72,63.54,65.55,79.4824,81.57376667,984.56,975.9985,1.72,1.72,64.302,60.748,65.6,65.7375,2,0,0,0,1,0,0,0,0,0,0,0,0,0.029850746
2019-09-23,4,TRUE,FALSE,63.59,64.77,58.64,63.78,2.55,65.35,80.75,79.07666667,3,1194,167.92,1.5,1.331,1.72,0.389,2091.7,14.7,1369.93,2111.67,1011.75,572.12,2198.9,20,19.4,7.095453716,6.495453716,7.095453716,6.495453716,7.095453716,0,0.133333333,0.4,3,0,0,0,148.25,99.425,100.46,95.9,99.4,68,70,44020065,42457250,104.229,111.075,107.223,75.5,1807674,516735.4,1,80.22,986.44,1.72,64.42,65.45,79.1764,81.21726667,985.13,976.436,1.72,1.72,64.824,60.9205,65.62,65.7375,2,0,0,0,1,0,0,0,0,0,0,0,0,0.011594203
2019-09-24,4,TRUE,FALSE,63.46,63.1,57.29,63.52,2.55,65.2,80.29,80.29,1,1195.7,168.18,1.5,1.325,1.72,0.395,2101.04,14.69,1375.1,2125.31,1025.18,572.68,2205.12,19.8,19.8,6.895453716,6.895453716,6.895453716,6.895453716,6.895453716,0,0,0,1,0,0,0,148.25,99.425,100.69,95.9,99.4,68,70,44020065,42457250,104.229,111.075,107.223,75.5,1807674,516735.4,1,79.07666667,1011.75,1.72,63.78,65.35,80.65533333,80.8471,990.334,978.1485,1.72,1.72,64.718,61.05,65.46,65.7375,2,0,0,0,1,0,0,0,0,0,0,0,0,0.020057307
2019-09-25,4,TRUE,FALSE,61.57,62.39,56.49,61.93,2.54,65.4,81.14,81.14,1,1198.8,168.38,1.5,1.304,1.72,0.416,2073.39,15.62,1355.93,2060.71,1016.43,558.02,2177.49,20.9,20.9,7.995453716,7.995453716,7.995453716,7.995453716,7.995453716,0,0,0,1,0,0,0,148.25,99.425,100.69,95.9,99.4,68,70,44020065,42457250,104.229,111.075,107.223,75.5,1807674,516735.4,1,80.29,1025.18,1.72,63.52,65.2,80.31333333,80.6061,997.15,980.785,1.72,1.72,63.776,61.2155,65.38,65.71,2,0,0,0,1,0,0,0,0,0,0,0,0,0.039325843
2019-09-26,4,TRUE,FALSE,61.73,62.74,56.41,61.83,2.57,65.15,81.36,81.36,1,1198.8,168.18,1.5,1.301,1.72,0.419,2074.52,15.06,1351.82,2050.44,1003.72,561.33,2197.27,22.9,22.9,9.995453716,9.995453716,9.995453716,9.995453716,9.995453716,0,0,0,1,0,0,0,148.25,99.425,100.69,95.9,99.4,68,70,44020065,42457250,104.229,111.075,107.223,75.5,1807674,516735.4,1,81.14,1016.43,1.72,61.93,65.4,80.16733333,80.68776667,1004.466,983.4585,1.72,1.72,63.438,61.3535,65.39,65.6925,2,0,0,0,1,0,0,0,0,0,0,0,0,0.027027027
2019-09-27,4,TRUE,FALSE,62.07,61.91,55.91,62.51,2.41,65.55,82.24,82.24,1,1199.9,168.29,1.5,1.301,1.72,0.419,2049.93,14.85,1333,2032.18,986.66,556.62,2191.15,22.9,22.9,9.995453716,9.995453716,9.995453716,9.995453716,9.995453716,0,0,0,1,0,0,0,148.25,99.425,100.69,95.9,99.4,68,70,44020065,42457250,104.229,111.075,107.223,75.5,1807674,516735.4,1,81.36,1003.72,1.72,61.83,65.15,80.41733333,80.51726667,1008.704,985.455,1.72,1.72,63.096,61.5095,65.31,65.68,2,0,0,0,1,0,0,0,0,0,0,0,0,0.026315789
2019-09-30,4,FALSE,FALSE,60.94,60.78,54.07,60.93,2.37,70.05,81.34,79.65333333,3,1196.2,167.78,1.5,1.297,1.72,0.423,2063.05,15.15,1340.71,2042.66,991.8,560.6,2193.36,22.4,22.9,9.495453716,9.995453716,9.495453716,9.995453716,10.79545372,0,0,0,3,0,0,550000,148.25,99.425,100.69,96,99.8,68,70,44020065,42457250,96.898,103.8,103.471,73,1707538,516735.4,1,82.24,986.66,1.72,62.51,65.55,80.82133333,80.38876667,1008.748,986.395,1.72,1.72,62.714,61.676,65.33,65.6775,2,0,0,0,1,0,0,0,0,0,0,0,0,-0.1
2019-10-01,1,TRUE,TRUE,59.22,58.89,53.62,59.74,2.36,67.4,93.23,93.23,1,1199,167.84,1.5,1.323,1.72,0.397,2072.42,14.89,1345.7,2055.87,999.68,562.88,2199.88,23.1,23.1,10.19545372,10.19545372,10.19545372,10.19545372,10.19545372,0,0,0,1,0,0,550000,148.25,99.794,100.69,96,99.8,71,72,44629053,38741473,96.898,103.8,103.471,73,1707538,516735.4,1,79.65333333,991.8,1.72,60.93,70.05,80.93666667,80.15593333,1004.758,987.095,1.72,1.72,62.144,61.757,66.27,65.915,2,0,0,0,0,1,0,0,0,0,0,0,0,-0.092592593
2019-10-02,1,TRUE,FALSE,58.67,57.69,52.64,59.19,2.36,66.25,92.86,92.86,1,1206,168.58,1.5,1.303,1.72,0.417,2031.91,15.86,1304.52,2015.39,974.8,553.03,2153.51,21.6,21.6,8.695453716,8.695453716,8.695453716,8.695453716,8.695453716,23.1,23.1,23.1,1,0,1,550000,148.25,99.794,100.69,96,99.8,71,72,44629053,38741473,96.898,103.8,103.471,73,1707538,516735.4,1,93.23,999.68,1.72,59.74,67.4,83.52466667,80.69543333,999.658,988.1875,1.72,1.72,61.388,61.763,66.71,65.9975,2,0,0,0,0,1,0,0,0,0,0,0,1,0.001569859
2019-10-04,1,TRUE,FALSE,57.84,58.37,52.81,58.27,2.25,65.2,90.1,91.375,2,1196.8,167.9,1.5,1.21,1.72,0.51,2020.69,16.31,1294.42,2018.55,968.49,543.16,2152.21,22.4,22.4,9.495453716,9.495453716,9.495453716,9.495453716,9.495453716,0,2.3,4.6,2,1,1,550000,148.25,99.794,100.69,96,99.8,71,72,44629053,38741473,96.898,103.8,103.471,73,1707538,516735.4,1,92.86,974.8,1.72,59.19,66.25,85.86866667,81.60326667,991.332,987.998,1.72,1.72,60.84,61.8015,66.88,66.0575,2,0,0,0,0,1,0,0,0,0,0,0,0,0.001567398
2019-10-07,1,TRUE,FALSE,58.24,58.35,52.75,58.91,2.36,66.45,90.04,84.37666667,3,1196.6,167.93,1.5,1.232,1.72,0.488,2021.73,16.25,1281.86,2013.81,967.04,535.22,2151.34,14.8,17.2,1.895453716,4.295453716,1.895453716,4.295453716,5.795453716,25.4,8.666666667,26,3,1,1,550000,148.25,99.794,100.69,96,99.8,71,72,44629053,38741473,96.898,103.8,103.471,73,1707538,516735.4,1,91.375,968.49,1.72,58.27,65.2,87.87166667,82.17051667,984.286,987.65,1.72,1.72,60.128,61.8555,66.89,65.9925,2,0,0,0,0,1,0,0,0,0,0,0,0,0.00312989
2019-10-08,1,TRUE,FALSE,58.03,58.24,52.63,59.03,2.29,66.9,94.18,94.18,1,1193.1,167.52,1.5,1.264,1.72,0.456,2046.25,15.37,1295.37,2054.55,976.97,537.27,2189.17,14.7,14.7,1.795453716,1.795453716,1.795453716,1.795453716,1.795453716,0,0,0,1,1,1,550000,148.25,99.794,100.69,96,99.8,71,72,44629053,38741473,96.898,103.8,103.471,73,1707538,516735.4,1,84.37666667,967.04,1.72,58.91,66.45,88.299,82.33385,980.362,987.1465,1.72,1.72,59.408,61.9375,67.07,65.9975,2,0,0,0,0,1,0,0,0,0,0,0,0,0.001560062
2019-10-10,1,TRUE,FALSE,57.77,59.1,53.55,58.63,2.26,67.4,87.78,88.54,2,1196.2,168.14,1.5,1.276,1.72,0.444,2028.15,15.63,1280.1,2031.85,980.44,529.8,2170.18,15.2,14.4,2.295453716,1.495453716,2.295453716,1.495453716,2.295453716,0,0,0,2,1,1,0,164.55,99.794,100.69,96,99.8,71,72,44629053,38741473,96.898,103.8,103.471,73,1707538,516735.4,1,94.18,976.97,1.72,59.03,66.9,91.20433333,82.98335,977.396,987.4255,1.72,1.72,59.028,61.9235,66.44,65.9975,2,0,0,0,0,1,0,0,0,0,0,0,0,0.003115265
2019-10-11,1,TRUE,FALSE,60.44,60.51,54.7,61.29,2.13,66.4,88.67,88.67,1,1188.8,167.26,1.5,1.281,1.72,0.439,2044.61,14.84,1298.27,2064.49,971.28,535.16,2190.9,18.8,18.8,5.895453716,5.895453716,5.895453716,5.895453716,5.895453716,0,0,0,1,1,1,0,164.55,99.794,100.69,96,99.8,71,72,44629053,38741473,96.898,103.8,103.471,73,1707538,516735.4,1,88.54,980.44,1.72,58.63,67.4,90.26633333,83.32585,973.548,987.972,1.72,1.72,58.806,61.858,66.44,66.055,2,0,0,0,0,1,0,0,0,0,0,0,0,0.00931677
2019-10-14,1,TRUE,FALSE,60.03,59.35,53.59,60.85,2.13,66.52,85.06,81.64666667,3,1184.9,167.8,1.5,1.281,1.72,0.439,2067.4,14.3,1323.87,2094.04,984.17,546.37,2224.77,14.4,16.5,1.495453716,3.595453716,1.495453716,3.595453716,4.995453716,0,0,0,3,0,1,0,164.55,99.794,100.69,96,99.8,71,72,44629053,38741473,96.898,103.8,103.471,73,1707538,516735.4,1,88.67,971.28,1.72,61.29,66.4,89.42833333,83.91068333,972.844,988.0935,1.72,1.72,59.226,61.8685,66.47,66.0975,2,0,0,0,0,1,0,0,0,0,0,0,0,0.001538462
2019-10-15,1,TRUE,FALSE,59.42,58.74,52.81,60.21,2.29,66.9,90.29,90.29,1,1185.2,167.4,1.5,1.281,1.72,0.439,2068.17,13.8,1319.81,2074.28,991.86,546.18,2280.82,14.5,14.5,1.595453716,1.595453716,1.595453716,1.595453716,1.595453716,0,0,0,1,0,0,0,164.55,99.794,100.69,96,99.8,71,72,44629053,38741473,96.898,103.8,103.471,73,1707538,516735.4,1,81.64666667,984.17,1.72,60.85,66.52,87.48266667,83.81351667,975.98,988.3825,1.72,1.72,59.742,61.817,66.734,66.1335,2,0,0,0,0,1,0,0,0,0,0,0,0,0.003072197
2019-10-16,1,TRUE,FALSE,58.8,59.42,53.36,59.65,2.44,67.3,91,91,1,1187.8,167.3,1.25,1.32,1.7,0.38,2082.83,13.27,1314.13,2068.7,999.04,552.05,2304.78,14.6,14.6,1.695453716,1.695453716,1.695453716,1.695453716,1.695453716,0,0,0,1,0,0,0,164.55,99.794,100.69,96,99.8,71,72,44629053,38741473,96.898,103.8,103.471,73,1707538,516735.4,1,90.29,991.86,1.72,60.21,66.9,88.66533333,84.24051667,980.944,988.796,1.72,1.72,60.002,61.737,66.824,66.211,2,0,0,0,0,1,0,0,0,0,0,0,0,0.001531394
2019-10-17,1,TRUE,FALSE,59.23,59.91,53.93,60.08,2.29,67.55,91.06,91.06,1,1187,167.13,1.25,1.375,1.69,0.315,2077.94,13.34,1307.93,2068.26,1009.06,544.24,2286.69,15.4,15.4,2.495453716,2.495453716,2.495453716,2.495453716,2.495453716,0,0,0,1,0,0,0,164.55,99.794,100.69,96,99.8,71,72,44629053,38741473,96.898,103.8,103.471,73,1707538,516735.4,1,91,999.04,1.7,59.65,67.3,88.02933333,85.20641667,985.358,989.4615,1.716,1.719,60.126,61.504,66.904,66.2685,2,0,0,0,0,1,0,0,0,0,0,0,0,0
2019-10-18,1,TRUE,FALSE,59.7,59.42,53.78,60.65,2.08,67.5,90.36,90.36,1,1181.5,166.78,1.25,1.375,1.68,0.305,2060.69,13.85,1302.74,2048.42,994.36,548.41,2248.47,17,17,4.095453716,4.095453716,4.095453716,4.095453716,4.095453716,0,0,0,1,0,0,0,164.55,99.794,100.69,96,99.8,71,72,44629053,38741473,96.898,103.8,103.471,73,1707538,516735.4,1,91.06,1009.06,1.69,60.08,67.55,88.53333333,85.65941667,991.082,990.3595,1.71,1.7175,60.416,61.0965,66.934,66.366,2,0,0,0,0,1,0,0,0,0,0,0,0,0.001529052
2019-10-21,1,TRUE,FALSE,59.38,58.96,53.31,60.15,2.13,67.6,85.01,77.12666667,3,1172,165.85,1.25,1.408,1.67,0.262,2064.84,13.84,1294.34,2041.2,988.78,544.63,2263.38,17.1,16.86666667,4.195453716,3.962120382,4.195453716,3.962120382,4.195453716,0,0,0,3,0,0,0,164.55,99.794,100.69,96,99.8,71,72,44629053,38741473,96.898,103.8,103.471,73,1707538,516735.4,1,90.36,994.36,1.68,60.65,67.5,88.87133333,86.08391667,995.698,991.085,1.702,1.7155,60.288,60.948,67.154,66.4735,2,0,0,0,0,1,0,0,0,0,0,0,0,0.001526718
2019-10-22,1,TRUE,FALSE,58.95,59.7,54.16,59.68,2.21,67.45,89.57,89.57,1,1169.7,165.5,1.25,1.379,1.65,0.271,2088.86,13.09,1311.06,2066.97,991.01,549.74,2273.6,18.1,18.1,5.195453716,5.195453716,5.195453716,5.195453716,5.195453716,0,0,0,1,0,0,0,164.55,99.794,100.75,96,99.8,71,72,44629053,38741473,96.898,103.8,103.471,73,1707538,516735.4,1,77.12666667,988.78,1.67,60.15,67.6,87.96733333,85.93475,996.62,991.3975,1.692,1.713,60.148,60.7785,67.37,66.576,2,0,0,0,0,1,0,0,0,0,0,0,0,0.00304878
2019-10-23,1,TRUE,FALSE,59.67,61.17,55.97,60.58,2.34,67,89.54,89.54,1,1172.4,165.55,1.25,1.388,1.65,0.262,2080.62,13.22,1288.24,2041.3,980.24,540.12,2261.44,17,17,4.095453716,4.095453716,4.095453716,4.095453716,4.095453716,0,0,0,1,0,0,0,164.55,99.794,100.75,96,99.8,71,72,44629053,38741473,96.898,103.8,103.471,73,1707538,516735.4,1,89.57,991.01,1.65,59.68,67.45,87.82333333,86.40225,996.45,991.626,1.678,1.7095,60.042,60.5415,67.48,66.676,2,0,0,0,0,1,0,0,0,0,0,0,0,0
2019-10-24,1,TRUE,FALSE,61.04,61.67,56.23,62.21,2.33,67.25,90.39,90.39,1,1172.9,166.01,1.25,1.396,1.65,0.254,2085.66,13.2,1294.37,2061.01,978.31,542.26,2282.61,18.3,18.3,5.395453716,5.395453716,5.395453716,5.395453716,5.395453716,0,0,0,1,0,0,0,164.55,99.794,100.75,96,99.8,71,72,44629053,38741473,96.898,103.8,103.471,73,1707538,517949.8,1,89.54,980.24,1.65,60.58,67,87.53133333,86.92541667,992.69,990.0505,1.668,1.706,60.228,60.3815,67.42,66.7585,2,0,0,0,0,1,0,0,0,0,0,0,0,0.003039514
2019-10-25,1,TRUE,FALSE,61.46,62.02,56.66,62.01,2.26,67.65,90.94,90.94,1,1173,166.1,1.25,1.435,1.65,0.215,2087.89,13.42,1269.86,2065.33,982.57,537.69,2312.86,16.7,16.7,3.795453716,3.795453716,3.795453716,3.795453716,3.795453716,0,0,0,1,0,0,0,164.55,99.794,100.75,96,99.8,71,72,44629053,38741473,96.898,103.8,103.471,73,1707538,517949.8,1,90.39,978.31,1.65,62.21,67.25,87.39733333,87.43041667,986.54,987.707,1.66,1.7025,60.654,60.316,67.36,66.861,2,0,0,0,0,1,0,0,0,0,0,0,0,0.004545455
2019-10-28,1,TRUE,FALSE,61.46,61.57,55.81,62.01,2.49,66.85,85.96,81.05666667,3,1170.7,165.81,1.25,1.523,1.65,0.127,2093.6,13.64,1265.86,2060.88,971.84,539.89,2323.02,12.9,11.3,-0.004546284,-1.604546284,0.004546284,1.604546284,2.904546284,1.7,0.566666667,1.7,3,0,0,0,164.55,99.794,100.75,96,99.8,71,72,44629053,38741473,96.898,103.8,103.471,73,1707538,517949.8,1,90.94,982.57,1.65,62.01,67.65,87.51333333,87.92041667,984.182,986.014,1.654,1.699,60.926,60.32,67.39,66.9735,2,0,0,0,0,1,0,0,0,0,0,0,0,0.007541478
2019-10-29,1,TRUE,FALSE,61,61.59,55.54,61.01,2.61,66.95,89.71,89.71,1,1163,164.88,1.25,1.499,1.65,0.151,2092.69,13.48,1262.64,2054.57,966.29,538.7,2320.07,12.5,12.5,-0.404546284,-0.404546284,0.404546284,0.404546284,0.404546284,0.1,0.1,0.1,1,0,0,0,164.55,99.794,100.75,96,99.8,72,74,44629053,38741473,96.898,103.8,103.471,73,1707538,517949.8,1,81.05666667,971.84,1.65,62.01,66.85,88.29933333,87.90525,980.794,984.42,1.65,1.6955,61.298,60.329,67.24,67.0585,2,0,0,0,0,1,0,0,0,0,0,0,0,0.00748503
2019-10-30,1,TRUE,FALSE,61.32,60.61,55.06,61.57,2.71,66.95,91.71,91.71,1,1168.1,165.42,1.25,1.481,1.65,0.169,2080.27,13.85,1242.29,2031.61,988.72,540.69,2285.19,11.2,11.2,-1.704546284,-1.704546284,1.704546284,1.704546284,1.704546284,0,0,0,1,0,0,0,164.55,99.794,100.75,96,99.8,72,74,44629053,38741473,96.898,103.8,103.471,73,1707538,517949.8,1,89.71,966.29,1.65,61.01,66.95,88.32733333,88.27875,975.85,983.4015,1.65,1.692,61.564,60.254,67.14,67.1285,2,0,0,0,0,1,0,0,0,0,0,0,0,0.007429421
2019-10-31,1,TRUE,FALSE,61.1,60.23,54.18,61.29,2.73,66.9,92.04,92.04,1,1163.4,165.37,1.25,1.466,1.65,0.184,2083.48,13.59,1235.84,2035.11,976.26,539.6,2319.98,14.8,14.8,1.895453716,1.895453716,1.895453716,1.895453716,1.895453716,0,0,0,1,0,0,0,164.55,99.794,100.75,96.4,100.1,72,74,44629053,38741473,98.684,100.977,101.876,74.6,1814797,517949.8,1,91.71,988.72,1.65,61.57,66.95,88.76133333,88.88158333,977.546,983.2475,1.65,1.6885,61.762,60.286,67.13,66.9735,2,0,0,0,0,1,0,0,0,0,0,0,0,0.001474926
2019-11-01,1,TRUE,FALSE,58.72,61.69,56.2,59.68,2.54,67.25,81.36,81.36,1,1165.6,165.44,1.25,1.467,1.65,0.183,2100.2,13.22,1238.74,2050.05,972.85,541.2,2324.65,14.9,14.9,1.995453716,1.995453716,1.995453716,1.995453716,1.995453716,0,0,0,1,0,0,0,164.55,100.041,100.75,96.4,100.1,72,74,46648756,41396517,98.684,100.977,101.876,74.6,1814797,517949.8,1,92.04,976.26,1.65,61.29,66.9,89.09133333,88.82208333,977.136,982.0765,1.65,1.685,61.578,60.3635,67.06,66.9485,2,0,0,0,0,1,0,0,0,0,0,0,0,0.001472754
2019-11-04,1,TRUE,FALSE,60.74,62.13,56.54,61.58,2.77,67.35,79.92,75.04666667,3,1159.2,165.05,1.25,1.55,1.65,0.1,2130.24,13.32,1262.29,2059.03,973.4,556.81,2360.4,13.8,14.03333333,0.895453716,1.128787049,0.895453716,1.128787049,1.795453716,0,0,0,3,0,0,0,164.55,100.041,100.75,96.4,100.1,72,74,46648756,41396517,98.684,100.977,101.876,74.6,1814797,517949.8,1,81.36,972.85,1.65,59.68,67.25,87.17533333,88.24708333,975.192,981.979,1.65,1.6815,61.112,60.388,66.98,66.9985,2,0,0,0,0,1,0,0,0,0,0,0,0,0.004411765
2019-11-05,1,TRUE,FALSE,61.34,62.96,57.23,62.34,2.77,67.15,81.97,81.97,1,1157.5,165.05,1.25,1.522,1.65,0.128,2142.64,13.42,1270.95,2067.55,971.55,565.01,2369.71,12.4,12.4,-0.504546284,-0.504546284,0.504546284,0.504546284,0.504546284,0,0,0,1,0,0,0,164.55,100.041,100.75,96.4,100.1,72,74,46648756,41396517,98.684,100.977,101.876,74.6,1814797,517949.8,1,75.04666667,973.4,1.65,61.58,67.35,85.97333333,87.43066667,975.504,982.2245,1.65,1.678,61.026,60.5535,67.08,67.106,2,0,0,0,0,1,0,0,0,0,0,0,0,0.004392387
2019-11-06,1,TRUE,FALSE,61.49,61.74,56.35,62.56,2.82,66.55,82.06,82.06,1,1156.9,165.29,1.25,1.53,1.65,0.12,2144.15,13.89,1266.09,2051.62,1023.99,563.85,2329.05,11,11,-1.904546284,-1.904546284,1.904546284,1.904546284,1.904546284,0,0,0,1,0,0,550000,164.55,100.041,100.75,96.4,100.1,72,74,46648756,41396517,98.684,100.977,101.876,74.6,1814797,517949.8,1,81.97,971.55,1.65,62.34,67.15,84.42533333,87.31033333,976.556,982.45,1.65,1.6745,61.292,60.725,67.12,67.141,2,0,0,0,0,1,0,0,0,0,0,0,0,0.008746356
2019-11-07,1,TRUE,FALSE,61.13,62.29,57.15,62.02,2.84,66.45,81.84,81.84,1,1159.3,165.24,1.25,1.541,1.65,0.109,2144.29,13.78,1265.47,2050.27,1028.65,561.85,2307.56,9.2,9.2,-3.704546284,-3.704546284,3.704546284,3.704546284,3.704546284,0,0,0,1,0,0,550000,164.55,100.041,100.75,96.4,100.1,72,74,46648756,41396517,98.684,100.977,101.876,74.6,1814797,517949.8,1,82.06,1023.99,1.65,62.56,66.55,82.49533333,86.70433333,983.61,984.801,1.65,1.671,61.49,60.9015,67.04,67.1235,2,0,0,0,0,1,0,0,0,0,0,0,0,0.005780347
2019-11-08,1,TRUE,FALSE,60.88,62.51,57.24,61.96,2.87,66.8,82.44,82.44,1,1157.5,165.75,1.25,1.518,1.65,0.132,2137.23,13.79,1284.71,2079.5,1031.56,561.19,2278.82,6.8,6.8,-6.104546284,-6.104546284,6.104546284,6.104546284,6.104546284,0,0,0,1,0,1,550000,164.55,100.041,100.75,96.4,100.1,72,74,46648756,41396517,98.684,100.977,101.876,74.6,1814797,517949.8,1,81.84,1028.65,1.65,62.02,66.45,80.45533333,86.36933333,994.088,987.2115,1.65,1.6675,61.636,61.071,66.95,67.076,2,0,0,0,0,1,0,0,0,0,0,0,0,0.005747126
2019-11-11,1,TRUE,FALSE,61.15,62.18,56.86,62.33,2.87,66.95,79.71,78.19333333,3,1166.8,166.37,1.25,1.5,1.65,0.15,2124.09,14.21,1292.26,2060.97,1040.1,555.12,2252.85,11.2,10.23333333,-1.704546284,-2.671212951,1.704546284,2.671212951,3.404546284,1.1,4.3,12.9,3,1,1,550000,164.55,100.041,100.75,96.4,100.1,72,74,46648756,41396517,98.684,100.977,101.876,74.6,1814797,517949.8,1,82.44,1031.56,1.65,61.96,66.8,80.67133333,86.05783333,1005.83,990.2255,1.65,1.664,62.092,61.1045,66.86,67.096,2,0,0,0,0,1,0,0,0,0,0,0,0,0.014285714
2019-11-12,1,TRUE,FALSE,62.16,62.06,56.8,63.33,2.72,66.55,81.78,81.78,1,1160.8,166.04,1.25,1.564,1.65,0.086,2140.92,13.65,1288.88,2065.63,1043.04,556.3,2293.14,9.3,9.3,-3.604546284,-3.604546284,3.604546284,3.604546284,3.604546284,0,0,0,1,1,1,550000,164.55,100.041,100.75,96.4,100.1,72,74,46648756,41396517,98.684,100.977,101.876,74.6,1814797,517949.8,1,78.19333333,1040.1,1.65,62.33,66.95,81.30066667,85.88516667,1019.17,993.022,1.65,1.6605,62.242,61.1785,66.78,67.1175,2,0,0,0,0,1,0,0,0,0,0,0,0,0.007042254
2019-11-13,1,TRUE,FALSE,61.48,62.37,57.12,62.88,2.66,66.7,82.01,82.01,1,1167.8,166.41,1.25,1.51,1.65,0.14,2122.45,13.85,1279.42,2041.56,1036.55,550.01,2282.76,7.2,7.2,-5.704546284,-5.704546284,5.704546284,5.704546284,5.704546284,7.5,7.5,7.5,1,1,1,550000,164.55,100.041,100.75,96.4,100.1,72,74,46648756,41396517,98.684,100.977,101.876,74.6,1814797,517949.8,1,81.78,1043.04,1.65,63.33,66.55,81.26266667,85.45966667,1033.468,995.581,1.65,1.657,62.44,61.3345,66.66,67.1,2,0,0,0,0,1,0,0,0,0,0,0,0,0.016783217
2019-11-14,1,TRUE,FALSE,62.47,62.28,56.77,63.33,2.68,66.7,82.73,82.73,1,1169.7,166.71,1.25,1.515,1.65,0.135,2139.23,13.42,1280.57,2055.57,1066.24,543.95,2304.79,1.3,1.3,-11.60454628,-11.60454628,11.60454628,11.60454628,11.60454628,0,0,0,1,1,1,0,142.89,100.041,100.75,96.4,100.1,72,74,46648756,41396517,98.684,100.977,101.876,74.6,1814797,517949.8,1,82.01,1036.55,1.65,62.88,66.7,81.25266667,85.01016667,1035.98,997.4565,1.65,1.6545,62.504,61.496,66.69,67.07,2,0,0,0,0,1,0,0,0,0,0,0,0,0.011004127
2019-11-15,1,TRUE,FALSE,61.93,63.3,57.72,62.97,2.7,67.15,82.57,82.57,1,1166.6,166.5,1.25,1.513,1.65,0.137,2162.18,13.11,1295.21,2067.95,1064.61,551.8,2360.89,5.6,5.6,-7.304546284,-7.304546284,7.304546284,7.304546284,7.304546284,18.8,18.8,18.8,1,1,1,0,142.89,100.041,100.75,96.4,100.1,72,74,46648756,41396517,98.684,100.977,101.876,74.6,1814797,517949.8,1,82.73,1066.24,1.65,63.33,66.7,81.43066667,84.59366667,1043.498,1000.3155,1.65,1.6525,62.766,61.6585,66.74,67.0275,2,0,0,0,0,1,0,0,0,0,0,0,0,-0.047619048
2019-11-18,1,TRUE,FALSE,62.84,62.44,57.05,63.84,2.64,67.5,81.49,78.85333333,3,1164.5,166.03,1.25,1.518,1.65,0.132,2160.69,13.34,1292.52,2060.14,1056.19,550.54,2367.56,4.6,6.566666667,-8.304546284,-6.337879618,8.304546284,6.337879618,8.304546284,14.7,11.93333333,35.8,3,0,1,0,142.89,100.041,100.75,96.4,100.1,72,74,46648756,41396517,98.684,100.977,101.876,74.6,1814797,517949.8,1,82.57,1064.61,1.65,62.97,67.15,81.45666667,84.20416667,1050.108,1003.828,1.65,1.651,62.968,61.7745,66.81,67.01,2,0,0,0,0,1,0,0,0,0,0,0,0,0.035714286
2019-11-19,1,TRUE,FALSE,61.86,60.91,55.21,62.83,2.53,67.4,82.94,82.94,1,1167.6,166.32,1.25,1.485,1.65,0.165,2153.24,13.52,1259.54,2055.17,1064.25,549.5,2362.12,0.2,0.2,-12.70454628,-12.70454628,12.70454628,12.70454628,12.70454628,0,0,0,1,0,0,0,142.89,100.041,100.75,96.4,100.1,72,74,46648756,41396517,98.684,100.977,101.876,74.6,1814797,517949.8,1,78.85333333,1056.19,1.65,63.84,67.5,81.58866667,84.2905,1053.326,1007.1985,1.65,1.65,63.27,61.959,66.92,67.005,2,0,0,0,0,1,0,0,0,0,0,0,0,0.008275862
2019-11-20,1,TRUE,FALSE,60.45,62.4,57.11,61.43,2.56,67.45,83.94,83.94,1,1170.1,166.35,1.25,1.45,1.65,0.2,2125.32,14.11,1232.74,2015.55,1063.14,543.22,2300.61,0.5,0.5,-12.40454628,-12.40454628,12.40454628,12.40454628,12.40454628,0,0,0,1,0,0,0,142.89,100.041,100.51,96.4,100.1,72,74,46648756,41396517,98.684,100.977,101.876,74.6,1814797,517949.8,1,82.94,1064.25,1.65,62.83,67.4,81.82066667,83.959,1057.568,1010.8605,1.65,1.65,63.17,62.1165,67.09,67.0025,2,0,0,0,0,1,0,0,0,0,0,0,0,0.004103967
2019-11-21,1,TRUE,FALSE,62.13,63.97,58.58,63.13,2.53,67.55,83.8,83.8,1,1178.1,167.31,1.25,1.462,1.65,0.188,2096.6,14.52,1220.77,1993.77,1053.38,534.76,2258.25,4.2,4.2,-8.704546284,-8.704546284,8.704546284,8.704546284,8.704546284,0,0,0,1,0,0,0,142.89,100.041,100.51,96.4,100.1,72,74,46648756,41396517,98.684,100.977,101.876,74.6,1814797,517949.8,1,83.94,1063.14,1.65,61.43,67.45,82.20666667,83.679,1062.886,1015.0055,1.65,1.65,62.88,62.159,67.24,67.025,2,0,0,0,0,1,0,0,0,0,0,0,0,0.004087193
2019-11-22,1,TRUE,FALSE,63.74,63.39,57.77,64.58,2.62,67.9,83.13,83.13,1,1178.9,167.51,1.25,1.456,1.65,0.194,2101.96,13.88,1217.53,1982.88,1055.85,537.02,2273.9,9.7,9.7,-3.204546284,-3.204546284,3.204546284,3.204546284,3.204546284,0,0,0,1,0,0,0,142.89,100.041,100.51,96.4,100.1,72,74,46648756,41396517,98.684,100.977,101.876,74.6,1814797,517949.8,1,83.8,1053.38,1.65,63.13,67.55,82.42066667,83.3495,1060.314,1018.759,1.65,1.65,62.84,62.205,67.41,67.04,2,0,0,0,0,1,0,0,0,0,0,0,0,0.017639077
2019-11-25,1,TRUE,FALSE,63.43,63.65,58.01,63.67,2.51,66.75,81.49,80.95333333,3,1176,167.18,1.25,1.475,1.65,0.175,2123.5,13.91,1245.21,2003.37,1050.98,546.93,2315.42,1.9,7.933333333,-11.00454628,-4.971212951,11.00454628,4.971212951,11.00454628,0,1.266666667,3.8,3,0,0,0,142.89,100.041,100.51,96.4,100.1,72,74,46648756,41396517,98.684,100.977,101.876,74.6,1814797,517949.8,1,83.13,1055.85,1.65,64.58,67.9,82.53266667,82.959,1058.562,1022.423,1.65,1.65,63.162,62.3335,67.56,67.0525,2,0,0,0,0,1,0,0,0,0,0,0,0,0.009333333
2019-11-26,1,FALSE,FALSE,63.1,64.27,58.41,63.17,2.51,67.4,83.98,83.98,1,1176.7,167.34,1.25,1.475,1.65,0.175,2121.35,14.21,1265.58,2003.52,1048.17,544.99,2322.83,6.6,6.6,-6.304546284,-6.304546284,6.304546284,6.304546284,6.304546284,0,0,0,1,0,0,0,142.89,100.041,100.51,96.4,100.1,72,74,46648756,41396517,98.684,100.977,101.876,74.6,1814797,517949.8,1,80.95333333,1050.98,1.65,63.67,66.75,82.95266667,82.95383333,1057.52,1026.38,1.65,1.65,63.128,62.4165,67.41,67.0475,2,0,0,0,0,1,0,0,0,0,0,0,0,0.029062087
2019-11-27,1,TRUE,FALSE,63.69,64.06,58.11,63.73,2.46,67.75,84.25,84.25,1,1177.2,167.58,1.25,1.456,1.65,0.194,2127.85,13.85,1251.72,2013.08,1036.04,544.25,2309.54,3.1,3.1,-9.804546284,-9.804546284,9.804546284,9.804546284,9.804546284,0,0,0,1,0,0,0,142.89,100.041,100.51,96.4,100.1,72,74,46648756,41396517,98.684,100.977,101.876,74.6,1814797,517949.8,1,83.98,1048.17,1.65,63.17,67.4,83.16066667,82.66733333,1054.304,1030.474,1.65,1.65,63.196,62.5245,67.41,67.07,2,0,0,0,0,1,0,0,0,0,0,0,0,-0.024390244
2019-11-28,1,TRUE,FALSE,63.33,63.87,58.11,63.36,2.46,67.45,83.71,83.71,1,1179,167.87,1.25,1.43,1.65,0.22,2118.6,13.77,1244.26,1998.16,1038.11,537.35,2311.51,3.5,3.5,-9.404546284,-9.404546284,9.404546284,9.404546284,9.404546284,0,0,0,1,0,0,0,142.89,100.041,100.51,96.4,100.1,74,75,46648756,41396517,98.684,100.977,101.876,74.6,1814797,517949.8,1,84.25,1036.04,1.65,63.73,67.75,83.22266667,82.29433333,1048.884,1032.84,1.65,1.65,63.656,62.6325,67.47,67.11,2,0,0,0,0,1,0,0,0,0,0,0,0,0.003947368
2019-11-29,1,TRUE,FALSE,63.83,62.43,55.17,63.92,2.46,67.85,83.09,83.09,1,1181.2,168,1.25,1.385,1.65,0.265,2087.96,13.96,1223.52,1976.01,1047.7,529.61,2277.75,1.5,1.5,-11.40454628,-11.40454628,11.40454628,11.40454628,11.40454628,0,0,0,1,0,0,0,142.89,100.041,100.51,96.9,100.3,74,75,46648756,41396517,106.109,106.623,102.158,74.2,1792792,517949.8,1,83.71,1038.11,1.65,63.36,67.45,83.20466667,81.87783333,1045.83,1035.9325,1.65,1.65,63.702,62.736,67.45,67.1375,2,0,0,0,0,1,0,0,0,0,0,0,0,0.005242464
2019-12-02,1,TRUE,FALSE,60.83,60.92,55.96,61.57,2.29,67.6,84.14,81.85333333,3,1183.1,168.23,1.25,1.425,1.66,0.235,2091.92,13.96,1231.05,1983.57,1058.85,527.78,2272.12,-0.1,2.866666667,-13.00454628,-10.03787962,13.00454628,10.03787962,13.00454628,0,1.1,3.3,3,0,0,0,142.89,99.481,100.51,96.9,100.3,74,75,44040722,40729215,106.109,106.623,102.158,74.2,1792792,517949.8,1,83.09,1047.7,1.65,63.92,67.85,83.19666667,81.96433333,1044.2,1039.675,1.65,1.65,63.57,62.948,67.44,67.1675,2,0,0,0,0,1,0,0,0,0,0,0,0,-0.016949153
2019-12-03,1,TRUE,FALSE,60.98,60.82,56.1,61.81,2.42,67.4,84.34,84.34,1,1187.2,168.56,1.25,1.46,1.66,0.2,2084.07,14.26,1222.69,1978.64,1068.7,527.47,2246.12,0.5,0.5,-12.40454628,-12.40454628,12.40454628,12.40454628,12.40454628,0.6,0.6,0.6,1,0,0,0,142.89,99.481,100.51,96.9,100.3,74,75,44040722,40729215,106.109,106.623,102.158,74.2,1792792,517949.8,1,81.85333333,1058.85,1.66,61.57,67.6,83.37666667,82.30466667,1045.774,1043.9475,1.652,1.6505,63.15,62.9475,67.61,67.18,2,0,0,0,0,1,0,0,0,0,0,0,0,0
2019-12-04,1,FALSE,FALSE,61.11,63,58.43,61.9,2.43,66.8,84.9,84.9,1,1194.3,168.84,1.25,1.406,1.66,0.254,2068.89,14.37,1208.88,1938.67,1092.72,521.71,2229.7,2,2,-10.90454628,-10.90454628,10.90454628,10.90454628,10.90454628,0,0,0,1,0,0,550000,142.89,99.481,100.51,96.9,100.3,74,75,44040722,40729215,106.109,106.623,102.158,74.2,1792792,517949.8,1,84.34,1068.7,1.66,61.81,67.4,83.44866667,82.42316667,1049.88,1048.805,1.654,1.651,62.878,62.921,67.61,67.1925,2,0,0,0,0,1,0,0,0,0,0,0,0,0.017241379
2019-12-05,1,FALSE,FALSE,62.73,63.39,58.43,63.68,2.42,66.55,84.85,84.85,1,1190.2,168.67,1.25,1.423,1.66,0.237,2060.74,14.55,1204.61,1918.76,1074.46,520.18,2276.81,-4.4,-4.4,-17.30454628,-17.30454628,17.30454628,17.30454628,17.30454628,0,0,0,1,0,0,550000,142.89,99.481,100.51,96.9,100.3,74,75,44040722,40729215,106.109,106.623,102.158,74.2,1792792,517949.8,1,84.9,1092.72,1.66,61.9,66.8,83.57866667,82.56516667,1061.216,1052.2415,1.656,1.6515,62.512,62.888,67.42,67.205,2,0,0,0,0,1,0,0,0,0,0,0,0,0.015645372
2019-12-06,1,FALSE,FALSE,63.02,64.39,59.2,63.96,2.31,66.4,84.73,84.73,1,1189.6,168.98,1.25,1.43,1.66,0.23,2081.85,13.91,1209.78,1927.67,1080.22,522.61,2377.46,-5.9,-5.9,-18.80454628,-18.80454628,18.80454628,18.80454628,18.80454628,0,0,0,1,0,1,550000,142.89,99.481,100.51,96.9,100.3,74,75,44040722,40729215,106.109,106.623,102.158,74.2,1792792,517949.8,1,84.85,1074.46,1.66,63.68,66.55,83.80666667,82.71566667,1068.486,1054.532,1.658,1.652,62.576,62.971,67.24,67.21,2,0,0,0,0,1,0,0,0,0,0,0,0,0.007702182
2019-12-09,1,TRUE,FALSE,63.74,64.25,59.02,64.63,2.17,66.2,84.62,82.61333333,3,1189.9,169.13,1.25,1.412,1.66,0.248,2088.65,13.61,1215.03,1939.05,1071.46,521.21,2377.55,3.2,-0.033333333,-9.704546284,-12.93787962,9.704546284,12.93787962,15.30454628,0,0.033333333,0.1,3,1,1,550000,142.89,99.481,100.51,96.9,100.3,74,75,44040722,40729215,106.109,106.623,102.158,74.2,1792792,517949.8,1,84.73,1080.22,1.66,63.96,66.4,84.13466667,82.83016667,1074.99,1056.965,1.66,1.6525,62.584,63.071,66.95,67.19,2,0,0,0,0,1,0,0,0,0,0,0,0,0.005095541
2019-12-10,1,TRUE,FALSE,63.84,64.34,59.24,64.62,2.18,66,85.04,85.04,1,1191.3,169.35,1.25,1.39,1.66,0.27,2098,13.33,1220.86,1943.03,1056.99,524.83,2336.03,8.1,8.1,-4.804546284,-4.804546284,4.804546284,4.804546284,4.804546284,1.7,1.7,1.7,1,1,1,550000,142.89,99.481,100.51,96.9,100.3,74,75,44040722,40729215,106.109,106.623,102.158,74.2,1792792,517949.8,1,82.61333333,1071.46,1.66,64.63,66.2,84.28666667,83.05116667,1077.512,1058.533,1.66,1.653,63.196,63.186,66.67,67.1525,2,0,0,0,0,1,0,0,0,0,0,0,0,0.003802281
2019-12-11,1,TRUE,FALSE,63.78,63.72,58.76,64.5,2.28,66.1,85.46,85.46,1,1194.7,169.78,1.25,1.381,1.66,0.279,2105.62,13.4,1227.08,1960.7,1068.04,527.18,2354.3,6.3,6.3,-6.604546284,-6.604546284,6.604546284,6.604546284,6.604546284,0.2,0.2,0.2,1,1,1,550000,142.89,99.481,100.51,96.9,100.3,74,75,44040722,40729215,106.109,106.623,102.158,74.2,1792792,517949.8,1,85.04,1056.99,1.66,64.62,66,84.42666667,83.21416667,1075.17,1059.2305,1.66,1.6535,63.758,63.2505,66.39,67.125,2,0,0,0,0,1,0,0,0,0,0,0,0,0.007575758
2019-12-12,1,TRUE,FALSE,64.01,64.2,59.18,64.68,2.28,66.5,84.86,84.86,1,1186.8,168.83,1.25,1.382,1.66,0.278,2137.35,13.39,1251.9,1989.81,1040.9,536.65,2408.61,-0.7,-0.7,-13.60454628,-13.60454628,13.60454628,13.60454628,13.60454628,0,0,0,1,1,1,0,143.36,99.481,100.51,96.9,100.3,74,75,44040722,40729215,106.109,106.623,102.158,74.2,1792792,517949.8,1,85.46,1068.04,1.66,64.5,66.1,84.53866667,83.38666667,1070.234,1060.805,1.66,1.654,64.278,63.3315,66.25,67.095,2,0,0,0,0,1,0,0,0,0,0,0,0,0.013784461
2019-12-13,1,FALSE,FALSE,64.92,65.22,60.07,65.41,2.28,66.3,84.57,84.57,1,1171.7,168.12,1.25,1.402,1.66,0.258,2170.25,13.12,1269.94,2014.44,1044.52,545.23,2479.04,2.1,2.1,-10.80454628,-10.80454628,10.80454628,10.80454628,10.80454628,1,1,1,1,1,1,0,143.36,99.481,100.51,96.9,100.3,74,75,44040722,40729215,106.109,106.623,102.158,74.2,1792792,517949.8,1,84.86,1040.9,1.66,64.68,66.5,84.54066667,83.49316667,1063.522,1059.538,1.66,1.6545,64.478,63.399,66.24,67.085,2,0,0,0,0,1,0,0,0,0,0,0,0,0.002472188
2019-12-16,1,FALSE,FALSE,65.54,65.34,60.21,65.87,2.34,66.45,85.48,82.69666667,3,1172.3,167.53,1.25,1.369,1.67,0.301,2168.15,13.27,1274.19,2027.58,1036.44,540.03,2507.4,7.8,5.266666667,-5.104546284,-7.637879618,5.104546284,7.637879618,10.20454628,0,0,0,3,0,1,0,143.36,99.481,100.51,96.9,100.3,74,75,44040722,40729215,106.109,106.623,102.158,74.2,1792792,517949.8,1,84.57,1044.52,1.66,65.41,66.3,84.50866667,83.59316667,1056.382,1058.5335,1.66,1.655,64.768,63.521,66.22,67.0425,2,0,0,0,0,1,0,0,0,0,0,0,0,0.001233046
2019-12-17,1,TRUE,FALSE,65.62,66.1,60.94,66.12,2.3,65.9,84.91,84.91,1,1166.2,166.65,1.25,1.363,1.67,0.307,2195.68,13.05,1285.56,2042.05,1040.2,535.63,2591.57,7.7,7.7,-5.204546284,-5.204546284,5.204546284,5.204546284,5.204546284,9.8,9.8,9.8,1,0,0,0,143.36,99.481,100.51,96.9,100.3,74,75,44040722,40729215,106.109,106.623,102.158,74.2,1792792,517949.8,1,82.69666667,1036.44,1.67,65.87,66.45,84.52533333,83.78533333,1049.378,1057.546,1.662,1.656,65.016,63.6225,66.27,66.99,2,0,0,0,0,1,0,0,0,0,0,0,0,0.001231527
2019-12-18,1,FALSE,FALSE,66.14,66.17,60.93,66.33,2.26,66.2,84.95,84.95,1,1168.8,166.8,1.25,1.357,1.67,0.313,2194.76,13.01,1281.84,2041.04,1057.84,534.98,2582.65,0.8,0.8,-12.10454628,-12.10454628,12.10454628,12.10454628,12.10454628,0,0,0,1,0,0,0,143.36,99.481,100.51,96.9,100.3,74,75,44040722,40729215,106.109,106.623,102.158,74.2,1792792,517949.8,1,84.91,1040.2,1.67,66.12,65.9,84.49933333,83.88383333,1046.02,1056.3435,1.664,1.657,65.316,63.787,66.25,66.915,2,0,0,0,0,1,0,0,0,0,0,0,0,0.001230012
2019-12-19,1,TRUE,FALSE,66.48,66.54,61.22,66.72,2.21,66.45,84.64,84.64,1,1165.6,166.46,1.25,1.383,1.67,0.287,2196.56,13.2,1277.63,2050,1067.82,537.99,2566.63,-0.8,-0.8,-13.70454628,-13.70454628,13.70454628,13.70454628,13.70454628,0,0,0,1,0,0,0,143.36,99.481,100.51,96.9,100.3,74,75,44040722,40729215,106.109,106.623,102.158,74.2,1792792,517949.8,1,84.95,1057.84,1.67,66.33,66.2,84.39733333,83.93433333,1043.98,1056.0785,1.666,1.658,65.682,64.032,66.27,66.8525,2,0,0,0,0,1,0,0,0,0,0,0,0,0.002457002
2019-12-20,1,TRUE,FALSE,66.87,66.14,60.44,67.2,2.27,66.35,84.86,84.86,1,1160.6,165.65,1.25,1.392,1.67,0.278,2204.18,13.08,1290.25,2076.24,1054.21,541.46,2586.96,-1.1,-1.1,-14.00454628,-14.00454628,14.00454628,14.00454628,14.00454628,0,0,0,1,0,0,0,143.36,99.481,100.37,96.9,100.3,74,75,44040722,40729215,106.109,106.623,102.158,74.2,1792792,517949.8,1,84.64,1067.82,1.67,66.72,66.45,84.35333333,83.97633333,1049.364,1056.8005,1.668,1.659,66.09,64.2115,66.26,66.7975,2,0,0,0,0,1,0,0,0,0,0,0,0,0
2019-12-23,1,TRUE,FALSE,66.21,66.39,60.52,66.33,2.17,65.8,84.16,82.43,3,1164.3,166.06,1.25,1.38,1.67,0.29,2203.71,13.97,1285.08,2071.99,1051.54,539.67,2562.24,3.4,2.1,-9.504546284,-10.80454628,9.504546284,10.80454628,14.10454628,2.9,1.266666667,3.8,3,0,0,0,143.36,99.481,100.37,96.9,100.3,74,75,44040722,40729215,106.109,106.623,102.158,74.2,1792792,517949.8,1,84.86,1054.21,1.67,67.2,66.35,84.41133333,84.06283333,1051.302,1056.7185,1.67,1.66,66.448,64.3425,66.27,66.72,2,0,0,0,0,1,0,0,0,0,0,0,0,0.00245098
2019-12-24,1,TRUE,FALSE,66.77,67.2,61.11,66.97,2.11,66.5,84.56,84.56,1,1163.9,165.98,1.25,1.37,1.67,0.3,2190.08,13.81,1275.37,2070.49,1051.7,537.65,2552.47,0.8,0.8,-12.10454628,-12.10454628,12.10454628,12.10454628,12.10454628,0,0,0,1,0,0,0,143.36,99.481,100.37,96.9,100.3,74,75,44040722,40729215,106.109,106.623,102.158,74.2,1792792,517949.8,1,82.43,1051.54,1.67,66.33,65.8,84.358,84.13666667,1054.322,1056.7465,1.67,1.661,66.54,64.4755,66.14,66.6725,2,0,0,0,0,1,0,0,0,0,0,0,0,-0.094132029
2019-12-26,1,TRUE,FALSE,67.48,67.92,61.68,67.5,2.09,66.5,84.7,83.115,2,1161.8,166.13,1.25,1.367,1.67,0.303,2197.93,14.15,1281.6,2065.54,1044.91,540.51,2640.25,2,2,-10.90454628,-10.90454628,10.90454628,10.90454628,10.90454628,0.3,0.15,0.3,2,0,0,0,143.36,99.481,100.37,96.9,100.3,74,75,44040722,40729215,106.109,106.623,102.158,74.2,1792792,517949.8,1,84.56,1051.7,1.67,66.97,66.5,84.288,84.16566667,1056.622,1056.923,1.67,1.662,66.71,64.6655,66.26,66.6275,2,0,0,0,0,1,0,0,0,0,0,0,0,0.066126856
2019-12-27,1,TRUE,FALSE,67.88,68.16,61.72,67.92,1.75,66.55,84.66,84.66,1,1161.5,166.01,1.25,1.37,1.68,0.31,2204.21,14.13,1269.79,2058.31,1044.22,538.39,2691.84,-1.7,-1.7,-14.60454628,-14.60454628,14.60454628,14.60454628,14.60454628,0,0,0,1,0,0,0,143.36,99.481,100.37,96.9,100.3,74,75,44040722,40729215,106.109,106.623,102.158,74.2,1792792,517949.8,1,83.115,1044.91,1.67,67.5,66.5,83.921,84.10891667,1054.036,1057.3665,1.67,1.663,66.944,64.854,66.32,66.565,2,0,0,0,0,1,0,0,0,0,0,0,0,-0.050632911
2019-12-30,1,TRUE,FALSE,67.81,68.44,61.68,67.91,2.06,67.7,84.46,82.35666667,3,1156.4,165.6,1.25,1.36,1.69,0.33,2197.67,14.69,1266.28,2060.15,1045.49,541.07,2703.65,2.7,2.533333333,-10.20454628,-10.37121295,10.20454628,10.37121295,11.80454628,0.4,0.6,1.8,3,0,0,650000,143.36,99.481,100.37,97.5,100.4,74,75,44040722,40729215,104.981,105.537,101.126,72.7,2040638,517949.8,1,84.66,1044.22,1.68,67.92,66.55,83.925,84.15641667,1049.316,1057.672,1.672,1.6645,67.184,65.082,66.34,66.52,2,0,0,0,0,1,0,0,0,0,0,0,0,0.016
2020-01-02,2,TRUE,FALSE,65.69,66.25,61.18,66.27,2.05,67.9,85.51,83.27666667,3,1158.1,166.33,1.25,1.327,1.69,0.363,2175.17,15.4,1260.12,2024.29,1065.89,534.18,2718.05,1,-3.033333333,-11.90454628,-15.93787962,11.90454628,15.93787962,20.80454628,0,0.033333333,0.1,3,0,0,650000,143.36,99.719,100.37,97.5,100.4,74,78,45668341,43687430,104.981,105.537,101.126,72.7,2040638,517949.8,1,82.35666667,1045.49,1.69,67.91,67.7,83.42433333,84.11975,1047.572,1057.5615,1.676,1.6665,67.326,65.2815,66.61,66.5125,2,0,0,0,0,1,0,0,0,0,0,0,0,-0.041994751
2020-01-03,2,TRUE,FALSE,67.79,68.6,63.05,68.44,2.06,67.5,85.63,85.63,1,1167.1,167.51,1.25,1.27,1.69,0.42,2176.46,15.88,1264.44,2034.18,1057.12,533.37,2701.08,-0.1,-0.1,-13.00454628,-13.00454628,13.00454628,13.00454628,13.00454628,0,0,0,1,0,1,650000,143.36,99.719,100.37,97.5,100.4,74,78,45668341,43687430,104.981,105.537,101.126,72.7,2040638,517949.8,1,83.27666667,1065.89,1.69,66.27,67.9,83.59366667,84.19091667,1050.442,1057.9135,1.68,1.668,67.314,65.5165,67.03,66.5275,2,0,0,0,0,1,0,0,0,0,0,0,0,-0.039726027
2020-01-06,2,TRUE,FALSE,69.65,68.91,63.27,70.36,2.1,67.25,85.24,83.48333333,3,1172.1,168.03,1.25,1.277,1.69,0.413,2155.07,15.88,1236.68,2003.65,1033.93,518.04,2683.5,3.1,1.866666667,-9.804546284,-11.03787962,9.804546284,11.03787962,11.70454628,1.8,0.6,1.8,3,1,1,650000,143.36,99.719,100.37,97.5,100.4,74,78,45668341,43687430,104.981,105.537,101.126,72.7,2040638,517949.8,1,85.63,1057.12,1.69,68.44,67.5,83.80766667,84.25541667,1051.526,1057.3345,1.684,1.6695,67.608,65.848,67.23,66.5325,2,0,0,0,0,1,0,0,0,0,0,0,0,-0.058487874
2020-01-07,2,TRUE,FALSE,68.34,68.27,62.7,69.1,2.17,67.15,85.88,85.88,1,1166.4,167.78,1.25,1.331,1.69,0.359,2175.54,15.08,1239.82,2006.67,1027.55,521,2680.48,6.3,6.3,-6.604546284,-6.604546284,6.604546284,6.604546284,6.604546284,46.3,46.3,46.3,1,1,1,650000,143.36,99.719,100.37,97.5,100.4,74,78,45668341,43687430,104.981,105.537,101.126,72.7,2040638,517949.8,1,83.48333333,1033.93,1.69,70.36,67.25,83.88133333,84.18458333,1049.33,1054.395,1.688,1.671,68.18,66.271,67.38,66.555,2,0,0,0,0,1,0,0,0,0,0,0,0,0.066666667
2020-01-08,2,FALSE,FALSE,69.24,65.44,59.61,69.71,2.09,67.1,86.24,86.24,1,1170.8,168.65,1.25,1.363,1.69,0.327,2151.31,15.97,1210.99,1931.6,991.58,502.12,2669.32,2.4,2.4,-10.50454628,-10.50454628,10.50454628,10.50454628,10.50454628,11.6,11.6,11.6,1,1,1,650000,143.36,99.719,100.37,97.5,100.4,74,78,45668341,43687430,104.981,105.537,101.126,72.7,2040638,517949.8,1,85.88,1027.55,1.69,69.1,67.15,84.12533333,84.23608333,1045.996,1052.0495,1.69,1.6725,68.416,66.542,67.5,66.585,2,0,0,0,0,1,0,0,0,0,0,0,0,0.022727273
2020-01-09,2,TRUE,FALSE,66.17,65.37,59.56,66.41,2.05,68.95,86.1,86.1,1,1159.1,167.41,1.25,1.416,1.69,0.274,2186.45,13.58,1226.26,1960.99,1006.58,512.43,2777.68,-1.2,-1.2,-14.10454628,-14.10454628,14.10454628,14.10454628,14.10454628,0,0,0,1,1,1,0,144.69,99.719,100.37,97.5,100.4,74,78,45668341,43687430,104.981,105.537,101.126,72.7,2040638,517949.8,1,86.24,991.58,1.69,69.71,67.1,84.902,84.31158333,1035.214,1047.6175,1.69,1.674,68.776,66.8295,67.38,66.62,2,0,0,0,0,1,0,0,0,0,0,0,0,-0.013888889
2020-01-10,2,TRUE,FALSE,65.93,64.98,59.04,66.36,2.05,70.9,85.72,85.72,1,1161.3,167.64,1.25,1.425,1.69,0.265,2206.39,12.81,1230.16,1991.26,998.7,517,2767.33,-0.6,-0.6,-13.50454628,-13.50454628,13.50454628,13.50454628,13.50454628,0,0,0,1,1,1,0,144.69,99.719,100.37,97.5,100.4,74,78,45668341,43687430,104.981,105.537,101.126,72.7,2040638,517949.8,1,86.1,1006.58,1.69,66.41,68.95,85.46666667,84.48591667,1023.352,1044.3735,1.69,1.6755,68.804,66.9185,67.59,66.7575,2,0,0,0,0,1,0,0,0,0,0,0,0,0.070422535
2020-01-13,2,TRUE,FALSE,65.68,64.2,58.08,65.83,2.03,72.25,85.7,83.83666667,3,1156,167.53,1.25,1.418,1.69,0.272,2229.26,13.26,1238.98,2003.06,1003.87,521.96,2760.47,-2.9,-1.333333333,-15.80454628,-14.23787962,15.80454628,14.23787962,15.80454628,0,0,0,3,0,1,0,144.69,99.719,100.37,97.5,100.4,74,78,45668341,43687430,104.981,105.537,101.126,72.7,2040638,517949.8,1,85.72,998.7,1.69,66.36,70.9,85.48466667,84.51991667,1011.668,1041.459,1.69,1.677,68.388,67.0055,68.27,67.0025,2,0,0,0,0,1,0,0,0,0,0,0,0,0.013157895
2020-01-14,2,TRUE,FALSE,64.78,64.49,58.23,65.01,2.15,70.8,86.48,86.48,1,1156.1,168.12,1.25,1.386,1.69,0.304,2238.88,13.41,1257.71,2026.03,1011.57,523.19,2771.35,-2.3,-2.3,-15.20454628,-15.20454628,15.20454628,15.20454628,15.20454628,0,0,0,1,0,0,0,144.69,99.719,100.37,97.5,100.4,74,78,45668341,43687430,104.981,105.537,101.126,72.7,2040638,517949.8,1,83.83666667,1003.87,1.69,65.83,72.25,85.55533333,84.43875,1005.656,1038.2505,1.69,1.6785,67.482,67.072,69.27,67.31,2,0,0,0,0,1,0,0,0,0,0,0,0,0.014285714
2020-01-15,2,TRUE,FALSE,64.61,64,57.81,64.98,2.01,70.5,86.21,86.21,1,1157,167.82,1.25,1.391,1.69,0.299,2230.98,13.37,1274.73,2012.47,1013.71,532.64,2722.75,-2.7,-2.7,-15.60454628,-15.60454628,15.60454628,15.60454628,15.60454628,0,0,0,1,0,0,0,144.69,99.719,100.37,97.5,100.4,74,78,45668341,43687430,104.981,105.537,101.126,72.7,2040638,517949.8,1,86.48,1011.57,1.69,65.01,70.8,85.67533333,84.51975,1002.46,1036.784,1.69,1.68,66.664,67.0885,70,67.525,2,0,0,0,0,1,0,0,0,0,0,0,0,-0.040973111
2020-01-16,2,TRUE,FALSE,64.74,64.62,58.52,64.8,2.06,70.45,86.62,86.62,1,1161.1,168.45,1.25,1.426,1.69,0.264,2248.05,13.58,1268.55,2004.27,1005.78,531,2774.2,-1.7,-1.7,-14.60454628,-14.60454628,14.60454628,14.60454628,14.60454628,0,0,0,1,0,0,0,144.69,99.719,100.37,97.5,100.4,74,78,45668341,43687430,104.981,105.537,101.126,72.7,2040638,517949.8,1,86.21,1013.71,1.69,64.98,70.5,85.66933333,84.60175,1006.886,1035.2435,1.69,1.6815,65.718,67.067,70.68,67.735,2,0,0,0,0,1,0,0,0,0,0,0,0,0.032042724
2020-01-17,2,TRUE,FALSE,65.1,64.85,58.54,64.9,2.07,70,86.41,86.41,1,1159.4,168.6,1.25,1.433,1.69,0.257,2250.57,13.6,1271.54,2014.19,1004,532.9,2798.89,-0.6,-0.6,-13.50454628,-13.50454628,13.50454628,13.50454628,13.50454628,0,0,0,1,0,0,0,144.69,99.719,100.37,97.5,100.4,74,78,45668341,43687430,104.981,105.537,101.126,72.7,2040638,517949.8,1,86.62,1005.78,1.69,64.8,70.45,85.77333333,84.79791667,1006.726,1033.7105,1.69,1.6825,65.396,67.0135,70.98,67.935,2,0,0,0,0,1,0,0,0,0,0,0,0,-0.014230272
2020-01-20,2,FALSE,FALSE,65.24,65.2,58.54,65.51,2.07,69.9,85.82,83.99666667,3,1158.1,169.05,1.25,1.455,1.69,0.235,2262.64,13.64,1287.84,2056.37,1005.39,533.08,2808.25,0.7,0.966666667,-12.20454628,-11.93787962,12.20454628,11.93787962,12.60454628,0,0.2,0.6,3,0,0,0,144.69,99.719,100.37,97.5,100.4,74,78,45668341,43687430,104.981,105.537,101.126,72.7,2040638,517949.8,1,86.41,1004,1.69,64.9,70,85.91133333,84.87291667,1007.786,1031.9005,1.69,1.6835,65.104,66.9525,70.8,68.14,2,0,0,0,0,1,0,0,0,0,0,0,0,0
2020-01-21,2,TRUE,FALSE,64.27,64.59,58.34,64.62,1.98,69.05,86.01,86.01,1,1167,169.15,1.25,1.395,1.69,0.295,2239.69,14.41,1275.31,2029.23,998.49,534.13,2778.72,-0.4,-0.4,-13.30454628,-13.30454628,13.30454628,13.30454628,13.30454628,0,0,0,1,0,0,0,144.69,99.719,100.65,97.5,100.4,74,78,45668341,43687430,104.981,105.537,101.126,72.7,2040638,517949.8,1,83.99666667,1005.39,1.69,65.51,69.9,85.94333333,84.82525,1008.09,1029.278,1.69,1.6845,65.04,66.9115,70.33,68.325,2,0,0,0,0,1,0,0,0,0,0,0,0,-0.003937008
2020-01-22,2,TRUE,FALSE,64.26,63.21,56.74,64.72,1.89,67.9,85.72,85.72,1,1164.6,168.7,1.25,1.437,1.69,0.253,2267.25,14.29,1270.24,2047.78,1001.37,534.67,2836.42,3,3,-9.904546284,-9.904546284,9.904546284,9.904546284,9.904546284,0,0,0,1,0,0,0,144.69,99.719,100.65,97.5,100.4,74,78,45668341,43687430,104.981,105.537,101.126,72.7,2040638,548710.3,1,86.01,998.49,1.69,64.62,69.05,85.84933333,84.89375,1005.474,1025.8115,1.69,1.6855,64.962,66.8065,69.98,68.455,2,0,0,0,0,1,0,0,0,0,0,0,0,0.001317523
2020-01-23,2,FALSE,FALSE,62.77,62.04,55.59,63.23,1.95,69.1,84.65,84.65,1,1168.7,168.62,1.25,1.424,1.69,0.266,2246.13,15.3,1261.55,2006.9,989.5,527.13,2808.3,4.6,4.6,-8.304546284,-8.304546284,8.304546284,8.304546284,8.304546284,0,0,0,1,0,0,0,144.69,99.719,100.65,97.5,100.4,74,78,45668341,43687430,104.981,105.537,101.126,72.7,2040638,548710.3,1,85.72,1001.37,1.69,64.72,67.9,85.75133333,84.93675,1003.006,1023.1695,1.69,1.6865,64.91,66.6825,69.46,68.5325,2,0,0,0,0,1,0,0,0,0,0,0,0,0.001315789
2020-01-28,2,FALSE,FALSE,58.57,59.51,53.48,59.18,1.96,68.35,84.06,78.658,5,1176.7,168.75,1.25,1.352,1.69,0.338,2176.72,18.32,1199.33,1921.2,968.75,509.15,2727.84,6.8,5.06,-6.104546284,-7.844546284,6.104546284,7.844546284,10.10454628,0,0.02,0.1,5,0,0,0,144.69,99.719,100.65,97.5,100.4,74,78,45668341,43687430,104.981,105.537,101.126,72.7,2040638,548710.3,1,84.65,989.5,1.69,63.23,69.1,85.35733333,85.04775,999.75,1020.0675,1.69,1.6875,64.596,66.5275,69.19,68.6975,2,0,0,0,0,1,0,0,0,0,0,0,0,0
2020-01-29,2,TRUE,FALSE,59.37,59.81,53.33,60.18,1.93,68.6,85.85,85.85,1,1177.2,168.98,1.25,1.33,1.69,0.36,2185.28,16.99,1214.83,1923.22,968.62,513.23,2739.73,6,6,-6.904546284,-6.904546284,6.904546284,6.904546284,6.904546284,0,0,0,1,0,0,0,144.69,99.719,100.65,97.5,100.4,74,78,45668341,43687430,104.981,105.537,101.126,72.7,2040638,548710.3,1,78.658,968.75,1.69,59.18,68.35,83.80693333,84.75265,992.7,1015.92,1.69,1.6885,63.452,66.138,68.86,68.79,2,0,0,0,0,1,0,0,0,0,0,0,0,-0.00131406
2020-01-30,2,TRUE,FALSE,57.76,58.29,52.14,58.29,1.94,68.65,85.85,85.85,1,1185,169.64,1.25,1.301,1.69,0.389,2148,18.38,1205.68,1917.48,954.72,504.49,2665.52,5.2,5.2,-7.704546284,-7.704546284,7.704546284,7.704546284,7.704546284,0,0,0,1,0,0,0,144.69,99.719,100.65,97.5,100.4,76,73,45668341,43687430,104.981,105.537,101.126,72.7,2040638,548710.3,1,85.85,968.62,1.69,60.18,68.6,84.1776,84.8894,985.346,1012.1055,1.69,1.6895,62.386,65.772,68.6,68.895,2,0,0,0,0,1,0,0,0,0,0,0,0,0.002631579
2020-01-31,2,TRUE,FALSE,58.45,58.16,51.56,58.45,1.91,68.5,85.11,85.11,1,1191.8,170.58,1.25,1.303,1.69,0.387,2119.01,19.29,1180.82,1896.64,946.37,494.47,2599.12,3.9,3.9,-9.004546284,-9.004546284,9.004546284,9.004546284,9.004546284,0,0,0,1,0,0,0,144.69,99.719,100.65,98.1,101,76,73,45668341,43687430,107.707,106.515,107.505,74.3,3231673,548710.3,1,85.85,954.72,1.69,58.29,68.65,84.1456,84.9489,976.592,1007.6305,1.69,1.69,61.12,65.2905,68.52,69,2,0,0,0,0,1,0,0,0,0,0,0,0,0.002624672
2020-02-03,2,FALSE,FALSE,55.23,54.45,50.11,55.31,1.9,66.3,82.29,80.6,3,1195,170.31,1.25,1.291,1.69,0.399,2118.88,19.32,1162.67,1888.13,933.78,486.69,2647.27,-0.4,1.233333333,-13.30454628,-11.67121295,13.30454628,11.67121295,13.30454628,0,0,0,3,0,0,0,144.69,99.719,100.65,98.1,101,76,73,43103061,42718100,107.707,106.515,107.505,74.3,3231673,548710.3,1,85.11,946.37,1.69,58.45,68.5,84.0236,85.08656667,965.592,1002.6745,1.69,1.69,59.866,64.8175,68.64,69.04,2,0,0,0,0,1,0,0,0,0,0,0,0,0
2020-02-04,2,FALSE,FALSE,53.99,53.96,49.61,54.05,1.89,68.55,83.16,83.16,1,1187.4,169.72,1.25,1.331,1.69,0.359,2157.9,18.39,1171.13,1953.2,941.04,495.34,2702.19,-1.6,-1.6,-14.50454628,-14.50454628,14.50454628,14.50454628,14.50454628,1.7,1.7,1.7,1,0,0,0,144.69,100.09,100.65,98.1,101,76,73,43103061,42718100,107.707,106.515,107.505,74.3,3231673,548710.3,1,80.6,933.78,1.69,55.31,66.3,83.2136,84.95273333,954.448,996.069,1.69,1.69,58.282,64.2695,68.08,68.96,2,0,0,0,0,1,0,0,0,0,0,0,0,0
2020-02-05,2,FALSE,FALSE,53.57,55.28,50.75,53.62,1.89,69.3,83.28,83.28,1,1191.5,170.06,1.25,1.307,1.68,0.373,2165.63,18.23,1175.79,1984.32,950.57,495.47,2692.59,-8.3,-8.3,-21.20454628,-21.20454628,21.20454628,21.20454628,21.20454628,0,0,0,1,0,0,650000,144.69,100.09,100.65,98.1,101,76,73,43103061,42718100,107.707,106.515,107.505,74.3,3231673,548710.3,1,83.16,941.04,1.69,54.05,68.55,84.114,84.82923333,948.906,990.265,1.69,1.69,57.256,63.55,68.12,69.0125,2,0,0,0,0,1,0,0,0,0,0,0,0,0
2020-02-06,2,TRUE,FALSE,55.18,54.93,50.95,55.21,1.86,69.7,83.43,83.43,1,1179.8,169.37,1.25,1.311,1.68,0.369,2227.94,17.81,1242.29,2036.9,956.19,514.27,2734.13,-6.4,-6.4,-19.30454628,-19.30454628,19.30454628,19.30454628,19.30454628,0,0,0,1,0,0,650000,144.69,100.09,100.65,98.1,101,76,73,43103061,42718100,107.707,106.515,107.505,74.3,3231673,548710.3,1,83.28,950.57,1.68,53.62,69.3,83.6,84.81906667,945.296,986.097,1.688,1.6895,55.944,62.713,68.26,69.115,2,0,0,0,0,1,0,0,0,0,0,0,0,-0.017015707
2020-02-07,2,TRUE,FALSE,54.37,54.47,50.32,54.5,1.93,68.5,82.78,82.78,1,1186.5,170.04,1.25,1.28,1.68,0.4,2211.95,17.53,1250.25,2021.55,959.27,512.44,2706.18,-1.7,-1.7,-14.60454628,-14.60454628,14.60454628,14.60454628,14.60454628,0,0,0,1,0,1,650000,144.69,100.09,100.65,98.1,101,76,73,43103061,42718100,107.707,106.515,107.505,74.3,3231673,548710.3,1,83.43,956.19,1.68,55.21,69.7,83.116,84.69656667,945.59,982.529,1.686,1.689,55.328,62.0185,68.47,69.2425,2,0,0,0,0,1,0,0,0,0,0,0,0,-0.011984021
2020-02-10,2,TRUE,FALSE,53.33,53.27,49.57,53.37,1.85,68.1,82.95,81.31333333,3,1187.1,169.96,1.25,1.296,1.68,0.384,2201.07,18.22,1244.38,2030.32,953.66,510.58,2713.56,4,1.133333333,-8.904546284,-11.77121295,8.904546284,11.77121295,13.40454628,0,0,0,3,1,1,650000,144.69,100.09,100.65,98.1,101,76,73,43103061,42718100,107.707,106.515,107.505,74.3,3231673,548710.3,1,82.78,959.27,1.68,54.5,68.5,82.65,84.52356667,948.17,980.9135,1.684,1.6885,54.538,61.258,68.47,69.3125,2,0,0,0,0,1,0,0,0,0,0,0,0,0.045822102
2020-02-11,2,FALSE,FALSE,53.03,54.01,49.94,53.06,1.85,68.95,82.39,82.39,1,1181.6,169.48,1.25,1.299,1.68,0.381,2223.12,18.16,1249.11,2099.01,966.65,517.41,2736.68,6.8,6.8,-6.104546284,-6.104546284,6.104546284,6.104546284,6.104546284,0,0,0,1,1,1,650000,144.69,100.09,100.65,98.1,101,76,73,43103061,42718100,107.707,106.515,107.505,74.3,3231673,548710.3,1,81.31333333,953.66,1.68,53.37,68.1,82.79266667,84.28423333,952.146,978.2675,1.682,1.688,54.15,60.606,68.83,69.27,2,0,0,0,0,1,0,0,0,0,0,0,0,0.006443299
2020-02-12,2,TRUE,FALSE,54.23,55.79,51.17,54.32,1.91,68.9,83.06,83.06,1,1179.5,169.25,1.25,1.297,1.68,0.383,2238.38,16.95,1246.15,2088.07,966.56,519.75,2787.97,7.4,7.4,-5.504546284,-5.504546284,5.504546284,5.504546284,5.504546284,6.7,6.7,6.7,1,1,1,650000,144.69,100.09,100.65,98.1,101,76,73,43103061,42718100,107.707,106.515,107.505,74.3,3231673,548710.3,1,82.39,966.65,1.68,53.06,68.95,82.63866667,84.11773333,957.268,976.665,1.68,1.6875,53.952,59.941,68.91,69.1725,2,0,0,0,0,1,0,0,0,0,0,0,0,0.002560819
2020-02-13,2,TRUE,FALSE,54.54,56.34,51.42,54.55,1.95,69.1,82.6,82.6,1,1182.8,169.34,1.25,1.275,1.68,0.405,2232.96,16.68,1237.55,2074.58,962.29,511.58,2831.66,6.5,6.5,-6.404546284,-6.404546284,6.404546284,6.404546284,6.404546284,0,0,0,1,1,1,0,140.77,100.09,100.65,98.1,101,76,73,43103061,42718100,107.707,106.515,107.505,74.3,3231673,548710.3,1,83.06,966.56,1.68,54.32,68.9,82.59466667,84.0789,960.466,974.7995,1.68,1.687,54.092,59.3655,68.83,69.005,2,0,0,0,0,1,0,0,0,0,0,0,0,-0.008939974
2020-02-14,2,TRUE,FALSE,55.23,57.32,52.05,55.73,1.93,69.45,81.96,81.96,1,1183,169.31,1.25,1.33,1.68,0.35,2243.59,16.85,1236.37,2069.62,956.44,502.89,2877.4,8.1,8.1,-4.804546284,-4.804546284,4.804546284,4.804546284,4.804546284,0,0,0,1,1,1,0,140.77,100.09,100.65,98.1,101,76,73,43103061,42718100,107.707,106.515,107.505,74.3,3231673,548710.3,1,82.6,962.29,1.68,54.55,69.1,82.42866667,83.8849,961.686,972.3355,1.68,1.6865,53.96,58.8425,68.71,68.92,2,0,0,0,0,1,0,0,0,0,0,0,0,0
2020-02-17,2,TRUE,FALSE,55.98,57.67,52.05,56.47,1.93,69.1,82.13,79.97666667,3,1183.9,169.5,1.25,1.32,1.68,0.36,2242.17,17.16,1239.62,2081.15,972.3,502.26,2890.15,-5.9,0.833333333,-18.80454628,-12.07121295,18.80454628,12.07121295,18.80454628,1,5.466666667,16.4,3,0,1,0,140.77,100.09,100.65,98.1,101,76,73,43103061,42718100,107.707,106.515,107.505,74.3,3231673,548710.3,1,81.96,956.44,1.68,55.73,69.45,82.26466667,83.6724,961.12,969.472,1.68,1.686,54.206,58.38,68.9,68.8675,2,0,0,0,0,1,0,0,0,0,0,0,0,0
2020-02-18,2,FALSE,FALSE,55.11,57.75,52.05,55.56,2.04,68.4,82.2,82.2,1,1189.5,169.95,1.25,1.271,1.67,0.399,2208.88,18.25,1232.03,2066.38,968.94,496.53,2796.67,-4.1,-4.1,-17.00454628,-17.00454628,17.00454628,17.00454628,17.00454628,0,0,0,1,0,0,0,140.77,100.09,100.65,98.1,101,76,73,43103061,42718100,107.707,106.515,107.505,74.3,3231673,548710.3,1,79.97666667,972.3,1.68,56.47,69.1,81.99733333,83.34023333,964.848,967.798,1.68,1.6855,54.826,57.9635,69.1,68.8,2,0,0,0,0,1,0,0,0,0,0,0,0,0.015463918
2020-02-19,2,TRUE,FALSE,56.39,59.12,53.29,56.87,2.01,68.2,81.98,81.98,1,1189.3,169.76,1.25,1.284,1.65,0.366,2210.34,18.19,1238.76,2036.71,965.68,491.43,2823.68,1,1,-11.90454628,-11.90454628,11.90454628,11.90454628,11.90454628,0,0,0,1,0,0,0,140.77,100.09,100.65,98.1,101,76,73,43103061,42718100,107.707,106.515,107.505,74.3,3231673,548710.3,1,82.2,968.94,1.67,55.56,68.4,81.95933333,83.12973333,965.306,966.045,1.678,1.6845,55.326,57.4965,68.99,68.72,2,0,0,0,0,1,0,0,0,0,0,0,0,0
2020-02-20,2,FALSE,FALSE,56.92,59.31,53.78,57.52,1.98,68.6,82.12,82.12,1,1198.7,170.6,1.25,1.234,1.63,0.396,2195.5,18.24,1209.61,2049.25,967.45,487.06,2822.72,4.6,4.6,-8.304546284,-8.304546284,8.304546284,8.304546284,8.304546284,0,0,0,1,0,0,0,140.77,100.09,101.02,98.1,101,76,73,43103061,42718100,107.707,106.515,107.505,74.3,3231673,548710.3,1,81.98,965.68,1.65,56.87,68.2,81.74333333,83.0289,965.13,964.0595,1.672,1.6825,55.836,57.0645,68.85,68.635,2,0,0,0,0,1,0,0,0,0,0,0,0,0.002538071
2020-02-21,2,FALSE,FALSE,56.41,58.5,53.38,57.3,1.96,67.9,81.96,81.96,1,1209.2,171.59,1.25,1.182,1.62,0.438,2162.84,19.8,1183.96,2002.68,967.76,474.89,2782.53,6.7,6.7,-6.204546284,-6.204546284,6.204546284,6.204546284,6.204546284,4.2,4.2,4.2,1,0,0,0,140.77,100.09,101.02,98.1,101,76,73,43103061,42718100,107.707,106.515,107.505,74.3,3231673,548710.3,1,82.12,967.45,1.63,57.52,68.6,81.64733333,82.8344,966.162,962.5075,1.662,1.6795,56.43,56.7095,68.75,68.6125,2,0,0,0,0,1,0,0,0,0,0,0,0,0.003797468
2020-02-24,2,TRUE,FALSE,54.64,56.3,51.43,55.16,1.94,68,81.82,80.05333333,3,1220.2,173.23,1.25,1.139,1.61,0.471,2079.04,23.65,1137.46,1921.49,944.07,454.85,2676.24,7,4.5,-5.904546284,-8.404546284,5.904546284,8.404546284,10.40454628,0,1.033333333,3.1,3,0,0,0,140.77,100.09,101.02,98.1,101,76,73,43103061,42718100,107.707,106.515,107.505,74.3,3231673,548710.3,1,81.96,967.76,1.62,57.3,67.9,81.64733333,82.6464,968.426,960.827,1.65,1.676,56.744,56.3385,68.44,68.6125,2,0,0,0,0,1,0,0,0,0,0,0,0,-0.008827238
2020-02-25,2,TRUE,FALSE,54.48,54.95,49.9,55.07,1.93,67.9,82.46,82.46,1,1210.3,172.61,1.25,1.171,1.6,0.429,2103.61,22.72,1147.17,1930.03,916.05,465.83,2731.55,6.7,6.7,-6.204546284,-6.204546284,6.204546284,6.204546284,6.204546284,16.6,16.6,16.6,1,0,0,0,140.77,100.09,101.02,98.1,101,76,73,43103061,42718100,107.707,106.515,107.505,74.3,3231673,548710.3,1,80.05333333,944.07,1.61,55.16,68,81.66266667,82.41656667,962.78,958.5555,1.636,1.672,56.482,55.935,68.22,68.5575,2,0,0,0,0,1,0,0,0,0,0,0,0,-0.007633588
2020-02-26,2,TRUE,FALSE,52.28,53.43,48.73,52.52,1.96,67.75,81.49,81.49,1,1216.9,172.97,1.25,1.135,1.59,0.455,2076.77,25.1,1148.79,1912.12,894.86,466.42,2677.25,6.4,6.4,-6.504546284,-6.504546284,6.504546284,6.504546284,6.504546284,0,0,0,1,0,0,0,140.77,100.09,101.02,98.1,101,65,64,43103061,42718100,107.707,106.515,107.505,74.3,3231673,548710.3,1,82.46,916.05,1.6,55.07,67.9,81.71466667,82.60666667,952.202,955.9205,1.622,1.6675,56.384,55.7295,68.12,68.535,2,0,0,0,0,1,0,0,0,0,0,0,0,0.007692308
2020-02-27,2,TRUE,FALSE,50.62,52.18,47.09,50.99,1.78,67.9,82.21,82.21,1,1217.2,173.09,1.25,1.194,1.58,0.386,2054.89,26.84,1141.63,1874.4,862.68,457.42,2572.92,6.1,6.1,-6.804546284,-6.804546284,6.804546284,6.804546284,6.804546284,0,0,0,1,0,0,0,140.77,100.09,101.02,98.1,101,65,64,43103061,42718100,107.707,106.515,107.505,74.3,3231673,548710.3,1,81.49,894.86,1.59,52.52,67.75,81.61666667,82.38866667,938.038,952.2325,1.61,1.6625,55.514,55.3465,68.03,68.4925,2,0,0,0,0,1,0,0,0,0,0,0,0,0.001272265
2020-02-28,2,TRUE,FALSE,49.05,50.52,44.76,49.25,1.79,67.4,81.74,81.74,1,1213.7,173.3,1.25,1.104,1.57,0.466,1987.01,33.81,1105.89,1800.8,801.57,444.8,2446.07,4.5,4.5,-8.404546284,-8.404546284,8.404546284,8.404546284,8.404546284,3.9,3.9,3.9,1,0,0,0,140.77,100.09,101.02,98.4,101.5,65,64,43103061,42718100,93.5,103,98.6,72.9,2538835,548710.3,1,82.21,862.68,1.58,50.99,67.9,81.63466667,82.20666667,917.084,947.6305,1.6,1.657,54.208,54.9815,67.89,68.455,2,0,0,0,0,1,0,0,0,0,0,0,0,0
2020-03-02,2,TRUE,FALSE,50.58,51.9,46.75,50.87,1.75,66.35,83.36,80.4,3,1193.7,171.28,1.25,1.128,1.56,0.432,2002.51,32.66,1095.51,1821.66,786.78,444.01,2567.38,3.4,5.633333333,-9.504546284,-7.271212951,9.504546284,7.271212951,9.504546284,0,0.233333333,0.7,3,0,0,0,140.77,100.09,101.02,98.4,101.5,65,64,40911819,36977247,93.5,103,98.6,72.9,2538835,548710.3,1,81.74,801.57,1.57,49.25,67.4,81.59066667,82.03816667,883.846,940.3905,1.59,1.651,52.598,54.5215,67.79,68.4,2,0,0,0,0,1,0,0,0,0,0,0,0,0
2020-03-03,2,TRUE,FALSE,51.72,51.86,47.18,51.91,1.78,66.2,83.57,83.57,1,1195.2,171.23,1.25,1.11,1.56,0.45,2014.15,29.49,1095.25,1838.45,795.14,447.72,2546.87,4.8,4.8,-8.104546284,-8.104546284,8.104546284,8.104546284,8.104546284,0,0,0,1,0,0,0,140.77,100.16,101.02,98.4,101.5,65,64,40911819,36977247,93.5,103,98.6,72.9,2538835,548710.3,1,80.4,786.78,1.56,50.87,66.35,81.66,82.02816667,852.388,933.0405,1.58,1.6445,51.74,54.2995,67.46,68.4025,2,0,0,0,0,1,0,0,0,0,0,0,0,0.003811944
2020-03-04,2,TRUE,FALSE,50.81,51.13,46.78,51.11,1.83,65.75,83.92,83.92,1,1187.8,171.02,1.25,1.029,1.55,0.521,2059.33,26.76,1116,1858.09,809.76,453.92,2617.49,2.2,2.2,-10.70454628,-10.70454628,10.70454628,10.70454628,10.70454628,0,0,0,1,0,0,750000,140.77,100.16,101.02,98.4,101.5,65,64,40911819,36977247,93.5,103,98.6,72.9,2538835,548710.3,1,83.57,795.14,1.56,51.91,66.2,81.882,82.04866667,828.206,925.7455,1.572,1.638,51.108,54.1925,67.12,68.285,2,0,0,0,0,1,0,0,0,0,0,0,0,0.015189873
2020-03-05,2,TRUE,FALSE,50.78,49.99,45.9,50.93,1.89,66.4,85.17,85.17,1,1181.2,170.32,1.25,1.051,1.55,0.499,2085.26,23.66,1133.43,1880.27,810.91,463.29,2652.87,1.4,1.4,-11.50454628,-11.50454628,11.50454628,11.50454628,11.50454628,0,0,0,1,0,0,750000,140.77,100.16,101.02,98.4,101.5,65,64,40911819,36977247,93.5,103,98.6,72.9,2538835,548710.3,1,83.92,809.76,1.55,51.11,65.75,82.368,82.08066667,811.186,918.705,1.564,1.6315,50.826,54.067,66.72,68.1075,2,0,0,0,0,1,0,0,0,0,0,0,0,-0.012468828
2020-03-06,2,FALSE,FALSE,48.58,45.27,41.28,48.87,1.76,65.9,84.08,84.08,1,1192.3,171.47,1.25,1.078,1.55,0.472,2040.22,27.47,1104.67,1832.43,792.12,453.25,2599.3,3.7,3.7,-9.204546284,-9.204546284,9.204546284,9.204546284,9.204546284,0,0,0,1,0,1,750000,140.77,100.16,101.02,98.4,101.5,65,64,40911819,36977247,93.5,103,98.6,72.9,2538835,548710.3,1,85.17,810.91,1.55,50.93,66.4,82.96,82.16766667,800.832,911.441,1.558,1.625,50.814,53.853,66.42,67.9425,2,0,0,0,0,1,0,0,0,0,0,0,0,0.005050505
2020-03-09,2,TRUE,FALSE,32.87,34.36,31.13,33.16,1.74,65.15,83.43,82.26333333,3,1204.2,173.46,1.25,1.038,1.55,0.512,1954.77,36.21,1048.75,1724.22,840.84,427.31,2465.35,11.1,9.133333333,-1.804546284,-3.771212951,1.804546284,3.771212951,5.904546284,0,0,0,3,1,1,750000,140.77,100.16,101.02,98.4,101.5,65,64,40911819,36977247,93.5,103,98.6,72.9,2538835,548710.3,1,84.08,792.12,1.55,48.87,65.9,83.428,82.23266667,798.942,903.0835,1.554,1.6185,50.738,53.5715,66.12,67.8125,2,0,0,0,0,1,0,0,0,0,0,0,0,0
2020-03-10,2,TRUE,FALSE,34.18,37.22,34.36,34.22,1.91,65.3,84.14,84.14,1,1193.2,171.93,1.25,1.082,1.55,0.468,1962.93,34.8,1049.77,1751.81,814.09,428.27,2524.41,6.4,6.4,-6.504546284,-6.504546284,6.504546284,6.504546284,6.504546284,11.8,11.8,11.8,1,1,1,750000,140.77,100.16,101.02,98.4,101.5,65,64,40911819,36977247,93.5,103,98.6,72.9,2538835,548710.3,1,82.26333333,840.84,1.55,33.16,65.15,83.80066667,82.28016667,809.754,897.4425,1.552,1.612,47.196,52.561,65.88,67.665,2,0,0,0,0,1,0,0,0,0,0,0,0,0
2020-03-11,2,TRUE,FALSE,34.58,35.79,32.98,34.78,1.96,65.65,84.4,84.4,1,1193,171.82,1.25,1.086,1.55,0.464,1908.27,37.6,1030.74,1723.48,775.06,417.16,2419.2,3.8,3.8,-9.104546284,-9.104546284,9.104546284,9.104546284,9.104546284,0,0,0,1,1,1,750000,140.77,100.16,101.02,98.4,101.5,65,64,40911819,36977247,93.5,103,98.6,72.9,2538835,548710.3,1,84.14,814.09,1.55,34.22,65.3,83.91466667,82.36766667,813.544,889.8145,1.55,1.6055,43.658,51.619,65.7,67.4825,2,0,0,0,0,1,0,0,0,0,0,0,0,0
2020-03-12,2,TRUE,FALSE,32.69,33.22,31.5,32.96,1.82,65.4,83.95,83.95,1,1206.5,172.63,1.25,1.062,1.55,0.488,1834.33,43.07,990.91,1618.13,761.26,392.4,2313.95,6.8,6.8,-6.104546284,-6.104546284,6.104546284,6.104546284,6.104546284,0,0,0,1,1,1,0,138.67,100.16,101.02,98.4,101.5,65,64,40911819,36977247,93.5,103,98.6,72.9,2538835,548710.3,1,84.4,775.06,1.55,34.78,65.65,84.01066667,82.43466667,806.604,880.2395,1.55,1.599,40.392,50.642,65.68,67.32,2,0,0,0,0,1,0,0,0,0,0,0,0,0.002512563
2020-03-13,2,TRUE,FALSE,33.93,33.85,31.73,34.06,1.94,65.8,84.47,84.47,1,1219.3,174.62,1.25,1.149,1.55,0.401,1771.44,53.86,944.67,1543.73,720.29,370.47,2220.14,4.9,4.9,-8.004546284,-8.004546284,8.004546284,8.004546284,8.004546284,0.5,0.5,0.5,1,1,1,0,138.67,100.16,101.02,98.4,101.5,65,64,40911819,36977247,93.5,103,98.6,72.9,2538835,548710.3,1,83.95,761.26,1.55,32.96,65.4,83.76666667,82.50216667,796.674,870.188,1.55,1.5925,36.798,49.5625,65.48,67.135,2,0,0,0,0,1,0,0,0,0,0,0,0,0.010025063
2020-03-16,2,TRUE,FALSE,31.49,30.05,28.7,31.48,1.89,65.55,83.41,82.25333333,3,1226,174.77,1.25,1.099,1.54,0.441,1714.86,64.56,904.72,1462.34,700.77,358.14,2097.48,3.6,3.733333333,-9.304546284,-9.171212951,9.304546284,9.171212951,9.304546284,0,0,0,3,0,1,0,138.67,100.16,101.02,98.4,101.5,65,64,40911819,36977247,93.5,103,98.6,72.9,2538835,548710.3,1,84.47,720.29,1.55,34.06,65.8,83.84466667,82.62766667,782.308,858.3805,1.55,1.586,33.836,48.479,65.46,66.9525,2,0,0,0,0,1,0,0,0,0,0,0,0,0.003722084
2020-03-17,2,TRUE,FALSE,30.83,28.73,26.95,30.97,1.89,66.05,83.16,83.16,1,1243.5,177.55,0.75,1.03,1.36,0.33,1672.44,64.49,878.02,1448.59,665.62,348.75,2134.51,6.6,6.6,-6.304546284,-6.304546284,6.304546284,6.304546284,6.304546284,0,0,0,1,0,0,0,138.67,100.16,101.02,98.4,101.5,65,64,40911819,36977247,93.5,103,98.6,72.9,2538835,548710.3,1,82.25333333,700.77,1.54,31.48,65.55,83.84266667,82.7415,754.294,844.804,1.548,1.579,33.5,47.2295,65.54,66.775,2,0,0,0,0,1,0,0,0,0,0,0,0,-0.00618047
2020-03-18,2,TRUE,FALSE,28.26,24.88,20.37,28.71,1.73,66.1,82.68,82.68,1,1245.7,176.98,0.75,1.05,1.37,0.32,1591.2,62.8,814.1,1355.75,629.57,319.67,1973.31,10,10,-2.904546284,-2.904546284,2.904546284,2.904546284,2.904546284,0,0,0,1,0,0,0,138.67,100.16,101.02,98.4,101.5,65,64,40911819,36977247,93.5,103,98.6,72.9,2538835,548710.3,1,83.16,665.62,1.36,30.97,66.05,83.64666667,82.7895,724.6,829.638,1.51,1.5635,32.85,46,65.69,66.6575,2,0,0,0,0,1,0,0,0,0,0,0,0,-0.004975124
2020-03-19,2,TRUE,FALSE,25.82,28.47,25.22,27.76,1.68,66.15,83.79,83.79,1,1285.7,181.34,0.75,1.193,1.41,0.217,1457.64,69.24,726.55,1146.32,594.81,277.82,1791.52,9.1,9.1,-3.804546284,-3.804546284,3.804546284,3.804546284,3.804546284,0,0,0,1,0,0,0,138.67,100.16,101.02,98.4,101.5,65,64,40911819,36977247,93.5,103,98.6,72.9,2538835,548710.3,1,82.68,629.57,1.37,28.71,66.1,83.30266667,82.8245,695.502,812.8325,1.474,1.5495,31.636,44.592,65.78,66.5525,2,0,0,0,0,1,0,0,0,0,0,0,0,0.005
2020-03-20,2,TRUE,FALSE,28.67,26.98,22.43,29.41,1.76,66.3,83.8,83.8,1,1246.5,175.39,0.75,1.107,1.47,0.363,1566.15,60.73,772.98,1309.09,637.25,312.04,1960.05,8.8,8.8,-4.104546284,-4.104546284,4.104546284,4.104546284,4.104546284,0,0,0,1,0,0,0,138.67,100.16,100.69,98.4,101.5,65,64,40911819,36977247,93.5,103,98.6,72.9,2538835,548710.3,1,83.79,594.81,1.41,27.76,66.15,83.27066667,82.908,662.212,794.2005,1.446,1.5385,30.596,43.104,65.93,66.43,2,0,0,0,0,1,0,0,0,0,0,0,0,-0.003731343
2020-03-23,2,TRUE,FALSE,24.6,27.03,23.36,25.34,1.7,66.05,83.65,82.16333333,3,1266.5,178.24,0.75,1.153,1.56,0.407,1482.46,62.5,728.01,1233.16,632.38,287.72,1814.02,10.6,11.46666667,-2.304546284,-1.437879618,2.304546284,1.437879618,2.304546284,0,0,0,3,0,0,0,138.67,100.16,100.69,98.4,101.5,65,64,40911819,36977247,93.5,103,98.6,72.9,2538835,548710.3,1,83.8,637.25,1.47,29.41,66.3,83.13666667,83,645.604,777.675,1.43,1.531,29.666,41.7095,66.03,66.35,2,0,0,0,0,1,0,0,0,0,0,0,0,0
2020-03-24,2,TRUE,FALSE,26.64,27.15,24.01,27.02,1.73,66.5,83.66,83.66,1,1249.6,176.05,0.75,1.127,1.66,0.533,1609.97,53.78,797.11,1344.95,679.91,309.96,2052.77,11.4,11.4,-1.504546284,-1.504546284,1.504546284,1.504546284,1.504546284,0,0,0,1,0,0,0,138.67,100.16,100.69,98.4,101.5,65,64,40911819,36977247,93.5,103,98.6,72.9,2538835,548710.3,1,82.16333333,632.38,1.56,25.34,66.05,83.11866667,83.1055,631.926,762.0905,1.434,1.5285,28.438,40.2185,66.13,66.2525,2,0,0,0,0,1,0,0,0,0,0,0,0,0
2020-03-25,2,TRUE,FALSE,27.05,27.39,24.49,27.32,1.8,66.35,82.8,82.8,1,1229.9,173.49,0.75,1.131,1.88,0.749,1704.76,49.32,869.81,1492.23,689.48,337.11,2157,12.5,12.5,-0.404546284,-0.404546284,0.404546284,0.404546284,0.404546284,0,0,0,1,0,0,0,138.67,100.16,100.69,98.4,101.5,65,64,40911819,36977247,93.5,103,98.6,72.9,2538835,548710.3,1,83.66,679.91,1.66,27.02,66.5,83.21866667,83.1655,634.784,750.2835,1.494,1.5315,27.648,38.816,66.22,66.1825,2,0,0,0,0,1,0,0,0,0,0,0,0,0.001248439
2020-03-26,2,TRUE,FALSE,25.74,26.34,22.6,25.74,1.73,66.5,83.63,83.63,1,1232.8,172.83,0.75,1.067,2.05,0.983,1686.24,52.76,881.53,1465.61,677.82,341.82,2092.61,14.8,14.8,1.895453716,1.895453716,1.895453716,1.895453716,1.895453716,1.8,1.8,1.8,1,0,0,0,138.67,100.16,100.69,98.4,101.5,65,64,40911819,36977247,93.5,103,98.6,72.9,2538835,548710.3,1,82.8,689.48,1.88,27.32,66.35,83.24266667,83.231,646.766,740.0145,1.596,1.546,27.37,37.556,66.27,66.1125,2,0,0,0,0,1,0,0,0,0,0,0,0,-0.001246883
2020-03-27,2,TRUE,FALSE,25.04,24.93,21.51,25.08,1.7,66.65,84.08,84.08,1,1210.6,171.12,0.75,1.06,2.1,1.04,1717.73,54.62,901.8,1496.69,684.98,344.55,2104.08,11.9,11.9,-1.004546284,-1.004546284,1.004546284,1.004546284,1.004546284,2,2,2,1,0,0,0,138.67,100.16,100.69,98.4,101.5,65,64,40911819,36977247,93.5,103,98.6,72.9,2538835,548710.3,1,83.63,677.82,2.05,25.74,66.5,83.21066667,83.302,663.368,730.7715,1.724,1.5695,26.966,36.2935,66.34,66.0425,2,0,0,0,0,1,0,0,0,0,0,0,0,0
2020-03-30,2,TRUE,FALSE,23.24,22.76,20.09,23.25,1.65,69,82.92,81.61666667,3,1224.4,172.29,0.75,1.098,2.17,1.072,1717.12,54.83,907.65,1505.99,698.54,350.13,2120.21,10.2,8.866666667,-2.704546284,-4.037879618,2.704546284,4.037879618,5.204546284,0,0,0,3,0,0,0,138.67,100.16,100.69,98.4,101.5,65,64,40911819,36977247,93.5,103,98.6,72.9,2538835,548710.3,1,84.08,684.98,2.1,25.08,66.65,83.26666667,83.419,672.914,724.942,1.85,1.596,26.1,35.085,66.41,66.005,2,0,0,0,0,1,0,0,0,0,0,0,0,0.007490637
2020-03-31,2,TRUE,FALSE,23.43,22.74,20.48,23.43,1.71,67.85,83.41,83.41,1,1217.4,171.48,0.75,1.07,2.2,1.13,1754.64,48.55,916.64,1533.94,709.24,367.91,2126.57,11.9,11.9,-1.004546284,-1.004546284,1.004546284,1.004546284,1.004546284,0,0,0,1,0,0,0,138.67,100.16,100.69,98.7,100.9,56,53,40911819,36977247,91.4,103.8,95,70.5,2240081,548710.3,1,81.61666667,698.54,2.17,23.25,69,83.15733333,83.47983333,686.146,720.53,1.972,1.6265,25.682,33.704,67,66.1375,2,0,0,0,0,1,0,0,0,0,0,0,0,0.003717472
2020-04-01,3,TRUE,FALSE,21.23,24.74,20.31,21.41,1.69,66.7,78.26,78.26,1,1230.5,173.08,0.75,1.092,2.22,1.128,1685.46,50,891.56,1472.98,699.92,354.52,2061.29,11.3,11.3,-1.604546284,-1.604546284,1.604546284,1.604546284,1.604546284,0,0,0,1,0,0,800000,138.67,100.16,100.69,98.7,100.9,56,53,46167204,41803860,91.4,103.8,95,70.5,2240081,548710.3,1,83.41,709.24,2.2,23.43,67.85,83.10733333,83.47183333,692.012,716.235,2.08,1.6585,24.964,32.28,67.27,66.22,2,0,0,0,0,1,0,0,0,0,0,0,0,-0.012345679
2020-04-02,3,TRUE,FALSE,21.55,29.94,25.32,21.57,1.55,66.2,78.54,78.54,1,1228.3,172.93,0.75,1.059,2.24,1.181,1724.86,47.24,915.64,1532.61,705.57,374.31,2141.5,9.3,9.3,-3.604546284,-3.604546284,3.604546284,3.604546284,3.604546284,0,0,0,1,0,0,800000,138.67,99.94,100.69,98.7,100.9,56,53,46167204,41803860,91.4,103.8,95,70.5,2240081,548710.3,1,78.26,699.92,2.22,21.41,66.7,82.19933333,83.18883333,694.1,710.743,2.148,1.692,23.782,30.795,67.34,66.2675,2,0,0,0,0,1,0,0,0,0,0,0,0,0.00125
2020-04-03,3,FALSE,FALSE,24.51,34.11,28.34,24.53,1.5,66.05,78.31,78.31,1,1230.9,173.38,0.75,1.066,2.2,1.134,1725.44,45.34,941,1509.74,703.67,373.98,2140.56,10,10,-2.904546284,-2.904546284,2.904546284,2.904546284,2.904546284,0,0,0,1,0,1,800000,138.67,99.94,100.69,98.7,100.9,56,53,46167204,41803860,91.4,103.8,95,70.5,2240081,548710.3,1,78.54,705.57,2.24,21.57,66.2,81.18133333,82.85733333,699.65,705.476,2.186,1.7265,22.948,29.327,67.28,66.2575,2,0,0,0,0,1,0,0,0,0,0,0,0,0
2020-04-06,3,TRUE,FALSE,24.87,33.05,26.08,24.86,1.64,64.15,76.6,69.33333333,3,1229.3,173.1,0.75,1.052,2.2,1.148,1791.88,38.26,968.27,1572.81,712.83,383.25,2255.75,9.3,8.466666667,-3.604546284,-4.437879618,3.604546284,4.437879618,5.704546284,0,0,0,3,1,1,800000,138.67,99.94,100.69,98.7,100.9,56,53,46167204,41803860,91.4,103.8,95,70.5,2240081,548710.3,1,78.31,703.67,2.2,24.53,66.05,80.02733333,82.56883333,703.388,701.0535,2.206,1.759,22.838,28.11,67.16,66.265,2,0,0,0,0,1,0,0,0,0,0,0,0,0.002496879
2020-04-07,3,TRUE,FALSE,24.88,31.87,23.63,24.88,1.83,63.8,78.33,78.33,1,1221.2,172.4,0.75,1.047,2.19,1.143,1823.6,36.14,977.77,1600.16,718.92,389.47,2328.29,10.6,10.6,-2.304546284,-2.304546284,2.304546284,2.304546284,2.304546284,0,0,0,1,1,1,800000,138.67,99.94,100.69,98.7,100.9,56,53,46167204,41803860,91.4,103.8,95,70.5,2240081,548710.3,1,69.33333333,712.83,2.2,24.86,64.15,77.57066667,81.92233333,706.246,694.653,2.212,1.7915,23.16,27.695,66.19,66.215,2,0,0,0,0,1,0,0,0,0,0,0,0,0.00249066
2020-04-08,3,TRUE,FALSE,23.52,32.84,25.09,23.55,1.86,62.65,78.63,78.63,1,1220.9,172.5,0.75,1.024,2.19,1.166,1807.14,40.05,963.2,1601.7,712.99,393.04,2313.73,9.4,9.4,-3.504546284,-3.504546284,3.504546284,3.504546284,3.504546284,0,0,0,1,1,1,800000,138.67,99.94,100.69,98.7,100.9,56,53,46167204,41803860,91.4,103.8,95,70.5,2240081,548710.3,1,78.33,718.92,2.19,24.88,63.8,76.55466667,81.63183333,708.182,689.8945,2.21,1.8235,23.45,27.228,65.38,66.14,2,0,0,0,0,1,0,0,0,0,0,0,0,0.00621118
2020-04-09,3,TRUE,FALSE,23.32,31.48,22.76,23.32,1.74,63.6,78.62,78.62,1,1219.5,172.36,0.75,0.986,2.16,1.174,1836.21,35.55,975.52,1645.08,717.28,401.21,2317.13,8.9,8.9,-4.004546284,-4.004546284,4.004546284,4.004546284,4.004546284,0,0,0,1,1,1,0,130.75,99.94,100.69,98.7,100.9,56,53,46167204,41803860,91.4,103.8,95,70.5,2240081,548710.3,1,78.63,712.99,2.19,23.55,62.65,76.62866667,81.34333333,710.796,686.791,2.204,1.8555,23.878,26.6665,64.57,65.99,2,0,0,0,0,1,0,0,0,0,0,0,0,0
2020-04-10,3,TRUE,FALSE,23.32,31.48,22.76,23.32,1.74,63.6,78.1,78.1,1,1208.8,171.4,0.75,0.97,2.14,1.17,1860.7,35.84,1000.21,1657.93,749.6,406.54,2276.36,10.7,10.7,-2.204546284,-2.204546284,2.204546284,2.204546284,2.204546284,0,0,0,1,1,1,0,130.75,99.94,100.69,98.7,100.9,56,53,46167204,41803860,91.4,103.8,95,70.5,2240081,548710.3,1,78.62,717.28,2.16,23.32,63.6,76.64466667,81.07683333,713.138,684.592,2.188,1.886,24.228,26.1845,64.05,65.9,2,0,0,0,0,1,0,0,0,0,0,0,0,0
2020-04-13,3,TRUE,FALSE,22.31,31.74,22.41,22.3,1.86,63.6,77.51,71.16666667,3,1217.9,172.62,0.75,0.996,2.13,1.134,1825.76,39.69,986.54,1616.44,767.58,401.97,2182.36,12.4,10.73333333,-0.504546284,-2.171212951,0.504546284,2.171212951,3.004546284,0,0,0,3,0,1,0,130.75,99.94,100.69,98.7,100.9,56,53,46167204,41803860,91.4,103.8,95,70.5,2240081,548710.3,1,78.1,749.6,2.14,23.32,63.6,76.60266667,80.75833333,722.324,686.0575,2.176,1.9155,23.986,25.6475,63.56,65.79,2,0,0,0,0,1,0,0,0,0,0,0,0,0
2020-04-14,3,TRUE,FALSE,21.66,29.6,20.11,21.67,1.76,62.75,79.23,79.23,1,1217.3,172.47,0.75,0.996,2.13,1.134,1857.08,36.04,1001.22,1660.51,791.95,413.06,2236.54,13,13,0.095453716,0.095453716,0.095453716,0.095453716,0.095453716,0,0,0,1,0,0,0,130.75,99.94,100.69,98.7,100.9,56,53,46167204,41803860,91.4,103.8,95,70.5,2240081,548710.3,1,71.16666667,767.58,2.13,22.3,63.6,76.96933333,80.204,733.274,689.398,2.162,1.945,23.474,25.1885,63.45,65.6925,2,0,0,0,0,1,0,0,0,0,0,0,0,0
2020-04-16,3,TRUE,FALSE,19.72,27.82,19.87,19.83,1.59,61.9,79.25,79.005,2,1228.7,173.41,0.75,0.982,2.13,1.148,1857.07,34.82,996.96,1680.7,760.32,414.54,2275.1,16,14.6,3.095453716,1.695453716,3.095453716,1.695453716,3.095453716,0,0,0,2,0,0,0,130.75,99.94,100.69,98.7,100.9,56,53,46167204,41803860,91.4,103.8,95,70.5,2240081,548710.3,1,79.23,791.95,2.13,21.67,62.75,77.14933333,80.0075,747.88,695.7145,2.15,1.9835,22.832,24.7235,63.24,65.5275,2,0,0,0,0,1,0,0,0,0,0,0,0,-0.001234568
2020-04-17,3,TRUE,FALSE,20.61,28.08,18.27,20.81,1.71,62,81.15,81.15,1,1217.9,171.96,0.75,1.006,2.11,1.104,1914.53,31.44,1004.49,1729.93,772.77,423.44,2334.71,12.5,12.5,-0.404546284,-0.404546284,0.404546284,0.404546284,0.404546284,6.5,6.5,6.5,1,0,0,0,130.75,99.94,100.69,98.7,100.9,56,53,46167204,41803860,91.4,103.8,95,70.5,2240081,548710.3,1,79.005,760.32,2.13,19.83,61.9,77.22433333,79.82375,757.346,702.252,2.138,2.0215,22.088,24.2795,63.09,65.3175,2,0,0,0,0,1,0,0,0,0,0,0,0,0.001236094
2020-04-20,3,TRUE,FALSE,20.78,25.57,-37.63,20.88,1.78,61.5,77.89,74.11333333,3,1220.5,172.23,0.75,1.013,2.09,1.077,1898.36,33.29,1006.48,1725.87,798.72,429.95,2300.32,10,11.93333333,-2.904546284,-0.971212951,2.904546284,1.368182095,2.904546284,0.1,3.466666667,10.4,3,0,0,0,130.75,99.94,100.69,98.7,100.9,56,53,46167204,41803860,91.4,103.8,95,70.5,2240081,548710.3,1,81.15,772.77,2.11,20.81,62,77.73033333,79.69175,768.444,711.15,2.128,2.0565,21.586,23.932,62.77,65.11,2,0,0,0,0,1,0,0,0,0,0,0,0,0
2020-04-21,3,TRUE,FALSE,17.37,19.33,10.01,17.36,1.92,61.25,79.5,79.5,1,1229.7,173.26,0.75,1.035,2.08,1.045,1879.38,36.53,998.56,1727.64,800.73,425.9,2278.75,7.4,7.4,-5.504546284,-5.504546284,5.504546284,5.504546284,5.504546284,0,0,0,1,0,0,0,130.75,99.94,100.69,98.7,100.9,56,53,46167204,41803860,91.4,103.8,95,70.5,2240081,548710.3,1,74.11333333,798.72,2.09,20.88,61.5,76.933,79.20741667,778.268,719.2235,2.118,2.0875,21.098,23.5055,62.35,64.87,2,0,0,0,0,1,0,0,0,0,0,0,0,0
2020-04-22,3,TRUE,FALSE,13.52,20.37,13.78,13.52,1.9,61.15,79.4,79.4,1,1232.2,173.88,0.75,1.046,2.06,1.014,1896.15,36.55,993.14,1718.93,826.52,439.47,2311.49,6,6,-6.904546284,-6.904546284,6.904546284,6.904546284,6.904546284,0,0,0,1,0,0,0,130.75,99.94,99.8,98.7,100.9,56,53,46167204,41803860,91.4,103.8,95,70.5,2240081,548710.3,1,79.5,800.73,2.08,17.36,61.25,78.59966667,79.07425,784.898,727.641,2.108,2.1135,20.11,23.1065,61.88,64.63,2,0,0,0,0,1,0,0,0,0,0,0,0,-0.008641975
2020-04-23,3,TRUE,FALSE,18.13,21.33,16.5,18.14,1.86,60.95,78.78,78.78,1,1229.7,173.39,0.75,1.036,2.01,0.974,1914.73,34.46,992.66,1769.54,855.16,439.43,2325.18,7.9,7.9,-5.004546284,-5.004546284,5.004546284,5.004546284,5.004546284,0,0,0,1,0,0,0,130.75,99.94,99.8,98.7,100.9,56,53,46167204,41803860,91.4,103.8,95,70.5,2240081,495398.3,1,79.4,826.52,2.06,13.52,61.15,78.63366667,78.86125,791.812,734.9715,2.094,2.1335,18.48,22.4315,61.56,64.3625,2,0,0,0,0,1,0,0,0,0,0,0,0,-0.00124533
2020-04-24,3,TRUE,FALSE,18.17,21.44,16.94,18.18,1.81,61.1,77.34,77.34,1,1235.5,174.07,0.75,1.018,2.01,0.992,1889.01,37.54,993.96,1737.28,832.48,426.96,2269.87,9.9,9.9,-3.004546284,-3.004546284,3.004546284,3.004546284,3.004546284,0,0,0,1,0,0,0,130.75,99.94,99.8,98.7,100.9,56,53,46167204,41803860,91.4,103.8,95,70.5,2240081,495398.3,1,78.78,855.16,2.01,18.14,60.95,78.58866667,78.66025,810.78,743.2555,2.07,2.14,18.142,21.9725,61.37,64.0925,2,0,0,0,0,1,0,0,0,0,0,0,0,-0.001246883
2020-04-27,3,TRUE,FALSE,17.97,19.99,12.78,17.96,1.68,50.5,73.15,64.43333333,3,1226.2,173.21,0.75,1.026,2.01,0.984,1922.77,35.15,1005.14,1770.21,876.02,433.92,2319.58,12.9,12.76666667,-0.004546284,-0.137879618,0.004546284,0.268182095,0.604546284,0,0,0,3,0,0,0,130.75,99.94,99.8,98.7,100.9,56,53,46167204,41803860,91.4,103.8,95,70.5,2240081,495398.3,1,77.34,832.48,2.01,18.18,61.1,77.82666667,78.34575,822.722,750.9885,2.05,2.138,17.616,21.5945,61.19,63.8225,2,0,0,0,0,1,0,0,0,0,0,0,0,-0.001248439
2020-04-28,3,TRUE,FALSE,16.63,20.46,12.34,16.76,1.8,51.25,73.61,73.61,1,1225.2,172.64,0.75,1.033,2.01,0.977,1934.09,32.64,1011.99,1770.07,874.43,441.18,2330.35,13.9,13.9,0.995453716,0.995453716,0.995453716,0.995453716,0.995453716,0,0,0,1,0,0,0,130.75,99.94,99.8,98.7,100.9,56,53,46167204,41803860,91.4,103.8,95,70.5,2240081,495398.3,1,64.43333333,876.02,2.01,17.96,50.5,75.89066667,77.36341667,838.182,760.5405,2.034,2.1335,17.032,21.2385,58.99,63.015,2,0,0,0,0,1,0,0,0,0,0,0,0,-0.00125
2020-04-29,3,TRUE,FALSE,17.12,22.54,15.06,17.58,1.73,51.25,70.59,70.59,1,1218.2,172.1,0.75,1.006,2.01,1.004,1947.56,30.51,1037.39,1800.45,877.77,448.58,2345.89,14.9,14.9,1.995453716,1.995453716,1.995453716,1.995453716,1.995453716,0,0,0,1,0,0,0,130.75,99.94,99.8,98.6,100,52,50,46167204,41803860,105.8,108.4,100.4,73.3,2739460,495398.3,1,73.61,874.43,2.01,16.76,51.25,74.71266667,76.96308333,852.922,769.335,2.02,2.1255,16.912,20.914,56.99,62.1275,2,0,0,0,0,1,0,0,0,0,0,0,0,-0.01126408
2020-05-04,3,TRUE,FALSE,24.33,27.2,20.39,25.12,1.78,50.6,72.19,66.27,5,1229.1,172.16,0.75,0.975,2.01,1.035,1895.37,36.36,1003.11,1730.39,843.52,436.5,2295.98,20.2,19.92,7.295453716,7.015453716,7.295453716,7.015453716,8.895453716,0,0,0,5,0,0,0,130.75,99.5,99.8,98.6,100,52,50,36270183,37932611,105.8,108.4,100.4,73.3,2739460,495398.3,1,70.59,877.77,2.01,17.58,51.25,72.95066667,76.32208333,863.172,777.7615,2.01,2.116,17.724,20.6215,55.01,61.2975,2,0,0,0,0,1,0,0,0,0,0,0,0,-0.012658228
2020-05-06,3,TRUE,FALSE,26.88,29.72,23.99,27.44,1.9,51.2,73.09,70.015,2,1222.1,172.14,0.75,0.96,2.01,1.05,1928.76,31.81,1012.92,1755.09,830.79,443.96,2366.54,19.4,17.7,6.495453716,4.795453716,6.495453716,4.795453716,6.495453716,0,0,0,2,0,0,1000000,130.75,99.5,99.8,98.6,100,52,50,36270183,37932611,105.8,108.4,100.4,73.3,2739460,495398.3,1,66.27,843.52,2.01,25.12,50.6,70.44866667,75.72258333,860.844,784.9415,2.01,2.1055,19.12,20.807,52.94,60.4925,2,0,0,0,0,1,0,0,0,0,0,0,0,-0.012820513
2020-05-07,3,TRUE,FALSE,26.88,29.46,23.55,27.44,1.84,51.15,78.25,78.25,1,1225,172.2,0.75,0.946,2,1.054,1928.61,31.31,1017.39,1749.39,833.63,443.48,2434.31,20.7,20.7,7.795453716,7.795453716,7.795453716,7.795453716,7.795453716,0,0,0,1,0,0,1000000,130.75,99.5,99.8,98.6,100,52,50,36270183,37932611,105.8,108.4,100.4,73.3,2739460,495398.3,1,70.015,830.79,2.01,27.44,51.2,68.98366667,75.29633333,860.506,791.2025,2.01,2.094,20.972,21.1005,50.96,59.7425,2,0,0,0,0,1,0,0,0,0,0,0,0,-0.005194805
2020-05-08,3,TRUE,FALSE,25.92,30.97,24.74,26.31,1.74,51.15,79.01,79.01,1,1219.9,172.12,0.75,0.914,1.99,1.076,1945.82,28.77,1024.11,1758.09,831.34,445.72,2503.55,19.9,19.9,6.995453716,6.995453716,6.995453716,6.995453716,6.995453716,2.3,2.3,2.3,1,0,1,1000000,130.75,99.5,99.8,98.6,100,52,50,36270183,37932611,105.8,108.4,100.4,73.3,2739460,495398.3,1,78.25,833.63,2,27.44,51.15,71.747,75.29333333,852.028,797.7005,2.008,2.084,22.868,21.246,51.09,58.9975,2,0,0,0,0,1,0,0,0,0,0,0,0,-0.003916449
2020-05-11,3,TRUE,FALSE,26.72,29.63,24.14,27.07,1.7,51.7,80.44,72.14,3,1220.5,172.07,0.75,0.926,1.98,1.054,1935.4,29.33,1010.23,1737.48,817.41,440.42,2480.63,16.5,15.03333333,3.595453716,2.128787049,3.595453716,2.128787049,3.595453716,3.4,9.7,29.1,3,1,1,1000000,130.75,99.5,99.8,98.6,100,52,50,36270183,37932611,105.8,108.4,100.4,73.3,2739460,495398.3,1,79.01,831.34,1.99,26.31,51.15,72.827,75.77716667,843.41,803.626,2.004,2.0735,24.778,21.3185,51.07,58.3475,2,0,0,0,0,1,0,0,0,0,0,0,0,-0.030144168
2020-05-12,3,TRUE,FALSE,26.93,29.98,25.78,27.3,1.61,52,77.97,77.97,1,1224.8,172.41,0.75,0.886,1.98,1.094,1922.17,27.79,988.16,1703.19,801.09,431.95,2466.28,14.3,14.3,1.395453716,1.395453716,1.395453716,1.395453716,1.395453716,0.7,0.7,0.7,1,1,1,1000000,130.75,99.5,99.8,98.6,100,52,50,36270183,37932611,105.8,108.4,100.4,73.3,2739460,495398.3,1,72.14,817.41,1.98,27.07,51.7,73.137,75.46766667,831.338,808.5505,1.998,2.063,26.676,21.428,51.16,57.7425,2,0,0,0,0,1,0,0,0,0,0,0,0,-0.082432432
2020-05-13,3,TRUE,FALSE,26.84,29.19,25.29,27.39,1.56,52.4,76.95,76.95,1,1223.8,172.36,0.75,0.856,1.98,1.124,1940.42,25.75,991.35,1734.52,819.85,433.95,2452.11,16.1,16.1,3.195453716,3.195453716,3.195453716,3.195453716,3.195453716,0,0,0,1,1,1,1000000,130.75,99.5,99.8,98.6,100,52,50,36270183,37932611,105.8,108.4,100.4,73.3,2739460,495398.3,1,77.97,801.09,1.98,27.3,52,75.477,75.43466667,822.852,812.9555,1.992,2.0525,27.112,21.6155,51.44,57.21,2,0,0,0,0,1,0,0,0,0,0,0,0,-0.095729013
2020-05-14,3,TRUE,FALSE,29.83,31.13,27.56,30.22,1.6,51.75,76.31,76.31,1,1228,172.7,0.75,0.869,1.97,1.101,1924.96,26.79,975,1717.21,856.27,426.16,2416.4,19.3,19.3,6.395453716,6.395453716,6.395453716,6.395453716,6.395453716,0,0,0,1,1,1,0,78.25,99.5,99.8,98.6,100,52,50,36270183,37932611,105.8,108.4,100.4,73.3,2739460,495398.3,1,76.95,819.85,1.98,27.39,52.4,76.864,75.35116667,820.664,818.084,1.986,2.0435,27.102,21.819,51.68,56.65,2,0,0,0,0,1,0,0,0,0,0,0,0,0.022801303
2020-05-15,3,TRUE,FALSE,31.94,32.5,29.43,32.44,1.66,50.95,74.64,74.64,1,1231,173.03,0.75,0.874,1.96,1.086,1927.28,26.96,978.8,1729.45,819.33,431.75,2473.81,16.1,16.1,3.195453716,3.195453716,3.195453716,3.195453716,3.195453716,12,12,12,1,1,1,0,78.25,99.5,99.8,98.6,100,52,50,36270183,37932611,105.8,108.4,100.4,73.3,2739460,495398.3,1,76.31,856.27,1.97,30.22,51.75,76.476,75.26166667,825.192,823.4175,1.98,2.035,27.658,22.164,51.8,56.0575,2,0,0,0,0,1,0,0,0,0,0,0,0,0.003184713
2020-05-18,3,TRUE,FALSE,32.9,34.81,31.82,33.44,1.77,51.4,75.31,64.72666667,3,1232.4,172.75,0.75,0.887,1.95,1.063,1937.11,27.04,983.65,1758.16,804.86,435.16,2468.18,19.1,18.3,6.195453716,5.395453716,6.195453716,5.395453716,6.195453716,29.8,10.76666667,32.3,3,0,1,0,78.25,99.5,99.8,98.6,100,52,50,36270183,37932611,105.8,108.4,100.4,73.3,2739460,495398.3,1,74.64,819.33,1.96,32.44,50.95,75.602,75.43533333,822.79,826.005,1.974,2.0265,28.884,22.671,51.76,55.425,2,0,0,0,0,1,0,0,0,0,0,0,0,0.033333333
2020-05-19,3,TRUE,FALSE,33.18,34.65,32.5,33.24,1.85,51.8,77.24,77.24,1,1225.3,172.11,0.75,0.876,1.94,1.064,1980.61,25,1029.99,1806.64,814.37,446.02,2510.86,13,13,0.095453716,0.095453716,0.095453716,0.095453716,0.095453716,19,19,19,1,0,0,0,78.25,99.5,99.8,98.6,100,52,50,36270183,37932611,105.8,108.4,100.4,73.3,2739460,495398.3,1,64.72666667,804.86,1.95,33.44,51.4,74.11933333,74.71016667,820.28,826.6505,1.968,2.0175,30.158,23.2595,51.7,54.8575,2,0,0,0,0,1,0,0,0,0,0,0,0,0.01843318
2020-05-20,3,TRUE,FALSE,32.95,35.75,33.49,33.02,1.83,52.05,78.03,78.03,1,1230.3,172.87,0.75,0.868,1.93,1.062,1989.64,24.85,1032.47,1815.95,807.3,449.58,2592.54,14.4,14.4,1.495453716,1.495453716,1.495453716,1.495453716,1.495453716,0,0,0,1,0,0,0,78.25,99.5,99.8,98.6,100,52,50,36270183,37932611,105.8,108.4,100.4,73.3,2739460,495398.3,1,77.24,814.37,1.94,33.24,51.8,73.97333333,74.62191667,822.936,829.353,1.96,2.008,31.346,23.93,51.66,54.3525,2,0,0,0,0,1,0,0,0,0,0,0,0,0.016591252
2020-05-21,3,TRUE,FALSE,34.1,36.06,33.92,34.08,1.75,51.9,76.23,76.23,1,1230.9,173.04,0.75,0.856,1.92,1.064,1998.31,23.57,1037.18,1855.73,809.28,449.26,2620.99,17.4,17.4,4.495453716,4.495453716,4.495453716,4.495453716,4.495453716,0,0,0,1,0,0,0,78.25,99.5,98.93,98.6,100,52,50,36270183,37932611,105.8,108.4,100.4,73.3,2739460,495398.3,1,78.03,807.3,1.93,33.02,52.05,74.18933333,74.46591667,820.426,831.0795,1.95,1.999,32.472,24.5405,51.59,53.855,2,0,0,0,0,1,0,0,0,0,0,0,0,0.06379822
2020-05-22,3,TRUE,FALSE,32.62,35.13,33.25,32.6,1.7,51.95,72.42,72.42,1,1237,173.18,0.75,0.837,1.91,1.073,1970.13,27.74,1016.04,1818.64,797.1,445.29,2569.93,18.5,18.5,5.595453716,5.595453716,5.595453716,5.595453716,5.595453716,0,0,0,1,0,0,0,78.25,99.5,98.93,98.6,100,52,50,36270183,37932611,105.8,108.4,100.4,73.3,2739460,495398.3,1,76.23,809.28,1.92,34.08,51.9,74.17333333,74.57175,811.028,831.6075,1.94,1.9905,33.244,25.2005,51.62,53.375,2,0,0,0,0,1,0,0,0,0,0,0,0,0.009762901
2020-05-25,3,TRUE,FALSE,32.62,35.53,33.25,32.6,1.7,51.95,67.76,62.32,3,1244.2,173.84,0.75,0.815,1.9,1.085,1994.6,25.27,1013.49,1851.9,805.48,447.53,2636.33,16.6,17.93333333,3.695453716,5.028787049,3.695453716,5.028787049,7.195453716,0,4.833333333,14.5,3,0,0,0,78.25,99.5,98.93,98.6,100,52,50,36270183,37932611,105.8,108.4,100.4,73.3,2739460,495398.3,1,72.42,797.1,1.91,32.6,51.95,73.72933333,74.21775,806.582,831.426,1.93,1.982,33.276,25.9625,51.82,52.91,2,0,0,0,0,1,0,0,0,0,0,0,0,0
2020-05-26,3,TRUE,FALSE,34.81,36.17,34.35,34.81,1.79,52.4,68.69,68.69,1,1234.3,172.87,0.75,0.839,1.89,1.051,2029.78,23.8,1038.4,1957.96,810.44,462.4,2664.82,16.2,16.2,3.295453716,3.295453716,3.295453716,3.295453716,3.295453716,1.5,1.5,1.5,1,0,0,0,78.25,99.5,98.93,98.6,100,52,50,36270183,37932611,105.8,108.4,100.4,73.3,2739460,495398.3,1,62.32,805.48,1.9,32.6,51.95,73.248,73.36375,806.706,830.374,1.92,1.974,33.108,26.9165,51.93,52.45,2,0,0,0,0,1,0,0,0,0,0,0,0,0
2020-05-27,3,TRUE,FALSE,34.48,34.74,32.81,34.48,1.78,52.5,71.74,71.74,1,1234.4,172.07,0.75,0.863,1.88,1.017,2031.2,24.47,1073.64,1933.46,812.81,470.38,2602.63,17.4,17.4,4.495453716,4.495453716,4.495453716,4.495453716,4.495453716,0,0,0,1,0,0,0,78.25,99.5,98.93,98.6,100,49,56,36270183,37932611,105.8,108.4,100.4,73.3,2739460,495398.3,1,68.69,810.44,1.89,34.81,52.4,71.538,72.85925,805.92,828.138,1.91,1.968,33.422,27.75,52.05,52.0225,2,0,0,0,0,1,0,0,0,0,0,0,0,-0.037292818
2020-05-28,3,TRUE,FALSE,33.17,35.29,33.71,33.18,1.79,52.25,70.83,70.83,1,1239.6,172.91,0.5,0.818,1.63,0.812,2028.54,25.24,1056.31,1894.95,806.17,460.4,2545.73,18.7,18.7,5.795453716,5.795453716,5.795453716,5.795453716,5.795453716,0,0,0,1,0,0,0,78.25,99.5,98.93,98.6,100,49,56,36270183,37932611,105.8,108.4,100.4,73.3,2739460,495398.3,1,71.74,812.81,1.88,34.48,52.5,70.28,72.57925,807.022,827.1545,1.9,1.9615,33.714,28.565,52.14,51.5925,2,0,0,0,0,1,0,0,0,0,0,0,0,-0.012912482
2020-05-29,3,TRUE,FALSE,34.86,35.33,35.49,35.17,1.7,52,70.59,70.59,1,1238.5,172.55,0.5,0.826,1.62,0.794,2029.6,25.64,1060.3,1885.27,814.34,465.91,2530.52,20.7,20.7,7.795453716,7.795453716,7.795453716,7.795453716,7.795453716,0,0,0,1,0,0,0,78.25,99.5,98.93,98.5,98.9,49,56,36270183,37932611,95.5,101,104.1,70.1,2318478,495398.3,1,70.83,806.17,1.63,33.18,52.25,69.2,72.89908333,806.4,823.662,1.842,1.9425,33.534,29.326,52.21,51.68,2,0,0,0,0,1,0,0,0,0,0,0,0,-0.005813953
2020-06-01,3,TRUE,FALSE,37.97,38.32,35.44,38.47,1.59,55.65,69.77,64.26666667,3,1225,171.82,0.5,0.831,1.62,0.789,2065.08,24.94,1062.95,1931.5,817.43,473.34,2637.46,19.7,21.16666667,6.795453716,8.262120382,6.795453716,8.262120382,9.695453716,0.4,0.466666667,1.4,3,0,0,0,78.25,99.5,98.93,98.5,98.9,49,56,34854511,34661974,95.5,101,104.1,70.1,2318478,495398.3,1,70.59,814.34,1.62,35.17,52,68.834,72.74808333,809.848,820.6575,1.784,1.923,34.048,30.2465,52.22,51.7175,2,0,0,0,0,1,0,0,0,0,0,0,0,-0.011695906
2020-06-02,3,TRUE,FALSE,38.93,39.57,36.81,39.08,1.58,55.55,65.67,65.67,1,1225.4,171.89,0.5,0.851,1.62,0.769,2087.19,25,1085.78,1943.39,821.8,482.04,2652.18,17.9,17.9,4.995453716,4.995453716,4.995453716,4.995453716,4.995453716,2,2,2,1,0,0,0,78.25,99.44,98.93,98.5,98.9,49,56,34854511,34661974,95.5,101,104.1,70.1,2318478,495398.3,1,64.26666667,817.43,1.62,38.47,55.65,69.22333333,72.43191667,812.238,817.6405,1.728,1.9035,35.222,31.291,52.96,51.9375,2,0,0,0,0,1,0,0,0,0,0,0,0,-0.044378698
2020-06-03,3,TRUE,FALSE,39.87,39.79,37.29,39.95,1.84,55.8,70.39,70.39,1,1216.8,170.98,0.5,0.866,1.62,0.754,2147,25.74,1172.21,1981.96,841.77,493.64,2703.63,22,22,9.095453716,9.095453716,9.095453716,9.095453716,9.095453716,0,0,0,1,0,0,1468500,78.25,99.44,98.93,98.5,98.9,49,56,34854511,34661974,95.5,101,104.1,70.1,2318478,495398.3,1,65.67,821.8,1.62,39.08,55.55,68.61933333,72.40191667,814.51,816.5545,1.674,1.884,36.076,31.989,53.59,52.185,2,0,0,0,0,1,0,0,0,0,0,0,0,-0.015479876
2020-06-04,3,TRUE,FALSE,38.82,39.99,37.41,38.92,1.68,55.2,70.71,70.71,1,1218.7,170.95,0.5,0.886,1.61,0.724,2151.18,25.69,1170.52,1996.35,829.29,488.05,2684.43,21.9,21.9,8.995453716,8.995453716,8.995453716,8.995453716,8.995453716,0.2,0.2,0.2,1,0,0,1468500,78.25,99.44,98.93,98.5,98.9,49,56,34854511,34661974,95.5,101,104.1,70.1,2318478,495398.3,1,70.39,841.77,1.62,39.95,55.8,68.34933333,72.42066667,820.302,817.1035,1.622,1.8645,37.17,32.6145,54.25,52.415,2,0,0,0,0,1,0,0,0,0,0,0,0,-0.012578616
2020-06-05,3,TRUE,FALSE,40.63,42.3,39.55,40.68,1.8,55.6,71.44,71.44,1,1207.1,170.43,0.5,0.894,1.6,0.706,2181.87,25.45,1185.57,2028.06,842.53,495.82,2714.44,23,23,10.09545372,10.09545372,10.09545372,10.09545372,10.09545372,0,0,0,1,0,1,1468500,78.25,99.44,98.93,98.5,98.9,49,56,34854511,34661974,95.5,101,104.1,70.1,2318478,495398.3,1,70.71,829.29,1.61,38.92,55.2,68.32533333,72.04366667,824.926,816.8865,1.618,1.845,38.318,33.1885,54.84,52.6175,2,0,0,0,0,1,0,0,0,0,0,0,0,-0.031847134
2020-06-08,3,TRUE,FALSE,42.94,40.8,38.19,43.04,1.68,54.85,71.39,64.63666667,3,1204.8,170.24,0.5,0.902,1.58,0.678,2184.29,27.4,1191.19,2033.95,840.35,492.69,2705.33,25,24.1,12.09545372,11.19545372,12.09545372,11.19545372,12.09545372,0,0,0,3,1,1,1468500,78.25,99.44,98.93,98.5,98.9,49,56,34854511,34661974,95.5,101,104.1,70.1,2318478,495398.3,1,71.44,842.53,1.6,40.68,55.6,68.49533333,71.66516667,830.564,817.446,1.614,1.8255,39.42,33.907,55.56,52.84,2,0,0,0,0,1,0,0,0,0,0,0,0,0.023026316
2020-06-09,3,TRUE,FALSE,40.85,41.18,38.94,40.88,1.68,53.7,73.63,73.63,1,1197.7,169.33,0.5,0.861,1.57,0.709,2188.92,26.53,1184.15,2027.29,847.92,489.06,2675.07,26.7,26.7,13.79545372,13.79545372,13.79545372,13.79545372,13.79545372,0,0,0,1,1,1,1468500,78.25,99.44,98.93,98.5,98.9,49,56,34854511,34661974,95.5,101,104.1,70.1,2318478,495398.3,1,64.63666667,840.35,1.58,43.04,54.85,68.56933333,71.29,835.148,818.593,1.606,1.8055,40.334,34.7055,55.4,52.9975,2,0,0,0,0,1,0,0,0,0,0,0,0,0.01607717
2020-06-10,3,TRUE,FALSE,40.91,41.73,39.6,40.9,1.72,53.05,75.7,75.7,1,1191.2,168.6,0.5,0.84,1.56,0.72,2195.69,26.06,1180.21,2032.23,826.17,488.74,2691.64,25.8,25.8,12.89545372,12.89545372,12.89545372,12.89545372,12.89545372,6.2,6.2,6.2,1,1,1,1468500,78.25,99.44,98.93,98.5,98.9,49,56,34854511,34661974,95.5,101,104.1,70.1,2318478,495398.3,1,73.63,847.92,1.57,40.88,53.7,70.16133333,71.073,840.372,820.9345,1.596,1.785,40.694,35.3845,55.03,53.0825,2,0,0,0,0,1,0,0,0,0,0,0,0,0.012658228
2020-06-11,3,TRUE,FALSE,40.6,38.55,36.34,40.61,1.77,52.9,75.17,75.17,1,1196.4,169.35,0.5,0.837,1.56,0.723,2176.78,26.79,1170.13,2026.47,818.81,478.85,2650.22,26.1,26.1,13.19545372,13.19545372,13.19545372,13.19545372,13.19545372,0,0,0,1,1,1,0,87.88,99.44,98.93,98.5,98.9,49,56,34854511,34661974,95.5,101,104.1,70.1,2318478,495398.3,1,75.7,826.17,1.56,40.9,53.05,71.22333333,71.0105,837.252,821.2505,1.584,1.764,40.884,36.06,54.48,53.115,2,0,0,0,0,1,0,0,0,0,0,0,0,0.00625
2020-06-12,3,TRUE,FALSE,38.42,38.73,36.26,38.45,1.67,53,76.46,76.46,1,1203.8,170.2,0.5,0.841,1.55,0.709,2132.3,32.88,1122.78,1985.17,792.18,461.78,2563.04,24.7,24.7,11.79545372,11.79545372,11.79545372,11.79545372,11.79545372,0,0,0,1,1,1,0,87.88,99.44,98.93,98.5,98.9,49,56,34854511,34661974,95.5,101,104.1,70.1,2318478,495398.3,1,75.17,818.81,1.56,40.61,52.9,72.11533333,70.9535,835.156,819.3775,1.574,1.7435,41.222,36.5795,54.02,53.1725,2,0,0,0,0,1,0,0,0,0,0,0,0,-0.01242236
2020-06-15,3,TRUE,FALSE,38.35,39.72,37.12,38.35,1.64,53.4,74.79,67.53333333,3,1216,171.43,0.5,0.861,1.54,0.679,2030.82,39.69,1033.08,1856.44,743.97,432.36,2385.83,23,24.63333333,10.09545372,11.72878705,10.09545372,11.72878705,13.99545372,0,0.366666667,1.1,3,0,1,0,87.88,99.44,98.93,98.5,98.9,49,56,34854511,34661974,95.5,101,104.1,70.1,2318478,495398.3,1,76.46,792.18,1.55,38.45,53,73.11933333,71.0445,825.086,818.02,1.564,1.723,40.776,36.88,53.5,53.275,2,0,0,0,0,1,0,0,0,0,0,0,0,0.003144654
2020-06-16,3,TRUE,FALSE,40.29,40.96,38.38,40.27,1.43,53.35,74.76,74.76,1,1207,170.78,0.5,0.86,1.54,0.68,2138.05,35.9,1106.08,2020.07,784.25,458.14,2512.67,24.4,24.4,11.49545372,11.49545372,11.49545372,11.49545372,11.49545372,0,0,0,1,0,0,0,87.88,99.44,98.93,98.5,98.9,49,56,34854511,34661974,95.5,101,104.1,70.1,2318478,495398.3,1,67.53333333,743.97,1.54,38.35,53.4,73.69866667,71.18483333,805.81,814.9755,1.556,1.7025,39.838,37.1255,53.21,53.375,2,0,0,0,0,1,0,0,0,0,0,0,0,-0.001567398
2020-06-17,3,TRUE,FALSE,41.46,40.71,37.96,41.5,1.55,53.35,74.18,74.18,1,1213.9,171.52,0.5,0.874,1.54,0.666,2141.05,37.05,1098.86,2047.77,766.38,457.37,2549.19,24.3,24.3,11.39545372,11.39545372,11.39545372,11.39545372,11.39545372,0,0,0,1,0,0,0,87.88,99.44,98.93,98.5,98.9,49,56,34854511,34661974,95.5,101,104.1,70.1,2318478,495398.3,1,74.76,784.25,1.54,40.27,53.35,73.92466667,71.06083333,793.076,813.4695,1.55,1.6825,39.716,37.477,53.14,53.4525,2,0,0,0,0,1,0,0,0,0,0,0,0,-0.001569859
2020-06-18,3,TRUE,FALSE,41.09,41.51,38.84,41.14,1.51,52.95,72.76,72.76,1,1208,170.9,0.5,0.842,1.54,0.698,2133.48,37.3,1090.83,2055.74,761.58,456.98,2543.54,23.4,23.4,10.49545372,10.49545372,10.49545372,10.49545372,10.49545372,0,0,0,1,0,0,0,87.88,99.44,98.93,98.5,98.9,49,56,34854511,34661974,95.5,101,104.1,70.1,2318478,495398.3,1,74.18,766.38,1.54,41.5,53.35,73.62066667,70.86833333,781.118,811.4235,1.546,1.663,39.836,37.901,53.2,53.5175,2,0,0,0,0,1,0,0,0,0,0,0,0,0
2020-06-19,3,TRUE,FALSE,42.95,42.19,39.75,42.96,1.49,53.1,73.85,73.85,1,1209.6,170.9,0.5,0.844,1.54,0.696,2141.32,34.04,1097.95,2105.57,762.91,466.51,2546.63,24.7,24.7,11.79545372,11.79545372,11.79545372,11.79545372,11.79545372,0.1,0.1,0.1,1,0,0,0,87.88,99.44,98.93,98.5,98.9,49,56,34854511,34661974,95.5,101,104.1,70.1,2318478,495398.3,1,72.76,761.58,1.54,41.14,52.95,73.13866667,70.69483333,769.672,809.0385,1.542,1.644,39.942,38.254,53.21,53.57,2,0,0,0,0,1,0,0,0,0,0,0,0,-0.01572327
2020-06-22,3,TRUE,FALSE,42.32,43.08,40.46,42.32,1.64,53.1,73.13,65.9,3,1215.8,171.85,0.5,0.846,1.54,0.694,2126.73,34.03,1079.28,2103.41,753.06,468.89,2558.47,28.6,26.53333333,15.69545372,13.62878705,15.69545372,13.62878705,15.69545372,0,0,0,3,0,0,0,87.88,99.44,98.93,98.5,98.9,49,56,34854511,34661974,95.5,101,104.1,70.1,2318478,495398.3,1,73.85,762.91,1.54,42.96,53.1,72.61666667,70.76633333,763.818,807.329,1.54,1.6255,40.844,38.772,53.23,53.6275,2,0,0,0,0,1,0,0,0,0,0,0,0,0
2020-06-23,3,TRUE,FALSE,43.39,42.63,40.37,43.38,1.61,53,72.97,72.97,1,1208.8,170.92,0.5,0.827,1.54,0.713,2131.24,31.73,1065.88,2104.36,747,461.96,2561.28,27.3,27.3,14.39545372,14.39545372,14.39545372,14.39545372,14.39545372,0,0,0,1,0,0,0,87.88,99.44,98.96,98.5,98.9,49,56,34854511,34661974,95.5,101,104.1,70.1,2318478,495398.3,1,65.9,753.06,1.54,42.32,53.1,72.29,70.94533333,765.636,804.708,1.54,1.6075,41.638,39.258,53.17,53.685,2,0,0,0,0,1,0,0,0,0,0,0,0,-0.006389776
2020-06-24,3,TRUE,FALSE,42.49,40.31,38.01,42.49,1.64,52.85,73.9,73.9,1,1199.4,169.84,0.5,0.819,1.54,0.721,2161.51,30.2,1074.76,2151.12,748.89,468.71,2621.31,22.3,22.3,9.395453716,9.395453716,9.395453716,9.395453716,9.395453716,37.6,37.6,37.6,1,0,0,0,87.88,99.44,98.96,98.5,98.9,49,56,34854511,34661974,95.5,101,104.1,70.1,2318478,495398.3,1,72.97,747,1.54,43.38,53,71.932,71.15933333,758.186,801.536,1.54,1.59,42.26,39.6865,53.1,53.715,2,0,0,0,0,1,0,0,0,0,0,0,0,-0.009646302
2020-06-25,3,TRUE,FALSE,40.58,41.05,38.72,40.58,1.53,53.25,74.65,74.65,1,1204.7,169.99,0.5,0.817,1.54,0.723,2112.37,33.12,1041.85,2109.97,728.23,457.03,2555.79,21.6,21.6,8.695453716,8.695453716,8.695453716,8.695453716,8.695453716,13.3,13.3,13.3,1,0,0,0,87.88,99.44,98.96,98.5,98.9,49,56,34854511,34661974,95.5,101,104.1,70.1,2318478,495398.3,1,73.9,748.89,1.54,42.49,52.85,71.876,71.26733333,754.688,798.34,1.54,1.573,42.458,40.087,53,53.7325,2,0,0,0,0,1,0,0,0,0,0,0,0,0
2020-06-26,3,TRUE,FALSE,42.02,41.02,38.49,42.02,1.42,53.5,74.27,74.27,1,1200.6,169.54,0.5,0.811,1.53,0.719,2134.65,30.56,1051.28,2116.59,733.56,456.25,2595.15,21.8,21.8,8.895453716,8.895453716,8.895453716,8.895453716,8.895453716,2.1,2.1,2.1,1,0,0,0,87.88,99.44,98.96,98.5,98.9,49,56,34854511,34661974,95.5,101,104.1,70.1,2318478,495398.3,1,74.65,728.23,1.54,40.58,53.25,72.254,71.45833333,748.018,794.443,1.54,1.5685,42.346,40.457,53.06,53.7825,2,0,0,0,0,1,0,0,0,0,0,0,0,0
2020-06-29,3,TRUE,FALSE,40.63,41.71,39.7,40.64,1.67,52.7,73.73,66.37666667,3,1198.6,169.61,0.5,0.842,1.52,0.678,2093.48,33.58,1027.21,2075.44,718.37,446.95,2541.84,23.8,24.36666667,10.89545372,11.46212038,10.89545372,11.46212038,12.29545372,11.9,3.966666667,11.9,3,0,0,0,87.88,99.44,98.96,98.5,98.9,49,56,34854511,34661974,95.5,101,104.1,70.1,2318478,495398.3,1,74.27,733.56,1.53,42.02,53.5,72.338,71.64233333,742.148,790.404,1.538,1.564,42.158,40.7995,53.14,53.8575,2,0,0,0,0,1,0,0,0,0,0,0,0,0
2020-06-30,3,TRUE,FALSE,42.07,41.15,39.27,42.12,1.76,52.15,72.6,72.6,1,1203,170.13,0.5,0.842,1.51,0.668,2108.33,31.07,1033.82,2086.19,733.82,452.72,2586.79,20.1,20.1,7.195453716,7.195453716,7.195453716,7.195453716,7.195453716,64.7,64.7,64.7,1,0,0,0,87.88,99.44,98.96,98.5,98.2,51,60,34854511,34661974,91.7,93.3,94.3,63.9,1959069,495398.3,1,66.37666667,718.37,1.52,40.64,52.7,72.43333333,71.74783333,735.21,785.451,1.534,1.559,41.822,40.908,53.06,53.71,2,0,0,0,0,1,0,0,0,0,0,0,0,0
2020-07-01,4,TRUE,FALSE,42.7,42.03,39.82,42.73,1.69,51.6,72.56,72.56,1,1203.4,170.23,0.5,0.847,1.5,0.653,2106.7,29.9,1052.52,2086.03,725.55,453.35,2581.46,21.1,21.1,8.195453716,8.195453716,8.195453716,8.195453716,8.195453716,0,0,0,1,0,0,679000,87.88,99.44,98.96,98.5,98.2,51,60,39214071,35794860,91.7,93.3,94.3,63.9,1959069,495398.3,1,72.6,733.82,1.51,42.12,52.15,72.35933333,72.09433333,732.574,781.052,1.528,1.5535,41.57,41.06,52.89,53.54,2,0,0,0,0,1,0,0,0,0,0,0,0,0
2020-07-02,4,TRUE,FALSE,42.85,43.14,40.65,42.84,1.58,52.6,72.89,72.89,1,1200,169.83,0.5,0.831,1.5,0.669,2135.37,27.45,1081.03,2103.63,729.53,459.76,2594.96,24.2,24.2,11.29545372,11.29545372,11.29545372,11.29545372,11.29545372,0,0,0,1,0,0,679000,87.88,99.71,98.96,98.5,98.2,51,60,39214071,35794860,91.7,93.3,94.3,63.9,1959069,495398.3,1,72.56,725.55,1.5,42.73,51.6,72.09133333,72.20283333,727.906,775.241,1.52,1.5475,41.618,41.199,52.64,53.33,2,0,0,0,0,1,0,0,0,0,0,0,0,-0.001623377
2020-07-03,4,TRUE,FALSE,42.68,42.8,40.65,42.82,1.58,52.45,73.24,73.24,1,1198.6,169.74,0.5,0.838,1.5,0.662,2152.41,24.78,1081.69,2120.73,732.01,465.39,2633.88,25.5,25.5,12.59545372,12.59545372,12.59545372,12.59545372,12.59545372,0.1,0.1,0.1,1,0,1,679000,87.88,99.71,98.96,98.5,98.2,51,60,39214071,35794860,91.7,93.3,94.3,63.9,1959069,495398.3,1,72.89,729.53,1.5,42.84,52.6,71.73933333,72.31183333,728.166,770.253,1.512,1.542,42.07,41.395,52.51,53.2,2,0,0,0,0,1,0,0,0,0,0,0,0,-0.02601626
2020-07-06,4,TRUE,FALSE,43.66,43.1,40.63,43.72,1.71,52.65,71.64,63.93666667,3,1195.8,169.82,0.5,0.854,1.5,0.646,2187.93,24.02,1094.96,2155.81,731.88,470.47,2683.97,25.6,24.53333333,12.69545372,11.62878705,12.69545372,11.62878705,12.69545372,0,0.533333333,1.6,3,1,1,679000,87.88,99.71,98.96,98.5,98.2,51,60,39214071,35794860,91.7,93.3,94.3,63.9,1959069,495398.3,1,73.24,732.01,1.5,42.82,52.45,71.53333333,72.40183333,727.856,764.727,1.506,1.537,42.23,41.502,52.3,53.0425,2,0,0,0,0,1,0,0,0,0,0,0,0,-0.008347245
2020-07-07,4,TRUE,FALSE,42.9,43.08,40.62,43.08,1.76,53,72.33,72.33,1,1195.7,170.3,0.5,0.843,1.49,0.647,2164.17,24.85,1085.65,2157.73,719.3,464.88,2664.17,24.1,24.1,11.19545372,11.19545372,11.19545372,11.19545372,11.19545372,0,0,0,1,1,1,679000,87.88,99.71,98.96,98.5,98.2,51,60,39214071,35794860,91.7,93.3,94.3,63.9,1959069,495398.3,1,63.93666667,731.88,1.5,43.72,52.65,71.04533333,72.36683333,730.558,759.3035,1.502,1.533,42.846,41.536,52.29,52.9325,2,0,0,0,0,1,0,0,0,0,0,0,0,-0.026936027
2020-07-08,4,TRUE,FALSE,43.34,43.29,40.9,43.55,1.78,52.55,73.06,73.06,1,1195.5,170.28,0.5,0.839,1.48,0.641,2158.88,25.04,1100.78,2168.44,720.8,466.5,2652.99,25.5,25.5,12.59545372,12.59545372,12.59545372,12.59545372,12.59545372,0,0,0,1,1,1,679000,87.88,99.71,98.96,98.5,98.2,51,60,39214071,35794860,91.7,93.3,94.3,63.9,1959069,495398.3,1,72.33,719.3,1.49,43.08,53,70.99133333,72.30183333,727.654,752.8725,1.498,1.529,43.038,41.646,52.46,52.8975,2,0,0,0,0,1,0,0,0,0,0,0,0,-0.034602076
2020-07-09,4,TRUE,FALSE,43.63,42.35,39.62,43.73,1.88,52.4,72.97,72.97,1,1195.5,171.16,0.5,0.84,1.47,0.63,2167.9,23.38,1101.39,2222.88,719.63,470.41,2672.94,27.5,27.5,14.59545372,14.59545372,14.59545372,14.59545372,14.59545372,0,0,0,1,1,1,0,70.6,99.71,98.96,98.5,98.2,51,60,39214071,35794860,91.7,93.3,94.3,63.9,1959069,495398.3,1,73.06,720.8,1.48,43.55,52.55,71.09133333,72.16983333,726.704,747.604,1.494,1.525,43.202,41.7785,52.65,52.8725,2,0,0,0,0,1,0,0,0,0,0,0,0,-0.098566308
2020-07-10,4,TRUE,FALSE,43.63,43.24,40.55,43.73,1.79,52.4,72.97,72.97,1,1204.5,171.87,0.5,0.849,1.47,0.621,2150.25,24.83,1078.19,2186.15,707.99,463.37,2686.39,24.5,24.5,11.59545372,11.59545372,11.59545372,11.59545372,11.59545372,2.2,2.2,2.2,1,1,1,0,70.6,99.71,98.96,98.5,98.2,51,60,39214071,35794860,91.7,93.3,94.3,63.9,1959069,495398.3,1,72.97,719.63,1.47,43.73,52.4,71.10733333,72.05983333,724.724,742.645,1.488,1.5205,43.38,41.9345,52.61,52.8475,2,0,0,0,0,1,0,0,0,0,0,0,0,-0.099403579
2020-07-13,4,TRUE,FALSE,43.38,42.72,40.1,43.45,1.75,52.2,71.66,65.27333333,3,1200.9,171.48,0.5,0.86,1.47,0.61,2186.06,23.63,1093.54,2252.63,751.26,474.46,2695.44,18.7,22.66666667,5.795453716,9.762120382,5.795453716,9.762120382,12.89545372,47.6,16.83333333,50.5,3,0,1,0,70.6,99.71,98.96,98.5,98.2,51,60,39214071,35794860,91.7,93.3,94.3,63.9,1959069,495398.3,1,72.97,707.99,1.47,43.73,52.4,71.05333333,71.88533333,719.92,738.4355,1.482,1.5165,43.562,42.1985,52.6,52.8175,2,0,0,0,0,1,0,0,0,0,0,0,0,-0.099337748
2020-07-14,4,TRUE,FALSE,42.78,42.9,40.29,42.91,1.74,52.5,70.71,70.71,1,1205.7,171.95,0.5,0.854,1.47,0.616,2183.61,24.45,1083.49,2219.26,747.02,472.43,2684.16,20.3,20.3,7.395453716,7.395453716,7.395453716,7.395453716,7.395453716,11.5,11.5,11.5,1,0,0,0,70.6,99.71,98.96,98.5,98.2,51,60,39214071,35794860,91.7,93.3,94.3,63.9,1959069,495398.3,1,65.27333333,751.26,1.47,43.45,52.2,71.32066667,71.77233333,723.796,738.8,1.476,1.513,43.508,42.4535,52.51,52.7575,2,0,0,0,0,1,0,0,0,0,0,0,0,0.009803922
2020-07-15,4,TRUE,FALSE,44.18,43.79,41.2,44.17,1.76,52.6,71.38,71.38,1,1200.5,171.61,0.5,0.847,1.47,0.623,2201.88,23.63,1105.6,2239.46,739.6,480.05,2721.4,23.4,23.4,10.49545372,10.49545372,10.49545372,10.49545372,10.49545372,0,0,0,1,0,0,0,70.6,99.71,98.96,98.5,98.2,51,60,39214071,35794860,91.7,93.3,94.3,63.9,1959069,495398.3,1,70.71,747.02,1.47,42.91,52.5,70.99666667,71.56983333,729.34,736.9385,1.472,1.5095,43.474,42.5855,52.41,52.715,2,0,0,0,0,1,0,0,0,0,0,0,0,0.058252427
2020-07-16,4,TRUE,FALSE,43.37,43.37,40.75,43.63,1.79,52.35,71.83,71.83,1,1205.6,172.26,0.5,0.829,1.47,0.641,2183.76,23.48,1105.57,2222.86,738.93,483.2,2659.1,25,25,12.09545372,12.09545372,12.09545372,12.09545372,12.09545372,0,0,0,1,0,0,0,70.6,99.71,98.96,98.5,98.2,51,60,39214071,35794860,91.7,93.3,94.3,63.9,1959069,495398.3,1,71.38,739.6,1.47,44.17,52.6,70.66066667,71.42983333,733.1,735.5995,1.47,1.506,43.598,42.719,52.42,52.6775,2,0,0,0,0,1,0,0,0,0,0,0,0,0.04587156
2020-07-17,4,TRUE,FALSE,42.86,43.14,40.59,43.16,1.79,52.2,72.65,72.65,1,1205.1,172.28,0.5,0.812,1.47,0.658,2201.19,22.34,1108.59,2211.51,744.06,479.81,2697.99,26,26,13.09545372,13.09545372,13.09545372,13.09545372,13.09545372,0,0,0,1,0,0,0,70.6,99.71,98.96,98.5,98.2,51,60,39214071,35794860,91.7,93.3,94.3,63.9,1959069,495398.3,1,71.83,738.93,1.47,43.63,52.35,70.43266667,71.38333333,736.96,734.467,1.47,1.5025,43.578,42.8435,52.41,52.6475,2,0,0,0,0,1,0,0,0,0,0,0,0,0.01754386
2020-07-20,4,TRUE,FALSE,42.72,43.28,40.81,42.87,1.71,52,74.46,66.74666667,3,1203.2,172.2,0.5,0.801,1.47,0.669,2198.2,22.37,1126.61,2211.34,750.05,483.55,2687.86,23.8,24.63333333,10.89545372,11.72878705,10.89545372,11.72878705,13.19545372,3.6,10.9,32.7,3,0,0,0,70.6,99.71,98.96,98.5,98.2,51,60,39214071,35794860,91.7,93.3,94.3,63.9,1959069,495398.3,1,72.65,744.06,1.47,43.16,52.2,70.36866667,71.32333333,744.174,733.5245,1.47,1.499,43.464,42.8535,52.37,52.6025,2,0,0,0,0,1,0,0,0,0,0,0,0,0
2020-07-21,4,TRUE,FALSE,43.87,44.32,41.96,44.02,1.66,52.05,74.03,74.03,1,1197.8,171.32,0.5,0.818,1.47,0.652,2228.83,21.09,1139.65,2271.03,744.61,482.79,2727.04,25,25,12.09545372,12.09545372,12.09545372,12.09545372,12.09545372,0,0,0,1,0,0,0,70.6,99.71,99.47,98.5,98.2,51,60,39214071,35794860,91.7,93.3,94.3,63.9,1959069,495398.3,1,66.74666667,750.05,1.47,42.87,52,70.66333333,71.36566667,743.932,733.374,1.47,1.4955,43.348,42.881,52.33,52.5475,2,0,0,0,0,1,0,0,0,0,0,0,0,-0.00862069
2020-07-22,4,TRUE,FALSE,44.12,44.29,41.9,44.31,1.69,52.1,74.94,74.94,1,1195.3,171.39,0.5,0.81,1.47,0.66,2228.66,20.82,1188.53,2329.76,744.62,483.95,2726.48,23.7,23.7,10.79545372,10.79545372,10.79545372,10.79545372,10.79545372,11.5,11.5,11.5,1,0,0,0,70.6,99.71,99.47,98.5,98.2,51,60,39214071,35794860,91.7,93.3,94.3,63.9,1959069,495398.3,1,74.03,744.61,1.47,44.02,52.05,71.32733333,71.41866667,743.45,733.2545,1.47,1.492,43.57,42.913,52.24,52.5,2,0,0,0,0,1,0,0,0,0,0,0,0,-0.008695652
2020-07-23,4,TRUE,FALSE,44.42,43.31,41.07,44.52,1.75,51.95,75.44,75.44,1,1197.3,171.1,0.5,0.798,1.47,0.672,2216.19,21,1173.88,2318.23,730.92,478,2741.9,21.1,21.1,8.195453716,8.195453716,8.195453716,8.195453716,8.195453716,103.1,103.1,103.1,1,0,0,0,70.6,99.71,99.47,98.5,98.2,51,60,39214071,35794860,91.7,93.3,94.3,63.9,1959069,503114.2,1,74.94,744.62,1.47,44.31,52.1,72.03933333,71.47066667,744.454,733.041,1.47,1.4885,43.598,43.004,52.14,52.4625,2,0,0,0,0,1,0,0,0,0,0,0,0,0
2020-07-24,4,TRUE,FALSE,43.11,43.34,41.29,43.21,1.77,52,76.08,76.08,1,1201.5,171.12,0.5,0.799,1.47,0.671,2200.44,22.5,1153.77,2294.68,734.14,475.3,2722.87,22.5,22.5,9.595453716,9.595453716,9.595453716,9.595453716,9.595453716,2.9,2.9,2.9,1,0,0,0,70.6,99.71,99.47,98.5,98.2,51,60,39214071,35794860,91.7,93.3,94.3,63.9,1959069,503114.2,1,75.44,730.92,1.47,44.52,51.95,72.76133333,71.51016667,742.852,733.1755,1.47,1.485,43.776,43.201,52.06,52.3975,2,0,0,0,0,1,0,0,0,0,0,0,0,-0.013157895
2020-07-27,4,TRUE,FALSE,43.13,43.41,41.6,43.2,1.85,52.25,74.25,68.04666667,3,1196.1,170.78,0.5,0.803,1.47,0.667,2217.86,22.96,1191.53,2311.25,728,474.83,2789.06,24.3,24.66666667,11.39545372,11.76212038,11.39545372,11.76212038,12.49545372,2.2,0.733333333,2.2,3,0,0,0,70.6,99.71,99.47,98.5,98.2,51,60,39214071,35794860,91.7,93.3,94.3,63.9,1959069,503114.2,1,76.08,734.14,1.47,43.21,52,73.44733333,71.60066667,740.868,733.2045,1.47,1.482,43.786,43.2605,52.02,52.3225,2,0,0,0,0,1,0,0,0,0,0,0,0,-0.022222222
2020-07-28,4,TRUE,FALSE,43.12,43.22,41.04,43.11,1.83,51.8,74.72,74.72,1,1196.9,171,0.5,0.813,1.47,0.657,2256.99,22.92,1195.54,2322,722.71,474.14,2858.78,24.4,24.4,11.49545372,11.49545372,11.49545372,11.49545372,11.49545372,0.4,0.4,0.4,1,0,0,0,70.6,99.71,99.47,98.5,98.2,51,60,39214071,35794860,91.7,93.3,94.3,63.9,1959069,503114.2,1,68.04666667,728,1.47,43.2,52.25,73.70733333,71.68416667,736.458,733.686,1.47,1.4795,43.852,43.3885,52.07,52.3,2,0,0,0,0,1,0,0,0,0,0,0,0,-0.013636364
2020-07-29,4,TRUE,FALSE,43.27,43.75,41.27,43.27,1.77,51.8,75.22,75.22,1,1193.1,170.33,0.5,0.811,1.47,0.659,2263.16,23.33,1199.42,2309.14,729.27,474.65,2881.24,23.7,23.7,10.79545372,10.79545372,10.79545372,10.79545372,10.79545372,50.1,50.1,50.1,1,0,0,0,70.6,99.71,99.47,98.5,98.2,51,60,39214071,35794860,91.7,93.3,94.3,63.9,1959069,503114.2,1,74.72,722.71,1.47,43.11,51.8,73.84533333,71.79016667,732.078,733.1305,1.47,1.4775,43.67,43.438,52.02,52.2825,2,0,0,0,0,1,0,0,0,0,0,0,0,-0.032258065
2020-07-30,4,TRUE,FALSE,43.14,42.94,39.92,43.23,1.81,51.9,75.07,75.07,1,1194.4,170.51,0.5,0.799,1.47,0.671,2267.01,22.91,1186.89,2311.88,723.86,474.08,2934.25,25.3,25.3,12.39545372,12.39545372,12.39545372,12.39545372,12.39545372,0.1,0.1,0.1,1,0,0,0,70.6,99.71,99.47,98.5,98.2,59,65,39214071,35794860,91.7,93.3,94.3,63.9,1959069,503114.2,1,75.22,729.27,1.47,43.27,51.8,73.90133333,71.92316667,729.008,733.3165,1.47,1.476,43.462,43.465,51.96,52.2925,2,0,0,0,0,1,0,0,0,0,0,0,0,-0.052380952
2020-07-31,4,TRUE,FALSE,43.14,43.3,40.27,43.23,1.83,51.95,74.97,74.97,1,1191.3,170.28,0.5,0.796,1.47,0.674,2249.37,23.57,1169.43,2351.22,720.96,473.6,2875.76,26.2,26.2,13.29545372,13.29545372,13.29545372,13.29545372,13.29545372,1.5,1.5,1.5,1,0,0,0,70.6,99.71,99.47,99,98.5,59,65,39214071,35794860,99.3,88.7,94.8,68.2,2237681,503114.2,1,75.07,723.86,1.47,43.23,51.9,73.82733333,72.03216667,727.596,733.033,1.47,1.4745,43.204,43.4845,51.95,52.2575,2,0,0,0,0,1,0,0,0,0,0,0,0,-0.032663317
2020-08-03,4,TRUE,FALSE,42.48,44.15,41.01,42.68,1.95,52.6,58.15,57.42666667,3,1193.4,170.89,0.5,0.799,1.47,0.671,2251.04,23.52,1161.01,2454.96,718.72,472.92,2890.92,25,25.06666667,12.09545372,12.16212038,12.09545372,12.16212038,12.39545372,102.6,57.7,173.1,3,0,0,0,70.6,99.71,99.47,99,98.5,59,65,42785144,38849185,99.3,88.7,94.8,68.2,2237681,503114.2,1,74.97,720.96,1.47,43.23,51.95,73.60533333,72.11866667,724.96,732.4805,1.47,1.473,43.208,43.505,51.94,52.2325,2,0,0,0,0,1,0,0,0,0,0,0,0,-0.090909091
2020-08-04,4,TRUE,FALSE,42.97,44.43,41.7,43.18,2.07,52.45,59.7,59.7,1,1194.1,171.04,0.5,0.802,1.47,0.668,2279.97,22.42,1179.7,2495.98,723.49,487.58,2892.73,27,27,14.09545372,14.09545372,14.09545372,14.09545372,14.09545372,3.9,3.9,3.9,1,0,0,0,70.6,99.63,99.47,99,98.5,59,65,42785144,38849185,99.3,88.7,94.8,68.2,2237681,503114.2,1,57.42666667,718.72,1.47,42.68,52.6,71.48133333,71.79316667,723.104,731.8225,1.47,1.4715,43.104,43.453,52.01,52.23,2,0,0,0,0,1,0,0,0,0,0,0,0,-0.1
2020-08-05,4,TRUE,FALSE,43.76,45.17,42.19,43.87,2.23,51.6,60.65,60.65,1,1188.8,171.01,0.5,0.795,1.47,0.675,2311.86,21.58,1182.06,2631.71,722.47,488.72,2919.78,26.5,26.5,13.59545372,13.59545372,13.59545372,13.59545372,13.59545372,18.5,18.5,18.5,1,0,0,520600,70.6,99.63,99.47,99,98.5,59,65,42785144,38849185,99.3,88.7,94.8,68.2,2237681,503114.2,1,59.7,723.49,1.47,43.18,52.45,68.47733333,71.16166667,723.26,732.032,1.47,1.4705,43.118,43.458,52.14,52.2025,2,0,0,0,0,1,0,0,0,0,0,0,0,-0.047619048
2020-08-06,4,TRUE,FALSE,43.71,45.09,41.95,43.88,2.26,50.2,61.78,61.78,1,1183.5,170.59,0.5,0.807,1.47,0.663,2342.61,22.06,1223.26,2684.02,727.63,493.33,2914.64,24.1,24.1,11.19545372,11.19545372,11.19545372,11.19545372,11.19545372,75.7,75.7,75.7,1,0,0,520600,70.6,99.63,99.47,99,98.5,59,65,42785144,38849185,99.3,88.7,94.8,68.2,2237681,503114.2,1,60.65,722.47,1.47,43.87,51.6,65.56333333,70.54116667,721.9,732.1155,1.47,1.47,43.238,43.474,52.1,52.155,2,0,0,0,0,1,0,0,0,0,0,0,0,0.033333333
2020-08-07,4,TRUE,FALSE,43.88,44.4,41.22,43.89,2.15,51.2,61.73,61.73,1,1184.7,170.17,0.5,0.81,1.47,0.66,2351.67,22.07,1212.99,2853.08,735.03,496.94,2900.82,24.3,24.3,11.39545372,11.39545372,11.39545372,11.39545372,11.39545372,0,0,0,1,0,1,520600,70.6,99.63,99.47,99,98.5,59,65,42785144,38849185,99.3,88.7,94.8,68.2,2237681,503114.2,1,61.78,727.63,1.47,43.88,50.2,62.90533333,69.98166667,722.654,732.5155,1.47,1.47,43.368,43.4815,51.76,52.045,2,0,0,0,0,1,0,0,0,0,0,0,0,0.1
2020-08-10,4,TRUE,FALSE,43.88,44.99,41.94,43.89,2.18,50.5,62.62,59.45,3,1185.6,170.2,0.5,0.83,1.47,0.64,2386.38,22.94,1221.63,2886.67,729.91,500.26,2892.62,26.5,25.2,13.59545372,12.29545372,13.59545372,12.29545372,13.59545372,44.6,38,114,3,1,1,520600,70.6,99.63,99.47,99,98.5,59,65,42785144,38849185,99.3,88.7,94.8,68.2,2237681,503114.2,1,61.73,735.03,1.47,43.89,51.2,60.25733333,69.41966667,725.468,733.8675,1.47,1.47,43.5,43.4895,51.61,51.985,2,0,0,0,0,1,0,0,0,0,0,0,0,0.002932551
2020-08-11,4,TRUE,FALSE,44.12,44.5,41.61,44.18,2.19,49.9,63.44,63.44,1,1185.6,170.63,0.5,0.818,1.47,0.652,2418.67,22.98,1251.27,2947.38,782.69,511.52,2865.16,24.6,24.6,11.69545372,11.69545372,11.69545372,11.69545372,11.69545372,97,97,97,1,1,1,520600,70.6,99.63,99.47,99,98.5,59,65,42785144,38849185,99.3,88.7,94.8,68.2,2237681,503114.2,1,59.45,729.91,1.47,43.89,50.5,60.662,69.1285,727.706,732.8,1.47,1.47,43.742,43.5115,51.19,51.9,2,0,0,0,0,1,0,0,0,0,0,0,0,0
2020-08-12,4,TRUE,FALSE,43.63,45.43,42.67,43.74,2.05,49.5,62.21,62.21,1,1185.3,170.6,0.5,0.827,1.47,0.643,2432.35,22.86,1239.98,2915.57,775.83,513.15,2833.86,27.2,27.2,14.29545372,14.29545372,14.29545372,14.29545372,14.29545372,0,0,0,1,1,1,520600,70.6,99.63,99.47,99,98.5,59,65,42785144,38849185,99.3,88.7,94.8,68.2,2237681,503114.2,1,63.44,782.69,1.47,44.18,49.9,61.41,68.765,739.546,734.5835,1.47,1.47,43.942,43.575,50.68,51.77,2,0,0,0,0,1,0,0,0,0,0,0,0,0.005847953
2020-08-13,4,TRUE,FALSE,44.18,44.96,42.24,44.32,2.19,49.9,63.05,63.05,1,1183.3,170.64,0.5,0.815,1.47,0.655,2437.53,22.12,1231,2913.02,803.27,511.75,2851.47,28,28,15.09545372,15.09545372,15.09545372,15.09545372,15.09545372,0,0,0,1,1,1,0,93.68,99.63,99.47,99,98.5,59,65,42785144,38849185,99.3,88.7,94.8,68.2,2237681,503114.2,1,62.21,775.83,1.47,43.74,49.5,61.722,68.3065,750.218,736.395,1.47,1.47,43.916,43.5535,50.26,51.615,2,0,0,0,0,1,0,0,0,0,0,0,0,0.029069767
2020-08-14,4,TRUE,FALSE,43.44,44.8,42.01,43.57,2.23,50.4,65.21,65.21,1,1184.6,170.6,0.5,0.828,1.46,0.632,2407.49,22.58,1236.57,2798.86,815.8,507.69,2817.31,27.1,27.1,14.19545372,14.19545372,14.19545372,14.19545372,14.19545372,0.4,0.4,0.4,1,1,1,0,93.68,99.63,99.47,99,98.5,59,65,42785144,38849185,99.3,88.7,94.8,68.2,2237681,503114.2,1,63.05,803.27,1.47,44.32,49.9,61.976,67.8675,765.346,739.612,1.47,1.47,44.004,43.588,50.2,51.4925,2,0,0,0,0,1,0,0,0,0,0,0,0,0.002824859
2020-08-18,4,TRUE,FALSE,44.46,45.46,42.89,44.57,2.45,50.45,65.34,62.01,4,1183.7,171.14,0.5,0.81,1.45,0.64,2348.24,25.21,1179.73,2706.39,764.95,479.81,2705.27,27.5,27.3,14.59545372,14.39545372,14.59545372,14.39545372,15.29545372,0,17.25,69,4,0,1,0,93.68,99.63,99.47,99,98.5,59,65,42785144,38849185,99.3,88.7,94.8,68.2,2237681,503114.2,1,65.21,815.8,1.46,43.57,50.4,62.672,67.4955,781.5,743.199,1.468,1.4695,43.94,43.6085,50.04,51.4025,2,0,0,0,0,1,0,0,0,0,0,0,0,0.002816901
2020-08-19,4,TRUE,FALSE,43.8,45.37,42.93,44.07,2.43,50.25,65.07,65.07,1,1181.2,170.87,0.5,0.805,1.43,0.625,2360.54,24.38,1189.01,2741.95,772.91,483.27,2765.63,27.1,27.1,14.19545372,14.19545372,14.19545372,14.19545372,14.19545372,0,0,0,1,0,0,0,93.68,99.63,99.47,99,98.5,59,65,42785144,38849185,99.3,88.7,94.8,68.2,2237681,503114.2,1,62.01,764.95,1.45,44.57,50.45,63.184,67.25866667,788.508,743.944,1.464,1.4685,44.076,43.6935,50.03,51.325,2,0,0,0,0,1,0,0,0,0,0,0,0,0.06741573
2020-08-20,4,TRUE,FALSE,43.89,44.9,42.58,44.17,2.35,50.1,65.6,65.6,1,1186.9,171.64,0.5,0.813,1.41,0.597,2274.22,28.18,1135.4,2632.26,741.48,462.52,2600.19,27.7,27.7,14.79545372,14.79545372,14.79545372,14.79545372,14.79545372,0,0,0,1,0,0,0,93.68,99.63,99.47,99,98.5,59,65,42785144,38849185,99.3,88.7,94.8,68.2,2237681,503114.2,1,65.07,772.91,1.43,44.07,50.25,63.51,66.81066667,786.552,745.359,1.456,1.4665,44.054,43.696,50.1,51.235,2,0,0,0,0,1,0,0,0,0,0,0,0,0.036842105
2020-08-21,4,TRUE,FALSE,43.96,44.35,42.34,44.25,2.39,49.8,64.85,64.85,1,1186.3,171.99,0.5,0.854,1.4,0.546,2304.59,26.89,1161.99,2701.26,743.93,467.25,2635,26.6,26.6,13.69545372,13.69545372,13.69545372,13.69545372,13.69545372,2.5,2.5,2.5,1,0,0,0,93.68,99.63,99.69,99,98.5,59,65,42785144,38849185,99.3,88.7,94.8,68.2,2237681,503114.2,1,65.6,741.48,1.41,44.17,50.1,64.188,66.34366667,779.682,745.202,1.444,1.4635,44.14,43.689,50.22,51.135,2,0,0,0,0,1,0,0,0,0,0,0,0,0.007614213
2020-08-24,4,TRUE,FALSE,43.78,45.13,42.62,44.06,2.57,49.7,64.09,61.41,3,1189.1,171.97,0.5,0.824,1.39,0.566,2329.83,26.44,1169.52,2725.33,743.23,470.61,2681.1,27.8,25.8,14.89545372,12.89545372,14.89545372,12.89545372,14.89545372,0,14.2,42.6,3,0,0,0,93.68,99.63,99.69,99,98.5,59,65,42785144,38849185,99.3,88.7,94.8,68.2,2237681,503114.2,1,64.85,743.93,1.4,44.25,49.8,64.548,65.81416667,767.814,745.8525,1.43,1.46,44.126,43.6755,50.2,51.0275,2,0,0,0,0,1,0,0,0,0,0,0,0,0.057934509
2020-08-25,4,TRUE,FALSE,44.34,45.86,43.35,44.59,2.54,49.75,65.5,65.5,1,1185.1,171.64,0.5,0.825,1.39,0.565,2366.73,24.63,1189.56,2815.7,778.22,479.8,2730.89,29.9,29.9,16.99545372,16.99545372,16.99545372,16.99545372,16.99545372,0,0,0,1,0,0,0,93.68,99.63,99.69,99,98.5,59,65,42785144,38849185,99.3,88.7,94.8,68.2,2237681,503114.2,1,61.41,743.23,1.39,44.06,49.7,63.788,65.08066667,753.3,746.307,1.416,1.456,44.224,43.718,50.06,50.9125,2,0,0,0,0,1,0,0,0,0,0,0,0,0
2020-08-26,4,TRUE,FALSE,44.83,45.64,43.39,45.13,2.52,49.7,65.97,65.97,1,1186.8,172.04,0.5,0.835,1.39,0.555,2369.32,25.44,1163.04,2864.26,759.98,480.9,2713.51,30.2,30.2,17.29545372,17.29545372,17.29545372,17.29545372,17.29545372,0.6,0.6,0.6,1,0,0,0,93.68,99.63,99.69,99,98.5,66,66,42785144,38849185,99.3,88.7,94.8,68.2,2237681,503114.2,1,65.5,778.22,1.39,44.59,49.75,64.486,64.95333333,755.954,748.818,1.404,1.452,44.228,43.7875,49.92,50.7875,2,0,0,0,0,1,0,0,0,0,0,0,0,0
2020-08-27,4,TRUE,FALSE,45.01,45.09,43.04,45.24,2.52,49.8,65.75,65.75,1,1185,172.25,0.5,0.852,1.38,0.528,2344.45,27.22,1135.39,2840.39,755.56,470.84,2669.13,27.1,27.1,14.19545372,14.19545372,14.19545372,14.19545372,14.19545372,8.7,8.7,8.7,1,0,0,0,93.68,99.63,99.69,99,98.5,66,66,42785144,38849185,99.3,88.7,94.8,68.2,2237681,503114.2,1,65.97,759.98,1.39,45.13,49.7,64.666,64.51583333,753.368,750.6815,1.396,1.448,44.44,43.8885,49.81,50.6825,2,0,0,0,0,1,0,0,0,0,0,0,0,0
2020-08-28,4,TRUE,FALSE,44.12,45.05,42.97,44.42,2.46,49.75,65.94,65.94,1,1184.3,172.53,0.5,0.893,1.37,0.477,2353.8,26.4,1144.07,2849.68,765.45,486.05,2684.02,27.3,27.3,14.39545372,14.39545372,14.39545372,14.39545372,14.39545372,13.6,13.6,13.6,1,0,0,0,93.68,99.63,99.69,99,98.5,66,66,42785144,38849185,99.3,88.7,94.8,68.2,2237681,503114.2,1,65.75,755.56,1.38,45.24,49.8,64.696,64.04233333,756.184,751.996,1.39,1.4435,44.654,43.987,49.75,50.5825,2,0,0,0,0,1,0,0,0,0,0,0,0,0
2020-08-31,4,TRUE,FALSE,45.93,45.28,42.61,46.77,2.3,51.95,63.98,61.36,3,1187.8,173.23,0.5,0.94,1.36,0.42,2326.17,27.77,1133.52,2816.33,758.16,481.09,2687.46,26.4,26.66666667,13.49545372,13.76212038,13.49545372,13.76212038,13.89545372,0,18.7,56.1,3,0,0,0,93.68,99.63,99.69,99.6,98.8,66,66,42785144,38849185,101,94.4,94.5,70,1938651,503114.2,1,65.94,765.45,1.37,44.42,49.75,64.914,63.58583333,760.488,754.0755,1.384,1.4385,44.688,44.0465,49.74,50.475,2,0,0,0,0,1,0,0,0,0,0,0,0,-0.05
2020-09-01,4,TRUE,FALSE,45.11,45.58,42.76,45.32,2.22,51.4,57.6,57.6,1,1183,173.41,0.5,0.977,1.33,0.353,2349.55,27.59,1146.25,2832.4,784.83,494.81,2715.4,26.6,26.6,13.69545372,13.69545372,13.69545372,13.69545372,13.69545372,0,0,0,1,0,0,0,93.68,99.63,99.69,99.6,98.8,66,66,39469231,35817929,101,94.4,94.5,70,1938651,503114.2,1,61.36,758.16,1.36,46.77,51.95,64.904,62.90533333,763.474,755.9355,1.378,1.433,45.23,44.2235,50.19,50.475,2,0,0,0,0,1,0,0,0,0,0,0,0,0.002506266
2020-09-02,4,TRUE,FALSE,45.3,44.43,41.51,45.42,2.15,50.6,57.09,57.09,1,1185.4,173.59,0.5,0.923,1.31,0.387,2364.37,26.26,1153.6,2836.52,780.75,494.98,2746.24,24.3,24.3,11.39545372,11.39545372,11.39545372,11.39545372,11.39545372,33.3,33.3,33.3,1,0,0,711900,93.68,100.19,99.69,99.6,98.8,66,66,39469231,35817929,101,94.4,94.5,70,1938651,503114.2,1,57.6,784.83,1.33,45.32,51.4,63.324,62.914,764.796,759.241,1.366,1.426,45.376,44.3555,50.52,50.415,2,0,0,0,0,1,0,0,0,0,0,0,0,0
2020-09-03,4,TRUE,FALSE,43.43,44.07,41.37,43.58,2.32,49.7,56.12,56.12,1,1188.3,173.69,0.5,0.919,1.3,0.381,2395.9,25.3,1146.88,2921.61,777.86,493.5,2813.5,22.7,22.7,9.795453716,9.795453716,9.795453716,9.795453716,9.795453716,29.8,29.8,29.8,1,0,0,711900,93.68,100.19,99.69,99.6,98.8,66,66,39469231,35817929,101,94.4,94.5,70,1938651,503114.2,1,57.09,780.75,1.31,45.42,50.6,61.548,62.7835,768.95,762.104,1.35,1.418,45.434,44.4675,50.7,50.3225,2,0,0,0,0,1,0,0,0,0,0,0,0,0.075
2020-09-04,4,TRUE,FALSE,43.78,42.66,39.77,43.9,1.8,49,57.6,57.6,1,1189.6,173.88,0.5,0.929,1.29,0.361,2368.25,27.83,1131.71,2916.43,764.72,489.04,2746.95,23.3,23.3,10.39545372,10.39545372,10.39545372,10.39545372,10.39545372,0,0,0,1,0,1,711900,93.68,100.19,99.69,99.6,98.8,66,66,39469231,35817929,101,94.4,94.5,70,1938651,503114.2,1,56.12,777.86,1.3,43.58,49.7,59.622,62.557,773.41,764.8735,1.334,1.4095,45.102,44.453,50.68,50.2275,2,0,0,0,0,1,0,0,0,0,0,0,0,-0.023255814
2020-09-07,4,TRUE,FALSE,41.42,42.01,39.77,41.5,1.8,48.5,57.01,55.34,3,1188.3,173.91,0.5,0.973,1.28,0.307,2384.22,25.85,1151.12,2925.19,763.59,500.07,2780.33,19.2,21.4,6.295453716,8.495453716,6.295453716,8.495453716,10.39545372,61,22.46666667,67.4,3,1,1,711900,93.68,100.19,99.69,99.6,98.8,66,66,39469231,35817929,101,94.4,94.5,70,1938651,503114.2,1,57.6,764.72,1.29,43.9,49,57.954,62.348,773.264,766.728,1.318,1.4005,44.998,44.454,50.53,50.1675,2,0,0,0,0,1,0,0,0,0,0,0,0,0
2020-09-08,4,FALSE,FALSE,40.68,39.78,36.76,40.82,2.35,48.75,56.32,56.32,1,1186.4,173.72,0.5,0.949,1.27,0.321,2401.91,23.87,1148.08,2861.2,759.05,496,2824.08,23.4,23.4,10.49545372,10.49545372,10.49545372,10.49545372,10.49545372,0,0,0,1,1,1,711900,93.68,100.19,99.69,99.6,98.8,66,66,39469231,35817929,101,94.4,94.5,70,1938651,503114.2,1,55.34,763.59,1.28,41.5,48.5,56.75,62.0285,774.35,768.156,1.302,1.391,43.944,44.3345,49.84,50.0325,2,0,0,0,0,1,0,0,0,0,0,0,0,0.011904762
2020-09-09,4,TRUE,FALSE,39.49,40.79,38.05,39.57,2.21,48.8,55.51,55.51,1,1189.1,173.54,0.5,0.915,1.26,0.345,2375.81,24.73,1138.48,2836.66,751.23,490.06,2810.71,21.1,21.1,8.195453716,8.195453716,8.195453716,8.195453716,8.195453716,1.3,1.3,1.3,1,1,1,711900,93.68,100.19,99.69,99.6,98.8,66,66,39469231,35817929,101,94.4,94.5,70,1938651,503114.2,1,56.32,759.05,1.27,40.82,48.75,56.494,61.872,769.194,769.613,1.29,1.381,43.044,44.181,49.31,49.945,2,0,0,0,0,1,0,0,0,0,0,0,0,0
2020-09-10,4,TRUE,FALSE,39.74,40.06,37.3,39.89,2.13,49.75,56.33,56.33,1,1184.9,173.15,0.5,0.915,1.25,0.335,2396.48,22.14,1141.82,2906.43,753.25,490.26,2838.84,22.8,22.8,9.895453716,9.895453716,9.895453716,9.895453716,9.895453716,3.9,3.9,3.9,1,1,1,0,83.69,100.19,99.69,99.6,98.8,66,66,39469231,35817929,101,94.4,94.5,70,1938651,503114.2,1,55.51,751.23,1.26,39.57,48.8,56.178,61.4755,763.29,768.04,1.28,1.3705,41.874,43.9505,48.95,49.89,2,0,0,0,0,1,0,0,0,0,0,0,0,-0.018823529
2020-09-11,4,TRUE,FALSE,39.27,39.83,37.33,39.33,1.93,50.75,55.95,55.95,1,1186.9,173.61,0.5,0.926,1.24,0.314,2396.69,21.68,1137,2858.64,761.92,486.74,2842.65,22.4,22.4,9.495453716,9.495453716,9.495453716,9.495453716,9.495453716,1.2,1.2,1.2,1,1,1,0,83.69,100.19,99.69,99.6,98.8,66,66,39469231,35817929,101,94.4,94.5,70,1938651,503114.2,1,56.33,753.25,1.25,39.89,49.75,56.22,61.1815,758.368,766.911,1.27,1.3595,41.136,43.758,48.96,49.9025,2,0,0,0,0,1,0,0,0,0,0,0,0,-0.064748201
2020-09-14,1,TRUE,TRUE,38.89,39.61,37.26,38.92,2.18,50.75,56.23,54.63333333,3,1183.5,173.29,0.5,0.919,1.23,0.311,2427.91,21.28,1157.19,2891.92,781.52,489.83,2881.08,21.3,21,8.395453716,8.095453716,8.395453716,8.095453716,8.595453716,0,1.9,5.7,3,0,1,0,83.69,100.19,99.69,99.6,98.8,66,66,39469231,35817929,101,94.4,94.5,70,1938651,503114.2,1,55.95,761.92,1.24,39.33,50.75,55.89,60.8265,757.808,764.8435,1.26,1.348,40.222,43.5085,49.31,49.945,2,0,0,0,0,0,1,0,0,0,0,0,0,0.092307692
2020-09-15,1,TRUE,FALSE,39.24,40.53,38.28,39.22,2.19,51,55.97,55.97,1,1179,173.94,0.5,0.907,1.22,0.313,2443.58,20.97,1157.86,2901.9,800.11,486.17,2892.1,23,23,10.09545372,10.09545372,10.09545372,10.09545372,10.09545372,0,0,0,1,0,0,0,83.69,100.19,99.69,99.6,98.8,66,66,39469231,35817929,101,94.4,94.5,70,1938651,503114.2,1,54.63333333,781.52,1.23,38.92,50.75,55.74866667,60.29766667,761.394,763.1295,1.25,1.3365,39.706,43.276,49.76,49.9625,2,0,0,0,0,0,1,0,0,0,0,0,1,0
2020-09-16,1,TRUE,FALSE,41.21,42.22,40.16,41.22,2.06,51.5,55.96,55.96,1,1176.1,173.68,0.5,0.91,1.2,0.29,2435.92,21.05,1158.4,2824.8,797.52,485.92,2841.6,22.5,22.5,9.595453716,9.595453716,9.595453716,9.595453716,9.595453716,0.3,0.3,0.3,1,0,0,0,83.69,100.19,99.69,99.6,98.8,66,66,39469231,35817929,101,94.4,94.5,70,1938651,503114.2,1,55.97,800.11,1.22,39.22,51,55.67866667,59.99566667,769.606,764.8875,1.24,1.325,39.386,43.0085,50.21,49.99,2,0,0,0,0,0,1,0,0,0,0,0,0,0.004694836
2020-09-17,1,TRUE,FALSE,41.67,43.3,40.97,41.67,1.65,51.9,55.99,55.99,1,1174.4,173.38,0.5,0.914,1.18,0.266,2406.17,22.31,1157.42,2768.31,790.7,479,2818.18,21.3,21.3,8.395453716,8.395453716,8.395453716,8.395453716,8.395453716,0,0,0,1,0,0,0,83.69,100.19,99.69,99.6,98.8,66,66,39469231,35817929,101,94.4,94.5,70,1938651,503114.2,1,55.96,797.52,1.2,41.22,51.5,55.76866667,59.54016667,778.864,766.118,1.228,1.3135,39.716,42.866,50.75,50.0525,2,0,0,0,0,0,1,0,0,0,0,0,0,0.004672897
2020-09-18,1,TRUE,FALSE,43.02,43.15,41.11,43.02,1.56,52.05,56.06,56.06,1,1160.3,171.9,0.5,0.907,1.16,0.253,2412.4,21.59,1158.91,2793,786.38,484.72,2850.44,21.5,21.5,8.595453716,8.595453716,8.595453716,8.595453716,8.595453716,0,0,0,1,0,0,0,83.69,100.19,99.69,99.6,98.8,66,66,39469231,35817929,101,94.4,94.5,70,1938651,503114.2,1,55.99,790.7,1.18,41.67,51.9,55.70066667,59.05966667,786.354,768.579,1.214,1.302,40.072,42.741,51.18,50.1425,2,0,0,0,0,0,1,0,0,0,0,0,0,0.009302326
2020-09-21,1,TRUE,FALSE,41.63,41.44,39.31,41.63,1.33,52.45,56.48,54.49333333,3,1158,171.3,0.5,0.904,1.15,0.246,2389.39,23.31,1146.49,2729.28,784.43,476.49,2789.56,19.1,20,6.195453716,7.095453716,6.195453716,7.095453716,8.295453716,0,0.1,0.3,3,0,0,0,83.69,100.19,99.69,99.6,98.8,66,66,39469231,35817929,101,94.4,94.5,70,1938651,503114.2,1,56.06,786.38,1.16,43.02,52.05,55.72266667,58.62016667,791.246,770.7015,1.198,1.29,40.81,42.6795,51.44,50.255,2,0,0,0,0,0,1,0,0,0,0,0,0,-0.004608295
2020-09-22,1,TRUE,FALSE,41.14,41.72,39.6,41.17,1.49,52.7,55.66,55.66,1,1165,171.42,0.5,0.897,1.14,0.243,2332.59,25.2,1120.38,2659.22,758.27,465.33,2695,20.2,20.2,7.295453716,7.295453716,7.295453716,7.295453716,7.295453716,0,0,0,1,0,0,0,83.69,100.19,100.18,99.6,98.8,66,66,39469231,35817929,101,94.4,94.5,70,1938651,503114.2,1,54.49333333,784.43,1.15,41.63,52.45,55.69466667,58.27433333,791.828,772.7615,1.182,1.278,41.352,42.558,51.78,50.3925,2,0,0,0,0,0,1,0,0,0,0,0,0,0.011574074
2020-09-23,1,TRUE,FALSE,41.38,41.77,39.93,41.39,1.74,52.75,55.61,55.61,1,1164.4,171.43,0.5,0.883,1.13,0.247,2333.24,24.64,1119.61,2632.55,768.76,461.85,2760.48,19.2,19.2,6.295453716,6.295453716,6.295453716,6.295453716,6.295453716,0,0,0,1,0,0,0,83.69,100.19,100.18,99.6,98.8,66,66,39469231,35817929,101,94.4,94.5,70,1938651,503114.2,1,55.66,758.27,1.14,41.17,52.7,55.63266667,57.78233333,783.46,771.764,1.166,1.2655,41.742,42.387,52.12,50.54,2,0,0,0,0,0,1,0,0,0,0,0,0,0.029748284
2020-09-24,1,TRUE,FALSE,41.21,41.94,40.31,41.23,1.93,52.8,56,56,1,1172.7,171.61,0.5,0.857,1.12,0.263,2272.7,27.21,1081.92,2515.66,749.86,442.68,2681.25,20.6,20.6,7.695453716,7.695453716,7.695453716,7.695453716,7.695453716,0,0,0,1,0,0,0,83.69,100.19,100.18,99.6,98.8,66,66,39469231,35817929,101,94.4,94.5,70,1938651,503114.2,1,55.61,768.76,1.13,41.39,52.75,55.56266667,57.26433333,777.708,772.203,1.152,1.2525,41.776,42.2,52.37,50.6925,2,0,0,0,0,0,1,0,0,0,0,0,0,0.002222222
2020-09-25,1,TRUE,FALSE,41.98,41.92,40.25,41.98,1.9,52.8,56.25,56.25,1,1172.3,171.73,0.5,0.855,1.11,0.255,2278.79,26.13,1094.81,2541.56,746.63,442.51,2660.35,20.1,20.1,7.195453716,7.195453716,7.195453716,7.195453716,7.195453716,0,0,0,1,0,0,0,83.69,100.19,100.18,99.6,98.8,66,66,39469231,35817929,101,94.4,94.5,70,1938651,503114.2,1,56,749.86,1.12,41.23,52.8,55.56466667,56.77683333,769.54,771.918,1.14,1.2395,41.688,41.9995,52.55,50.8425,2,0,0,0,0,0,1,0,0,0,0,0,0,0.002217295
2020-09-28,1,TRUE,FALSE,41.41,42.43,40.6,41.42,1.83,59,54.71,53.30666667,3,1173.6,171.67,0.5,0.843,1.11,0.267,2308.08,25.01,1106.59,2579.77,759.31,451.1,2747.8,20.7,20.13333333,7.795453716,7.228787049,7.795453716,7.228787049,7.795453716,0,0,0,3,0,0,0,83.69,100.19,100.18,99.6,98.8,66,66,39469231,35817929,101,94.4,94.5,70,1938651,503114.2,1,56.25,746.63,1.11,41.98,52.8,55.60266667,56.29233333,761.59,770.977,1.13,1.2265,41.48,41.8775,52.7,50.995,2,0,0,0,0,0,1,0,0,0,0,0,0,0.006637168
2020-09-29,1,TRUE,FALSE,41.87,41.03,39.29,41.89,1.74,58.65,54.19,54.19,1,1169.5,171.15,0.5,0.846,1.11,0.264,2327.89,24.15,1120.98,2629.98,766.02,457.88,2771.95,19.6,19.6,6.695453716,6.695453716,6.695453716,6.695453716,6.695453716,0,0,0,1,0,0,0,83.69,100.19,100.18,100.4,99.4,68,62,39469231,35817929,93.9,94.6,98,69.8,1787772,503114.2,1,53.30666667,759.31,1.11,41.42,59,55.36533333,55.88966667,756.566,771.0345,1.122,1.214,41.438,41.61,54.01,51.3475,2,0,0,0,0,0,1,0,0,0,0,0,0,-0.01978022
2020-10-05,1,TRUE,FALSE,39.27,41.29,39.22,39.53,1.92,58.1,51.91,49.76,6,1163.4,172.33,0.5,0.881,1.11,0.229,2358,23.87,1173.57,2710.77,779.99,465.61,2771.48,13.3,17.9,0.395453716,4.995453716,0.395453716,4.995453716,6.995453716,0,6.383333333,38.3,6,0,0,0,83.69,100.19,100.18,100.4,99.4,68,62,47819948,39400190,93.9,94.6,98,69.8,1787772,503114.2,1,54.19,766.02,1.11,41.89,58.65,55.07133333,55.71916667,758.116,770.094,1.116,1.203,41.582,41.4385,55.2,51.71,2,0,0,0,0,0,1,0,0,0,0,0,0,-0.004484305
2020-10-06,1,TRUE,FALSE,40.55,42.65,40.67,40.77,1.86,58.1,51.59,51.59,1,1161,172.56,0.5,0.905,1.11,0.205,2365.9,22.29,1166.71,2736.38,775.95,463.42,2776.39,14.2,14.2,1.295453716,1.295453716,1.295453716,1.295453716,1.295453716,0,0,0,1,0,0,616100,83.69,100.74,100.18,100.4,99.4,68,62,47819948,39400190,93.9,94.6,98,69.8,1787772,503114.2,1,49.76,779.99,1.11,39.53,58.1,53.90133333,55.35266667,760.362,770.056,1.112,1.193,41.21,41.144,56.27,52.085,2,0,0,0,0,0,1,0,0,0,0,0,0,0.015765766
2020-10-07,1,TRUE,FALSE,41.24,41.99,39.95,41.57,2.01,58,50.91,50.91,1,1158.2,172.02,0.5,0.91,1.11,0.2,2386.94,21.55,1170.54,2778.45,781.65,466.03,2789.23,16,16,3.095453716,3.095453716,3.095453716,3.095453716,3.095453716,0,0,0,1,0,0,616100,83.69,100.74,100.18,100.4,99.4,68,62,47819948,39400190,93.9,94.6,98,69.8,1787772,503114.2,1,51.59,775.95,1.11,40.77,58.1,53.01933333,55.12616667,765.58,769.9605,1.11,1.1835,41.118,41.0035,57.33,52.505,2,0,0,0,0,0,1,0,0,0,0,0,0,0.011086475
2020-10-08,1,TRUE,FALSE,41.46,43.34,41.19,41.67,1.49,58,51.17,51.17,1,1153.3,171.32,0.5,0.907,1.11,0.203,2391.96,21,1186.27,2869.38,782.66,468.03,2768.94,17.2,17.2,4.295453716,4.295453716,4.295453716,4.295453716,4.295453716,0,0,0,1,0,1,616100,83.69,100.74,100.18,100.4,99.4,68,62,47819948,39400190,93.9,94.6,98,69.8,1787772,503114.2,1,50.91,781.65,1.11,41.57,58,51.95133333,54.79166667,772.584,770.807,1.11,1.1745,41.036,40.887,58.37,52.955,2,0,0,0,0,0,1,0,0,0,0,0,0,0.00877193
2020-10-12,1,TRUE,FALSE,41.28,41.72,39.43,41.67,2.31,56.85,50.25,49.555,4,1146.8,170.93,0.5,0.925,1.11,0.185,2403.73,20.36,1177.93,2875.16,779.6,469.38,2791.63,16.2,16.8,3.295453716,3.895453716,3.295453716,3.895453716,4.295453716,0,0,0,4,1,1,616100,83.69,100.74,100.18,100.4,99.4,68,62,47819948,39400190,93.9,94.6,98,69.8,1787772,503114.2,1,51.17,782.66,1.11,41.67,58,51.524,54.58316667,777.254,771.7605,1.11,1.166,41.086,40.8955,58.17,53.43,2,0,0,0,0,0,1,0,0,0,0,0,0,0.006521739
2020-10-13,1,TRUE,FALSE,41.19,42.45,40.2,41.52,2.14,54.7,50.14,50.14,1,1147.1,170.18,0.5,0.923,1.11,0.187,2403.15,20.34,1186.97,2820.66,779.9,467.03,2824.25,13.6,13.6,0.695453716,0.695453716,0.695453716,0.695453716,0.695453716,0,0,0,1,1,1,616100,83.69,100.74,100.18,100.4,99.4,68,62,47819948,39400190,93.9,94.6,98,69.8,1787772,503114.2,1,49.555,779.6,1.11,41.67,56.85,50.597,54.24491667,779.97,772.788,1.11,1.158,41.042,40.938,57.81,53.835,2,0,0,0,0,0,1,0,0,0,0,0,0,0.010799136
2020-10-14,1,TRUE,FALSE,41.62,43.32,41.04,41.83,2.02,55.4,50.33,50.33,1,1146.9,170.24,0.5,0.901,1.11,0.209,2380.48,20.97,1168.82,2768.67,774.32,459.51,2768.97,12.8,12.8,-0.104546284,-0.104546284,0.104546284,0.104546284,0.104546284,0,0,0,1,1,1,616100,83.69,100.74,100.18,100.4,99.4,68,62,47819948,39400190,93.9,94.6,98,69.8,1787772,503114.2,1,50.14,779.9,1.11,41.52,54.7,50.673,53.97641667,779.952,774.2215,1.11,1.1505,41.44,41.0355,57.13,54.13,2,0,0,0,0,0,1,0,0,0,0,0,0,0.012820513
2020-10-15,1,TRUE,FALSE,42.01,43.16,40.96,42.2,2.23,55.7,50.25,50.25,1,1143.2,170.18,0.5,0.877,1.11,0.233,2361.21,21.47,1194.5,2774.28,789.55,461.25,2733.07,11.7,11.7,-1.204546284,-1.204546284,1.204546284,1.204546284,1.204546284,0,0,0,1,1,1,0,102.19,100.74,100.18,100.4,99.4,68,62,47819948,39400190,93.9,94.6,98,69.8,1787772,503114.2,1,50.33,774.32,1.11,41.83,55.4,50.421,53.67641667,779.626,775.275,1.11,1.1435,41.652,41.1325,56.59,54.4125,2,0,0,0,0,0,1,0,0,0,0,0,0,-0.006329114
2020-10-16,1,TRUE,FALSE,41.88,42.93,40.88,42.17,2.16,56.3,50.63,50.63,1,1147.4,170.75,0.5,0.888,1.11,0.222,2341.53,22.03,1196.83,2731.8,807.39,465.51,2696.08,11.8,11.8,-1.104546284,-1.104546284,1.104546284,1.104546284,1.104546284,0,0,0,1,1,1,0,102.19,100.74,100.18,100.4,99.4,68,62,47819948,39400190,93.9,94.6,98,69.8,1787772,503114.2,1,50.25,789.55,1.11,42.2,55.7,50.289,53.39141667,781.206,776.6565,1.11,1.137,41.778,41.276,56.13,54.66,2,0,0,0,0,0,1,0,0,0,0,0,0,0.023354565
2020-10-19,1,TRUE,FALSE,41.77,42.62,40.83,42.13,2.3,57.3,50.19,49.5,3,1142,170.66,0.5,0.891,1.11,0.219,2346.74,22.51,1207.46,2688.23,834.4,466.77,2669.87,15.1,13.93333333,2.195453716,1.028787049,2.195453716,1.028787049,2.195453716,0,0,0,3,0,1,0,102.19,100.74,100.18,100.4,99.4,68,62,47819948,39400190,93.9,94.6,98,69.8,1787772,503114.2,1,50.63,807.39,1.11,42.17,56.3,50.181,53.19125,786.152,777.95,1.11,1.131,41.878,41.4385,55.79,54.9375,2,0,0,0,0,0,1,0,0,0,0,0,0,0.01659751
2020-10-20,1,TRUE,FALSE,41.58,43.16,41.46,41.92,2.57,57.8,50.29,50.29,1,1139.4,170.66,0.5,0.911,1.11,0.199,2358.41,22.18,1202.01,2717.12,816.97,468,2682.3,15.2,15.2,2.295453716,2.295453716,2.295453716,2.295453716,2.295453716,0,0,0,1,0,0,0,102.19,100.74,100.18,100.4,99.4,68,62,47819948,39400190,93.9,94.6,98,69.8,1787772,503114.2,1,49.5,834.4,1.11,42.13,57.3,50.17,52.86775,797.112,779.6645,1.11,1.1255,41.97,41.584,55.88,55.2525,2,0,0,0,0,0,1,0,0,0,0,0,0,0.020408163
2020-10-21,1,TRUE,FALSE,41.71,41.73,40.03,42.01,2.95,57.75,50.52,50.52,1,1131.9,170.51,0.5,0.934,1.11,0.176,2370.86,21.88,1216.34,2751.92,842.39,470.94,2685.43,14.1,14.1,1.195453716,1.195453716,1.195453716,1.195453716,1.195453716,0,0,0,1,0,0,0,102.19,100.74,100.38,100.4,99.4,68,62,47819948,39400190,93.9,94.6,98,69.8,1787772,503114.2,1,50.29,816.97,1.11,41.92,57.8,50.2,52.58425,804.526,780.637,1.11,1.121,42.05,41.619,56.5,55.5675,2,0,0,0,0,0,1,0,0,0,0,0,0,0
2020-10-22,1,TRUE,FALSE,41.36,42.46,40.64,41.72,2.99,58,50.76,50.76,1,1132.9,170.3,0.5,0.925,1.11,0.185,2355.05,22.54,1233.79,2729.79,840.15,470.1,2619.06,13.5,13.5,0.595453716,0.595453716,0.595453716,0.595453716,0.595453716,0,0,0,1,0,0,0,102.19,100.74,100.38,100.4,99.4,68,62,47819948,39400190,93.9,94.6,98,69.8,1787772,503114.2,1,50.52,842.39,1.11,42.01,57.75,50.238,52.31075,818.14,783.2215,1.11,1.1175,42.086,41.636,56.97,55.86,2,0,0,0,0,0,1,0,0,0,0,0,0,-0.02
2020-10-23,1,TRUE,FALSE,41.67,41.77,39.85,42.15,2.91,58,53.2,53.2,1,1132.9,169.67,0.5,0.91,1.11,0.2,2360.81,21.9,1239.09,2744.58,828.87,471.31,2589.25,8.6,8.6,-4.304546284,-4.304546284,4.304546284,4.304546284,4.304546284,0,0,0,1,0,0,0,102.19,100.74,100.38,100.4,99.4,68,62,47819948,39400190,93.9,94.6,98,69.8,1787772,503114.2,1,50.76,840.15,1.11,41.72,58,50.34,52.04575,828.26,785.91,1.11,1.115,41.99,41.571,57.43,56.1575,2,0,0,0,0,0,1,0,0,0,0,0,0,0.012244898
2020-10-26,1,TRUE,FALSE,39.84,40.46,38.56,40.22,3.14,58,50.33,49.61333333,3,1127.7,168.91,0.5,0.908,1.11,0.202,2343.91,22.94,1214.96,2688.25,806.04,462.9,2502.22,12.9,11.13333333,-0.004546284,-1.771212951,0.004546284,1.771212951,4.204546284,0,0,0,3,0,0,0,102.19,100.74,100.38,100.4,99.4,68,62,47819948,39400190,93.9,94.6,98,69.8,1787772,503114.2,1,53.2,828.87,1.11,42.15,58,50.854,51.98108333,832.556,788.132,1.11,1.113,41.986,41.597,57.77,56.435,2,0,0,0,0,0,1,0,0,0,0,0,0,0.004032258
2020-10-27,1,TRUE,FALSE,39.9,41.2,39.57,40.41,3.07,58.15,50.66,50.66,1,1125.5,168.27,0.5,0.917,1.11,0.193,2330.84,23.58,1194.45,2678.68,798.47,459.63,2514.49,14,14,1.095453716,1.095453716,1.095453716,1.095453716,1.095453716,0,0,0,1,0,0,0,102.19,100.74,100.38,100.4,99.4,68,62,47819948,39400190,93.9,94.6,98,69.8,1787772,513715.6,1,49.61333333,806.04,1.11,40.22,58,50.87666667,51.67875,826.884,790.5205,1.11,1.1115,41.604,41.5495,57.91,56.7,2,0,0,0,0,0,1,0,0,0,0,0,0,-0.004016064
2020-10-28,1,TRUE,FALSE,39.27,39.12,37.39,39.77,3.14,58.2,50.9,50.9,1,1130.6,168.51,0.5,0.914,1.11,0.196,2345.26,23.29,1197.4,2744.14,798.87,470.36,2592.86,13.8,13.8,0.895453716,0.895453716,0.895453716,0.895453716,0.895453716,0,0,0,1,0,0,0,102.19,100.74,100.38,100.4,99.4,68,62,47819948,39400190,93.9,94.6,98,69.8,1787772,513715.6,1,50.66,798.47,1.11,40.41,58.15,50.95066667,51.43125,823.184,792.006,1.11,1.1105,41.302,41.5005,57.98,56.97,2,0,0,0,0,0,1,0,0,0,0,0,0,-0.02016129
2020-10-29,1,TRUE,FALSE,38.26,37.65,36.17,38.67,3.06,58.2,50.3,50.3,1,1131.4,168.66,0.5,0.927,1.11,0.183,2326.67,25.9,1177.02,2741.34,791.12,460.5,2633.25,10.8,10.8,-2.104546284,-2.104546284,2.104546284,2.104546284,2.104546284,0,0,0,1,0,0,0,102.19,100.74,100.38,100.4,99.4,79,69,47819948,39400190,93.9,94.6,98,69.8,1787772,513715.6,1,50.9,798.87,1.11,39.77,58.2,51.02666667,51.17625,814.48,794.4565,1.11,1.11,40.854,41.4275,58.07,57.24,2,0,0,0,0,0,1,0,0,0,0,0,0,-0.012345679
2020-10-30,1,TRUE,FALSE,37.18,37.46,35.79,37.41,3.03,58.2,50.69,50.69,1,1135.1,169.43,0.5,0.935,1.11,0.175,2267.15,31.97,1156.92,2642.8,775.03,459.04,2562.01,11.9,11.9,-1.004546284,-1.004546284,1.004546284,1.004546284,1.004546284,0,0,0,1,0,0,0,102.19,100.74,100.38,101.1,100.1,79,69,47819948,39400190,107.2,100.8,106.6,73.2,2265611,513715.6,1,50.3,791.12,1.11,38.67,58.2,50.93466667,50.87875,804.674,796.681,1.11,1.11,40.244,41.262,58.11,57.51,2,0,0,0,0,0,1,0,0,0,0,0,0,0.002083333
2020-11-02,1,TRUE,FALSE,36.3,38.97,36.81,36.59,3.03,59.9,49.99,49.12,3,1133.6,169.43,0.5,0.971,1.11,0.139,2300.16,28.65,1185.69,2678.23,789.59,461.59,2576.86,10.8,12.7,-2.104546284,-0.204546284,2.104546284,1.198484572,2.104546284,1.7,5.1,15.3,3,0,0,0,102.19,100.74,100.38,101.1,100.1,79,69,44818534,39093795,107.2,100.8,106.6,73.2,2265611,513715.6,1,50.69,775.03,1.11,37.41,58.2,50.43266667,50.74791667,793.906,797.467,1.11,1.11,39.296,41.0615,58.15,57.47,2,0,0,0,0,0,1,0,0,0,0,0,0,-0.091476091
2020-11-03,1,TRUE,FALSE,39.52,39.71,37.66,39.63,2.88,60.55,49.78,49.78,1,1134.1,169.53,0.5,0.98,1.11,0.13,2343.31,26.54,1204.85,2789.73,792,468.45,2635.14,5.1,5.1,-7.804546284,-7.804546284,7.804546284,7.804546284,7.804546284,0.5,0.5,0.5,1,0,0,0,102.19,100.18,100.38,101.1,100.1,79,69,44818534,39093795,107.2,100.8,106.6,73.2,2265611,513715.6,1,49.12,789.59,1.11,36.59,59.9,50.334,50.49441667,790.616,798.6455,1.11,1.11,38.57,40.7965,58.53,57.5325,2,0,0,0,0,0,1,0,0,0,0,0,0,0.029748284
2020-11-04,1,TRUE,FALSE,39.76,41.23,39.15,40.09,2.63,60.6,49.73,49.73,1,1137.7,169.56,0.5,0.955,1.11,0.155,2357.32,24.75,1199.75,2764.76,789.98,467.48,2700.01,4.9,4.9,-8.004546284,-8.004546284,8.004546284,8.004546284,8.004546284,0,0,0,1,0,0,650000,102.19,100.18,100.38,101.1,100.1,79,69,44818534,39093795,107.2,100.8,106.6,73.2,2265611,513715.6,1,49.78,792,1.11,39.63,60.55,50.158,50.49541667,789.322,799.246,1.11,1.11,38.414,40.8015,59.01,57.655,2,0,0,0,0,0,1,0,0,0,0,0,0,0
2020-11-05,1,TRUE,FALSE,40.69,40.93,38.79,41.12,2.69,61.45,50.25,50.25,1,1128.2,170.05,0.5,0.927,1.11,0.183,2413.79,22.16,1217.28,2886.9,807.51,473.39,2752.88,9.6,9.6,-3.304546284,-3.304546284,3.304546284,3.304546284,3.304546284,0,0,0,1,0,0,650000,102.19,100.18,100.38,101.1,100.1,79,69,44818534,39093795,107.2,100.8,106.6,73.2,2265611,513715.6,1,49.73,789.98,1.11,40.09,60.6,49.924,50.40241667,787.544,799.9475,1.11,1.11,38.478,40.7675,59.49,57.78,2,0,0,0,0,0,1,0,0,0,0,0,0,-0.008888889
2020-11-06,1,FALSE,FALSE,40.57,39.45,37.14,40.81,2.67,61.65,50.1,50.1,1,1120.4,169.55,0.5,0.943,1.11,0.167,2416.5,21.74,1218.42,2938.42,812.2,471.85,2725.38,13.5,13.5,0.595453716,0.595453716,0.595453716,0.595453716,0.595453716,0,0,0,1,0,1,650000,102.19,100.18,100.38,101.1,100.1,79,69,44818534,39093795,107.2,100.8,106.6,73.2,2265611,513715.6,1,50.25,807.51,1.11,41.12,61.45,49.914,50.36941667,790.822,801.2405,1.11,1.11,38.968,40.745,60.14,57.9525,2,0,0,0,0,0,1,0,0,0,0,0,0,-0.002242152
2020-11-09,1,TRUE,FALSE,40.34,42.4,40.29,40.62,2.63,62.05,49.77,48.60333333,3,1113.9,169.53,0.5,0.959,1.11,0.151,2447.2,21.58,1241.74,3089.29,816.14,481.85,2742.39,5.5,9.533333333,-7.404546284,-3.371212951,7.404546284,4.501515428,7.404546284,0,0.033333333,0.1,3,1,1,650000,102.19,100.18,100.38,101.1,100.1,79,69,44818534,39093795,107.2,100.8,106.6,73.2,2265611,513715.6,1,50.1,812.2,1.11,40.81,61.65,49.796,50.31591667,798.256,802.7175,1.11,1.11,39.648,40.702,60.83,58.135,2,0,0,0,0,0,1,0,0,0,0,0,0,-0.002247191
2020-11-10,1,TRUE,FALSE,42.49,43.61,41.36,42.81,2.74,62.3,50.01,50.01,1,1115.1,168.74,0.5,0.976,1.11,0.134,2452.83,21.02,1264.25,3068.68,828.62,490.62,2721.7,7.7,7.7,-5.204546284,-5.204546284,5.204546284,5.204546284,5.204546284,0,0,0,1,1,1,650000,102.19,100.18,100.38,101.1,100.1,79,69,44818534,39093795,107.2,100.8,106.6,73.2,2265611,513715.6,1,48.60333333,816.14,1.11,40.62,62.05,49.69266667,50.26833333,803.566,804.5445,1.11,1.11,40.454,40.6495,61.26,58.395,2,0,0,0,0,0,1,0,0,0,0,0,0,0
2020-11-11,1,TRUE,FALSE,44.44,43.8,41.45,44.81,2.75,62.3,49.91,49.91,1,1110,168.33,0.5,0.989,1.11,0.121,2485.87,20.68,1276.61,3012.58,830.15,497.21,2713.16,9.3,9.3,-3.604546284,-3.604546284,3.604546284,3.604546284,3.604546284,0,0,0,1,1,1,650000,102.19,100.18,100.38,101.1,100.1,79,69,44818534,39093795,107.2,100.8,106.6,73.2,2265611,513715.6,1,50.01,828.62,1.11,42.81,62.3,49.73866667,50.26183333,810.89,806.9805,1.11,1.11,41.09,40.714,61.61,58.775,2,0,0,0,0,0,1,0,0,0,0,0,0,0
2020-11-12,1,TRUE,FALSE,43.95,43.53,41.12,44.27,2.81,62.3,49.8,49.8,1,1114.8,168.18,0.5,0.969,1.11,0.141,2475.62,19.85,1270.22,3019.47,824.79,490.48,2722.05,10.4,10.4,-2.504546284,-2.504546284,2.504546284,2.504546284,2.504546284,0,0,0,1,1,1,0,55.77,100.18,100.38,101.1,100.1,79,69,44818534,39093795,107.2,100.8,106.6,73.2,2265611,513715.6,1,49.91,830.15,1.11,44.81,62.3,49.77466667,50.24083333,818.924,809.772,1.11,1.11,42.034,40.863,61.95,59.12,2,0,0,0,0,0,1,0,0,0,0,0,0,0
2020-11-13,1,TRUE,FALSE,43.15,42.78,40.13,43.4,2.82,62.25,50.32,50.32,1,1115.6,168.49,0.5,0.965,1.11,0.145,2493.87,19.77,1254.68,3007.51,828.62,489.11,2760.63,12.2,12.2,-0.704546284,-0.704546284,0.704546284,0.704546284,0.704546284,0,0,0,1,1,1,0,55.77,100.18,100.38,101.1,100.1,79,69,44818534,39093795,107.2,100.8,106.6,73.2,2265611,513715.6,1,49.8,824.79,1.11,44.27,62.3,49.68466667,50.21833333,822.38,811.534,1.11,1.11,42.664,40.9665,62.12,59.45,2,0,0,0,0,0,1,0,0,0,0,0,0,0
2020-11-16,1,TRUE,FALSE,43.74,43.82,41.34,44.11,2.62,62.3,49.66,48.88,3,1109.3,168.56,0.5,0.97,1.11,0.14,2543.03,20.5,1279.76,3008.51,831.72,501.98,2909.06,12.4,12,-0.504546284,-0.904546284,0.504546284,0.904546284,1.804546284,0,0,0,3,0,1,0,55.77,100.18,100.38,101.1,100.1,79,69,44818534,39093795,107.2,100.8,106.6,73.2,2265611,513715.6,1,50.32,828.62,1.11,43.4,62.25,49.72866667,50.20283333,825.664,812.5955,1.11,1.11,43.182,41.028,62.24,59.7475,2,0,0,0,0,0,1,0,0,0,0,0,0,-0.002252252
2020-11-17,1,TRUE,FALSE,43.87,43.75,41.43,44.13,2.55,62.4,50.15,50.15,1,1106.6,168.5,0.5,0.96,1.11,0.15,2539.15,19.72,1268.42,3030.77,830.6,502.63,2875.71,15.9,15.9,2.995453716,2.995453716,2.995453716,2.995453716,2.995453716,0.1,0.1,0.1,1,0,0,0,55.77,100.18,100.38,101.1,100.1,79,69,44818534,39093795,107.2,100.8,106.6,73.2,2265611,513715.6,1,48.88,831.72,1.11,44.11,62.3,49.784,50.17183333,828.78,812.4615,1.11,1.11,43.88,41.127,62.29,59.9975,2,0,0,0,0,0,1,0,0,0,0,0,0,0.002257336
2020-11-18,1,TRUE,FALSE,43.78,44.34,41.82,44.01,2.37,62.45,49.96,49.96,1,1103.8,168.75,0.5,0.949,1.1,0.151,2545.64,19.63,1266.44,3070.95,825.19,506.44,2878.96,16.6,16.6,3.695453716,3.695453716,3.695453716,3.695453716,3.695453716,12.2,12.2,12.2,1,0,0,0,55.77,100.18,100.38,101.1,100.1,79,69,44818534,39093795,107.2,100.8,106.6,73.2,2265611,513715.6,1,50.15,830.6,1.11,44.13,62.4,49.812,50.16483333,829.176,813.143,1.11,1.11,44.144,41.2375,62.31,60.2275,2,0,0,0,0,0,1,0,0,0,0,0,0,0.002252252
2020-11-19,1,TRUE,FALSE,44,44.2,41.74,44.37,2.19,62.65,50.26,50.26,1,1115.6,169.63,0.5,0.955,1.09,0.135,2547.42,19.41,1257.72,3085.54,819.65,502.14,2927.8,13.6,13.6,0.695453716,0.695453716,0.695453716,0.695453716,0.695453716,86.9,86.9,86.9,1,0,0,0,55.77,100.18,100.38,101.1,100.1,79,69,44818534,39093795,107.2,100.8,106.6,73.2,2265611,513715.6,1,49.96,825.19,1.1,44.01,62.45,49.822,50.13683333,828.184,812.283,1.108,1.1095,43.984,41.3375,62.34,60.4625,2,0,0,0,0,0,1,0,0,0,0,0,0,0.002247191
2020-11-20,1,TRUE,FALSE,44.19,44.96,42.15,44.42,2.22,63.35,49.99,49.99,1,1114.3,169.76,0.5,0.963,1.09,0.127,2553.5,19.21,1264.43,3097.28,824.73,506.06,2933.75,2.8,2.8,-10.10454628,-10.10454628,10.10454628,10.10454628,10.10454628,0,0,0,1,0,0,0,55.77,100.18,99.98,101.1,100.1,79,69,44818534,39093795,107.2,100.8,106.6,73.2,2265611,513715.6,1,50.26,819.65,1.09,44.37,62.65,49.914,50.11183333,827.156,811.258,1.104,1.1085,44.004,41.47,62.41,60.695,2,0,0,0,0,0,1,0,0,0,0,0,0,0.002242152
2020-11-23,1,TRUE,FALSE,45.61,46.06,43.06,45.83,2.23,63.4,50.48,49.23666667,3,1110.4,169.37,0.5,0.955,1.09,0.135,2602.59,19.79,1312.92,3122.82,830.76,508.35,2968.2,1.7,4.6,-11.20454628,-8.304546284,11.20454628,8.304546284,11.20454628,0,1.666666667,5,3,0,0,0,55.77,100.18,99.98,101.1,100.1,79,69,44818534,39093795,107.2,100.8,106.6,73.2,2265611,513715.6,1,49.99,824.73,1.09,44.42,63.35,49.848,49.95133333,826.378,811.051,1.1,1.1075,44.208,41.5835,62.63,60.9625,2,0,0,0,0,0,1,0,0,0,0,0,0,0
2020-11-24,1,TRUE,FALSE,45.86,47.86,44.91,46.12,2.47,63.5,50.46,50.46,1,1112.7,168.9,0.5,0.963,1.09,0.127,2617.76,19.81,1319.28,3192.26,843.32,516.05,2959.6,2.9,2.9,-10.00454628,-10.00454628,10.00454628,10.00454628,10.00454628,0,0,0,1,0,0,0,55.77,100.18,99.98,101.1,100.1,79,69,44818534,39093795,107.2,100.8,106.6,73.2,2265611,513715.6,1,49.23666667,830.76,1.09,45.83,63.4,49.91933333,49.9325,826.186,812.287,1.096,1.1065,44.552,41.864,62.85,61.2325,2,0,0,0,0,0,1,0,0,0,0,0,0,0.002237136
2020-11-25,1,TRUE,FALSE,47.87,48.61,45.71,48.27,2.47,63.75,50.5,50.5,1,1108.9,168.41,0.5,0.971,1.09,0.119,2601.54,20.82,1313.13,3161.62,838.83,519.07,2917.67,4.6,4.6,-8.304546284,-8.304546284,8.304546284,8.304546284,8.304546284,0,0,0,1,0,0,0,55.77,100.18,99.98,101.1,100.1,85,73,44818534,39093795,107.2,100.8,106.6,73.2,2265611,513715.6,1,50.46,843.32,1.09,46.12,63.5,49.98133333,49.9225,828.73,814.5295,1.092,1.1055,44.95,42.1495,63.07,61.5,2,0,0,0,0,0,1,0,0,0,0,0,0,0.004464286
2020-11-26,1,TRUE,FALSE,47.49,47.8,45.71,47.92,2.47,63.85,50.39,50.39,1,1104.6,168.43,0.5,0.981,1.09,0.109,2625.91,20,1298.66,3231.11,831.91,519.74,2969.86,5.6,5.6,-7.304546284,-7.304546284,7.304546284,7.304546284,7.304546284,0,0,0,1,0,0,0,55.77,100.18,99.98,101.1,100.1,85,73,44818534,39093795,107.2,100.8,106.6,73.2,2265611,513715.6,1,50.5,838.83,1.09,48.27,63.75,50.08933333,49.9025,831.458,816.5275,1.09,1.1045,45.802,42.5745,63.33,61.7775,2,0,0,0,0,0,1,0,0,0,0,0,0,0
2020-11-27,1,TRUE,FALSE,47.13,48.18,45.53,47.8,2.47,63.9,50.11,50.11,1,1103.2,167.89,0.5,0.979,1.09,0.111,2633.45,19.66,1297.37,3257.2,832.46,526.29,2981.51,4.1,4.1,-8.804546284,-8.804546284,8.804546284,8.804546284,8.804546284,0,0,0,1,0,0,0,55.77,100.18,99.98,101.1,100.1,85,73,44818534,39093795,107.2,100.8,106.6,73.2,2265611,513715.6,1,50.39,831.91,1.09,47.92,63.85,50.11533333,49.907,833.91,818.567,1.09,1.1035,46.512,43.037,63.57,62.06,2,0,0,0,0,0,1,0,0,0,0,0,0,0.004444444
2020-11-30,1,TRUE,FALSE,47.02,47.59,45.34,47.59,2.89,70.3,50.58,49.22666667,3,1106.5,168.06,0.5,0.983,1.09,0.107,2591.34,20.77,1266.89,3196.46,824.77,513.86,2952.98,-0.2,-0.3,-13.10454628,-13.20454628,13.10454628,13.20454628,13.50454628,0,0,0,3,0,0,0,55.77,100.18,99.98,101.7,100.7,85,73,44818534,39093795,103.1,102.4,103.5,73.6,2133967,513715.6,1,50.11,832.46,1.09,47.8,63.9,50.13933333,49.878,835.456,821.4385,1.09,1.1025,47.188,43.5565,63.68,62.345,2,0,0,0,0,0,1,0,0,0,0,0,0,0.004424779
2020-12-01,1,TRUE,FALSE,47.59,47.42,44.55,47.87,2.89,70.05,67.74,67.74,1,1106.2,168.65,0.5,0.982,1.09,0.108,2634.25,20.21,1321.53,3237.94,829.69,518.8,2951.04,1.1,1.1,-11.80454628,-11.80454628,11.80454628,11.80454628,11.80454628,0,0,0,1,0,0,0,55.77,100.18,99.98,101.7,100.7,85,73,45751883,39944763,103.1,102.4,103.5,73.6,2133967,513715.6,1,49.22666667,824.77,1.09,47.59,70.3,50.13733333,49.88333333,834.258,823.1975,1.09,1.1015,47.54,44.1065,65.06,62.865,2,0,0,0,0,0,1,0,0,0,0,0,0,0
2020-12-02,1,TRUE,FALSE,47.08,48.25,45.28,47.28,2.75,71.4,67.6,67.6,1,1100.8,168.05,0.5,0.982,1.09,0.108,2675.9,20.18,1342.2,3276.87,828.63,523.09,3045.57,2.4,2.4,-10.50454628,-10.50454628,10.50454628,10.50454628,10.50454628,0,0,0,1,0,0,937500,55.77,100.09,99.98,101.7,100.7,85,73,45751883,39944763,103.1,102.4,103.5,73.6,2133967,513715.6,1,67.74,829.69,1.09,47.87,70.05,53.59333333,50.78133333,831.532,825.082,1.09,1.1005,47.89,44.5185,66.37,63.34,2,0,0,0,0,0,1,0,0,0,0,0,0,0
2020-12-03,1,TRUE,FALSE,48.06,48.71,45.64,48.21,2.46,73.55,68.06,68.06,1,1097,167.38,0.5,0.975,1.09,0.115,2696.22,20.02,1346.94,3262.72,829.85,528.85,3046.01,0.7,0.7,-12.20454628,-12.20454628,12.20454628,12.20454628,12.20454628,0,0,0,1,0,0,937500,55.77,100.09,99.98,101.7,100.7,85,73,45751883,39944763,103.1,102.4,103.5,73.6,2133967,513715.6,1,67.6,828.63,1.09,47.28,71.4,57.01333333,51.67483333,829.492,827.0145,1.09,1.0995,47.692,44.878,67.9,63.88,2,0,0,0,0,0,1,0,0,0,0,0,0,0
2020-12-04,1,TRUE,FALSE,49.04,49.25,46.26,49.2,2.48,74.25,68.74,68.74,1,1082.1,165.86,0.5,0.966,1.09,0.124,2731.45,21.01,1400.86,3228.84,829.17,543.48,3077.91,-0.6,-0.6,-13.50454628,-13.50454628,13.50454628,13.50454628,13.50454628,0,0,0,1,0,1,937500,55.77,100.09,99.98,101.7,100.7,85,73,45751883,39944763,103.1,102.4,103.5,73.6,2133967,513715.6,1,68.06,829.85,1.09,48.21,73.55,60.54733333,52.56533333,829.08,828.1315,1.09,1.0985,47.75,45.2325,69.84,64.485,2,0,0,0,0,0,1,0,0,0,0,0,0,0.008810573
2020-12-07,1,TRUE,FALSE,48.29,48.79,45.76,48.62,2.39,76.3,67.84,65.53666667,3,1082.1,165.91,0.5,0.961,1.09,0.129,2745.44,21.3,1402.73,3199.57,823.17,546.54,3096.89,3.4,3.333333333,-9.504546284,-9.571212951,9.504546284,9.571212951,10.80454628,0,0,0,3,1,1,937500,55.77,100.09,99.98,101.7,100.7,85,73,45751883,39944763,103.1,102.4,103.5,73.6,2133967,513715.6,1,68.74,829.17,1.09,49.2,74.25,64.27333333,53.49733333,828.422,828.98,1.09,1.0975,48.03,45.652,71.91,65.115,2,0,0,0,0,0,1,0,0,0,0,0,0,0
2020-12-08,1,TRUE,FALSE,48.3,48.84,45.6,48.61,2.36,75.95,67.17,67.17,1,1085.4,166.5,0.5,0.959,1.09,0.131,2700.93,20.7,1380.8,3177.44,813.3,535.69,3082.13,-0.5,-0.5,-13.40454628,-13.40454628,13.40454628,13.40454628,13.40454628,0,0,0,1,1,1,937500,55.77,100.09,99.98,101.7,100.7,85,73,45751883,39944763,103.1,102.4,103.5,73.6,2133967,513715.6,1,65.53666667,823.17,1.09,48.62,76.3,67.53533333,54.344,828.102,829.3315,1.09,1.0965,48.236,46.052,73.11,65.8275,2,0,0,0,0,0,1,0,0,0,0,0,0,0.008733624
2020-12-09,1,TRUE,FALSE,49.14,48.86,45.52,49.36,2.45,76.6,68.3,68.3,1,1084.8,166.62,0.5,0.966,1.09,0.124,2755.47,20.15,1434.56,3262.56,826.45,558.18,3132.68,1.5,1.5,-11.40454628,-11.40454628,11.40454628,11.40454628,11.40454628,0,0,0,1,1,1,937500,55.77,100.09,99.98,101.7,100.7,85,73,45751883,39944763,103.1,102.4,103.5,73.6,2133967,513715.6,1,67.17,813.3,1.09,48.61,75.95,67.42133333,55.202,824.824,828.5655,1.09,1.0955,48.384,46.342,74.29,66.51,2,0,0,0,0,0,1,0,0,0,0,0,0,0.012987013
2020-12-10,1,TRUE,FALSE,49.03,50.25,46.78,49.16,2.45,77.5,67.52,67.52,1,1087.7,166.39,0.5,0.973,1.09,0.117,2746.46,20.03,1443.63,3253.83,839.97,576.64,3129.06,5.8,5.8,-7.104546284,-7.104546284,7.104546284,7.104546284,7.104546284,0,0,0,1,1,1,0,91.62,100.09,99.98,101.7,100.7,85,73,45751883,39944763,103.1,102.4,103.5,73.6,2133967,513715.6,1,68.3,826.45,1.09,49.36,76.6,67.56133333,56.1215,824.388,828.3805,1.09,1.0945,48.8,46.5695,75.33,67.225,2,0,0,0,0,0,1,0,0,0,0,0,0,0
2020-12-11,1,TRUE,FALSE,50.47,49.97,46.57,50.56,2.54,77.7,67.86,67.86,1,1090.3,167.25,0.5,0.98,1.09,0.11,2770.06,19.85,1466.65,3253.47,854.13,584.51,3122.52,5.3,5.3,-7.604546284,-7.604546284,7.604546284,7.604546284,7.604546284,0,0,0,1,1,1,0,91.62,100.09,99.98,101.7,100.7,85,73,45751883,39944763,103.1,102.4,103.5,73.6,2133967,513715.6,1,67.52,839.97,1.09,49.16,77.5,67.45333333,57.0075,826.412,829.1395,1.09,1.0935,48.99,46.814,76.12,67.985,2,0,0,0,0,0,1,0,0,0,0,0,0,0.025641026
2020-12-14,1,TRUE,FALSE,50.65,50.29,46.99,50.74,2.69,78.75,67.46,65.62333333,3,1091.8,167.34,0.5,0.986,1.09,0.104,2762.2,21.25,1446.04,3211.58,849.42,572.39,3108.76,-7.7,-2.166666667,-20.60454628,-15.07121295,20.60454628,15.07121295,20.60454628,0,0.966666667,2.9,3,0,1,0,91.62,100.09,99.98,101.7,100.7,85,73,45751883,39944763,103.1,102.4,103.5,73.6,2133967,513715.6,1,67.86,854.13,1.09,50.56,77.7,67.27733333,57.8845,831.404,830.415,1.09,1.0925,49.262,47.172,76.81,68.7575,2,0,0,0,0,0,1,0,0,0,0,0,0,0.041666667
2020-12-15,1,TRUE,FALSE,50.17,50.76,47.62,50.27,2.63,79.5,67.92,67.92,1,1093.3,167,0.5,0.984,1.09,0.106,2756.82,21.27,1426.47,3220.56,846.29,566.59,3145.71,-8.3,-8.3,-21.20454628,-21.20454628,21.20454628,21.20454628,21.20454628,0,0,0,1,0,0,0,91.62,100.09,99.98,101.7,100.7,85,73,45751883,39944763,103.1,102.4,103.5,73.6,2133967,513715.6,1,65.62333333,849.42,1.09,50.74,78.75,67.29466667,58.72166667,836.654,831.3,1.09,1.0915,49.686,47.5035,77.3,69.58,2,0,0,0,0,0,1,0,0,0,0,0,0,0.1
2020-12-16,1,TRUE,FALSE,50.85,51.08,47.82,51.05,2.73,79.25,68.18,68.18,1,1094,167.7,0.5,0.989,1.09,0.101,2771.79,20.4,1440.84,3297.82,844.13,568.81,3188.89,-8.3,-8.3,-21.20454628,-21.20454628,21.20454628,21.20454628,21.20454628,0,0,0,1,0,0,0,91.62,100.09,99.98,101.7,100.7,85,73,45751883,39944763,103.1,102.4,103.5,73.6,2133967,513715.6,1,67.92,846.29,1.09,50.27,79.5,67.44466667,59.61016667,843.252,832.0845,1.09,1.0905,50.018,47.8105,78.01,70.435,2,0,0,0,0,0,1,0,0,0,0,0,0,0.018181818
2020-12-17,1,TRUE,FALSE,51.46,51.5,48.36,51.57,2.7,79.5,68.15,68.15,1,1093.3,167.92,0.5,0.999,1.09,0.091,2770.43,19.85,1427.96,3328.96,873.2,564.79,3260.12,-4.9,-4.9,-17.80454628,-17.80454628,17.80454628,17.80454628,17.80454628,0,0,0,1,0,0,0,91.62,100.09,99.98,101.7,100.7,85,73,45751883,39944763,103.1,102.4,103.5,73.6,2133967,513715.6,1,68.18,844.13,1.09,51.05,79.25,67.42066667,60.52116667,846.788,833.0315,1.09,1.09,50.356,48.1625,78.54,71.275,2,0,0,0,0,0,1,0,0,0,0,0,0,0.089285714
2020-12-18,1,TRUE,FALSE,51.11,52.26,49.1,51.18,2.73,80,68.58,68.58,1,1099.7,168.34,0.5,0.963,1.09,0.127,2772.18,19.57,1432.15,3298.78,900.74,576.53,3224.84,-2.1,-2.1,-15.00454628,-15.00454628,15.00454628,15.00454628,15.00454628,0.2,0.2,0.2,1,0,0,0,91.62,100.09,99.98,101.7,100.7,85,73,45751883,39944763,103.1,102.4,103.5,73.6,2133967,513715.6,1,68.15,873.2,1.09,51.57,79.5,67.54666667,61.41566667,853.434,835.709,1.09,1.09,50.838,48.5225,78.94,72.1175,2,0,0,0,0,0,1,0,0,0,0,0,0,0
2020-12-21,1,TRUE,FALSE,50.26,50.91,47.74,50.37,2.68,79.85,67.9,66.11666667,3,1102.7,168.71,0.5,0.959,1.09,0.131,2778.65,20.54,1445.1,3310.59,889.25,578.59,3209.88,-1,-3.266666667,-13.90454628,-16.17121295,13.90454628,16.17121295,18.00454628,0,0,0,3,0,0,0,91.62,100.09,99.98,101.7,100.7,85,73,45751883,39944763,103.1,102.4,103.5,73.6,2133967,513715.6,1,68.58,900.74,1.09,51.18,80,67.69066667,62.34516667,862.756,839.5095,1.09,1.09,50.962,48.8605,79.4,72.95,2,0,0,0,0,0,1,0,0,0,0,0,0,-0.1
2020-12-22,1,TRUE,FALSE,49.75,50.08,47.02,49.81,2.76,80,67.79,67.79,1,1107.4,169.32,0.5,0.945,1.09,0.145,2733.68,22.85,1399.04,3224.28,890.08,561.78,3128,2,2,-10.90454628,-10.90454628,10.90454628,10.90454628,10.90454628,0,0,0,1,0,0,0,91.62,100.09,100.06,101.7,100.7,85,73,45751883,39944763,103.1,102.4,103.5,73.6,2133967,513715.6,1,66.11666667,889.25,1.09,50.37,79.85,67.78933333,63.18916667,870.722,842.434,1.09,1.09,50.888,49.0875,79.62,73.7725,2,0,0,0,0,0,1,0,0,0,0,0,0,0.02003643
2020-12-23,1,TRUE,FALSE,49.61,51.2,48.12,49.63,2.76,79.85,67.44,67.44,1,1107.9,169.52,0.5,0.932,1.09,0.158,2759.82,21.52,1402.3,3234.86,878.11,557.87,3186.88,4.5,4.5,-8.404546284,-8.404546284,8.404546284,8.404546284,8.404546284,0,0,0,1,0,0,0,91.62,100.09,100.06,101.7,100.7,85,73,45751883,39944763,103.1,102.4,103.5,73.6,2133967,513715.6,1,67.79,890.08,1.09,49.81,80,67.76333333,64.05566667,879.48,844.772,1.09,1.09,50.796,49.272,79.72,74.5975,2,0,0,0,0,0,1,0,0,0,0,0,0,-0.017857143
2020-12-24,1,TRUE,FALSE,51.28,51.29,48.23,51.4,2.68,79.85,68.03,68.03,1,1103,169.19,0.5,0.95,1.09,0.14,2806.86,21.53,1412.87,3275.5,877.68,565.06,3251.46,2.6,2.6,-10.30454628,-10.30454628,10.30454628,10.30454628,10.30454628,0,0,0,1,0,0,0,91.62,100.09,100.06,101.7,100.7,85,73,45751883,39944763,103.1,102.4,103.5,73.6,2133967,513715.6,1,67.44,878.11,1.09,49.63,79.85,67.61533333,64.90266667,886.276,846.736,1.09,1.09,50.512,49.34,79.84,75.4025,2,0,0,0,0,0,1,0,0,0,0,0,0,0
2020-12-28,1,TRUE,FALSE,51.07,50.86,47.62,51.17,2.39,85.35,67.46,65.41,4,1096.7,168.14,0.5,0.958,1.09,0.132,2808.6,23.14,1413.13,3264.69,883.87,556.76,3292.9,6.7,3.475,-6.204546284,-9.429546284,6.204546284,9.429546284,13.70454628,1.3,0.325,1.3,4,0,0,0,91.62,100.09,100.06,101.7,100.7,85,73,45751883,39944763,103.1,102.4,103.5,73.6,2133967,513715.6,1,68.03,877.68,1.09,51.4,79.85,67.59133333,65.78466667,887.172,849.0245,1.09,1.09,50.478,49.514,79.91,76.2025,2,0,0,0,0,0,1,0,0,0,0,0,0,-0.018181818
2020-12-29,1,TRUE,FALSE,50.97,51.09,48,51.18,2.4,84.2,67.27,67.27,1,1092.1,167.52,0.5,0.973,1.09,0.117,2820.51,21.63,1416.86,3317.15,869.95,559.68,3338.64,0.1,0.1,-12.80454628,-12.80454628,12.80454628,12.80454628,12.80454628,0.2,0.2,0.2,1,0,0,0,91.62,100.09,100.06,101.7,100.7,85,73,45751883,39944763,103.1,102.4,103.5,73.6,2133967,513715.6,1,65.41,883.87,1.09,51.17,85.35,66.95733333,66.54966667,883.798,851.595,1.09,1.09,50.476,49.6825,80.98,77.275,2,0,0,0,0,0,1,0,0,0,0,0,0,-0.092592593
2020-12-30,1,TRUE,FALSE,51.05,51.34,48.4,51.18,2.36,81.6,66.78,66.78,1,1086.3,167.02,0.5,0.978,1.09,0.112,2873.47,22.09,1433.52,3379.99,881.41,570.29,3432.62,-10.9,-10.9,-23.80454628,-23.80454628,23.80454628,23.80454628,23.80454628,0,0,0,1,0,0,0,91.62,100.09,100.06,102.4,101.5,82,68,45751883,39944763,106.2,103.2,100.2,73.7,1948171,513715.6,1,67.27,869.95,1.09,51.18,84.2,67.188,67.45183333,879.938,853.854,1.09,1.09,50.638,49.862,81.85,77.97,2,0,0,0,0,0,1,0,0,0,0,0,0,-0.06122449
2021-01-04,2,TRUE,FALSE,52.49,51.09,47.62,52.55,2.6,81.2,70.34,67.824,5,1082.1,167.81,0.5,0.954,1.09,0.136,2944.45,24.81,1460.07,3601.92,875.65,586.92,3526.35,-3.5,-5.44,-16.40454628,-18.34454628,16.40454628,18.34454628,21.80454628,0,0,0,5,0,0,0,91.62,100.33,100.06,102.4,101.5,82,68,51332449,44638246,106.2,103.2,100.2,73.7,1948171,513715.6,1,66.78,881.41,1.09,51.18,81.6,66.986,67.40383333,878.204,856.44,1.09,1.09,50.912,50.0275,82.17,78.5475,3,0,0,0,0,0,1,0,0,0,0,0,0,0
2021-01-05,2,TRUE,FALSE,50.5,53.6,49.93,50.58,2.77,80.35,71.9,71.9,1,1087.6,168.85,0.5,0.936,1.07,0.134,2990.57,26.22,1546.73,3684.22,880.89,609.95,3555.88,-5.5,-5.5,-18.40454628,-18.40454628,18.40454628,18.40454628,18.40454628,0,0,0,1,0,0,0,91.62,100.33,100.06,102.4,101.5,82,68,51332449,44638246,106.2,103.2,100.2,73.7,1948171,513715.6,1,67.824,875.65,1.09,52.55,81.2,67.0628,67.41503333,877.712,858.791,1.09,1.09,51.496,50.291,82.44,79.0375,3,0,0,0,0,0,1,0,0,0,0,0,0,0
2021-01-06,2,TRUE,FALSE,53.51,54.3,50.63,53.54,2.76,79.45,72.07,72.07,1,1085.6,168.67,0.5,0.953,1.06,0.107,2968.21,27.6,1522.22,3708.44,887.41,613.44,3554.07,-7.4,-7.4,-20.30454628,-20.30454628,20.30454628,20.30454628,20.30454628,2.3,2.3,2.3,1,0,0,400000,91.62,100.33,100.06,102.4,101.5,82,68,51332449,44638246,106.2,103.2,100.2,73.7,1948171,513715.6,1,71.9,880.89,1.07,50.58,80.35,67.8368,67.60703333,878.354,861.343,1.086,1.089,51.332,50.4095,82.54,79.3775,3,0,0,0,0,0,1,0,0,0,0,0,0,-0.02173913
2021-01-07,2,TRUE,FALSE,54.52,54.38,50.83,54.52,2.81,81.05,72.69,72.69,1,1087.3,168.77,0.5,0.964,1.05,0.086,3031.68,26.75,1568.3,3850.6,888.96,620.96,3601.41,-14.5,-14.5,-27.40454628,-27.40454628,27.40454628,27.40454628,27.40454628,0,0,0,1,0,0,400000,91.62,100.33,100.06,102.4,101.5,82,68,51332449,44638246,106.2,103.2,100.2,73.7,1948171,513715.6,1,72.07,887.41,1.06,53.54,79.45,69.1688,67.77353333,879.062,864.255,1.08,1.0875,51.806,50.6265,81.36,79.6375,3,0,0,0,0,0,1,0,0,0,0,0,0,-0.066666667
2021-01-08,2,TRUE,FALSE,54.58,55.99,52.24,54.6,2.77,84.3,72.6,72.6,1,1089.8,168.75,0.5,0.978,1.04,0.062,3152.18,29.18,1590.96,3954.76,894.27,623.67,3640.44,-14.9,-14.9,-27.80454628,-27.80454628,27.80454628,27.80454628,27.80454628,0,0,0,1,0,1,400000,91.62,100.33,100.06,102.4,101.5,82,68,51332449,44638246,106.2,103.2,100.2,73.7,1948171,513715.6,1,72.69,888.96,1.05,54.52,81.05,70.2528,68.1312,882.864,867.5445,1.072,1.0855,52.474,50.9215,80.73,79.875,3,0,0,0,0,0,1,0,0,0,0,0,0,-0.057142857
2021-01-11,2,TRUE,FALSE,55.33,55.66,52.25,55.31,2.71,84.5,72.86,70.85,3,1097.3,169.4,0.5,0.969,1.03,0.061,3148.45,35.65,1535.04,3942.07,877.29,625.31,3622.74,-6.7,-8.866666667,-19.60454628,-21.77121295,19.60454628,21.77121295,25.10454628,0,0,0,3,1,1,400000,91.62,100.33,100.06,102.4,101.5,82,68,51332449,44638246,106.2,103.2,100.2,73.7,1948171,513715.6,1,72.6,894.27,1.04,54.6,84.3,71.4168,68.4027,885.436,871.593,1.062,1.083,53.158,51.221,81.27,80.2925,3,0,0,0,0,0,1,0,0,0,0,0,0,-0.015151515
2021-01-12,2,TRUE,FALSE,55.71,56.58,53.21,55.7,2.89,86.5,74.29,74.29,1,1099.9,170.29,0.5,0.976,1.02,0.044,3125.95,34.95,1510.79,3883.79,886.68,629.58,3621.49,-3.9,-3.9,-16.80454628,-16.80454628,16.80454628,16.80454628,16.80454628,2.6,2.6,2.6,1,1,1,400000,91.62,100.33,100.06,102.4,101.5,82,68,51332449,44638246,106.2,103.2,100.2,73.7,1948171,513715.6,1,70.85,877.29,1.03,55.31,84.5,72.022,68.5302,885.764,874.135,1.05,1.08,53.71,51.5185,81.93,80.6875,3,0,0,0,0,0,1,0,0,0,0,0,0,-0.030769231
2021-01-13,2,TRUE,FALSE,56.44,56.06,52.91,56.44,2.82,87.3,73.15,73.15,1,1095.1,169.95,0.5,0.979,1.02,0.041,3148.29,32,1527.36,3926.55,883.74,626.18,3640.3,2,2,-10.90454628,-10.90454628,10.90454628,10.90454628,10.90454628,0,0,0,1,1,1,400000,91.62,100.33,100.06,102.4,101.5,82,68,51332449,44638246,106.2,103.2,100.2,73.7,1948171,513715.6,1,74.29,886.68,1.02,55.7,86.5,72.5,68.8687,886.922,876.4705,1.04,1.0765,54.734,51.8455,83.16,81.1375,3,0,0,0,0,0,1,0,0,0,0,0,0,-0.095238095
2021-01-14,2,TRUE,FALSE,55.7,56.42,53.57,55.71,2.82,87.25,72.11,72.11,1,1098,169.76,0.5,0.988,1.02,0.032,3149.93,29.68,1523.03,3916.22,896.26,633.97,3622.3,1.7,1.7,-11.20454628,-11.20454628,11.20454628,11.20454628,11.20454628,0,0,0,1,1,1,0,75.25,100.33,100.06,102.4,101.5,82,68,51332449,44638246,106.2,103.2,100.2,73.7,1948171,513715.6,1,73.15,883.74,1.02,56.44,87.3,72.716,69.1332,886.188,877.951,1.032,1.073,55.314,52.1395,84.73,81.6175,3,0,0,0,0,0,1,0,0,0,0,0,0,-0.064327485
2021-01-15,2,TRUE,FALSE,55.39,55.1,52.36,55.37,2.86,87.4,70.44,70.44,1,1099.4,169.96,0.5,0.973,1.02,0.047,3085.9,31.56,1495.73,3845.63,888.34,620.63,3624.04,4.5,4.5,-8.404546284,-8.404546284,8.404546284,8.404546284,8.404546284,0.2,0.2,0.2,1,1,1,0,75.25,100.33,100.06,102.4,101.5,82,68,51332449,44638246,106.2,103.2,100.2,73.7,1948171,513715.6,1,72.11,896.26,1.02,55.71,87.25,72.6,69.45753333,887.648,880.293,1.026,1.0695,55.552,52.388,85.97,82.0425,3,0,0,0,0,0,1,0,0,0,0,0,0,0.0375
2021-01-18,2,TRUE,FALSE,54.19,54.75,52.36,54.19,2.86,86.4,70.73,69.19,3,1103.9,170.01,0.5,0.968,1.02,0.052,3013.93,33.18,1460.43,3750.84,889.88,616.92,3629.01,-3.8,-4.733333333,-16.70454628,-17.63787962,16.70454628,17.63787962,18.40454628,0.3,0.1,0.3,3,0,1,0,75.25,100.33,100.06,102.4,101.5,82,68,51332449,44638246,106.2,103.2,100.2,73.7,1948171,513715.6,1,70.44,888.34,1.02,55.37,87.4,72.168,69.58353333,886.462,882.3955,1.022,1.066,55.706,52.643,86.59,82.4375,3,0,0,0,0,0,1,0,0,0,0,0,0,0.084337349
2021-01-19,2,TRUE,FALSE,55.19,55.9,52.98,55.19,2.65,85,71.84,71.84,1,1102.9,169.88,0.5,0.974,1.02,0.046,3092.66,34.08,1513.42,3901.71,895.81,640.04,3684.29,-6.3,-6.3,-19.20454628,-19.20454628,19.20454628,19.20454628,19.20454628,0,0,0,1,0,0,0,75.25,100.33,100.06,102.4,101.5,82,68,51332449,44638246,106.2,103.2,100.2,73.7,1948171,513715.6,1,69.19,889.88,1.02,54.19,86.4,71.836,69.63403333,888.98,884.683,1.02,1.0625,55.482,52.8,86.97,82.795,3,0,0,0,0,0,1,0,0,0,0,0,0,0.005555556
2021-01-20,2,TRUE,FALSE,56.24,56.08,53.24,56.26,2.57,85.5,71.73,71.73,1,1100.3,170.16,0.5,0.976,1.02,0.044,3114.55,33.32,1521.65,3959.05,891.97,643.75,3831.61,-0.1,-0.1,-13.00454628,-13.00454628,13.00454628,13.00454628,13.00454628,0,0,0,1,0,0,0,75.25,100.33,100.06,102.4,101.5,82,68,51332449,44638246,106.2,103.2,100.2,73.7,1948171,513715.6,1,71.84,895.81,1.02,55.19,85,71.346,69.81853333,890.806,885.8135,1.02,1.059,55.38,52.981,86.67,83.07,3,0,0,0,0,0,1,0,0,0,0,0,0,0.049723757
2021-01-21,2,TRUE,FALSE,55.49,56.1,53.13,55.47,2.49,85.5,71.26,71.26,1,1098.2,170,0.5,0.971,1.02,0.049,3160.84,30.63,1531.94,3991.11,886.35,641.92,3848.03,4.5,4.5,-8.404546284,-8.404546284,8.404546284,8.404546284,8.404546284,9.2,9.2,9.2,1,0,0,0,75.25,100.33,100.84,102.4,101.5,82,68,51332449,44638246,106.2,103.2,100.2,73.7,1948171,513715.6,1,71.73,891.97,1.02,56.26,85.5,71.062,69.97603333,892.452,885.375,1.02,1.0555,55.344,53.235,86.31,83.345,3,0,0,0,0,0,1,0,0,0,0,0,0,0.1
2021-01-22,2,TRUE,FALSE,55.2,55.41,52.27,55.19,2.45,85.9,70.99,70.99,1,1103.2,170.33,0.5,0.993,1.02,0.027,3140.63,29.36,1505.12,3982.8,886.38,647.06,3770.97,5.5,5.5,-7.404546284,-7.404546284,7.404546284,7.404546284,7.404546284,0.1,0.1,0.1,1,0,0,0,75.25,100.33,100.84,102.4,101.5,82,68,51332449,44638246,106.2,103.2,100.2,73.7,1948171,513715.6,1,71.26,886.35,1.02,55.47,85.5,70.892,70.2332,890.47,885.23,1.02,1.052,55.296,53.49,85.96,83.6275,3,0,0,0,0,0,1,0,0,0,0,0,0,0.004784689
2021-01-25,2,TRUE,FALSE,55.41,55.88,52.77,55.41,2.63,85.95,69.49,68.29333333,3,1100.7,169.73,0.5,1.006,1.02,0.014,3208.99,28.97,1522.09,4044.4,889.53,648.76,3874.53,7.9,7.6,-5.004546284,-5.304546284,5.004546284,5.304546284,5.604546284,0,0,0,3,0,0,0,75.25,100.33,100.84,102.4,101.5,82,68,51332449,44638246,106.2,103.2,100.2,73.7,1948171,513715.6,1,70.99,886.38,1.02,55.19,85.9,71.002,70.3932,890.078,885.045,1.02,1.0485,55.26,53.759,85.66,83.9225,3,0,0,0,0,0,1,0,0,0,0,0,0,0.038095238
2021-01-26,2,TRUE,FALSE,55.32,55.91,52.61,55.34,2.73,86,69.82,69.82,1,1106.5,170.57,0.5,1.007,1.02,0.013,3140.31,29.99,1485.19,4027.97,889.05,635.54,3834.38,5.3,5.3,-7.604546284,-7.604546284,7.604546284,7.604546284,7.604546284,1.7,1.7,1.7,1,0,0,0,75.25,100.33,100.84,102.4,101.5,82,68,51332449,44638246,106.2,103.2,100.2,73.7,1948171,546238.3,1,68.29333333,889.53,1.02,55.41,85.95,70.82266667,70.43586667,890.008,885.616,1.02,1.045,55.504,54.048,85.57,84.2275,3,0,0,0,0,0,1,0,0,0,0,0,0,-0.04587156
2021-01-27,2,TRUE,FALSE,55.74,55.81,52.85,55.74,2.77,86.2,70.65,70.65,1,1104.4,170.64,0.5,0.982,1.02,0.038,3122.56,29.41,1469.13,3961.45,884.57,631.14,3770.88,1.7,1.7,-11.20454628,-11.20454628,11.20454628,11.20454628,11.20454628,0,0,0,1,0,0,0,75.25,100.33,100.84,102.4,101.5,82,68,51332449,44638246,106.2,103.2,100.2,73.7,1948171,546238.3,1,69.82,889.05,1.02,55.34,86,70.41866667,70.52536667,888.656,886.1845,1.02,1.0415,55.534,54.245,85.77,84.535,3,0,0,0,0,0,1,0,0,0,0,0,0,-0.038461538
2021-01-28,2,TRUE,FALSE,54.77,55.53,52.34,54.77,2.76,86.3,70.3,70.3,1,1119.6,172.23,0.5,0.977,1.02,0.043,3069.05,33.09,1424.54,3952.15,868.59,620.77,3656.85,-2.6,-2.6,-15.50454628,-15.50454628,15.50454628,15.50454628,15.50454628,2,2,2,1,0,0,0,75.25,100.33,100.84,102.4,101.5,85,70,51332449,44638246,106.2,103.2,100.2,73.7,1948171,546238.3,1,70.65,884.57,1.02,55.74,86.2,70.20266667,70.78736667,887.176,886.2195,1.02,1.038,55.43,54.4735,85.91,84.5775,3,0,0,0,0,0,1,0,0,0,0,0,0,0.005
2021-01-29,2,TRUE,FALSE,54.65,55.88,52.2,54.65,2.68,86.2,71.62,71.62,1,1118.8,172.82,0.5,0.971,1.01,0.039,2976.21,35.73,1385.7,3853.67,852,593.76,3542.93,-8.8,-8.8,-21.70454628,-21.70454628,21.70454628,21.70454628,21.70454628,0,0,0,1,0,0,0,75.25,100.33,100.84,103,101.6,85,70,51332449,44638246,111.4,106.5,110.1,74,2543197,546238.3,1,70.3,868.59,1.02,54.77,86.3,70.01066667,70.93886667,883.624,886.1515,1.02,1.0345,55.29,54.653,86.07,84.6825,3,0,0,0,0,0,1,0,0,0,0,0,0,-0.034825871
2021-02-01,2,TRUE,FALSE,55,56.35,53.55,55.05,2.88,85.65,74.89,69.60666667,3,1116.5,172.76,0.5,0.994,1.01,0.016,3056.53,34.16,1419.43,4051.03,851.75,620.22,3633.69,5,2.2,-7.904546284,-10.70454628,7.904546284,10.70454628,14.50454628,0.7,0.4,1.2,3,0,0,0,75.25,100.33,100.84,103,101.6,85,70,48006974,44456822,111.4,106.5,110.1,74,2543197,546238.3,1,71.62,852,1.01,54.65,86.2,70.13666667,71.18086667,876.748,884.681,1.018,1.0305,55.182,54.8265,86.13,84.9125,3,0,0,0,0,0,1,0,0,0,0,0,0,-0.020618557
2021-02-02,2,TRUE,FALSE,56.77,57.46,54.76,56.78,3.24,85,76.16,76.16,1,1117.7,172.64,0.5,0.98,1.01,0.03,3096.81,33.4,1449.49,4119.2,859.96,624.83,3680.53,-5.6,-5.6,-18.50454628,-18.50454628,18.50454628,18.50454628,18.50454628,0,0,0,1,0,0,0,75.25,101.04,100.84,103,101.6,85,70,48006974,44456822,111.4,106.5,110.1,74,2543197,546238.3,1,69.60666667,851.75,1.01,55.05,85.65,70.39933333,71.27,869.192,883.486,1.016,1.0265,55.11,54.9515,86.07,85.135,3,0,0,0,0,0,1,0,0,0,0,0,0,-0.005263158
2021-02-03,2,TRUE,FALSE,57.64,58.46,55.69,57.7,3.01,83.75,77.07,77.07,1,1114.9,172.47,0.5,0.978,1,0.022,3129.68,31.29,1450.62,4172.8,859.24,644.55,3700.35,-3.2,-3.2,-16.10454628,-16.10454628,16.10454628,16.10454628,16.10454628,3.4,3.4,3.4,1,0,0,0,75.25,101.04,100.84,103,101.6,85,70,48006974,44456822,111.4,106.5,110.1,74,2543197,546238.3,1,76.16,859.96,1.01,56.78,85,71.66733333,71.483,863.374,882.4395,1.014,1.0235,55.398,55.2615,85.87,85.3675,3,0,0,0,0,0,1,0,0,0,0,0,0,0.005291005
2021-02-04,2,TRUE,FALSE,58.36,58.84,56.23,58.38,2.99,84.4,76.7,76.7,1,1118.5,172.98,0.5,0.984,1,0.016,3087.55,32.06,1448.18,4149.36,859.26,630.45,3628.7,-3.6,-3.6,-16.50454628,-16.50454628,16.50454628,16.50454628,16.50454628,0.1,0.1,0.1,1,0,0,0,75.25,101.04,100.84,103,101.6,85,70,48006974,44456822,111.4,106.5,110.1,74,2543197,546238.3,1,77.07,859.24,1,57.7,83.75,72.95133333,71.733,858.308,881.031,1.01,1.0205,55.79,55.4695,85.38,85.5825,3,0,0,0,0,0,1,0,0,0,0,0,0,0.005263158
2021-02-05,2,TRUE,FALSE,58.94,59.34,56.85,58.97,3.49,86.65,76.16,76.16,1,1123.7,173.41,0.5,0.982,1,0.018,3120.63,28.65,1450.37,4202.47,863.41,631.89,3650.64,1.4,1.4,-11.50454628,-11.50454628,11.50454628,11.50454628,11.50454628,0,0,0,1,0,0,0,75.25,101.04,100.84,103,101.6,85,70,48006974,44456822,111.4,106.5,110.1,74,2543197,546238.3,1,76.7,859.26,1,58.38,84.4,74.23133333,71.9335,856.442,879.546,1.006,1.018,56.512,55.6625,85,85.75,3,0,0,0,0,0,1,0,0,0,0,0,0,-0.005235602
2021-02-08,2,TRUE,FALSE,59.8,60.56,57.97,59.78,3.4,87.5,77.86,74.52333333,3,1119.6,173.64,0.5,1.001,1,-0.001,3091.24,27.33,1453.59,4128.01,888.17,633.11,3615.92,-3.1,2.433333333,-16.00454628,-10.47121295,16.00454628,10.47121295,16.00454628,0,0,0,3,0,0,0,75.25,101.04,100.84,103,101.6,85,70,48006974,44456822,111.4,106.5,110.1,74,2543197,546238.3,1,76.16,863.41,1,58.97,86.65,75.13933333,72.1115,858.724,878.003,1.004,1.016,57.376,55.881,85.09,85.8675,3,0,0,0,0,0,1,0,0,0,0,0,0,0.005263158
2021-02-09,2,TRUE,FALSE,60.49,61.09,58.36,60.49,3.35,87.3,77.85,77.85,1,1116.6,173.33,0.5,0.99,1,0.01,3084.67,25.21,1457.07,4112.39,904.83,633.35,3629.4,-0.9,-0.9,-13.80454628,-13.80454628,13.80454628,13.80454628,13.80454628,0,0,0,1,0,0,0,75.25,101.04,100.84,103,101.6,85,70,48006974,44456822,111.4,106.5,110.1,74,2543197,546238.3,1,74.52333333,888.17,1,59.78,87.5,76.12266667,72.29516667,866.008,878.547,1.002,1.0145,58.322,56.1045,85.46,86.0175,3,0,0,0,0,0,1,0,0,0,0,0,0,-0.005235602
2021-02-10,2,TRUE,FALSE,60.39,61.47,58.68,60.48,3.76,87.6,75.35,75.35,1,1107,172.29,0.5,0.995,1,0.005,3100.58,26.43,1464.2,4174.3,900.93,642.35,3636.16,3.4,3.4,-9.504546284,-9.504546284,9.504546284,9.504546284,9.504546284,0,0,0,1,0,0,0,75.25,101.04,100.84,103,101.6,85,70,48006974,44456822,111.4,106.5,110.1,74,2543197,546238.3,1,77.85,904.83,1,60.49,87.3,76.46066667,72.47316667,874.982,879.4545,1,1.0135,59.064,56.344,85.92,86.0575,3,0,0,0,0,0,1,0,0,0,0,0,0,0.005263158
2021-02-15,2,TRUE,FALSE,62.48,63.3,58.68,62.58,3.76,87.05,75.79,70.652,5,1101.4,172.01,0.5,0.998,1,0.002,3147,26.22,1461.24,4199.39,904.93,646.83,3822,1.2,6.06,-11.70454628,-6.844546284,11.70454628,6.844546284,11.70454628,1.4,0.28,1.4,5,0,0,0,75.25,101.04,100.84,103,101.6,85,70,48006974,44456822,111.4,106.5,110.1,74,2543197,546238.3,1,75.35,900.93,1,60.48,87.6,76.11666667,72.58316667,883.32,880.314,1,1.0125,59.62,56.546,86.69,86.0725,3,0,0,0,0,0,1,0,0,0,0,0,0,0
2021-02-16,2,TRUE,FALSE,62.3,63.35,60.05,62.47,11.32,86.55,77.94,77.94,1,1100.1,171.56,0.5,0.984,1,0.016,3163.25,25.08,1484.29,4217.83,904.5,650.73,3868.27,-5.1,-5.1,-18.00454628,-18.00454628,18.00454628,18.00454628,18.00454628,1.5,1.5,1.5,1,0,0,0,75.25,101.04,100.84,103,101.6,85,70,48006974,44456822,111.4,106.5,110.1,74,2543197,546238.3,1,70.652,904.93,1,62.58,87.05,74.90706667,72.51026667,892.454,880.7475,1,1.0115,60.46,56.8895,87.22,86.0625,3,0,0,0,0,0,1,0,0,0,0,0,0,-0.005235602
2021-02-17,2,TRUE,FALSE,62.8,64.34,61.14,63.03,23.86,86,78.26,78.26,1,1107.5,171.98,0.5,0.986,1,0.014,3133.73,25.58,1508.32,4205.19,911.45,651.87,3839.85,-8.3,-8.3,-21.20454628,-21.20454628,21.20454628,21.20454628,21.20454628,0,0,0,1,0,0,0,75.25,101.04,100.84,103,101.6,85,70,48006974,44456822,111.4,106.5,110.1,74,2543197,546238.3,1,77.94,904.5,1,62.47,86.55,75.26306667,72.88526667,900.672,881.5555,1,1.0105,61.16,57.2445,87.2,86.02,3,0,0,0,0,0,1,0,0,0,0,0,0,0
2021-02-18,2,TRUE,FALSE,63.26,63.93,60.52,63.48,8.56,85.75,79.11,79.11,1,1107.6,171.87,0.5,0.985,1,0.015,3086.66,26.1,1476.68,4136.9,904.67,647.73,3733.69,-5.8,-5.8,-18.70454628,-18.70454628,18.70454628,18.70454628,18.70454628,0,0,0,1,0,0,0,75.25,101.04,100.84,103,101.6,85,70,48006974,44456822,111.4,106.5,110.1,74,2543197,546238.3,1,78.26,911.45,1,63.03,86,76.0104,73.33876667,905.328,882.634,1,1.0095,61.81,57.6865,86.9,86,3,0,0,0,0,0,1,0,0,0,0,0,0,-0.005263158
2021-02-19,2,TRUE,FALSE,60.83,62.91,59.24,60.9,4.96,86,78.02,78.02,1,1105.9,171.23,0.5,0.996,1,0.004,3107.62,26.86,1471.59,4138.96,897,660.52,3804.63,1.6,1.6,-11.30454628,-11.30454628,11.30454628,11.30454628,11.30454628,0,0,0,1,0,0,0,75.25,101.04,101.96,103,101.6,85,70,48006974,44456822,111.4,106.5,110.1,74,2543197,546238.3,1,79.11,904.67,1,63.48,85.75,76.2624,73.70226667,905.296,883.077,1,1.0085,62.408,58.101,86.59,86.0375,3,0,0,0,0,0,1,0,0,0,0,0,0,0.005291005
2021-02-22,2,TRUE,FALSE,61.28,65.24,61.49,61.35,3.16,85.75,77.54,75.11666667,3,1110.4,171.75,0.5,1.02,1,-0.02,3079.75,27.64,1519.47,4045.71,887.87,650.84,3757.31,7.8,9.133333333,-5.104546284,-3.771212951,5.104546284,3.771212951,5.104546284,0,0,0,3,0,0,0,75.25,101.04,101.96,103,101.6,85,70,48006974,44456822,111.4,106.5,110.1,74,2543197,546238.3,1,78.02,897,1,60.9,86,76.7964,74.01676667,904.51,883.3285,1,1.0075,62.492,58.333,86.27,86.0625,3,0,0,0,0,0,1,0,0,0,0,0,0,0
2021-02-23,2,TRUE,FALSE,63.54,65.37,61.67,63.59,2.94,85.5,76.04,76.04,1,1110.6,171.8,0.5,1.02,1,-0.02,3070.09,27.16,1543.95,4026.65,887.92,655.4,3708.62,0,0,-12.90454628,-12.90454628,12.90454628,12.90454628,12.90454628,0,0,0,1,0,0,0,75.25,101.04,101.96,103,101.6,85,70,48006974,44456822,111.4,106.5,110.1,74,2543197,546238.3,1,75.11666667,887.87,1,61.35,85.75,77.68933333,74.2096,901.098,883.4045,1,1.0065,62.246,58.627,86.01,86.075,3,0,0,0,0,0,1,0,0,0,0,0,0,0
2021-02-24,2,TRUE,FALSE,62.89,67.04,63.22,62.92,2.8,85.5,76.17,76.17,1,1112.2,172.2,0.5,1.006,1,-0.006,2994.98,28.93,1506.24,3841.36,875.25,625.88,3603.9,2.9,2.9,-10.00454628,-10.00454628,10.00454628,10.00454628,10.00454628,0,0,0,1,0,0,0,75.25,101.04,101.96,103,101.6,82,72,48006974,44456822,111.4,106.5,110.1,74,2543197,546238.3,1,76.04,887.92,1,63.59,85.5,77.30933333,74.4621,897.782,883.4815,1,1.0055,62.47,59.047,85.8,86.055,3,0,0,0,0,0,1,0,0,0,0,0,0,0
2021-02-25,2,TRUE,FALSE,65.39,66.88,63.53,65.41,2.72,85.5,75.53,75.53,1,1107.8,171.8,0.5,0.995,1,0.005,3099.69,27.92,1554.78,3976.61,878.67,642.88,3777.07,4.2,4.2,-8.704546284,-8.704546284,8.704546284,8.704546284,8.704546284,0,0,0,1,0,0,0,75.25,101.04,101.96,103,101.6,82,72,48006974,44456822,111.4,106.5,110.1,74,2543197,546238.3,1,76.17,875.25,1,62.92,85.5,76.89133333,74.85593333,890.542,882.7675,1,1.0045,62.448,59.4225,85.7,86.0325,3,0,0,0,0,0,1,0,0,0,0,0,0,-0.002631579
2021-02-26,2,TRUE,FALSE,64.29,66.13,61.5,64.3,2.66,85.1,76.17,76.17,1,1123.5,173.34,0.5,1.02,1,-0.02,3012.95,31.34,1522.49,3842.92,863.2,624.16,3673.51,8.2,8.2,-4.704546284,-4.704546284,4.704546284,4.704546284,4.704546284,0,0,0,1,0,0,0,75.25,101.04,101.96,103,101.6,82,72,48006974,44456822,111.4,106.5,110.1,74,2543197,546238.3,1,75.53,878.67,1,65.41,85.5,76.17533333,75.14143333,885.342,882.2485,1,1.0035,62.834,59.926,85.65,86.0075,3,0,0,0,0,0,1,0,0,0,0,0,0,0
2021-03-02,2,TRUE,FALSE,61.41,62.7,59.75,61.41,2.87,87.5,83.61,77.1125,4,1124,173.42,0.5,1.021,1,-0.021,3043.87,30.97,1525.23,3901.1,865.24,622.43,3720.59,2.3,6.075,-10.60454628,-6.829546284,10.60454628,6.829546284,10.60454628,0.1,16.9,67.6,4,0,0,0,75.25,101.04,101.96,103.7,101.5,82,72,44706907,42404636,103,104.4,107.7,73.6,2834172,546238.3,1,76.17,863.2,1,64.3,85.1,75.80533333,75.41743333,878.582,881.18,1,1.0025,63.514,60.354,85.47,85.9525,3,0,0,0,0,0,1,0,0,0,0,0,0,-0.050131926
2021-03-03,2,TRUE,FALSE,61.44,64.07,61.28,61.44,2.86,87.95,84.68,84.68,1,1120.3,173.24,0.5,1.019,1,-0.019,3082.99,28.31,1574.13,3916.92,877.53,627.22,3759.57,4.4,4.4,-8.504546284,-8.504546284,8.504546284,8.504546284,8.504546284,0,0,0,1,0,0,0,75.25,101.04,101.96,103.7,101.5,82,72,44706907,42404636,103,104.4,107.7,73.6,2834172,546238.3,1,77.1125,865.24,1,61.41,87.5,76.2045,75.75805833,874.056,881.0125,1,1.0015,63.526,60.686,85.82,86.0125,3,0,0,0,0,0,1,0,0,0,0,0,0,0.022222222
2021-03-04,2,TRUE,FALSE,63.11,66.74,63.83,63.09,2.79,87.5,84.98,84.98,1,1125.1,173.85,0.5,1.03,1,-0.03,3043.49,29.5,1600.57,3882.02,878.51,624.27,3682.95,7.2,7.2,-5.704546284,-5.704546284,5.704546284,5.704546284,5.704546284,0,0,0,1,0,0,0,75.25,101.58,101.96,103.7,101.5,82,72,44706907,42404636,103,104.4,107.7,73.6,2834172,546238.3,1,84.68,877.53,1,61.44,87.95,77.9325,76.41105833,871.978,882.289,1,1.001,63.096,61.0255,86.31,86.1,3,0,0,0,0,0,1,0,0,0,0,0,0,0
2021-03-05,2,TRUE,FALSE,66.37,69.36,66.09,66.4,2.72,87.75,84.16,84.16,1,1126.1,173.56,0.5,1.066,1,-0.066,3026.26,29.09,1627.78,3879.54,879.24,619.03,3635.93,9,9,-3.904546284,-3.904546284,3.904546284,3.904546284,3.904546284,0,0,0,1,0,0,0,75.25,101.58,101.96,103.7,101.5,82,72,44706907,42404636,103,104.4,107.7,73.6,2834172,546238.3,1,84.98,878.51,1,63.09,87.5,79.6945,77.179725,872.63,883.627,1,1.0005,63.13,61.4275,86.71,86.1925,3,0,0,0,0,0,1,0,0,0,0,0,0,0.027173913
2021-03-08,2,TRUE,FALSE,68.32,68.24,65.05,68.37,2.67,88,84.96,83.22,3,1133.2,173.74,0.5,1.139,1,-0.139,2996.11,29.48,1649.09,3764.81,877.95,612.43,3539.89,7,6.6,-5.904546284,-6.304546284,5.904546284,6.304546284,6.704546284,0,0,0,3,0,0,0,75.25,101.58,101.96,103.7,101.5,82,72,44706907,42404636,103,104.4,107.7,73.6,2834172,546238.3,1,84.16,879.24,1,66.4,87.75,81.4205,77.579725,872.744,884.591,1,1,63.328,61.9085,87.16,86.33,3,0,0,0,0,0,1,0,0,0,0,0,0,0
2021-03-09,2,TRUE,FALSE,66.4,67.52,64.01,66.46,2.62,88.5,84.02,84.02,1,1140.3,174.4,0.5,1.206,1,-0.206,2976.12,29.78,1624.15,3679.5,872.45,612.43,3504.34,6.6,6.6,-6.304546284,-6.304546284,6.304546284,6.304546284,6.304546284,0,0,0,1,0,0,0,75.25,101.58,101.96,103.7,101.5,82,72,44706907,42404636,103,104.4,107.7,73.6,2834172,546238.3,1,83.22,877.95,1,68.37,88,82.8305,77.887225,875.694,885.5265,1,1,64.142,62.442,87.74,86.5425,3,0,0,0,0,0,1,0,0,0,0,0,0,0
2021-03-10,2,TRUE,FALSE,65.3,67.9,64.44,65.33,2.62,89,84.19,84.19,1,1142.7,175.15,0.5,1.182,1,-0.182,2958.12,28.85,1556.16,3653.09,869.41,605.12,3453.74,8.8,8.8,-4.104546284,-4.104546284,4.104546284,4.104546284,4.104546284,0,0,0,1,0,0,0,75.25,101.58,101.96,103.7,101.5,82,72,44706907,42404636,103,104.4,107.7,73.6,2834172,546238.3,1,84.02,872.45,1,66.46,88.5,84.212,78.253225,877.136,886.186,1,1,65.152,62.846,87.94,86.7475,3,0,0,0,0,0,1,0,0,0,0,0,0,0
2021-03-11,2,TRUE,FALSE,66.82,69.63,66.02,66.86,2.7,89,84.21,84.21,1,1135.9,174.72,0.5,1.179,1,-0.179,3013.7,26.45,1588.24,3786.14,869.1,619.24,3563.12,10.2,10.2,-2.704546284,-2.704546284,2.704546284,2.704546284,2.704546284,0,0,0,1,0,0,0,75.25,101.58,101.96,103.7,101.5,82,72,44706907,42404636,103,104.4,107.7,73.6,2834172,546238.3,1,84.19,869.41,1,65.33,89,84.114,78.654725,875.512,886.486,1,1,65.93,63.164,88.15,86.865,3,0,0,0,0,0,1,0,0,0,0,0,0,0
2021-03-12,2,TRUE,FALSE,67.9,69.22,65.61,67.95,2.65,90,84.39,84.39,1,1133.8,174.45,0.5,1.223,1,-0.223,3054.39,25.64,1595,3849.89,871.2,635.99,3627.43,10.5,10.5,-2.404546284,-2.404546284,2.404546284,2.404546284,2.404546284,0,0,0,1,0,0,0,75.25,101.58,101.96,103.7,101.5,82,72,44706907,42404636,103,104.4,107.7,73.6,2834172,546238.3,1,84.21,869.1,1,66.86,89,83.96,79.13905833,873.63,885.5325,1,1,66.684,63.518,88.45,86.94,3,0,0,0,0,0,1,0,0,0,0,0,0,-0.021164021
2021-03-15,2,TRUE,FALSE,68.25,68.88,65.39,68.24,2.58,90.5,84.39,83.15666667,3,1136.3,174.41,0.5,1.238,1,-0.238,3045.71,25.9,1619,3810.05,873.8,646.9,3598.9,10.6,9.633333333,-2.304546284,-3.271212951,2.304546284,3.271212951,3.804546284,1.7,0.566666667,1.7,3,0,0,0,75.25,101.58,101.96,103.7,101.5,82,72,44706907,42404636,103,104.4,107.7,73.6,2834172,546238.3,1,84.39,871.2,1,67.95,90,84.006,79.46605833,872.022,883.851,1,1,66.994,63.891,88.9,87.075,3,0,0,0,0,0,1,0,0,0,0,0,0,-0.027027027
2021-03-16,2,TRUE,FALSE,66.46,68.39,64.8,66.5,2.5,90.5,83.94,83.94,1,1129.7,173.97,0.5,1.177,1,-0.177,3067.17,24.28,1625.02,3735.17,892.18,647.76,3740.72,8.4,8.4,-4.504546284,-4.504546284,4.504546284,4.504546284,4.504546284,1.3,1.3,1.3,1,0,0,0,75.25,101.58,101.96,103.7,101.5,82,72,44706907,42404636,103,104.4,107.7,73.6,2834172,546238.3,1,83.15666667,873.8,1,68.24,90.5,83.99333333,79.85639167,871.192,882.4945,1,1,66.968,64.279,89.4,87.22,3,0,0,0,0,0,1,0,0,0,0,0,0,-0.011111111
2021-03-17,2,TRUE,FALSE,66.57,68,64.6,66.6,2.6,90.75,84,84,1,1130.2,173.89,0.5,1.177,1,-0.177,3047.5,24.53,1612.16,3711.35,889.4,641.39,3749.34,8.8,8.8,-4.104546284,-4.104546284,4.104546284,4.104546284,4.104546284,0,0,0,1,0,0,0,75.25,101.58,101.96,103.7,101.5,82,72,44706907,42404636,103,104.4,107.7,73.6,2834172,546238.3,1,83.94,892.18,1,66.5,90.5,83.97733333,80.52079167,875.138,881.857,1,1,66.976,64.475,89.8,87.3925,3,0,0,0,0,0,1,0,0,0,0,0,0,0.011235955
2021-03-18,2,TRUE,FALSE,65.29,63.28,60,65.33,2.45,91,84.06,84.06,1,1123.7,173.08,0.5,1.133,1,-0.133,3066.01,22.69,1607.73,3703.09,883.59,643.31,3781.28,11.7,11.7,-1.204546284,-1.204546284,1.204546284,1.204546284,1.204546284,0,0,0,1,0,0,0,75.25,101.58,101.96,103.7,101.5,82,72,44706907,42404636,103,104.4,107.7,73.6,2834172,546238.3,1,84,889.4,1,66.6,90.75,83.93933333,80.82379167,879.136,881.102,1,1,67.23,64.6815,90.15,87.6025,3,0,0,0,0,0,1,0,0,0,0,0,0,0.022222222
2021-03-19,2,TRUE,FALSE,62.2,64.53,61.42,62.34,2.53,92.75,83.7,83.7,1,1130.6,173.64,0.5,1.146,1,-0.146,3039.53,23.61,1592.71,3658.74,885.07,643.78,3754.28,15.3,15.3,2.395453716,2.395453716,2.395453716,2.395453716,2.395453716,0,0,0,1,0,0,0,75.25,101.58,101.96,103.7,101.5,82,72,44706907,42404636,103,104.4,107.7,73.6,2834172,546238.3,1,84.06,883.59,1,65.33,91,83.90933333,81.11379167,882.034,879.709,1,1,66.924,64.7965,90.55,87.8525,3,0,0,0,0,0,1,0,0,0,0,0,0,-0.005434783
2021-03-22,2,TRUE,FALSE,63.18,64.62,61.55,63.38,2.55,94,83.94,83.05666667,3,1128.4,173.3,0.5,1.13,1,-0.13,3035.46,23.7,1631.09,3627.07,876.71,649.26,3778.1,6.2,7.3,-6.704546284,-5.604546284,6.704546284,5.604546284,7.104546284,0,1.8,5.4,3,0,0,0,75.25,101.58,101.96,103.7,101.5,82,72,44706907,42404636,103,104.4,107.7,73.6,2834172,546238.3,1,83.7,885.07,1,62.34,92.75,83.77133333,81.34329167,884.808,878.729,1,1,65.802,64.7395,91.1,88.2025,3,0,0,0,0,0,1,0,0,0,0,0,0,0.010928962
2021-03-23,2,TRUE,FALSE,63,60.79,57.76,63.04,2.56,94.5,84.31,84.31,1,1129.7,173.5,0.5,1.132,1,-0.132,3004.74,23.19,1623.42,3566.02,866.63,648.85,3723.36,9.1,9.1,-3.804546284,-3.804546284,3.804546284,3.804546284,3.804546284,0,0,0,1,0,0,0,75.25,101.58,101.96,103.7,101.5,82,72,44706907,42404636,103,104.4,107.7,73.6,2834172,546238.3,1,83.05666667,876.71,1,63.38,94,83.75133333,81.595125,885.39,877.7145,1,1,64.83,64.8635,91.8,88.6025,3,0,0,0,0,0,1,0,0,0,0,0,0,0.010810811
2021-03-24,2,TRUE,FALSE,60.98,64.41,61.18,60.99,2.56,94.5,84.73,84.73,1,1133.6,173.65,0.5,1.115,1,-0.115,2996.35,22.71,1596.5,3594.12,861.6,651.32,3763.35,10.8,10.8,-2.104546284,-2.104546284,2.104546284,2.104546284,2.104546284,0,0,0,1,0,0,0,75.25,101.58,102.8,103.7,101.5,82,72,44706907,42404636,103,104.4,107.7,73.6,2834172,546238.3,1,84.31,866.63,1,63.04,94.5,83.82533333,82.05479167,880.28,876.6525,1,1,64.138,64.948,92.6,89.04,3,0,0,0,0,0,1,0,0,0,0,0,0,0.010695187
2021-03-25,2,TRUE,FALSE,62.43,61.95,58.56,62.45,2.52,94.5,84.26,84.26,1,1133.3,173.41,0.5,1.089,1,-0.089,3008.33,21.69,1627.21,3650.12,864.3,657.42,3739.03,11.9,11.9,-1.004546284,-1.004546284,1.004546284,1.004546284,1.004546284,0,0,0,1,0,0,0,75.25,101.58,102.8,103.7,101.5,82,72,44706907,42404636,103,104.4,107.7,73.6,2834172,546238.3,1,84.73,861.6,1,60.99,94.5,83.97133333,82.48929167,874.72,875.3365,1,1,63.016,64.818,93.35,89.49,3,0,0,0,0,0,1,0,0,0,0,0,0,0
2021-03-26,2,TRUE,FALSE,62.07,64.57,60.97,62.22,2.52,93.95,84.09,84.09,1,1129.3,172.63,0.5,1.117,1,-0.117,3041.01,20.36,1677.19,3689.72,874.13,667.62,3743.64,12.6,12.6,-0.304546284,-0.304546284,0.304546284,0.304546284,0.304546284,0,0,0,1,0,0,0,75.25,101.58,102.8,103.7,101.5,82,72,44706907,42404636,103,104.4,107.7,73.6,2834172,546238.3,1,84.26,864.3,1,62.45,94.5,84.01133333,82.89379167,870.862,874.789,1,1,62.44,64.7945,94.05,89.94,3,0,0,0,0,0,1,0,0,0,0,0,0,0.002645503
2021-03-29,2,TRUE,FALSE,63.11,64.98,61.56,63.4,2.58,93,84.61,83.35,3,1131.7,172.51,0.5,1.119,1,-0.119,3036.04,21.01,1740.66,3688.45,877.1,674.49,3699.71,10.2,10.43333333,-2.704546284,-2.471212951,2.704546284,2.471212951,3.904546284,0.2,11.63333333,34.9,3,0,0,0,75.25,101.58,102.8,103.7,101.5,82,72,44706907,42404636,103,104.4,107.7,73.6,2834172,546238.3,1,84.09,874.13,1,62.22,93.95,84.08933333,83.32179167,868.674,874.562,1,1,62.416,64.635,94.29,90.3625,3,0,0,0,0,0,1,0,0,0,0,0,0,-0.002638522
2021-03-30,2,TRUE,FALSE,63.9,64.14,60.55,63.9,2.55,93.85,84.79,84.79,1,1133.6,172.52,0.5,1.155,1,-0.155,3070,20.64,1732.06,3749.78,877.98,675.13,3746.64,10.8,10.8,-2.104546284,-2.104546284,2.104546284,2.104546284,2.104546284,0,0,0,1,0,0,0,75.25,101.58,102.8,103.7,101.5,82,72,44706907,42404636,103,104.4,107.7,73.6,2834172,546238.3,1,83.35,877.1,1,63.4,93,84.148,83.68079167,868.752,875.257,1,1,62.42,64.59,94.09,90.7575,3,0,0,0,0,0,1,0,0,0,0,0,0,-0.029100529
2021-03-31,2,TRUE,FALSE,63.36,63.54,59.16,63.35,2.52,96.25,84.11,84.11,1,1131.8,172.17,0.5,1.133,1,-0.133,3061.42,20.44,1742.53,3752.19,877.36,678.35,3721.59,14.5,14.5,1.595453716,1.595453716,1.595453716,1.595453716,1.595453716,0,0,0,1,0,0,0,75.25,101.58,102.8,104.3,101.8,89,77,44706907,42404636,95.3,96.2,105.4,75.9,2924860,546238.3,1,84.79,877.98,1,63.9,93.85,84.244,84.06466667,871.022,875.894,1,1,62.592,64.7145,93.96,91.075,3,0,0,0,0,0,1,0,0,0,0,0,0,-0.013623978
2021-04-01,3,TRUE,FALSE,61.51,64.86,61.45,61.51,2.52,96.5,75.58,75.58,1,1131.9,172.1,0.5,1.138,1,-0.138,3087.4,19.88,1709,3844.69,878.07,669.81,3860.09,17.7,17.7,4.795453716,4.795453716,4.795453716,4.795453716,4.795453716,0,0,0,1,0,0,0,75.25,101.58,102.8,104.3,101.8,89,77,53690914,49742555,95.3,96.2,105.4,75.9,2924860,546238.3,1,84.11,877.36,1,63.35,96.25,84.12,84.03616667,874.174,875.8855,1,1,63.064,64.81,94.31,91.49,3,0,0,0,0,0,1,0,0,0,0,0,0,-0.005524862
2021-04-02,3,TRUE,FALSE,61.51,64.86,61.45,61.51,2.52,96.5,75.91,75.91,1,1127.5,171.69,0.5,1.151,1,-0.151,3112.8,19.51,1705.7,3846.03,872.56,672.08,3903.25,17.8,17.8,4.895453716,4.895453716,4.895453716,4.895453716,4.895453716,0,0,0,1,0,0,0,75.25,101.84,102.8,104.3,101.8,89,77,53690914,49742555,95.3,96.2,105.4,75.9,2924860,546238.3,1,75.58,878.07,1,61.51,96.5,82.384,83.56616667,876.928,875.8635,1,1,62.876,64.731,94.71,91.94,3,0,0,0,0,0,1,0,0,0,0,0,0,-0.027777778
2021-04-05,3,TRUE,FALSE,61.91,62.15,58.65,61.96,2.43,96.5,77.63,74.88,3,1127.7,171.32,0.5,1.202,1,-0.202,3120.83,18.97,1784.31,3795.11,877.95,682.2,3979.41,11.9,12.9,-1.004546284,-0.004546284,1.004546284,1.334848761,1.995453716,0,18.93333333,56.8,3,0,0,0,75.25,101.84,102.8,104.3,101.8,89,77,53690914,49742555,95.3,96.2,105.4,75.9,2924860,546238.3,1,75.91,872.56,1,61.51,96.5,80.748,83.15366667,876.614,875.5295,1,1,62.734,64.4865,95.22,92.3775,3,0,0,0,0,0,1,0,0,0,0,0,0,-0.042857143
2021-04-06,3,TRUE,FALSE,61.34,62.74,59.33,61.39,2.44,94.85,77.42,77.42,1,1119.6,170.79,0.5,1.181,1,-0.181,3127.08,18.34,1770.08,3765.17,877.53,680.24,3969.47,13.9,13.9,0.995453716,0.995453716,0.995453716,0.995453716,0.995453716,0,0,0,1,0,0,0,75.25,101.84,102.8,104.3,101.8,89,77,53690914,49742555,95.3,96.2,105.4,75.9,2924860,546238.3,1,74.88,877.95,1,61.96,96.5,79.054,82.73666667,876.784,875.5295,1,1,62.446,64.166,95.92,92.8025,3,0,0,0,0,0,1,0,0,0,0,0,0,-0.080597015
2021-04-07,3,TRUE,FALSE,60.88,63.16,59.77,60.97,2.43,94.7,77.53,77.53,1,1116.3,170.55,0.5,1.181,1,-0.181,3137.41,17.45,1806.97,3780.61,883.84,685.18,3952.37,14.1,14.1,1.195453716,1.195453716,1.195453716,1.195453716,1.195453716,0,0,0,1,0,0,0,75.25,101.84,102.8,104.3,101.8,89,77,53690914,49742555,95.3,96.2,105.4,75.9,2924860,546238.3,1,77.42,877.53,1,61.39,94.85,77.58,82.40666667,876.694,875.7835,1,1,61.944,63.9125,96.12,93.12,3,0,0,0,0,0,1,0,0,0,0,0,0,0.058441558
2021-04-08,3,TRUE,FALSE,61.24,63.2,59.6,61.34,2.47,93.8,77.91,77.91,1,1117.2,170.49,0.5,1.152,1,-0.152,3143.26,16.19,1845.74,3833.95,886.48,698.82,3956.24,13,13,0.095453716,0.095453716,0.095453716,0.095453716,0.095453716,0,0,0,1,0,0,0,75.25,101.84,102.8,104.3,101.8,89,77,53690914,49742555,95.3,96.2,105.4,75.9,2924860,546238.3,1,77.53,883.84,1,60.97,94.7,76.264,82.07366667,877.99,876.505,1,1,61.468,63.6945,95.81,93.405,3,0,0,0,0,0,1,0,0,0,0,0,0,-0.030674847
2021-04-09,3,TRUE,FALSE,60.94,62.95,59.32,61.05,2.48,93.1,76.79,76.79,1,1121.2,170.65,0.5,1.168,1,-0.168,3131.88,16.69,1845.67,3827.68,888.76,697.83,3936.82,13.6,13.6,0.695453716,0.695453716,0.695453716,0.695453716,0.695453716,0,0,0,1,0,0,0,75.25,101.84,102.8,104.3,101.8,89,77,53690914,49742555,95.3,96.2,105.4,75.9,2924860,546238.3,1,77.91,886.48,1,61.34,93.8,76.73,81.75866667,879.672,877.374,1,1,61.434,63.4185,95.27,93.645,3,0,0,0,0,0,1,0,0,0,0,0,0,-0.050632911
2021-04-12,3,TRUE,FALSE,61.1,63.28,59.7,61.12,2.5,93.3,77.19,75.32,3,1124.9,171.58,0.5,1.14,1,-0.14,3135.59,16.54,1853.35,3918.28,886.49,700.78,3934.44,13.8,13.8,0.895453716,0.895453716,0.895453716,1.098484572,2.095453716,22,7.333333333,22,3,0,0,0,75.25,101.84,102.8,104.3,101.8,89,77,53690914,49742555,95.3,96.2,105.4,75.9,2924860,546238.3,1,76.79,888.76,1,61.05,93.1,76.906,81.37866667,882.912,878.252,1,1,61.342,63.0735,94.59,93.8,3,0,0,0,0,0,1,0,0,0,0,0,0,-0.046666667
2021-04-13,3,TRUE,FALSE,61.58,63.67,60.18,61.64,2.57,93.45,76.96,76.96,1,1125.9,171.74,0.5,1.138,1,-0.138,3169.08,17.11,1852.31,3987.69,888.66,694.35,3975.71,10.4,10.4,-2.504546284,-2.504546284,2.504546284,2.504546284,2.504546284,8,8,8,1,0,0,0,75.25,101.84,102.8,104.3,101.8,89,77,53690914,49742555,95.3,96.2,105.4,75.9,2924860,546238.3,1,75.32,886.49,1,61.12,93.3,76.994,80.98683333,884.62,878.8865,1,1,61.174,62.7175,93.95,93.94,3,0,0,0,0,0,1,0,0,0,0,0,0,0.017482517
2021-04-14,3,TRUE,FALSE,62.56,66.58,63.15,62.56,2.65,93.4,76.77,76.77,1,1116.6,170.68,0.5,1.102,0.99,-0.112,3182.38,16.49,1873.2,4047.11,900.56,706.03,3939.55,8.4,8.4,-4.504546284,-4.504546284,4.504546284,4.504546284,4.504546284,0,0,0,1,0,0,0,75.25,101.84,102.8,104.3,101.8,89,77,53690914,49742555,95.3,96.2,105.4,75.9,2924860,546238.3,1,76.96,888.66,1,61.64,93.45,76.902,80.63783333,886.846,878.7105,1,1,61.224,62.4745,93.67,94.0875,3,0,0,0,0,0,1,0,0,0,0,0,0,0
2021-04-15,3,TRUE,FALSE,64.17,66.94,63.46,64.22,2.62,93.5,76.97,76.97,1,1117.6,170.92,0.5,1.147,0.98,-0.167,3194.33,17.6,1902.68,4033.32,908.25,710.92,3956.68,11.6,11.6,-1.304546284,-1.304546284,1.304546284,1.304546284,1.304546284,0,0,0,1,0,0,0,75.25,101.84,102.8,104.3,101.8,89,77,53690914,49742555,95.3,96.2,105.4,75.9,2924860,546238.3,1,76.77,900.56,0.99,62.56,93.4,76.75,80.27633333,890.19,879.2685,0.998,0.9995,61.542,62.2725,93.41,94.22,3,0,0,0,0,0,1,0,0,0,0,0,0,0.030927835
2021-04-16,3,TRUE,FALSE,65.12,66.77,63.13,65.21,2.63,94.3,76.9,76.9,1,1116.3,170.86,0.5,1.154,0.97,-0.184,3198.62,17.61,1899.32,4071.74,909.38,714.96,3997.23,11.3,11.3,-1.604546284,-1.604546284,1.604546284,1.604546284,1.604546284,0.7,0.7,0.7,1,0,0,0,75.25,101.84,102.8,104.3,101.8,89,77,53690914,49742555,95.3,96.2,105.4,75.9,2924860,546238.3,1,76.97,908.25,0.98,64.22,93.5,76.562,79.92183333,894.544,880.5015,0.994,0.9985,62.118,62.217,93.35,94.345,3,0,0,0,0,0,1,0,0,0,0,0,0,0.033333333
2021-04-19,3,TRUE,FALSE,64.83,67.05,63.38,64.94,2.75,94.35,75.35,74.20666667,3,1117.2,171.28,0.5,1.129,0.97,-0.159,3198.84,18.04,1911.75,4083.14,913.69,717.39,4128.87,12.2,10.56666667,-0.704546284,-2.337879618,0.704546284,2.337879618,3.304546284,0,0,0,3,0,0,0,75.25,101.84,102.8,104.3,101.8,89,77,53690914,49742555,95.3,96.2,105.4,75.9,2924860,546238.3,1,76.9,909.38,0.97,65.21,94.3,76.584,79.58183333,898.668,881.717,0.988,0.997,62.95,62.3605,93.59,94.4225,3,0,0,0,0,0,1,0,0,0,0,0,0,0.012903226
2021-04-20,3,TRUE,FALSE,65.74,66.57,62.44,65.9,2.76,94,76.13,76.13,1,1112.3,171.3,0.5,1.134,0.97,-0.164,3220.7,17.96,1926.84,4097.08,921.79,731.47,4146.24,14.8,14.8,1.895453716,1.895453716,1.895453716,1.895453716,1.895453716,0,0,0,1,0,0,0,75.25,101.84,102.8,104.3,101.8,89,77,53690914,49742555,95.3,96.2,105.4,75.9,2924860,546238.3,1,74.20666667,913.69,0.97,64.94,94.35,76.36133333,79.13933333,904.108,883.566,0.982,0.9955,63.714,62.4385,93.8,94.44,3,0,0,0,0,0,1,0,0,0,0,0,0,0.01910828
2021-04-21,3,TRUE,FALSE,63.71,65.32,61.35,63.71,2.72,93.75,76.41,76.41,1,1118.6,172.27,0.5,1.11,0.97,-0.14,3171.66,18.95,1931.71,4049.28,916.7,729.74,4088.88,19.1,19.1,6.195453716,6.195453716,6.195453716,6.195453716,6.195453716,0,0,0,1,0,0,0,75.25,101.84,103.89,104.3,101.8,89,77,53690914,49742555,95.3,96.2,105.4,75.9,2924860,546238.3,1,76.13,921.79,0.97,65.9,94,76.19533333,78.73033333,910.734,886.324,0.976,0.994,64.566,62.5815,93.91,94.415,3,0,0,0,0,0,1,0,0,0,0,0,0,0.04375
2021-04-22,3,TRUE,FALSE,62.25,65.4,61.43,62.44,2.77,93.95,76.13,76.13,1,1117.3,172.27,0.5,1.105,0.97,-0.135,3177.52,17.86,1959.74,4109.27,927.27,734.16,4108.04,20.9,20.9,7.995453716,7.995453716,7.995453716,7.995453716,7.995453716,0,0,0,1,0,0,0,75.25,101.84,103.89,104.3,101.8,89,77,53690914,49742555,95.3,96.2,105.4,75.9,2924860,546238.3,1,76.41,916.7,0.97,63.71,93.75,76.12333333,78.31433333,913.962,889.079,0.972,0.9925,64.796,62.7175,93.98,94.3775,3,0,0,0,0,0,1,0,0,0,0,0,0,0.020958084
2021-04-23,3,TRUE,FALSE,62.93,66.11,62.14,63.13,2.79,93,75.68,75.68,1,1117.8,172.14,0.5,1.12,0.97,-0.15,3186.1,18.33,2041.66,4126.52,921.07,732.28,4125.17,19,19,6.095453716,6.095453716,6.095453716,6.095453716,6.095453716,0,0,0,1,0,0,0,75.25,101.84,103.89,104.3,101.8,89,77,53690914,49742555,95.3,96.2,105.4,75.9,2924860,546238.3,1,76.13,927.27,0.97,62.44,93.95,75.95533333,77.90783333,917.766,892.2275,0.97,0.991,64.44,62.717,94.07,94.35,3,0,0,0,0,0,1,0,0,0,0,0,0,0.041055718
2021-04-26,3,TRUE,FALSE,62.37,65.65,61.91,62.53,2.73,93.1,77.09,74.93666667,3,1113.2,171.7,0.5,1.119,0.97,-0.149,3217.53,18.36,2063.51,4181.01,926.62,749.39,4138.65,16.2,17.56666667,3.295453716,4.662120382,3.295453716,4.662120382,5.395453716,0,0,0,3,0,0,0,75.25,101.84,103.89,104.3,101.8,89,77,53690914,49742555,95.3,96.2,105.4,75.9,2924860,546238.3,1,75.68,921.07,0.97,63.13,93,75.71133333,77.48733333,920.104,894.5745,0.97,0.9895,64.024,62.7625,93.81,94.3025,3,0,0,0,0,0,1,0,0,0,0,0,0,0.05915493
2021-04-27,3,TRUE,FALSE,63.27,66.42,62.94,63.32,2.91,93.1,76.94,76.94,1,1110.4,171.31,0.5,1.097,0.97,-0.127,3215.42,18.1,2192.11,4198.21,931.71,755.18,4126.21,15.4,15.4,2.495453716,2.495453716,2.495453716,2.495453716,2.495453716,1.7,1.7,1.7,1,0,0,0,75.25,101.84,103.89,104.3,101.8,89,77,53690914,49742555,95.3,96.2,105.4,75.9,2924860,508120.9,1,74.93666667,926.62,0.97,62.53,93.1,75.85733333,77.06666667,922.69,897.0505,0.97,0.988,63.542,62.719,93.56,94.3075,3,0,0,0,0,0,1,0,0,0,0,0,0,0.058510638
2021-04-28,3,TRUE,FALSE,63.57,67.27,63.86,63.58,2.98,92.9,76.41,76.41,1,1113,171.66,0.5,1.105,0.97,-0.135,3181.47,18.92,2187.8,4101.44,934.6,744.82,3953.86,14.5,14.5,1.595453716,1.595453716,1.595453716,1.595453716,1.595453716,4.7,4.7,4.7,1,0,0,0,75.25,101.84,103.89,104.3,101.8,89,77,53690914,49742555,95.3,96.2,105.4,75.9,2924860,508120.9,1,76.94,931.71,0.97,63.32,93.1,76.01933333,76.67416667,924.674,899.737,0.97,0.9865,63.026,62.69,93.38,94.27,3,0,0,0,0,0,1,0,0,0,0,0,0,-0.040201005
2021-04-29,3,TRUE,FALSE,65.1,68.56,65.01,65.12,2.91,92.9,76.02,76.02,1,1108.2,171.4,0.5,1.121,0.97,-0.151,3174.07,18.92,2222.93,4152.03,942.72,748.17,3902.59,14.6,14.6,1.695453716,1.695453716,1.695453716,1.695453716,1.695453716,3.9,3.9,3.9,1,0,0,0,75.25,101.84,103.89,104.3,101.8,96,82,53690914,49742555,95.3,96.2,105.4,75.9,2924860,508120.9,1,76.41,934.6,0.97,63.58,92.9,76.01933333,76.28916667,928.254,902.599,0.97,0.985,63,62.7015,93.21,94.1025,3,0,0,0,0,0,1,0,0,0,0,0,0,-0.041884817
2021-04-30,3,TRUE,FALSE,65.27,67.25,63.58,65.28,2.86,93.3,76.42,76.42,1,1112.3,171.98,0.5,1.141,0.97,-0.171,3147.86,18.84,2128.92,4098.63,937.5,727.74,3872.42,11.3,11.3,-1.604546284,-1.604546284,1.604546284,1.604546284,1.604546284,26.3,26.3,26.3,1,0,0,0,75.25,101.84,103.89,105,102.4,96,82,53690914,49742555,112.5,106.2,117.5,74.8,3319294,508120.9,1,76.02,942.72,0.97,65.12,92.9,75.99733333,76.31116667,931.344,905.8315,0.97,0.9835,63.536,62.882,93,93.9225,3,0,0,0,0,0,1,0,0,0,0,0,0,0
2021-05-03,3,TRUE,FALSE,64.38,67.56,64.49,64.39,2.96,92.8,80.56,79.13,3,1124,173.34,0.5,1.149,0.97,-0.179,3127.2,18.09,2075.16,4002.65,926.66,717.21,3852.24,14.1,12.23333333,1.195453716,-0.671212951,1.195453716,1.468182095,2.704546284,0,3.233333333,9.7,3,0,0,0,75.25,101.84,103.89,105,102.4,96,82,51225991,50891152,112.5,106.2,117.5,74.8,3319294,508120.9,1,76.42,937.5,0.97,65.28,93.3,76.14533333,76.33666667,934.63,909.0785,0.97,0.982,63.966,63.0705,93.06,93.7625,3,0,0,0,0,0,1,0,0,0,0,0,0,-0.071038251
2021-05-04,3,TRUE,FALSE,65.83,68.88,65.69,65.84,3,93,81.75,81.75,1,1122.6,173.19,0.5,1.158,0.97,-0.188,3147.37,16.89,2095.3,4079.35,918.59,717.18,3870.59,13.8,13.8,0.895453716,0.895453716,0.895453716,0.895453716,0.895453716,19.6,19.6,19.6,1,0,0,0,75.25,101.98,103.89,105,102.4,96,82,51225991,50891152,112.5,106.2,117.5,74.8,3319294,508120.9,1,79.13,926.66,0.97,64.39,92.8,76.984,76.54916667,934.638,911.514,0.97,0.9805,64.338,63.192,93,93.5775,3,0,0,0,0,0,1,0,0,0,0,0,0,0.002941176
2021-05-06,3,TRUE,FALSE,67.17,68.09,64.71,67.19,2.9,96.05,80.33,79.235,2,1125.8,173.78,0.5,1.14,0.97,-0.17,3178.74,17,2213.86,4197.66,960.02,737.16,3832.74,15.7,14.8,2.795453716,1.895453716,2.795453716,1.895453716,2.795453716,0,0.05,0.1,2,0,0,0,75.25,101.98,103.89,105,102.4,96,82,51225991,50891152,112.5,106.2,117.5,74.8,3319294,508120.9,1,81.75,918.59,0.97,65.84,93,77.946,76.76566667,932.014,913.567,0.97,0.979,64.842,63.4145,92.98,93.485,3,0,0,0,0,0,1,0,0,0,0,0,0,0.073313783
2021-05-07,3,TRUE,FALSE,65.9,68.28,64.9,65.94,2.9,96.15,80.13,80.13,1,1121.3,173.56,0.5,1.137,0.97,-0.167,3197.2,16.43,2245.8,4184.14,959.6,751.01,3841.4,14.4,14.4,1.495453716,1.495453716,1.495453716,1.495453716,1.495453716,8.8,8.8,8.8,1,0,0,0,75.25,101.98,103.89,105,102.4,96,82,51225991,50891152,112.5,106.2,117.5,74.8,3319294,508120.9,1,79.235,960.02,0.97,67.19,96.05,78.511,76.85091667,937.098,917.376,0.97,0.9775,65.564,63.7255,93.61,93.5525,3,0,0,0,0,0,1,0,0,0,0,0,0,0
2021-05-10,3,TRUE,FALSE,66.74,68.32,64.92,66.83,2.93,97.6,81.08,77.09666667,3,1113.8,173.48,0.5,1.136,0.97,-0.166,3249.3,17.34,2317.92,4198.21,965.99,757.71,3878.08,13.2,14.4,0.295453716,1.495453716,0.295453716,1.495453716,2.795453716,0,0,0,3,0,0,0,75.25,101.98,103.89,105,102.4,96,82,51225991,50891152,112.5,106.2,117.5,74.8,3319294,508120.9,1,80.13,959.6,0.97,65.94,96.15,79.333,76.96191667,940.474,921.032,0.97,0.976,65.728,63.9555,94.26,93.67,3,0,0,0,0,0,1,0,0,0,0,0,0,-0.016393443
2021-05-11,3,TRUE,FALSE,65.54,68.55,65.28,65.64,2.91,98.7,80.13,80.13,1,1119.6,174.12,0.5,1.128,0.97,-0.158,3209.43,20,2410.97,4111.94,974.89,764.11,3741.2,18.5,18.5,5.595453716,5.595453716,5.595453716,5.595453716,5.595453716,0,0,0,1,0,0,0,75.25,101.98,103.89,105,102.4,96,82,51225991,50891152,112.5,106.2,117.5,74.8,3319294,508120.9,1,77.09666667,965.99,0.97,66.83,97.6,79.46833333,76.97725,946.172,924.8935,0.97,0.9745,66.038,64.2445,95.12,93.895,3,0,0,0,0,0,1,0,0,0,0,0,0,-0.002777778
2021-05-12,3,TRUE,FALSE,66.56,69.32,66.08,66.63,2.91,100,79.96,79.96,1,1124.7,174.75,0.5,1.121,0.97,-0.151,3161.66,22.17,2390.6,3988.88,954.24,743.22,3703.73,22,22,9.095453716,9.095453716,9.095453716,9.095453716,9.095453716,0,0,0,1,0,0,0,75.25,101.98,103.89,105,102.4,96,82,51225991,50891152,112.5,106.2,117.5,74.8,3319294,508120.9,1,80.13,974.89,0.97,65.64,98.7,79.66833333,77.21775,955.818,929.3135,0.97,0.973,66.288,64.4705,96.3,94.165,3,0,0,0,0,0,1,0,0,0,0,0,0,-0.002785515
2021-05-13,3,TRUE,FALSE,66.56,67.05,63.82,66.63,2.95,101,80.34,80.34,1,1129.3,174.99,0.5,1.123,0.97,-0.153,3122.11,21.9,2252.51,3899.86,944.39,735.23,3605.73,22.9,22.9,9.995453716,9.995453716,9.995453716,9.995453716,9.995453716,0,0,0,1,0,0,0,75.25,101.98,103.89,105,102.4,96,82,51225991,50891152,112.5,106.2,117.5,74.8,3319294,508120.9,1,79.96,954.24,0.97,66.63,100,79.31033333,77.36775,962.948,932.5925,0.97,0.9715,66.446,64.72,97.7,94.4925,3,0,0,0,0,0,1,0,0,0,0,0,0,0.005586592
2021-05-14,3,TRUE,FALSE,65.26,68.71,65.37,65.47,2.95,99,79.86,79.86,1,1128.6,175.28,0.5,1.116,0.97,-0.146,3153.32,19.32,2196.41,3962.28,934.05,738.18,3722.75,24.1,24.1,11.19545372,11.19545372,11.19545372,11.19545372,11.19545372,0,0,0,1,0,0,0,75.25,101.98,103.89,105,102.4,96,82,51225991,50891152,112.5,106.2,117.5,74.8,3319294,508120.9,1,80.34,944.39,0.97,66.63,101,79.53133333,77.54625,959.822,934.784,0.97,0.9705,66.334,64.9235,98.69,94.8725,3,0,0,0,0,0,1,0,0,0,0,0,0,0
2021-05-17,3,TRUE,FALSE,67.17,69.46,66.27,67.23,2.99,98.35,76.77,76.13333333,3,1134.8,176.15,0.5,1.107,0.97,-0.137,3134.52,19.29,2163.32,3952.51,916.62,729.93,3683.17,15.3,18.6,2.395453716,5.695453716,2.395453716,5.695453716,9.195453716,3.1,28.33333333,85,3,0,0,0,75.25,101.98,103.89,105,102.4,96,82,51225991,50891152,112.5,106.2,117.5,74.8,3319294,508120.9,1,79.86,934.05,0.97,65.47,99,79.47733333,77.69075,954.712,936.074,0.97,0.97,66.24,64.986,99.26,95.1475,3,0,0,0,0,0,1,0,0,0,0,0,0,-0.002777778
2021-05-18,3,TRUE,FALSE,68.41,68.71,65.49,68.43,2.96,99.1,79.78,79.78,1,1130.5,175.77,0.5,1.099,0.97,-0.129,3173.05,18.23,2272.93,4013.55,947.17,748.53,3740.24,17.9,17.9,4.995453716,4.995453716,4.995453716,4.995453716,4.995453716,0,0,0,1,0,0,0,75.25,101.98,103.89,105,102.4,96,82,51225991,50891152,112.5,106.2,117.5,74.8,3319294,508120.9,1,76.13333333,916.62,0.97,67.23,98.35,79.28466667,77.65241667,944.838,936.436,0.97,0.97,66.32,65.087,99.41,95.35,3,0,0,0,0,0,1,0,0,0,0,0,0,-0.005571031
2021-05-20,3,TRUE,FALSE,65.03,65.11,62.05,65.03,2.86,99.75,79.1,78.7,2,1132,175.81,0.5,1.103,0.97,-0.133,3162.28,19.12,2173.98,4035.68,932.14,751.91,3800.72,18.7,19.3,5.795453716,6.395453716,5.795453716,6.395453716,6.995453716,0.9,0.45,0.9,2,0,0,0,75.25,101.98,103.89,105,102.4,96,82,51225991,50891152,112.5,106.2,117.5,74.8,3319294,508120.9,1,79.78,947.17,0.97,68.43,99.1,79.21466667,77.93108333,939.294,938.11,0.97,0.97,66.878,65.2615,99.49,95.5875,3,0,0,0,0,0,1,0,0,0,0,0,0,-0.00280112
2021-05-21,3,TRUE,FALSE,63.25,66.44,63.58,63.3,2.84,101,80.18,80.18,1,1127,175.15,0.5,1.095,0.97,-0.125,3156.42,20.09,2141.87,4017.51,925.2,742.37,3801.24,16,16,3.095453716,3.095453716,3.095453716,3.095453716,3.095453716,6.9,6.9,6.9,1,0,0,0,75.25,101.98,104.88,105,102.4,96,82,51225991,50891152,112.5,106.2,117.5,74.8,3319294,508120.9,1,78.7,932.14,0.97,65.03,99.75,78.96266667,78.05958333,934.874,938.6275,0.97,0.97,66.558,65.218,99.44,95.875,3,0,0,0,0,0,1,0,0,0,0,0,0,-0.005617978
2021-05-24,3,TRUE,FALSE,66.26,68.46,66.05,66.29,2.78,103.25,81.21,79.38,3,1127.1,175.19,0.5,1.116,0.97,-0.146,3144.3,20.59,2121.72,3955.55,927.18,743.46,3694.26,19.4,19.16666667,6.495453716,6.262120382,6.495453716,6.262120382,6.595453716,0,0.066666667,0.2,3,0,0,0,75.25,101.98,104.88,105,102.4,96,82,51225991,50891152,112.5,106.2,117.5,74.8,3319294,508120.9,1,80.18,925.2,0.97,63.3,101,78.93066667,78.24808333,931.036,939.0525,0.97,0.97,65.892,65.1975,99.44,96.2375,3,0,0,0,0,0,1,0,0,0,0,0,0,-0.039548023
2021-05-25,3,TRUE,FALSE,67.37,68.65,66.07,67.54,2.87,105,80.94,80.94,1,1122,175.4,0.5,1.142,0.97,-0.172,3171.32,18.99,2132.54,3988.74,925.26,740.6,3737.97,15.3,15.3,2.395453716,2.395453716,2.395453716,2.395453716,2.395453716,8.3,8.3,8.3,1,0,0,0,75.25,101.98,104.88,105,102.4,96,82,51225991,50891152,112.5,106.2,117.5,74.8,3319294,508120.9,1,79.38,927.18,0.97,66.29,103.25,78.83466667,78.41058333,929.662,939.048,0.97,0.97,66.056,65.39,100.29,96.7025,3,0,0,0,0,0,1,0,0,0,0,0,0,0
2021-05-26,3,TRUE,FALSE,67.37,68.87,66.21,67.54,2.91,105.1,80.68,80.68,1,1116.9,174.86,0.5,1.161,0.97,-0.191,3168.43,18.68,2057.02,3954.69,948.89,743.19,3734.71,18,18,5.095453716,5.095453716,5.095453716,5.095453716,5.095453716,0,0,0,1,0,0,0,75.25,101.98,104.88,105,102.4,96,81,51225991,50891152,112.5,106.2,117.5,74.8,3319294,508120.9,1,80.94,925.26,0.97,67.54,105,79.796,78.67358333,931.39,939.2575,0.97,0.97,66.118,65.6105,101.62,97.3025,3,0,0,0,0,0,1,0,0,0,0,0,0,0
2021-05-27,3,TRUE,FALSE,66.41,69.46,66.85,66.44,2.85,105.5,80.57,80.57,1,1118.1,175.34,0.5,1.124,0.97,-0.154,3165.51,18.29,2086.04,3928.53,955.66,759.93,3783.94,15.8,15.8,2.895453716,2.895453716,2.895453716,2.895453716,2.895453716,8.9,8.9,8.9,1,0,0,0,75.25,101.98,104.88,105,102.4,96,81,51225991,50891152,112.5,106.2,117.5,74.8,3319294,508120.9,1,80.68,948.89,0.97,67.54,105.1,79.976,78.96075,931.734,940.371,0.97,0.97,65.94,65.861,102.82,97.9025,3,0,0,0,0,0,1,0,0,0,0,0,0,0.002941176
2021-05-28,3,TRUE,FALSE,67.41,69.63,66.32,67.53,2.91,106,80.77,80.77,1,1115.5,175.1,0.5,1.162,0.97,-0.192,3188.73,17.31,2118.22,3957.18,961.46,761.23,3775.97,15.3,15.3,2.395453716,2.395453716,2.395453716,2.395453716,2.395453716,12.3,12.3,12.3,1,0,0,0,75.25,101.98,104.88,105,102.4,96,81,51225991,50891152,112.5,106.2,117.5,74.8,3319294,508120.9,1,80.57,955.66,0.97,66.44,105.5,80.35,79.14225,936.438,941.5685,0.97,0.97,66.222,66.017,103.97,98.5225,3,0,0,0,0,0,1,0,0,0,0,0,0,-0.005865103
2021-05-31,3,TRUE,FALSE,67.94,69.32,66.32,68.28,2.91,118.9,79.67,75.34333333,3,1110.9,174.53,0.5,1.227,0.97,-0.257,3203.92,17.04,2110.63,3902.04,959.51,760.66,3780.31,19.9,17.9,6.995453716,4.995453716,6.995453716,4.995453716,6.995453716,4,7.466666667,22.4,3,0,0,0,75.25,101.98,104.88,105.7,103.4,96,81,51225991,50891152,107.4,105.6,109.5,73.9,3038391,508120.9,1,80.77,961.46,0.97,67.53,106,80.468,79.36025,943.69,942.9115,0.97,0.97,67.068,66.2145,104.97,99.1775,3,0,0,0,0,0,1,0,0,0,0,0,0,0.005899705
2021-06-01,3,TRUE,FALSE,69.1,70.25,67.72,69.23,3.02,120.5,84.05,84.05,1,1105.9,173.58,0.5,1.213,0.97,-0.243,3221.87,16.48,2114.66,3940.17,967.26,760.35,3813.15,20.2,20.2,7.295453716,7.295453716,7.295453716,7.295453716,7.295453716,3.2,3.2,3.2,1,0,0,0,75.25,101.98,104.88,105.7,103.4,96,81,50725161,47910522,107.4,105.6,109.5,73.9,3038391,508120.9,1,75.34333333,959.51,0.97,68.28,118.9,79.66066667,79.32641667,950.156,943.751,0.97,0.97,67.466,66.3725,108.1,100.4775,3,0,0,0,0,0,1,0,0,0,0,0,0,-0.099706745
2021-06-02,3,TRUE,FALSE,69.21,71.35,68.83,69.42,3.09,119.95,83.81,83.81,1,1113.3,174.35,0.5,1.206,0.97,-0.236,3224.23,16.63,2111.2,3951.43,974.55,773.03,3802.4,23.2,23.2,10.29545372,10.29545372,10.29545372,10.29545372,10.29545372,0,0,0,1,0,0,5556600,75.25,102.05,104.88,105.7,103.4,96,81,50725161,47910522,107.4,105.6,109.5,73.9,3038391,508120.9,1,84.05,967.26,0.97,69.23,120.5,80.28266667,79.70791667,958.556,945.239,0.97,0.97,67.804,66.57,111.2,101.8375,3,0,0,0,0,0,1,0,0,0,0,0,0,-0.09771987
2021-06-03,3,TRUE,FALSE,69.97,71.31,68.81,70.09,3.01,119,84.46,84.46,1,1113.6,174.26,0.5,1.191,0.97,-0.221,3247.43,17.48,2073.69,3979.83,986.83,769.58,3902.71,19.1,19.1,6.195453716,6.195453716,6.195453716,6.195453716,6.195453716,18.1,18.1,18.1,1,0,0,5556600,75.25,102.05,104.88,105.7,103.4,96,81,50725161,47910522,107.4,105.6,109.5,73.9,3038391,508120.9,1,83.81,974.55,0.97,69.42,119.95,80.90866667,79.94191667,963.688,947.6335,0.97,0.97,68.18,66.8215,114.17,103.195,3,0,0,0,0,0,1,0,0,0,0,0,0,-0.02166065
2021-06-04,3,TRUE,FALSE,70.1,71.89,69.62,70.1,3.01,119.75,83.39,83.39,1,1116.5,174.21,0.5,1.22,0.97,-0.25,3240.08,17.43,2094.19,3967.67,990.53,768.46,3865.46,18.5,18.5,5.595453716,5.595453716,5.595453716,5.595453716,5.595453716,0,0,0,1,0,1,5556600,75.25,102.05,104.88,105.7,103.4,96,81,50725161,47910522,107.4,105.6,109.5,73.9,3038391,508120.9,1,84.46,986.83,0.97,70.09,119,81.68666667,80.07741667,969.922,951.0455,0.97,0.97,68.91,67.034,116.87,104.495,3,0,0,0,0,0,1,0,0,0,0,0,0,0.040590406
2021-06-07,3,TRUE,FALSE,70.03,71.49,69.23,70.32,2.98,121.6,83.96,79.47,3,1112.9,173.9,0.5,1.201,0.97,-0.231,3252.12,17.04,2037.8,3972.13,1027.07,775.92,3857.56,21.1,21.63333333,8.195453716,8.728787049,8.195453716,8.728787049,10.09545372,0,0,0,3,1,1,5556600,75.25,102.05,104.88,105.7,103.4,96,81,50725161,47910522,107.4,105.6,109.5,73.9,3038391,508120.9,1,83.39,990.53,0.97,70.1,119.75,82.21066667,80.28516667,975.736,952.571,0.97,0.97,69.424,67.1795,119.62,105.68,3,0,0,0,0,0,1,0,0,0,0,0,0,0
2021-06-08,3,TRUE,FALSE,69.34,72.22,70.05,69.58,3.11,122.75,82.67,82.67,1,1114.2,174.44,0.5,1.174,0.97,-0.204,3247.83,16.24,2042.6,3922.93,1017.87,783.61,3821.3,23.6,23.6,10.69545372,10.69545372,10.69545372,10.69545372,10.69545372,0.1,0.1,0.1,1,1,1,5556600,75.25,102.05,104.88,105.7,103.4,96,81,50725161,47910522,107.4,105.6,109.5,73.9,3038391,508120.9,1,79.47,1027.07,0.97,70.32,121.6,83.036,80.25216667,989.248,955.9445,0.97,0.97,69.832,67.3985,120.16,106.9525,3,0,0,0,0,0,1,0,0,0,0,0,0,0.003546099
2021-06-09,3,TRUE,FALSE,71.14,72.22,69.96,71.42,3.13,123.7,82.18,82.18,1,1115.4,174.42,0.5,1.137,0.97,-0.167,3216.18,16.58,2004.09,3893.55,1022.47,774.53,3746.45,25.8,25.8,12.89545372,12.89545372,12.89545372,12.89545372,12.89545372,0,0,0,1,1,1,5556600,75.25,102.05,104.88,105.7,103.4,96,81,50725161,47910522,107.4,105.6,109.5,73.9,3038391,508120.9,1,82.67,1017.87,0.97,69.58,122.75,82.76,80.53083333,999.37,958.5385,0.97,0.97,69.902,67.536,120.61,108.21,3,0,0,0,0,0,1,0,0,0,0,0,0,0.067137809
2021-06-10,3,TRUE,FALSE,70.71,72.52,70.29,70.93,3.13,126,83.27,83.27,1,1115.8,174.85,0.5,1.282,0.97,-0.312,3224.64,15.44,2016.8,3890.28,1013.2,772.46,3766.53,24.9,24.9,11.99545372,11.99545372,11.99545372,11.99545372,11.99545372,6.1,6.1,6.1,1,1,1,0,0.56,102.05,104.88,105.7,103.4,96,81,50725161,47910522,107.4,105.6,109.5,73.9,3038391,508120.9,1,82.18,1022.47,0.97,71.42,123.7,82.434,80.63333333,1008.954,960.9175,0.97,0.97,70.302,67.825,121.36,109.46,3,0,0,0,0,0,1,0,0,0,0,0,0,0.026490066
2021-06-11,3,TRUE,FALSE,71.18,72.69,70.91,71.3,3.23,127,82.84,82.84,1,1110.8,173.98,0.5,1.276,0.97,-0.306,3249.32,14.51,2084.67,3972.33,1019.72,771.15,3805.1,21.5,21.5,8.595453716,8.595453716,8.595453716,8.595453716,8.595453716,4.6,4.6,4.6,1,1,1,0,0.56,102.05,104.88,105.7,103.4,96,81,50725161,47910522,107.4,105.6,109.5,73.9,3038391,508120.9,1,83.27,1013.2,0.97,70.93,126,82.196,80.79883333,1014.228,963.8655,0.97,0.97,70.47,68.04,122.76,110.76,3,0,0,0,0,0,1,0,0,0,0,0,0,0.009677419
2021-06-14,3,TRUE,FALSE,72.01,72.86,70.88,72.06,3.36,125.55,80.88,77.11333333,3,1116.7,174.3,0.5,1.287,0.97,-0.317,3252.13,14.46,2082.6,3964.27,1023.52,775.19,3787.15,24.8,24.6,11.89545372,11.69545372,11.89545372,11.69545372,11.89545372,0,0,0,3,0,1,0,0.56,102.05,104.88,105.7,103.4,96,81,50725161,47910522,107.4,105.6,109.5,73.9,3038391,508120.9,1,82.84,1019.72,0.97,71.3,127,82.086,80.92383333,1020.066,967.632,0.97,0.97,70.71,68.2735,124.21,112.06,3,0,0,0,0,0,1,0,0,0,0,0,0,-0.006389776
2021-06-15,3,TRUE,FALSE,71.79,73.99,72.12,71.87,3.31,125,84.38,84.38,1,1117,174.5,0.5,1.307,0.97,-0.337,3258.63,14.33,2068.54,4001.65,1021.2,774.02,3804.93,22.5,22.5,9.595453716,9.595453716,9.595453716,9.595453716,9.595453716,1.9,1.9,1.9,1,0,0,0,0.56,102.05,104.88,105.7,103.4,96,81,50725161,47910522,107.4,105.6,109.5,73.9,3038391,508120.9,1,77.11333333,1023.52,0.97,72.06,125.55,81.61466667,80.7865,1019.356,972.1055,0.97,0.97,71.058,68.603,125,113.3875,3,0,0,0,0,0,1,0,0,0,0,0,0,-0.006430868
2021-06-16,3,TRUE,FALSE,72.78,74.39,72.15,72.82,3.25,125.25,85.04,85.04,1,1117.2,174.49,0.5,1.286,0.97,-0.316,3278.68,14.7,2073.96,3981.52,1024.3,774.8,3826.85,24.3,24.3,11.39545372,11.39545372,11.39545372,11.39545372,11.39545372,0,0,0,1,0,0,0,0.56,102.05,104.88,105.7,103.4,96,81,50725161,47910522,107.4,105.6,109.5,73.9,3038391,508120.9,1,84.38,1021.2,0.97,71.87,125,81.95666667,81.19883333,1020.022,977.3345,0.97,0.97,71.516,68.835,125.45,114.72,3,0,0,0,0,0,1,0,0,0,0,0,0,-0.067961165
2021-06-17,3,TRUE,FALSE,72.35,73.08,71.04,72.37,3.24,126,85.05,85.05,1,1130.4,175.78,0.5,1.327,0.97,-0.357,3264.96,14.98,2043.29,4012.04,1037.2,779.86,3849.77,21.9,21.9,8.995453716,8.995453716,8.995453716,8.995453716,8.995453716,0,0,0,1,0,0,0,0.56,102.05,104.88,105.7,103.4,96,81,50725161,47910522,107.4,105.6,109.5,73.9,3038391,508120.9,1,85.04,1024.3,0.97,72.82,125.25,82.52866667,81.46183333,1020.388,981.191,0.97,0.97,71.796,69.0545,125.76,116.0275,3,0,0,0,0,0,1,0,0,0,0,0,0,-0.097222222
2021-06-18,3,TRUE,FALSE,70.98,73.51,71.64,71.05,3.23,125,84.19,84.19,1,1132.3,175.47,0.5,1.313,0.97,-0.343,3267.93,14.62,2029.53,3990.19,1017.43,784.09,3864.54,20,20,7.095453716,7.095453716,7.095453716,7.095453716,7.095453716,6.3,6.3,6.3,1,0,0,0,0.56,102.05,104.88,105.7,103.4,96,81,50725161,47910522,107.4,105.6,109.5,73.9,3038391,508120.9,1,85.05,1037.2,0.97,72.37,126,82.88466667,81.77933333,1025.188,986.444,0.97,0.97,72.084,69.4215,125.76,117.34,3,0,0,0,0,0,1,0,0,0,0,0,0,-0.080769231
2021-06-21,3,TRUE,FALSE,71.79,74.9,73.66,71.86,3.15,125.5,83.5,82.93,3,1134.7,175.31,0.5,1.351,0.97,-0.381,3240.79,16.28,1989.32,3955.83,987.48,774.48,3802.18,23.6,22.93333333,10.69545372,10.02878705,10.69545372,10.02878705,10.69545372,0,0,0,3,0,0,0,0.56,102.05,104.88,105.7,103.4,96,81,50725161,47910522,107.4,105.6,109.5,73.9,3038391,508120.9,1,84.19,1017.43,0.97,71.05,125,83.15466667,81.97983333,1024.73,991.0555,0.97,0.97,72.034,69.809,125.36,118.54,3,0,0,0,0,0,1,0,0,0,0,0,0,-0.09623431
2021-06-22,3,TRUE,FALSE,72.52,74.81,73.06,72.73,3.21,127.25,84.24,84.24,1,1131.9,174.83,0.5,1.331,0.97,-0.361,3263.88,15.11,2055.17,4001.81,989.49,791.92,3811.85,22.8,22.8,9.895453716,9.895453716,9.895453716,9.895453716,9.895453716,0,0,0,1,0,0,0,0.56,102.05,105.45,105.7,103.4,96,81,50725161,47910522,107.4,105.6,109.5,73.9,3038391,508120.9,1,82.93,987.48,0.97,71.86,125.5,84.318,82.15733333,1017.522,994.0705,0.97,0.97,71.994,70.0875,125.35,119.6525,3,0,0,0,0,0,1,0,0,0,0,0,0,-0.027777778
2021-06-23,3,TRUE,FALSE,73.43,75.19,73.08,73.63,3.36,127.5,83.18,83.18,1,1137.7,175.25,0.5,1.338,0.97,-0.368,3276.19,14.75,2029.84,4002.84,964.31,786.88,3829.08,22.4,22.4,9.495453716,9.495453716,9.495453716,9.495453716,9.495453716,7.5,7.5,7.5,1,0,0,0,0.56,102.05,105.45,105.7,103.4,96,81,50725161,47910522,107.4,105.6,109.5,73.9,3038391,508120.9,1,84.24,989.49,0.97,72.73,127.25,84.29,82.32233333,1011.18,997.282,0.97,0.97,72.166,70.347,125.8,120.765,3,0,0,0,0,0,1,0,0,0,0,0,0,0.1
2021-06-24,3,TRUE,FALSE,73.73,75.56,73.3,73.82,3.3,127.5,84.65,84.65,1,1134.9,175.2,0.5,1.384,0.97,-0.414,3286.1,14.84,2106.48,4014.37,971.32,791.64,3841.06,23,23,10.09545372,10.09545372,10.09545372,10.09545372,10.09545372,0,0,0,1,0,0,0,0.56,102.05,105.45,105.7,103.4,96,81,50725161,47910522,107.4,105.6,109.5,73.9,3038391,508120.9,1,83.18,964.31,0.97,73.63,127.5,83.918,82.44733333,999.182,998.053,0.97,0.97,72.328,70.6515,126.25,121.885,3,0,0,0,0,0,1,0,0,0,0,0,0,0.0995671
2021-06-25,3,TRUE,FALSE,73.46,76.18,74.05,73.48,3.4,127.7,84.82,84.82,1,1127.7,174.6,0.5,1.441,0.97,-0.471,3302.84,14.82,2103.77,4047.07,978.87,789.47,3896.49,24.1,24.1,11.19545372,11.19545372,11.19545372,11.19545372,11.19545372,0,0,0,1,0,0,0,0.56,102.05,105.45,105.7,103.4,98,81,50725161,47910522,107.4,105.6,109.5,73.9,3038391,508120.9,1,84.65,971.32,0.97,73.82,127.5,83.838,82.65133333,986.006,998.836,0.97,0.97,72.618,71.0205,126.55,122.985,3,0,0,0,0,0,1,0,0,0,0,0,0,0.078740157
2021-06-28,3,TRUE,FALSE,73.88,74.68,72.91,73.95,3.62,128.55,84.56,81.67666667,3,1130.3,174.87,0.5,1.47,0.97,-0.5,3301.89,14.8,2124.81,4047.84,980.62,801.68,3888.51,23.7,23.66666667,10.79545372,10.76212038,10.79545372,10.76212038,11.59545372,0.1,14.26666667,42.8,3,0,0,0,0.56,102.05,105.45,105.7,103.4,98,81,50725161,47910522,107.4,105.6,109.5,73.9,3038391,508120.9,1,84.82,978.87,0.97,73.48,127.7,83.964,82.85383333,978.294,999.7065,0.97,0.97,73.104,71.318,127.09,124.07,3,0,0,0,0,0,1,0,0,0,0,0,0,0.098540146
2021-06-29,3,TRUE,FALSE,72.85,74.76,72.98,72.87,3.75,131,84.56,84.56,1,1128.5,174.71,0.5,1.459,0.97,-0.489,3286.68,14.52,2058.29,4047.34,976.69,788.47,3908.84,23.9,23.9,10.99545372,10.99545372,10.99545372,10.99545372,10.99545372,8,8,8,1,0,0,0,0.56,102.05,105.45,105.7,103.4,98,81,50725161,47910522,107.4,105.6,109.5,73.9,3038391,508120.9,1,81.67666667,980.62,0.97,73.95,128.55,83.71333333,83.1705,976.922,1000.762,0.97,0.97,73.522,71.6015,127.7,124.5525,3,0,0,0,0,0,1,0,0,0,0,0,0,-0.023255814
2021-06-30,3,TRUE,FALSE,72.87,75.13,73.47,72.98,3.79,134.7,85.06,85.06,1,1126.1,174.28,0.5,1.448,0.97,-0.478,3296.68,14.17,2058.14,4088,975.46,787.33,3963.97,24.3,24.3,11.39545372,11.39545372,11.39545372,11.39545372,11.39545372,6,6,6,1,0,0,0,0.56,102.05,105.45,106.4,103.8,98,81,50725161,47910522,105.1,105.8,107,73.3,3155685,508120.9,1,84.56,976.69,0.97,72.87,131,83.77733333,83.196,974.362,1001.2335,0.97,0.97,73.55,71.7835,128.45,125.0775,3,0,0,0,0,0,1,0,0,0,0,0,0,0.074829932
2021-07-01,4,TRUE,FALSE,73.85,75.84,75.23,74.14,3.76,137.75,87.2,87.2,1,1133.1,175.01,0.5,1.469,0.97,-0.499,3282.06,14.33,2045.5,4006.99,968.5,786.74,3933.83,26.3,26.3,13.39545372,13.39545372,13.39545372,13.39545372,13.39545372,0,0,0,1,0,0,0,0.56,102.05,105.45,106.4,103.8,98,81,54778905,50429027,105.1,105.8,107,73.3,3155685,508120.9,1,85.06,975.46,0.97,72.98,134.7,84.15333333,83.2585,976.592,1001.279,0.97,0.97,73.42,71.9615,129.89,125.815,3,0,0,0,0,0,1,0,0,0,0,0,0,0.012658228
2021-07-02,4,TRUE,FALSE,74.09,76.17,75.16,74.3,3.67,139.25,87.01,87.01,1,1135,174.98,0.5,1.484,0.97,-0.514,3281.78,13.74,2053.49,4016.15,971.48,798.65,3896.27,27.1,27.1,14.19545372,14.19545372,14.19545372,14.19545372,14.19545372,0,0,0,1,0,0,0,0.56,102.05,105.45,106.4,103.8,98,81,54778905,50429027,105.1,105.8,107,73.3,3155685,508120.9,1,87.2,968.5,0.97,74.14,137.75,84.66333333,83.3955,976.028,1000.3625,0.97,0.97,73.484,72.164,131.94,126.7525,3,0,0,0,0,0,1,0,0,0,0,0,0,0.00625
2021-07-05,4,TRUE,FALSE,74.68,77.16,75.16,74.82,3.67,143.4,82.9,79.59,3,1131.8,175.09,0.5,1.462,0.97,-0.492,3293.21,13.11,2052.69,4036.57,975.31,797.12,3930.17,23.3,22.43333333,10.39545372,9.528787049,10.39545372,9.528787049,10.39545372,0,27.13333333,81.4,3,0,0,0,0.56,102.05,105.45,106.4,103.8,98,81,54778905,50429027,105.1,105.8,107,73.3,3155685,508120.9,1,87.01,971.48,0.97,74.3,139.25,85.10133333,83.5765,974.55,999.41,0.97,0.97,73.648,72.374,134.25,127.7275,3,0,0,0,0,0,1,0,0,0,0,0,0,0
2021-07-06,4,TRUE,FALSE,75.88,74.53,73.37,76.03,3.68,140.75,85.88,85.88,1,1129.7,174.9,0.5,1.465,0.97,-0.495,3305.21,12.71,2045.21,4083.38,971.3,801.48,3948.75,25.3,25.3,12.39545372,12.39545372,12.39545372,12.39545372,12.39545372,0,0,0,1,0,0,0,0.56,102.05,105.45,106.4,103.8,98,81,54778905,50429027,105.1,105.8,107,73.3,3155685,508120.9,1,79.59,975.31,0.97,74.82,143.4,84.684,83.5825,973.488,996.822,0.97,0.97,73.822,72.599,137.22,128.8175,3,0,0,0,0,0,1,0,0,0,0,0,0,0.02484472
2021-07-07,4,TRUE,FALSE,73.29,73.43,72.2,73.43,3.66,139.55,85.6,85.6,1,1138.1,175.82,0.5,1.41,0.97,-0.44,3285.34,13.29,2021.6,4061.5,959.21,792.69,3931,26.4,26.4,13.49545372,13.49545372,13.49545372,13.49545372,13.49545372,12.7,12.7,12.7,1,0,0,2150000,0.56,102.05,105.45,106.4,103.8,98,81,54778905,50429027,105.1,105.8,107,73.3,3155685,508120.9,1,85.88,971.3,0.97,76.03,140.75,84.948,83.743,972.41,994.4935,0.97,0.97,74.454,72.9215,139.17,129.7175,3,0,0,0,0,0,1,0,0,0,0,0,0,0.048484848
2021-07-08,4,TRUE,FALSE,70.63,74.12,72.94,70.68,3.56,142.25,87.06,87.06,1,1145,176.54,0.5,1.358,0.97,-0.388,3252.68,14.19,2023,3995.7,940.12,787.67,3864.96,26,26,13.09545372,13.09545372,13.09545372,13.09545372,13.09545372,2.9,2.9,2.9,1,0,0,2150000,0.56,102.05,105.45,106.4,103.8,98,81,54778905,50429027,105.1,105.8,107,73.3,3155685,508120.9,1,85.6,959.21,0.97,73.43,139.55,85.056,83.914,969.16,991.3305,0.97,0.97,74.544,73.022,140.14,130.51,3,0,0,0,0,0,1,0,0,0,0,0,0,0.028901734
2021-07-09,4,TRUE,FALSE,73.03,75.55,74.56,73.05,3.71,143,87.56,87.56,1,1149.1,176.95,0.5,1.375,0.97,-0.405,3217.95,15.12,1987.77,3969.58,929.18,784.54,3827.84,25.5,25.5,12.59545372,12.59545372,12.59545372,12.59545372,12.59545372,0,0,0,1,0,1,2150000,0.56,102.05,105.45,106.4,103.8,98,81,54778905,50429027,105.1,105.8,107,73.3,3155685,508120.9,1,87.06,940.12,0.97,70.68,142.25,85.028,84.1035,963.484,987.6765,0.97,0.97,73.852,73.0095,141.04,131.3225,3,0,0,0,0,0,1,0,0,0,0,0,0,0.070224719
2021-07-12,4,TRUE,FALSE,73.54,75.16,74.1,73.63,3.7,142.25,84.4,82.2,3,1147,177.05,0.5,1.384,0.97,-0.414,3246.47,13.62,2028.74,4001.06,933,793.85,3851.51,28.1,26.56666667,15.19545372,13.66212038,15.19545372,13.66212038,15.19545372,0,0.3,0.9,3,1,1,2150000,0.56,102.05,105.45,106.4,103.8,98,81,54778905,50429027,105.1,105.8,107,73.3,3155685,508120.9,1,87.56,929.18,0.97,73.05,143,85.138,84.3395,955.024,983.1495,0.97,0.97,73.602,73.097,141.79,132.1225,3,0,0,0,0,0,1,0,0,0,0,0,0,0.049868766
2021-07-13,4,TRUE,FALSE,74.36,76.49,75.25,74.46,3.78,144.6,89.87,89.87,1,1145.4,177.03,0.5,1.424,0.97,-0.454,3271.38,12.55,2039.1,4039.88,935.95,797.75,3895.67,28.8,28.8,15.89545372,15.89545372,15.89545372,15.89545372,15.89545372,0,0,0,1,1,1,2150000,0.56,102.05,105.45,106.4,103.8,98,81,54778905,50429027,105.1,105.8,107,73.3,3155685,508120.9,1,82.2,933,0.97,73.63,142.25,85.66,84.59383333,946.562,978.6235,0.97,0.97,73.364,73.1755,141.56,132.9575,3,0,0,0,0,0,1,0,0,0,0,0,0,0.035
2021-07-14,4,TRUE,FALSE,74.72,74.76,73.13,74.77,3.8,144.5,89.47,89.47,1,1148.5,177.32,0.5,1.39,0.97,-0.42,3264.81,12.97,2043.12,4046.56,935.97,798.79,3890.72,29.7,29.7,16.79545372,16.79545372,16.79545372,16.79545372,16.79545372,0,0,0,1,1,1,2150000,0.56,102.05,105.45,106.4,103.8,98,81,54778905,50429027,105.1,105.8,107,73.3,3155685,508120.9,1,89.87,935.95,0.97,74.46,144.6,86.458,84.86833333,939.492,974.361,0.97,0.97,73.05,73.305,142.33,133.9375,3,0,0,0,0,0,1,0,0,0,0,0,0,0.024154589
2021-07-15,4,TRUE,FALSE,72.23,73.47,71.65,72.33,3.68,146,88.46,88.46,1,1141.5,176.63,0.5,1.497,0.97,-0.527,3286.22,13.04,2072.6,4046.64,940.58,796.39,3957.14,29.1,29.1,16.19545372,16.19545372,16.19545372,16.19545372,16.19545372,0,0,0,1,1,1,0,98.16,102.05,105.45,106.4,103.8,98,81,54778905,50429027,105.1,105.8,107,73.3,3155685,508120.9,1,89.47,935.97,0.97,74.77,144.5,87.232,85.08983333,934.844,969.9445,0.97,0.97,73.318,73.4025,143.32,134.9,3,0,0,0,0,0,1,0,0,0,0,0,0,0.004716981
2021-07-16,4,TRUE,FALSE,72.18,73.59,71.81,72.23,3.7,148.1,88.83,88.83,1,1139.5,176.28,0.5,1.451,0.97,-0.481,3276.91,13.23,2062.11,4031.86,947.24,797.47,3896.64,28.8,28.8,15.89545372,15.89545372,15.89545372,15.89545372,15.89545372,0,0,0,1,1,1,0,98.16,102.05,105.45,106.4,103.8,98,81,54778905,50429027,105.1,105.8,107,73.3,3155685,508120.9,1,88.46,940.58,0.97,72.33,146,87.512,85.26033333,934.936,965.1135,0.97,0.97,73.648,73.4005,144.07,135.9,3,0,0,0,0,0,1,0,0,0,0,0,0,0.004694836
2021-07-19,4,TRUE,FALSE,71.68,68.62,66.42,71.73,3.75,150,87.25,86.31,3,1147.8,176.92,0.5,1.459,0.97,-0.489,3244.04,15.25,2009.49,4016.07,944.79,791.16,3894.59,26.4,28.36666667,13.49545372,15.46212038,13.49545372,15.46212038,16.69545372,67.4,22.46666667,67.4,3,0,1,0,98.16,102.05,105.45,106.4,103.8,98,81,54778905,50429027,105.1,105.8,107,73.3,3155685,508120.9,1,88.83,947.24,0.97,72.23,148.1,87.766,85.49233333,938.548,961.604,0.97,0.97,73.484,73.4595,145.09,137.055,3,0,0,0,0,0,1,0,0,0,0,0,0,0.004672897
2021-07-20,4,TRUE,FALSE,71.68,69.35,67.42,71.73,3.82,149.7,90.54,90.54,1,1150.4,177.22,0.5,1.41,0.97,-0.44,3232.7,15.68,1984.31,3992.82,942.38,785.99,3872.75,27.9,27.9,14.99545372,14.99545372,14.99545372,14.99545372,14.99545372,0,0,0,1,0,0,0,98.16,102.05,105.45,106.4,103.8,98,81,54778905,50429027,105.1,105.8,107,73.3,3155685,508120.9,1,86.31,944.79,0.97,71.73,150,88.588,85.66133333,940.906,959.4695,0.97,0.97,73.104,73.453,146.64,138.28,3,0,0,0,0,0,1,0,0,0,0,0,0,-0.004651163
2021-07-21,4,TRUE,FALSE,68.67,72.23,70.3,68.76,3.94,149.75,90.22,90.22,1,1154,178.05,0.5,1.383,0.97,-0.413,3215.91,16.12,2001.06,4003.31,940.28,782.95,3864.97,30.5,30.5,17.59545372,17.59545372,17.59545372,17.59545372,17.59545372,0,0,0,1,0,0,0,98.16,102.05,106.01,106.4,103.8,98,81,54778905,50429027,105.1,105.8,107,73.3,3155685,508120.9,1,90.54,942.38,0.97,71.73,149.7,88.722,85.97633333,942.192,957.114,0.97,0.97,72.558,73.403,147.66,139.4025,3,0,0,0,0,0,1,0,0,0,0,0,0,0
2021-07-22,4,TRUE,FALSE,71.43,73.79,71.91,71.53,4.02,149.75,91.51,91.51,1,1149.9,177.83,0.5,1.397,0.97,-0.427,3250.21,14.6,2062.72,4057.38,952.63,784.21,3971.37,31.2,31.2,18.29545372,18.29545372,18.29545372,18.29545372,18.29545372,0,0,0,1,0,0,0,98.16,102.05,106.01,106.4,103.8,98,81,54778905,50429027,105.1,105.8,107,73.3,3155685,508120.9,1,90.22,940.28,0.97,68.76,149.75,88.872,86.32833333,943.054,955.9125,0.97,0.97,71.356,73.1595,148.71,140.515,3,0,0,0,0,0,1,0,0,0,0,0,0,-0.018691589
2021-07-23,4,TRUE,FALSE,72.25,74.1,72.07,72.64,4.11,149.75,90.11,90.11,1,1150.8,177.7,0.5,1.393,0.97,-0.423,3254.42,14.42,2111.22,4075.55,959.74,785.99,3960.73,31.2,31.2,18.29545372,18.29545372,18.29545372,18.29545372,18.29545372,0,0,0,1,0,0,0,98.16,102.05,106.01,106.4,103.8,98,81,54778905,50429027,105.1,105.8,107,73.3,3155685,508120.9,1,91.51,952.63,0.97,71.53,149.75,89.482,86.67133333,945.464,954.978,0.97,0.97,71.196,73.045,149.46,141.6275,3,0,0,0,0,0,1,0,0,0,0,0,0,0.004761905
2021-07-26,4,TRUE,FALSE,71.59,74.5,71.91,71.92,4.09,149.75,87.18,85.76333333,3,1155,178.01,0.5,1.369,0.97,-0.399,3224.95,16.05,2089.75,4048.78,951.82,771.87,3929.89,31.2,31.46666667,18.29545372,18.56212038,18.29545372,18.56212038,18.79545372,0,0,0,3,0,0,0,98.16,102.05,106.01,106.4,103.8,98,81,54778905,50429027,105.1,105.8,107,73.3,3155685,508120.9,1,90.11,959.74,0.97,72.64,149.75,89.738,86.93583333,947.964,954.0215,0.97,0.97,71.278,73.003,149.79,142.73,3,0,0,0,0,0,1,0,0,0,0,0,0,-0.004739336
2021-07-27,4,TRUE,FALSE,73.02,74.48,71.65,73.08,4.15,149.75,89.86,89.86,1,1150.1,177.42,0.5,1.38,0.97,-0.41,3232.53,15.75,2122.87,4065.12,954.83,778.28,3929.77,31.1,31.1,18.19545372,18.19545372,18.19545372,18.19545372,18.19545372,0,0,0,1,0,0,0,98.16,102.05,106.01,106.4,103.8,98,81,54778905,50429027,105.1,105.8,107,73.3,3155685,538355.5,1,85.76333333,951.82,0.97,71.92,149.75,89.62866667,87.14016667,949.37,952.5815,0.97,0.97,71.316,72.9015,149.74,143.79,3,0,0,0,0,0,1,0,0,0,0,0,0,0.004761905
2021-07-28,4,TRUE,FALSE,72.82,74.74,72.39,72.95,4.1,150.1,89.98,89.98,1,1154.6,177.23,0.5,1.419,0.97,-0.449,3236.86,16.11,2126.03,4051.09,953.62,785.03,3866.75,30.4,30.4,17.49545372,17.49545372,17.49545372,17.49545372,17.49545372,0,0,0,1,0,0,0,98.16,102.05,106.01,106.4,103.8,98,81,54778905,50429027,105.1,105.8,107,73.3,3155685,538355.5,1,89.86,954.83,0.97,73.08,149.75,89.49266667,87.40516667,951.86,951.4885,0.97,0.97,71.586,72.912,149.75,144.7275,3,0,0,0,0,0,1,0,0,0,0,0,0,0.004739336
2021-07-29,4,TRUE,FALSE,73.68,76.05,73.62,73.75,4.03,150,89.83,89.83,1,1146.5,177.05,0.5,1.431,0.97,-0.461,3242.65,15.58,2105.62,4054.93,961.91,788.49,3863.18,29.6,29.6,16.69545372,16.69545372,16.69545372,16.69545372,16.69545372,0,0,0,1,0,0,0,98.16,102.05,106.01,106.4,103.8,98,81,54778905,50429027,105.1,105.8,107,73.3,3155685,538355.5,1,89.98,953.62,0.97,72.95,150.1,89.44466667,87.65116667,954.528,950.3965,0.97,0.97,72.424,72.9105,149.82,145.4975,3,0,0,0,0,0,1,0,0,0,0,0,0,-0.004716981
2021-07-30,4,TRUE,FALSE,73.9,76.33,73.95,74.3,3.94,149.75,89.9,89.9,1,1150.3,177.83,0.5,1.417,0.97,-0.447,3202.32,17.3,2133.67,3995.97,953.33,780.94,3825.5,30.5,30.5,17.59545372,17.59545372,17.59545372,17.59545372,17.59545372,0,0,0,1,0,0,0,98.16,102.05,106.01,107,103.9,97,79,54778905,50429027,111.6,104.8,110.8,73.6,3159737,538355.5,1,89.83,961.91,0.97,73.75,150,89.10866667,87.78266667,956.384,950.067,0.97,0.97,72.868,72.891,149.87,146.11,3,0,0,0,0,0,1,0,0,0,0,0,0,0.037914692
2021-08-02,4,TRUE,FALSE,73.28,72.89,71.26,73.33,4.02,152.55,94.64,91.37666667,3,1150.9,178.01,0.5,1.435,0.97,-0.465,3223.04,15.77,2107.57,4018.54,963.25,776.45,3905.2,26.5,27.8,13.59545372,14.89545372,13.59545372,14.89545372,16.89545372,1.7,8.566666667,25.7,3,0,0,0,98.16,102.05,106.01,107,103.9,97,79,55461518,53676256,111.6,104.8,110.8,73.6,3159737,538355.5,1,89.9,953.33,0.97,74.3,149.75,89.06666667,87.92716667,955.102,949.1595,0.97,0.97,73.2,72.891,149.87,146.635,3,0,0,0,0,0,1,0,0,0,0,0,0,0.00913242
2021-08-03,4,TRUE,FALSE,71.88,72.41,70.56,71.94,4.06,152.75,94.84,94.84,1,1148.3,177.77,0.5,1.442,0.97,-0.472,3237.14,14.78,2036.03,4014.88,960.85,770.26,3977.58,28,28,15.09545372,15.09545372,15.09545372,15.09545372,15.09545372,0,0,0,1,0,0,0,98.16,102.26,106.01,107,103.9,97,79,55461518,53676256,111.6,104.8,110.8,73.6,3159737,538355.5,1,91.37666667,963.25,0.97,73.33,152.55,90.18933333,88.5165,957.388,948.5565,0.97,0.97,73.482,72.8165,150.43,147.0925,3,0,0,0,0,0,1,0,0,0,0,0,0,0.018099548
2021-08-04,4,TRUE,FALSE,71.37,70.38,68.15,71.42,4.2,154.4,93.54,93.54,1,1143.6,177.05,0.5,1.418,0.97,-0.448,3280.38,14.77,2065.49,3998.18,962.1,775.98,3994.22,28.9,28.9,15.99545372,15.99545372,15.99545372,15.99545372,15.99545372,0,0,0,1,0,0,2759600,98.16,102.26,106.01,107,103.9,97,79,55461518,53676256,111.6,104.8,110.8,73.6,3159737,538355.5,1,94.84,960.85,0.97,71.94,152.75,91.18533333,88.9645,958.592,948.034,0.97,0.97,73.254,72.612,151.03,147.6925,3,0,0,0,0,0,1,0,0,0,0,0,0,-0.017777778
2021-08-05,4,TRUE,FALSE,68.8,71.29,69.09,68.93,4.27,157.25,95.37,95.37,1,1143.7,176.97,0.5,1.414,0.97,-0.444,3276.13,14.53,2057.31,3982.11,962.4,777.13,4016.69,29.4,29.4,16.49545372,16.49545372,16.49545372,16.49545372,16.49545372,0,0,0,1,0,0,2759600,98.16,102.26,106.01,107,103.9,97,79,55461518,53676256,111.6,104.8,110.8,73.6,3159737,538355.5,1,93.54,962.1,0.97,71.42,154.4,91.89733333,89.3615,960.288,948.1785,0.97,0.97,72.948,72.5115,151.89,148.435,3,0,0,0,0,0,1,0,0,0,0,0,0,0.013574661
2021-08-06,4,TRUE,FALSE,70.72,70.7,68.28,70.76,4.21,160.95,97.15,97.15,1,1142.1,176.76,0.5,1.433,0.97,-0.463,3270.36,14.18,2043.58,3968.7,962.68,778.33,4001.72,28.1,28.1,15.19545372,15.19545372,15.19545372,15.19545372,15.19545372,0,0,0,1,0,1,2759600,98.16,102.26,106.01,107,103.9,97,79,55461518,53676256,111.6,104.8,110.8,73.6,3159737,538355.5,1,95.37,962.4,0.97,68.93,157.25,93.00533333,89.777,960.386,949.2925,0.97,0.97,71.984,72.424,153.34,149.185,3,0,0,0,0,0,1,0,0,0,0,0,0,0.004464286
2021-08-09,4,TRUE,FALSE,70.72,69.04,66.48,70.76,4.24,167.05,96.14,94.17333333,3,1144.3,176.69,0.5,1.436,0.97,-0.466,3260.42,14.28,2015.72,3987.94,959.02,769.02,4021.32,28.3,27.7,15.39545372,14.79545372,15.39545372,14.79545372,15.39545372,0,4.233333333,12.7,3,1,1,2759600,98.16,102.26,106.01,107,103.9,97,79,55461518,53676256,111.6,104.8,110.8,73.6,3159737,538355.5,1,97.15,962.68,0.97,70.76,160.95,94.45533333,90.2565,962.256,950.9675,0.97,0.97,71.276,72.3095,155.58,150.0825,3,0,0,0,0,0,1,0,0,0,0,0,0,0
2021-08-10,4,FALSE,FALSE,68.91,70.63,68.29,68.92,4.12,167.1,96.27,96.27,1,1149.8,177.4,0.5,1.432,0.97,-0.462,3243.19,14.52,2008.8,4010.37,957.38,765.98,3951.18,27.7,27.7,14.79545372,14.79545372,14.79545372,14.79545372,14.79545372,0,0,0,1,1,1,2759600,98.16,102.26,106.01,107,103.9,97,79,55461518,53676256,111.6,104.8,110.8,73.6,3159737,538355.5,1,94.17333333,959.02,0.97,70.76,167.05,95.01466667,90.85516667,961.41,952.2685,0.97,0.97,70.762,72.166,158.48,151.3225,3,0,0,0,0,0,1,0,0,0,0,0,0,0
2021-08-11,1,TRUE,TRUE,69.77,71.44,69.25,69.92,4.07,169.4,95.3,95.3,1,1156.4,178.26,0.5,1.419,0.97,-0.449,3220.62,15.12,2029.44,4017.05,946.6,756.15,3805.93,27.4,27.4,14.49545372,14.49545372,14.49545372,14.49545372,14.49545372,0,0,0,1,1,1,2759600,98.16,102.26,106.01,107,103.9,97,79,55461518,53676256,111.6,104.8,110.8,73.6,3159737,538355.5,1,96.27,957.38,0.97,68.92,167.1,95.30066667,91.17516667,960.716,953.34,0.97,0.97,70.158,71.889,161.35,152.4475,3,0,0,0,0,0,0,1,0,0,0,0,0,0.173333333
2021-08-12,1,TRUE,FALSE,70.52,71.31,69.09,70.67,4.1,171.25,95.56,95.56,1,1161.2,179.27,0.5,1.413,0.97,-0.443,3208.38,14.09,2023.14,4042.69,944.57,758.54,3738.06,26.8,26.8,13.89545372,13.89545372,13.89545372,13.89545372,13.89545372,0,0,0,1,1,1,0,82,102.26,106.01,107,103.9,97,79,55461518,53676256,111.6,104.8,110.8,73.6,3159737,538355.5,1,95.3,946.6,0.97,69.92,169.4,95.65266667,91.46666667,957.616,953.8715,0.97,0.97,69.858,71.6465,164.35,153.6925,3,0,0,0,0,0,0,1,0,0,0,0,1,-0.015151515
2021-08-13,1,TRUE,FALSE,70.03,70.59,68.44,70.16,3.95,172.75,95.34,95.34,1,1169,180.45,0.5,1.407,0.97,-0.437,3171.29,15.45,2005.77,4038.24,938.92,750.13,3675.22,26.6,26.6,13.69545372,13.69545372,13.69545372,13.69545372,13.69545372,0,0,0,1,1,1,0,82,102.26,106.01,107,103.9,97,79,55461518,53676256,111.6,104.8,110.8,73.6,3159737,538355.5,1,95.56,944.57,0.97,70.67,171.25,95.69066667,91.82166667,954.05,954.071,0.97,0.97,70.206,71.5635,167.15,154.955,3,0,0,0,0,0,0,1,0,0,0,0,0,0
2021-08-17,1,TRUE,FALSE,68.45,69.03,66.59,68.51,3.92,171.45,94.05,91,4,1176.3,181.61,0.5,1.402,0.97,-0.432,3143.09,16.34,1949.1,3934.98,923.98,723.77,3638.52,25.9,26.55,12.99545372,13.64545372,12.99545372,13.64545372,14.39545372,9.3,2.325,9.3,4,0,1,0,82,102.26,106.01,107,103.9,97,79,55461518,53676256,111.6,104.8,110.8,73.6,3159737,538355.5,1,95.34,938.92,0.97,70.16,172.75,95.32866667,92.14716667,949.298,953.655,0.97,0.97,70.086,71.46,169.51,156.1875,3,0,0,0,0,0,0,1,0,0,0,0,0,0
2021-08-18,1,TRUE,FALSE,68.58,68.23,65.46,68.77,3.86,171,94.57,94.57,1,1168,180.14,0.5,1.389,0.97,-0.419,3158.93,15.48,1960.86,3967.28,930.66,739.12,3688.89,24.3,24.3,11.39545372,11.39545372,11.39545372,11.39545372,11.39545372,5.6,5.6,5.6,1,0,0,0,82,102.26,106.01,107,103.9,97,79,55461518,53676256,111.6,104.8,110.8,73.6,3159737,538355.5,1,91,923.98,0.97,68.51,171.45,94.694,92.38166667,942.29,952.6145,0.97,0.97,69.636,71.299,170.39,157.26,3,0,0,0,0,0,0,1,0,0,0,0,0,-0.015384615
2021-08-19,1,TRUE,FALSE,65.35,66.45,63.69,65.59,3.83,170.9,93.93,93.93,1,1176.2,180.9,0.5,1.36,0.97,-0.39,3097.83,17.82,1860.19,3865.17,906.1,709.01,3573.15,26,26,13.09545372,13.09545372,13.09545372,13.09545372,13.09545372,0,0,0,1,0,0,0,82,102.26,106.01,107,103.9,97,79,55461518,53676256,111.6,104.8,110.8,73.6,3159737,538355.5,1,94.57,930.66,0.97,68.77,171,94.354,92.58316667,936.946,952.0285,0.97,0.97,69.606,71.151,171.17,158.325,3,0,0,0,0,0,0,1,0,0,0,0,0,0.0546875
2021-08-20,1,TRUE,FALSE,65.37,65.18,62.32,65.71,3.94,167.75,93.71,93.71,1,1179.6,181.3,0.5,1.364,0.97,-0.394,3060.51,18.92,1824.66,3847.32,892.38,694.57,3533.22,26.6,26.6,13.69545372,13.69545372,13.69545372,13.69545372,13.69545372,0,0,0,1,0,0,0,82,102.26,107.04,107,103.9,97,79,55461518,53676256,111.6,104.8,110.8,73.6,3159737,538355.5,1,93.93,906.1,0.97,65.59,170.9,94.08,92.76866667,928.846,950.3195,0.97,0.97,68.74,70.9925,171.47,159.3825,3,0,0,0,0,0,0,1,0,0,0,0,0,-0.033333333
2021-08-23,1,TRUE,FALSE,66.09,68.75,65.64,66.28,3.93,170,91.61,90.55,3,1173.7,180.61,0.5,1.389,0.97,-0.419,3090.21,17.29,1841.43,3802.83,903.46,697.96,3579.17,22.4,23.53333333,9.495453716,10.62878705,9.495453716,10.62878705,11.49545372,7.4,23.4,70.2,3,0,0,0,82,102.26,107.04,107,103.9,97,79,55461518,53676256,111.6,104.8,110.8,73.6,3159737,538355.5,1,93.71,892.38,0.97,65.71,167.75,93.71,92.87866667,918.408,947.307,0.97,0.97,67.748,70.7015,170.77,160.2825,3,0,0,0,0,0,0,1,0,0,0,0,0,0.034482759
2021-08-24,1,TRUE,FALSE,68.7,71.05,67.54,68.82,3.95,170,93.7,93.7,1,1165.6,179.95,0.5,1.438,0.97,-0.468,3138.3,15.62,1919.34,3829.17,922.46,719.16,3681.26,23.4,23.4,10.49545372,10.49545372,10.49545372,10.49545372,10.49545372,10.5,10.5,10.5,1,0,0,0,82,102.26,107.04,107,103.9,97,79,55461518,53676256,111.6,104.8,110.8,73.6,3159737,538355.5,1,90.55,903.46,0.97,66.28,170,92.752,92.90066667,911.316,944.493,0.97,0.97,66.972,70.3835,170.22,161.295,3,0,0,0,0,0,0,1,0,0,0,0,0,0.088888889
2021-08-25,1,TRUE,FALSE,69.69,72.25,68.36,69.82,4.03,170.75,93.73,93.73,1,1168.1,180.33,0.5,1.435,0.97,-0.465,3146.81,15.48,1943.61,3910.2,923.57,733.89,3665.71,25,25,12.09545372,12.09545372,12.09545372,12.09545372,12.09545372,0.3,0.3,0.3,1,0,0,0,82,102.26,107.04,107,103.9,95,81,55461518,53676256,111.6,104.8,110.8,73.6,3159737,538355.5,1,93.7,922.46,0.97,68.82,170,93.292,93.2975,911.012,943.025,0.97,0.97,67.034,70.2285,169.93,162.3075,3,0,0,0,0,0,0,1,0,0,0,0,0,0.003401361
2021-08-26,1,TRUE,FALSE,70.11,71.07,67.42,70.21,4.07,171,94.76,94.76,1,1170.5,180.42,0.75,1.398,1.12,-0.278,3128.53,16.15,1928.95,3881.94,922.97,726.48,3682.05,25.5,25.5,12.59545372,12.59545372,12.59545372,12.59545372,12.59545372,0.7,0.7,0.7,1,0,0,0,82,102.26,107.04,107,103.9,95,81,55461518,53676256,111.6,104.8,110.8,73.6,3159737,538355.5,1,93.73,923.57,0.97,69.82,170.75,93.124,93.491,909.594,941.462,0.97,0.97,67.244,70.0655,169.88,163.3575,3,0,0,0,0,0,0,1,0,0,0,0,0,-0.040677966
2021-08-27,1,TRUE,FALSE,70.76,72.7,68.74,70.82,4.35,170.95,94.27,94.27,1,1169.2,180.38,0.75,1.408,1.12,-0.288,3133.9,16.17,1917.76,3896.52,926.19,729.15,3668.77,22.4,22.4,9.495453716,9.495453716,9.495453716,9.495453716,9.495453716,0.9,0.9,0.9,1,0,0,0,82,102.26,107.04,107,103.9,95,81,55461518,53676256,111.6,104.8,110.8,73.6,3159737,538355.5,1,94.76,922.97,1.12,70.21,171,93.29,93.73,912.968,939.9295,1,0.9775,68.168,69.9285,169.9,164.4025,3,0,0,0,0,0,0,1,0,0,0,0,0,-0.003533569
2021-08-30,1,TRUE,FALSE,71.13,73.41,69.21,71.18,4.25,171.35,90.79,90.6,3,1167,180.35,0.75,1.398,1.12,-0.278,3144.19,15.88,1981.23,3901.39,925.73,754.34,3671.93,24.2,23.83333333,11.29545372,10.92878705,11.29545372,10.92878705,11.29545372,0,0.3,0.9,3,0,0,0,82,102.26,107.04,107,103.9,95,81,55461518,53676256,111.6,104.8,110.8,73.6,3159737,538355.5,1,94.27,926.19,1.12,70.82,170.95,93.402,93.952,919.73,938.1435,1.03,0.985,69.19,69.782,170.54,165.45,3,0,0,0,0,0,0,1,0,0,0,0,0,0.007092199
2021-08-31,1,TRUE,FALSE,71.19,72.99,68.5,71.17,4.33,174.25,93.32,93.32,1,1159.5,179.46,0.75,1.395,1.12,-0.275,3199.27,14.76,2015.21,3967.73,928.48,767.05,3716.53,20.5,20.5,7.595453716,7.595453716,7.595453716,7.595453716,7.595453716,77.4,77.4,77.4,1,0,0,0,82,102.26,107.04,107.1,104.2,95,81,55461518,53676256,110.7,110,108.9,75.2,3026934,538355.5,1,90.6,925.73,1.12,71.18,171.35,93.412,93.987,924.184,936.7635,1.06,0.9925,70.17,69.626,170.81,166.53,3,0,0,0,0,0,0,1,0,0,0,0,0,-0.014084507
2021-09-01,1,TRUE,FALSE,70.43,71.59,68.59,70.49,4.45,174.6,101.74,101.74,1,1157.2,179.22,0.75,1.417,1.12,-0.297,3207.02,14.96,2010.61,3897.41,929.22,775.51,3735.08,21.4,21.4,8.495453716,8.495453716,8.495453716,8.495453716,8.495453716,0.8,0.8,0.8,1,0,0,2749800,82,102.26,107.04,107.1,104.2,95,81,53165104,51581093,110.7,110,108.9,75.2,3026934,538355.5,1,93.32,928.48,1.12,71.17,174.25,93.336,94.08416667,925.388,935.025,1.09,1,70.64,69.518,171.66,167.615,3,0,0,0,0,0,0,1,0,0,0,0,0,-0.010714286
2021-09-02,1,TRUE,FALSE,69.74,73.03,69.99,69.88,4.65,177.5,100.87,100.87,1,1161.5,179.9,0.75,1.422,1.12,-0.302,3175.85,15.25,2016.06,3878.93,926.39,770.43,3696.08,23.5,23.5,10.59545372,10.59545372,10.59545372,10.59545372,10.59545372,0,0,0,1,0,0,2749800,82,102.75,107.04,107.1,104.2,95,81,53165104,51581093,110.7,110,108.9,75.2,3026934,538355.5,1,101.74,929.22,1.12,70.49,174.6,94.938,94.42916667,926.518,933.4435,1.12,1.0075,70.774,69.4455,172.43,168.7075,3,0,0,0,0,0,0,1,0,0,0,0,0,0.010830325
2021-09-03,1,TRUE,FALSE,71.26,72.61,69.29,71.35,4.77,179,100.06,100.06,1,1157,179.34,0.75,1.437,1.12,-0.317,3201.06,14.62,2023.88,3913.66,926.38,775.91,3723.78,24.3,24.3,11.39545372,11.39545372,11.39545372,11.39545372,11.39545372,0,0,0,1,0,1,2749800,82,102.75,107.04,107.1,104.2,95,81,53165104,51581093,110.7,110,108.9,75.2,3026934,538355.5,1,100.87,926.39,1.12,69.88,177.5,96.16,94.79566667,927.202,931.658,1.12,1.015,70.708,69.3685,173.73,169.8625,3,0,0,0,0,0,0,1,0,0,0,0,0,0
2021-09-06,1,TRUE,FALSE,69.99,72.22,69.29,70.01,4.77,178,96.22,93.12333333,3,1156.5,179.41,0.75,1.459,1.12,-0.339,3203.33,14.24,2018.95,3989.48,942.33,775.54,3715.77,22.3,22.86666667,9.395453716,9.962120382,9.395453716,9.962120382,10.29545372,12,4,12,3,1,1,2749800,82,102.75,107.04,107.1,104.2,95,81,53165104,51581093,110.7,110,108.9,75.2,3026934,538355.5,1,100.06,926.38,1.12,71.35,179,97.318,95.03016667,927.24,929.857,1.12,1.0225,70.814,69.4895,175.34,170.95,3,0,0,0,0,0,0,1,0,0,0,0,0,0
2021-09-07,1,TRUE,FALSE,70.35,71.69,68.35,70.37,4.71,177.2,100.01,100.01,1,1157.8,179.39,0.75,1.464,1.12,-0.344,3187.42,14.18,2075.82,4033.29,949,776.16,3673.92,19.6,19.6,6.695453716,6.695453716,6.695453716,6.695453716,6.695453716,29.6,29.6,29.6,1,1,1,2749800,82,102.75,107.04,107.1,104.2,95,81,53165104,51581093,110.7,110,108.9,75.2,3026934,538355.5,1,93.12333333,942.33,1.12,70.01,178,97.82266667,94.82883333,930.56,928.8395,1.12,1.03,70.58,69.452,176.67,171.8025,3,0,0,0,0,0,0,1,0,0,0,0,0,0.017857143
2021-09-08,1,TRUE,FALSE,69.78,72.6,69.3,69.89,4.66,177.35,99.91,99.91,1,1166.7,180.43,0.75,1.489,1.12,-0.369,3162.99,14.73,2104.71,4078.24,938.86,770.21,3658.35,22.2,22.2,9.295453716,9.295453716,9.295453716,9.295453716,9.295453716,1.6,1.6,1.6,1,1,1,2749800,82,102.75,107.04,107.1,104.2,95,81,53165104,51581093,110.7,110,108.9,75.2,3026934,538355.5,1,100.01,949,1.12,70.37,177.2,99.16066667,95.12066667,934.664,928.3385,1.12,1.0375,70.42,69.4325,177.26,172.31,3,0,0,0,0,0,0,1,0,0,0,0,0,0.01754386
2021-09-09,1,TRUE,FALSE,70.65,71.45,68.14,70.78,4.97,177.5,100.27,100.27,1,1169.2,181,0.75,1.499,1.12,-0.379,3114.7,16.02,2031.65,4058.03,933.24,756.51,3592.51,23.5,23.5,10.59545372,10.59545372,10.59545372,10.59545372,10.59545372,0,0,0,1,1,1,0,83.71,102.75,107.04,107.1,104.2,95,81,53165104,51581093,110.7,110,108.9,75.2,3026934,538355.5,1,99.91,938.86,1.12,69.89,177.35,98.79466667,95.30266667,936.592,927.4125,1.12,1.045,70.3,69.481,177.81,172.8225,3,0,0,0,0,0,0,1,0,0,0,0,0,0.034482759
2021-09-10,1,TRUE,FALSE,70.85,72.92,69.72,70.9,5.13,177.6,100.6,100.6,1,1169.1,181.52,0.75,1.501,1.12,-0.381,3125.76,15.18,2038.76,4103.23,938.15,760.83,3627.89,23.6,23.6,10.69545372,10.69545372,10.69545372,10.69545372,10.69545372,0,0,0,1,1,1,0,83.71,102.75,107.04,107.1,104.2,95,81,53165104,51581093,110.7,110,108.9,75.2,3026934,538355.5,1,100.27,933.24,1.12,70.78,177.5,98.67466667,95.55116667,937.962,926.7445,1.12,1.0525,70.48,69.524,177.81,173.2275,3,0,0,0,0,0,0,1,0,0,0,0,0,-0.05
2021-09-13,1,TRUE,FALSE,71.73,73.51,70.45,71.83,5.21,177.5,102.36,99.78333333,3,1176,182.26,0.75,1.525,1.13,-0.395,3127.86,15.28,2088.19,4158.24,941.1,756.98,3593.77,24.8,24.33333333,11.89545372,11.42878705,11.89545372,11.42878705,11.89545372,0,0,0,3,0,1,0,83.71,102.75,107.04,107.1,104.2,95,81,53165104,51581093,110.7,110,108.9,75.2,3026934,538355.5,1,100.6,938.15,1.12,70.9,177.6,98.78266667,95.80316667,940.316,926.4235,1.12,1.06,70.39,69.5355,177.53,173.545,3,0,0,0,0,0,0,1,0,0,0,0,0,-0.010526316
2021-09-14,1,TRUE,FALSE,72.29,73.6,70.46,72.43,5.39,177.45,103.19,103.19,1,1170.8,181.66,0.75,1.535,1.14,-0.395,3148.83,14.67,2067.93,4162.18,939.7,765.49,3637.79,24.6,24.6,11.69545372,11.69545372,11.69545372,11.69545372,11.69545372,0,0,0,1,0,0,0,83.71,102.75,107.04,107.1,104.2,95,81,53165104,51581093,110.7,110,108.9,75.2,3026934,538355.5,1,99.78333333,941.1,1.13,71.83,177.5,100.1146667,96.02533333,940.07,926.5325,1.122,1.068,70.754,69.619,177.43,173.7825,3,0,0,0,0,0,0,1,0,0,0,0,0,0
2021-09-15,1,TRUE,FALSE,72.26,75.46,72.61,72.32,5.66,177.5,103.99,103.99,1,1170.5,181.68,0.75,1.492,1.15,-0.342,3153.4,14.66,2044.18,4149.17,962.51,786.61,3630.63,23.6,23.6,10.69545372,10.69545372,10.69545372,10.69545372,10.69545372,0,0,0,1,0,0,0,83.71,102.75,107.04,107.1,104.2,95,81,53165104,51581093,110.7,110,108.9,75.2,3026934,538355.5,1,103.19,939.7,1.14,72.43,177.45,100.7506667,96.63483333,938.21,927.3185,1.126,1.0765,71.166,69.815,177.48,174.0825,3,0,0,0,0,0,0,1,0,0,0,0,0,0.010638298
2021-09-16,1,TRUE,FALSE,73.09,75.67,72.61,73.23,5.52,176,103.85,103.85,1,1171.8,182.08,0.75,1.51,1.16,-0.35,3130.09,15.44,2059.44,4145.45,992.43,794.32,3575.2,22.9,22.9,9.995453716,9.995453716,9.995453716,9.995453716,9.995453716,0,0,0,1,0,0,0,83.71,102.75,107.04,107.1,104.2,95,81,53165104,51581093,110.7,110,108.9,75.2,3026934,538355.5,1,103.99,962.51,1.15,72.32,177.5,101.5666667,97.10583333,942.94,928.911,1.132,1.0855,71.652,69.9925,177.51,174.4075,3,0,0,0,0,0,0,1,0,0,0,0,0,0
2021-09-17,1,TRUE,FALSE,73.06,75.34,71.97,73.45,5.32,177.5,102.22,102.22,1,1175,182.33,0.75,1.535,1.17,-0.365,3140.51,15.48,2041.78,4128.33,989.81,796.63,3641.29,23.5,23.5,10.59545372,10.59545372,10.59545372,10.59545372,10.59545372,0,0,0,1,0,0,0,83.71,102.75,107.04,107.1,104.2,95,81,53165104,51581093,110.7,110,108.9,75.2,3026934,538355.5,1,103.85,992.43,1.16,73.23,176,102.2826667,97.60183333,954.778,933.2275,1.14,1.095,72.142,70.3745,177.21,174.6625,3,0,0,0,0,0,0,1,0,0,0,0,0,-0.003508772
2021-09-23,1,TRUE,FALSE,74.11,77.25,73.3,74.16,4.94,185.9,97.45,81.51833333,6,1175.5,181.85,0.75,1.558,1.18,-0.378,3127.58,16.72,1972.83,4197.05,974.43,789.54,3577.79,20.9,22.4,7.995453716,9.495453716,7.995453716,9.495453716,10.99545372,0,12.1,72.6,6,0,0,0,83.71,102.75,107.04,107.1,104.2,95,81,53165104,51581093,110.7,110,108.9,75.2,3026934,538355.5,1,102.22,989.81,1.17,73.45,177.5,102.6066667,98.02733333,965.11,938.099,1.15,1.105,72.652,70.7615,177.19,175.15,3,0,0,0,0,0,0,1,0,0,0,0,0,0.021126761
2021-09-24,1,TRUE,FALSE,74.77,78.09,73.98,74.86,5.1,181.5,105.52,105.52,1,1176.5,182.17,0.75,1.575,1.18,-0.395,3125.24,16.33,1962.01,4215.7,962.73,776.78,3552.6,21.8,21.8,8.895453716,8.895453716,8.895453716,8.895453716,8.895453716,0,0,0,1,0,0,0,83.71,102.75,107.6,107.1,104.2,95,81,53165104,51581093,110.7,110,108.9,75.2,3026934,538355.5,1,81.51833333,974.43,1.18,74.16,185.9,98.95366667,97.57575,971.776,941.6475,1.16,1.1155,73.118,71.1555,178.87,175.945,3,0,0,0,0,0,0,1,0,0,0,0,0,0.006896552
2021-09-27,1,TRUE,FALSE,76.17,79.53,75.45,76.2,5.53,204.75,105.36,102.7033333,3,1176.8,182.06,0.75,1.566,1.18,-0.386,3133.64,15.92,1943.81,4263.93,975.95,779.03,3535.66,21.6,21.8,8.695453716,8.895453716,8.695453716,8.895453716,9.695453716,0,0,0,3,0,0,0,83.71,102.75,107.6,107.1,104.2,95,81,53165104,51581093,110.7,110,108.9,75.2,3026934,538355.5,1,105.52,962.73,1.18,74.86,181.5,99.41966667,98.16675,976.382,943.661,1.168,1.126,73.604,71.4575,179.68,176.52,3,0,0,0,0,0,0,1,0,0,0,0,0,-0.003424658
2021-09-28,1,TRUE,FALSE,77.34,79.09,75.29,77.46,5.94,207.7,106.18,106.18,1,1184.4,183.2,0.75,1.609,1.18,-0.429,3097.92,16.45,1921.33,4315.94,1020.25,766.09,3442.61,21.5,21.5,8.595453716,8.595453716,8.595453716,8.595453716,8.595453716,1.3,1.3,1.3,1,0,0,0,83.71,102.75,107.6,107.1,104.2,95,81,53165104,51581093,110.7,110,108.9,75.2,3026934,538355.5,1,102.7033333,975.95,1.18,76.2,204.75,99.16233333,98.61541667,979.07,946.28,1.174,1.1365,74.38,71.7765,185.13,178.22,3,0,0,0,0,0,0,1,0,0,0,0,0,0.02233677
2021-09-29,1,TRUE,FALSE,75.7,78.64,74.83,75.81,5.73,210.5,105.03,105.03,1,1181.8,182.68,0.75,1.603,1.18,-0.423,3060.27,17.87,1893.31,4309.58,1029.01,768.54,3373.47,20.2,20.2,7.295453716,7.295453716,7.295453716,7.295453716,7.295453716,13.1,13.1,13.1,1,0,0,0,83.71,102.75,107.6,107.1,104.2,95,81,53165104,51581093,110.7,110,108.9,75.2,3026934,538355.5,1,106.18,1020.25,1.18,77.46,207.7,99.62833333,99.18641667,984.634,951.144,1.178,1.1395,75.226,72.139,191.47,180.055,3,0,0,0,0,0,0,1,0,0,0,0,0,0
2021-09-30,1,TRUE,FALSE,75.92,78.52,75.03,76.08,5.58,218,106.67,106.67,1,1184,182.95,0.75,1.593,1.18,-0.413,3068.82,17.35,1895.05,4251.39,1032.74,766.09,3392.34,20.3,20.3,7.395453716,7.395453716,7.395453716,7.395453716,7.395453716,0,0,0,1,0,0,0,83.71,102.75,107.6,107.1,104.4,90,79,53165104,51581093,105.2,107.1,106.3,74.7,2517210,538355.5,1,105.03,1029.01,1.18,75.81,210.5,100.1903333,99.72441667,992.474,956.285,1.18,1.1425,75.698,72.3885,198.07,182.0325,3,0,0,0,0,0,0,1,0,0,0,0,0,0.025210084
2021-10-01,1,TRUE,FALSE,75.68,79.28,75.88,75.74,5.61,228,110.87,110.87,1,1188.7,184.12,0.75,1.633,1.18,-0.453,3019.18,18.91,1850.69,4197.2,1022.74,753.36,3314.2,21.1,21.1,8.195453716,8.195453716,8.195453716,8.195453716,8.195453716,13.3,13.3,13.3,1,0,0,0,83.71,102.75,107.6,107.1,104.4,90,79,55913862,51636341,105.2,107.1,106.3,74.7,2517210,538355.5,1,106.67,1032.74,1.18,76.08,218,105.2206667,100.5279167,1004.136,961.6355,1.18,1.1455,76.082,72.6335,204.49,184.365,3,0,0,0,0,0,0,1,0,0,0,0,0,0.016393443
2021-10-05,1,TRUE,FALSE,79.57,82.56,78.93,79.56,6.37,269.5,110.61,109.685,4,1188.7,184.09,0.75,1.65,1.18,-0.47,2962.17,21.22,1838.81,4150.33,1031.52,751.47,3265.89,23.6,22.375,10.69545372,9.470453716,10.69545372,9.470453716,10.69545372,0,0.9,3.6,4,0,0,2150000,83.71,102.75,107.6,107.1,104.4,90,79,55913862,51636341,105.2,107.1,106.3,74.7,2517210,538355.5,1,110.87,1022.74,1.18,75.74,228,106.2906667,101.4054167,1016.138,966.3485,1.18,1.1485,76.258,72.862,213.79,187.0525,3,0,0,0,0,0,0,1,0,0,0,0,0,0
2021-10-06,1,TRUE,FALSE,80.55,81.08,77.43,80.56,6,242,109.55,109.55,1,1192.3,184.85,0.75,1.719,1.18,-0.539,2908.31,21.84,1791.64,4046.63,986.5,712.79,3180.42,18.8,18.8,5.895453716,5.895453716,5.895453716,5.895453716,5.895453716,6.4,6.4,6.4,1,0,0,2150000,83.71,103.17,107.6,107.1,104.4,90,79,55913862,51636341,105.2,107.1,106.3,74.7,2517210,538355.5,1,109.685,1031.52,1.18,79.56,269.5,107.687,101.8026667,1027.252,971.4635,1.18,1.1515,76.93,73.3155,226.74,191.7975,3,0,0,0,0,0,0,1,0,0,0,0,0,-0.032258065
2021-10-07,1,TRUE,FALSE,77.41,81.95,78.3,77.41,5.71,231.9,110.13,110.13,1,1190.4,184.5,0.75,1.704,1.18,-0.524,2959.46,20.54,1831.65,4032.84,993.8,734.5,3258.66,19.4,19.4,6.495453716,6.495453716,6.495453716,6.495453716,6.495453716,4.6,4.6,4.6,1,0,1,2150000,83.71,103.17,107.6,107.1,104.4,90,79,55913862,51636341,105.2,107.1,106.3,74.7,2517210,538355.5,1,109.55,986.5,1.18,80.56,242,108.361,102.2366667,1020.502,974.469,1.18,1.1545,77.55,73.8495,233.6,195.0225,3,0,0,0,0,0,0,1,0,0,0,0,0,-0.013333333
2021-10-08,1,TRUE,FALSE,81.23,82.39,79.35,81.28,5.46,238.6,109.91,109.91,1,1194.6,185.26,0.75,1.701,1.18,-0.521,2956.3,20.47,1848.84,4048.21,984.83,725.95,3194.99,18.8,18.8,5.895453716,5.895453716,5.895453716,5.895453716,5.895453716,3.5,3.5,3.5,1,1,1,2150000,83.71,103.17,107.6,107.1,104.4,90,79,55913862,51636341,105.2,107.1,106.3,74.7,2517210,538355.5,1,110.13,993.8,1.18,77.41,231.9,109.381,102.7401667,1013.46,977.84,1.18,1.1575,77.87,74.1525,237.88,197.6675,3,0,0,0,0,0,0,1,0,0,0,0,0,0.016891892
2021-10-12,1,TRUE,FALSE,82.07,83.42,80.64,82.12,5.34,242.35,107.62,107.155,4,1198.8,185.75,0.75,1.815,1.18,-0.635,2916.38,22.4,1869.15,4143.34,979.61,720.36,3155.13,17.9,18.475,4.995453716,5.570453716,4.995453716,5.570453716,7.995453716,0,3.725,14.9,4,1,1,2150000,83.71,103.17,107.6,107.1,104.4,90,79,55913862,51636341,105.2,107.1,106.3,74.7,2517210,538355.5,1,109.91,984.83,1.18,81.28,238.6,110.029,103.5795,1003.878,979.965,1.18,1.1605,78.91,74.716,242,200.6975,3,0,0,0,0,0,0,1,0,0,0,0,0,0
2021-10-13,1,TRUE,FALSE,81.43,83.18,80.44,81.46,5.56,243.35,109.56,109.56,1,1193.8,185.11,0.75,1.824,1.18,-0.644,2944.41,20.54,1919.66,4197.86,993.65,727.53,3158.64,19.6,19.6,6.695453716,6.695453716,6.695453716,6.695453716,6.695453716,0,0,0,1,1,1,2150000,83.71,103.17,107.6,107.1,104.4,90,79,55913862,51636341,105.2,107.1,106.3,74.7,2517210,538355.5,1,107.155,979.61,1.18,82.12,242.35,109.286,103.93675,995.252,981.4955,1.18,1.1635,80.186,75.3035,244.87,203.955,3,0,0,0,0,0,0,1,0,0,0,0,0,-0.016611296
2021-10-14,1,TRUE,FALSE,82.28,84,81.31,82.29,5.92,245,110.34,110.34,1,1186.8,184.36,0.75,1.813,1.18,-0.633,2988.64,18.21,1941.51,4262.53,994.91,742.62,3254.11,19.7,19.7,6.795453716,6.795453716,6.795453716,6.795453716,6.795453716,0,0,0,1,1,1,0,92.74,103.17,107.6,107.1,104.4,90,79,55913862,51636341,105.2,107.1,106.3,74.7,2517210,538355.5,1,109.56,993.65,1.18,81.46,243.35,109.261,104.41925,987.678,984.235,1.18,1.1665,80.566,75.882,239.64,207.255,3,0,0,0,0,0,0,1,0,0,0,0,0,0.016891892
2021-10-15,1,TRUE,FALSE,82.99,84.86,82.28,83.08,5.44,240,110.77,110.77,1,1182.4,183.81,0.75,1.795,1.19,-0.605,3015.06,17.03,1956.57,4246.52,1011.8,752.55,3333.47,19,19,6.095453716,6.095453716,6.095453716,6.095453716,6.095453716,0,0,0,1,1,1,0,92.74,103.17,107.6,107.1,104.4,90,79,55913862,51636341,105.2,107.1,106.3,74.7,2517210,538355.5,1,110.34,994.91,1.18,82.29,245,109.419,104.92275,989.36,987.3185,1.18,1.1695,80.912,76.4575,240.24,210.63,3,0,0,0,0,0,0,1,0,0,0,0,0,0.003322259
2021-10-18,1,TRUE,FALSE,83.89,84.33,82.44,83.93,5.01,239.35,107.82,106.1366667,3,1187.6,184.5,0.75,1.875,1.19,-0.685,3006.68,18.01,1957.67,4245.42,1018.2,743.01,3341.99,9.6,8.633333333,-3.304546284,-4.271212951,3.304546284,4.271212951,7.304546284,5.6,1.866666667,5.6,3,0,1,0,92.74,103.17,107.6,107.1,104.4,90,79,55913862,51636341,105.2,107.1,106.3,74.7,2517210,538355.5,1,110.77,1011.8,1.19,83.08,240,109.547,105.43125,992.96,991.001,1.182,1.173,82.046,77.0665,241.86,213.75,3,0,0,0,0,0,0,1,0,0,0,0,0,0.006622517
2021-10-19,1,TRUE,FALSE,83.03,85.08,82.96,83.09,4.81,229.9,109.47,109.47,1,1178.7,184.3,0.75,1.866,1.19,-0.676,3029.04,17.24,1950.99,4247,1025.19,744.58,3350.03,10.9,10.9,-2.004546284,-2.004546284,2.004546284,2.004546284,2.004546284,4.4,4.4,4.4,1,0,0,0,92.74,103.17,107.6,107.1,104.4,90,79,55913862,51636341,105.2,107.1,106.3,74.7,2517210,538355.5,1,106.1366667,1018.2,1.19,83.93,239.35,108.7923333,105.7489167,999.634,994.856,1.184,1.176,82.576,77.6715,242.01,216.8425,3,0,0,0,0,0,0,1,0,0,0,0,0,0.008223684
2021-10-20,1,TRUE,FALSE,82.56,85.82,83.87,82.59,4.87,231.5,108.87,108.87,1,1174.2,184.03,0.75,1.847,1.2,-0.647,3013.13,17.73,1882.24,4206.27,1005.68,730.87,3327.84,9.5,9.5,-3.404546284,-3.404546284,3.404546284,3.404546284,3.404546284,0,0,0,1,0,0,0,92.74,103.17,107.6,107.1,104.4,90,79,55913862,51636341,105.2,107.1,106.3,74.7,2517210,538355.5,1,109.47,1025.19,1.19,83.09,229.9,109.2553333,106.0629167,1008.75,999.1305,1.186,1.1785,82.77,78.2045,239.52,219.465,3,0,0,0,0,0,0,1,0,0,0,0,0,-0.001631321
2021-10-21,1,TRUE,FALSE,83.12,84.61,82.5,83.21,4.94,228.5,109.65,109.65,1,1177.2,184.25,0.75,1.836,1.21,-0.626,3007.33,17.68,1886.73,4146.51,1021.55,733.11,3295.76,9.8,9.8,-3.104546284,-3.104546284,3.104546284,3.104546284,3.104546284,0,0,0,1,0,0,0,92.74,103.17,108,107.1,104.4,90,79,55913862,51636341,105.2,107.1,106.3,74.7,2517210,538355.5,1,108.87,1005.68,1.2,82.59,231.5,109.1173333,106.3069167,1011.156,1001.289,1.19,1.181,82.996,78.718,237.15,222.165,3,0,0,0,0,0,0,1,0,0,0,0,0,0.009803922
2021-10-22,1,TRUE,FALSE,82.57,85.53,83.76,82.75,5.1,230,109.03,109.03,1,1177.1,184.2,0.75,1.889,1.22,-0.669,3006.16,17.2,1846.89,4125.2,994.47,728.35,3316.01,10.8,10.8,-2.104546284,-2.104546284,2.104546284,2.104546284,2.104546284,0,0,0,1,0,0,0,92.74,103.17,108,107.1,104.4,90,79,55913862,51636341,105.2,107.1,106.3,74.7,2517210,538355.5,1,109.65,1021.55,1.21,83.21,228.5,108.9793333,106.5969167,1016.484,1002.745,1.196,1.1835,83.18,79.217,233.85,224.79,3,0,0,0,0,0,0,1,0,0,0,0,0,-0.014563107
2021-10-25,1,TRUE,FALSE,84.37,85.99,83.76,84.36,5.72,226,107.01,101.9,3,1168.4,183.21,0.75,1.919,1.23,-0.689,3020.54,17.03,1879.06,4156.35,1003.76,734.52,3340.17,11.7,11.5,-1.204546284,-1.404546284,1.204546284,1.404546284,1.504546284,0,0,0,3,0,0,0,92.74,103.17,108,107.1,104.4,90,79,55913862,51636341,105.2,107.1,106.3,74.7,2517210,538355.5,1,109.03,994.47,1.22,82.75,230,108.6313333,106.9374167,1013.018,1002.978,1.202,1.186,83.114,79.682,231.85,227.415,3,0,0,0,0,0,0,1,0,0,0,0,0,-0.011494253
2021-10-26,1,TRUE,FALSE,83.94,86.4,84.65,83.93,5.59,223.35,106.96,106.96,1,1167.6,182.92,0.75,1.947,1.23,-0.717,3049.08,16.11,1884.92,4163.41,1015.99,742.64,3403.6,13,13,0.095453716,0.095453716,0.095453716,0.095453716,0.095453716,0,0,0,1,0,0,0,92.74,103.17,108,107.1,104.4,90,79,55913862,51636341,105.2,107.1,106.3,74.7,2517210,537521.3,1,101.9,1003.76,1.23,84.36,226,107.784,107.9565,1010.13,1004.4445,1.21,1.1885,83.2,80.192,229.18,229.42,3,0,0,0,0,0,0,1,0,0,0,0,0,0.006644518
2021-10-27,1,TRUE,FALSE,83.46,84.58,82.66,83.47,5.91,223.35,108.36,108.36,1,1170,183.41,0.75,2.044,1.24,-0.804,3025.49,16.88,1864.61,4099.79,1010.5,732.81,3388.44,13.4,13.4,0.495453716,0.495453716,0.495453716,0.495453716,0.495453716,0,0,0,1,0,0,0,92.74,103.17,108,107.1,104.4,90,79,55913862,51636341,105.2,107.1,106.3,74.7,2517210,537521.3,1,106.96,1015.99,1.23,83.93,223.35,107.282,108.0285,1008.29,1007.1075,1.218,1.191,83.368,80.6455,227.87,231.5125,3,0,0,0,0,0,0,1,0,0,0,0,0,-0.00330033
2021-10-28,1,TRUE,FALSE,81.91,84.32,82.81,81.99,5.68,223.7,108.35,108.35,1,1169.7,182.82,0.75,2.017,1.24,-0.777,3009.55,17.09,1810.45,4060.36,999.45,719.45,3507.52,12.7,12.7,-0.204546284,-0.204546284,0.204546284,0.204546284,0.204546284,0,0,0,1,0,0,0,92.74,103.17,108,107.1,104.4,90,79,55913862,51636341,105.2,107.1,106.3,74.7,2517210,537521.3,1,108.36,1010.5,1.24,83.47,223.35,107.18,108.3113333,1009.254,1008.835,1.226,1.194,83.544,81.009,226.24,232.4425,3,0,0,0,0,0,0,1,0,0,0,0,0,-0.008278146
2021-10-29,1,TRUE,FALSE,82.57,84.38,83.57,82.57,5.49,223.45,108.68,108.68,1,1168.6,182.95,0.75,2.103,1.24,-0.863,2970.68,18.55,1801.09,4031.07,989.01,718.37,3451.55,14.6,14.6,1.695453716,1.695453716,1.695453716,1.695453716,1.695453716,0,0,0,1,0,0,0,92.74,103.17,108,107,104.7,90,84,55913862,51636341,107.2,103.6,107.9,74.3,2644690,537521.3,1,108.35,999.45,1.24,81.99,223.7,106.92,108.4198333,1004.834,1007.795,1.232,1.197,83.3,81.2355,225.28,233.2425,3,0,0,0,0,0,0,1,0,0,0,0,0,0.015025042
2021-11-01,1,TRUE,FALSE,81.99,84.71,84.05,82.14,5.22,145,126.77,106.9433333,3,1176.5,183.88,0.75,2.108,1.24,-0.868,2978.94,18.33,1787.38,3972.6,976.91,721.67,3478.49,12.9,13.6,-0.004546284,0.695453716,0.004546284,0.698484572,1.195453716,0,0.233333333,0.7,3,0,0,0,92.74,103.17,108,107,104.7,90,84,55660373,53847824,107.2,103.6,107.9,74.3,2644690,537521.3,1,108.68,989.01,1.24,82.57,223.45,106.85,108.6023333,1003.742,1005.795,1.236,1.2,83.264,81.5735,223.97,233.89,3,0,0,0,0,0,0,1,0,0,0,0,0,0.006578947
2021-11-02,1,TRUE,FALSE,83.31,84.72,83.91,83.47,5.33,140.9,131.39,131.39,1,1174.4,183.62,0.75,2.038,1.25,-0.788,3013.49,17.28,1785.89,4010.26,991.61,728.28,3511.31,11.5,11.5,-1.404546284,-1.404546284,1.404546284,1.404546284,1.404546284,0,0,0,1,0,0,0,92.74,103.35,108,107,104.7,90,84,55660373,53847824,107.2,103.6,107.9,74.3,2644690,537521.3,1,106.9433333,976.91,1.24,82.14,145,107.8586667,108.616,998.372,1003.0035,1.238,1.203,82.82,81.8765,207.77,230.24,3,0,0,0,0,0,0,1,0,0,0,0,0,0.006535948
2021-11-03,1,TRUE,FALSE,81.89,81.99,80.86,82.3,5.59,157.5,130.67,130.67,1,1181.6,184.57,0.75,2.036,1.25,-0.786,2975.71,18.36,1777.02,3958.13,980.1,720.12,3461.84,12.1,12.1,-0.804546284,-0.804546284,0.804546284,0.804546284,0.804546284,0,0,0,1,0,0,2318000,92.74,103.35,108,107,104.7,90,84,55660373,53847824,107.2,103.6,107.9,74.3,2644690,537521.3,1,131.39,991.61,1.25,83.47,140.9,112.7446667,109.642,993.496,1001.447,1.242,1.2065,82.728,82.263,191.28,225.885,3,0,0,0,0,0,0,1,0,0,0,0,0,0.003246753
2021-11-04,1,TRUE,FALSE,81.89,80.54,78.81,82.3,5.73,154.25,131.61,131.61,1,1182.6,184.91,0.75,2.04,1.26,-0.78,2983.22,17.6,1761.81,3935.73,989.26,723.1,3472.6,12.1,12.1,-0.804546284,-0.804546284,0.804546284,0.804546284,0.804546284,0,0,0,1,0,0,2318000,92.74,103.35,108,107,104.7,90,84,55660373,53847824,107.2,103.6,107.9,74.3,2644690,537521.3,1,130.67,980.1,1.25,82.3,157.5,117.2066667,110.69125,987.416,998.876,1.244,1.21,82.494,82.4,178.11,220.285,3,0,0,0,0,0,0,1,0,0,0,0,0,0.003236246
2021-11-05,1,TRUE,FALSE,79.48,82.74,81.27,79.81,5.51,155.4,130.91,130.91,1,1185.2,185.2,0.75,1.944,1.27,-0.674,2969.27,18.02,1710.65,3891.85,983.88,719.79,3495.51,13,13,0.095453716,0.095453716,0.095453716,0.095453716,0.095453716,0,0,0,1,0,1,2318000,92.74,103.35,108,107,104.7,90,84,55660373,53847824,107.2,103.6,107.9,74.3,2644690,537521.3,1,131.61,989.26,1.26,82.3,154.25,121.8586667,111.79425,985.378,999.014,1.248,1.214,82.556,82.487,164.22,215.8975,3,0,0,0,0,0,0,1,0,0,0,0,0,0.006451613
2021-11-08,1,TRUE,FALSE,81.99,83.43,81.93,82.27,5.53,163,129.76,124.5033333,3,1183.1,184.93,0.75,1.906,1.28,-0.626,2960.2,18.24,1709.66,3891.99,997.56,719.54,3481.55,8.6,12.66666667,-4.304546284,-0.237879618,4.304546284,2.631817905,4.304546284,25.7,8.566666667,25.7,3,1,1,2318000,92.74,103.35,108,107,104.7,90,84,55660373,53847824,107.2,103.6,107.9,74.3,2644690,537521.3,1,130.91,983.88,1.27,79.81,155.4,126.3046667,112.83325,984.352,998.518,1.254,1.2185,82.004,82.607,150.61,212.0725,3,0,0,0,0,0,0,1,0,0,0,0,0,0.009615385
2021-11-09,1,TRUE,FALSE,82.24,84.78,84.15,82.47,5.08,160.65,132.99,132.99,1,1177.2,184.23,0.75,1.865,1.3,-0.565,2962.46,18,1718.96,3877.95,990.17,715.55,3489.22,4.9,4.9,-8.004546284,-8.004546284,8.004546284,8.004546284,8.004546284,2,2,2,1,1,1,2318000,92.74,103.35,108,107,104.7,90,84,55660373,53847824,107.2,103.6,107.9,74.3,2644690,537521.3,1,124.5033333,997.56,1.28,82.27,163,129.8166667,113.5629167,988.482,999.1545,1.262,1.2235,82.03,82.6565,154.21,208.2925,3,0,0,0,0,0,0,1,0,0,0,0,0,0.012698413
2021-11-10,1,TRUE,FALSE,83.97,82.64,81.34,84.08,4.56,152.3,132.72,132.72,1,1180.9,184.75,0.75,1.877,1.31,-0.567,2930.17,18.19,1664.45,3754.44,970.67,701,3417.32,4.2,4.2,-8.704546284,-8.704546284,8.704546284,8.704546284,8.704546284,0.3,0.3,0.3,1,1,1,2318000,92.74,103.35,108,107,104.7,90,84,55660373,53847824,107.2,103.6,107.9,74.3,2644690,537521.3,1,132.99,990.17,1.3,82.47,160.65,130.1366667,114.8546667,988.194,999.6825,1.272,1.2295,81.83,82.674,158.16,204.2075,3,0,0,0,0,0,0,1,0,0,0,0,0,0.006269592
2021-11-11,1,TRUE,FALSE,81.83,82.87,81.59,82.14,4.81,151.5,133.74,133.74,1,1180.8,184.43,0.75,1.913,1.32,-0.593,2924.92,16.98,1651.36,3795.02,951.69,691.1,3416.2,5.3,5.3,-7.604546284,-7.604546284,7.604546284,7.604546284,7.604546284,0,0,0,1,1,1,0,90.97,103.35,108,107,104.7,90,84,55660373,53847824,107.2,103.6,107.9,74.3,2644690,537521.3,1,132.72,970.67,1.31,84.08,152.3,130.5466667,116.0126667,986.308,998.5335,1.284,1.236,82.186,82.805,157.12,199.655,3,0,0,0,0,0,0,1,0,0,0,0,0,0.018691589
2021-11-12,1,TRUE,FALSE,81.57,82.17,80.79,81.77,4.97,150,132.43,132.43,1,1179.6,184.69,0.75,1.968,1.33,-0.638,2968.8,16.18,1725.91,3889.04,973.36,707.46,3488.53,4.5,4.5,-8.404546284,-8.404546284,8.404546284,8.404546284,8.404546284,0,0,0,1,1,1,0,90.97,103.35,108,107,104.7,90,84,55660373,53847824,107.2,103.6,107.9,74.3,2644690,537521.3,1,133.74,951.69,1.32,82.14,151.5,130.9726667,117.1826667,978.794,996.3725,1.296,1.243,82.154,82.7975,156.57,194.98,3,0,0,0,0,0,0,1,0,0,0,0,0,0.012232416
2021-11-15,1,TRUE,FALSE,80.89,82.05,80.88,81.02,4.77,149.35,130.22,124.0033333,3,1178.4,184.8,0.75,1.912,1.33,-0.582,2999.52,15.9,1727.85,3886.42,958.35,715.66,3616.38,10.1,9.566666667,-2.804546284,-3.337879618,2.804546284,3.337879618,5.604546284,0,0,0,3,0,1,0,90.97,103.35,108,107,104.7,90,84,55660373,53847824,107.2,103.6,107.9,74.3,2644690,537521.3,1,132.43,973.36,1.33,81.77,150,131.2766667,118.2656667,976.69,994.4505,1.308,1.25,82.546,82.732,155.49,190.48,3,0,0,0,0,0,0,1,0,0,0,0,0,0.03021148
2021-11-16,1,TRUE,FALSE,81.96,82.43,80.76,82.17,5.11,150.4,130.16,130.16,1,1179.9,185.15,0.75,1.963,1.33,-0.633,2997.21,15.97,1706.44,3865.27,956.63,713.7,3619.3,8.5,8.5,-4.404546284,-4.404546284,4.404546284,4.404546284,4.404546284,0,0,0,1,0,0,0,90.97,103.35,108,107,104.7,90,84,55660373,53847824,107.2,103.6,107.9,74.3,2644690,537521.3,1,124.0033333,958.35,1.33,81.02,149.35,131.1766667,119.159,968.848,991.458,1.318,1.257,82.296,82.5865,152.76,185.98,3,0,0,0,0,0,0,1,0,0,0,0,0,-0.014662757
2021-11-17,1,TRUE,FALSE,81.01,80.28,78.36,81.33,4.82,150.15,131.35,131.35,1,1182.5,185.14,0.75,1.974,1.33,-0.644,2962.42,16.51,1661.05,3793.94,946.88,701.46,3609.27,7.5,7.5,-5.404546284,-5.404546284,5.404546284,5.404546284,5.404546284,0,0,0,1,0,0,0,90.97,103.35,108,107,104.7,90,84,55660373,53847824,107.2,103.6,107.9,74.3,2644690,537521.3,1,130.16,956.63,1.33,82.17,150.4,130.6106667,120.1935,962.14,988.03,1.324,1.264,82.236,82.5405,150.71,182.005,3,0,0,0,0,0,0,1,0,0,0,0,0,-0.017857143
2021-11-18,1,TRUE,FALSE,78.66,81.24,79.01,78.95,4.95,152.5,130.89,130.89,1,1180.4,185.07,0.75,1.953,1.33,-0.623,2947.38,16.74,1654,3804.98,947.25,699.56,3607.34,11.9,11.9,-1.004546284,-1.004546284,1.004546284,1.004546284,1.004546284,0,0,0,1,0,0,0,90.97,103.35,108,107,104.7,90,84,55660373,53847824,107.2,103.6,107.9,74.3,2644690,537521.3,1,131.35,946.88,1.33,81.33,150.15,130.3366667,121.3175,957.382,985.09,1.328,1.2705,81.686,82.4775,150.28,177.9375,3,0,0,0,0,0,0,1,0,0,0,0,0,-0.033333333
2021-11-19,1,TRUE,FALSE,80.89,78.89,76.1,81.13,4.9,152.5,131.41,131.41,1,1185.3,185.6,0.75,1.966,1.33,-0.636,2971.02,16.25,1663.63,3787.98,933.66,696.15,3734.22,12.9,12.9,-0.004546284,-0.004546284,0.004546284,0.004546284,0.004546284,0,0,0,1,0,0,0,90.97,103.35,109.12,107,104.7,90,84,55660373,53847824,107.2,103.6,107.9,74.3,2644690,537521.3,1,130.89,947.25,1.33,78.95,152.5,129.7666667,122.3795,956.494,981.375,1.33,1.2765,81.048,82.2645,150.48,174.1375,3,0,0,0,0,0,0,1,0,0,0,0,0,-0.059561129
2021-11-22,1,TRUE,FALSE,78.42,79.7,76.75,78.69,4.83,154,127.69,123.8633333,3,1185.1,185.75,0.75,2.018,1.33,-0.688,3013.25,16.17,1673.23,3810.21,921.48,694.08,3896.42,2.7,7.833333333,-10.20454628,-5.071212951,10.20454628,5.071212951,10.20454628,1.3,2.4,7.2,3,0,0,0,90.97,103.35,109.12,107,104.7,90,84,55660373,53847824,107.2,103.6,107.9,74.3,2644690,537521.3,1,131.41,933.66,1.33,81.13,152.5,129.5626667,123.4985,948.554,978.3345,1.33,1.282,80.92,82.1835,150.98,170.2625,3,0,0,0,0,0,0,1,0,0,0,0,0,0.003333333
2021-11-23,1,TRUE,FALSE,78.47,82.31,78.5,78.77,4.95,157,131.31,131.31,1,1189.7,186.29,0.75,2.031,1.33,-0.701,2997.33,16.5,1696.59,3776.62,933.49,693.03,3858.41,-0.6,-0.6,-13.50454628,-13.50454628,13.50454628,13.50454628,13.50454628,0,0,0,1,0,0,0,90.97,103.35,109.12,107,104.7,90,84,55660373,53847824,107.2,103.6,107.9,74.3,2644690,537521.3,1,123.8633333,921.48,1.33,78.69,154,129.5346667,124.5966667,941.18,974.2205,1.33,1.287,80.454,81.9,151.91,166.6625,3,0,0,0,0,0,0,1,0,0,0,0,0,-0.003322259
2021-11-24,1,TRUE,FALSE,81.86,82.25,78.39,82.07,4.93,159,130.98,130.98,1,1186.5,185.63,0.75,2.013,1.33,-0.683,2994.29,16.27,1675.46,3804.73,934.52,697.75,3800.48,4.1,4.1,-8.804546284,-8.804546284,8.804546284,8.804546284,8.804546284,0,0,0,1,0,0,0,90.97,103.35,109.12,107,104.7,90,83,55660373,53847824,107.2,103.6,107.9,74.3,2644690,537521.3,1,131.31,933.49,1.33,78.77,157,129.7646667,125.8141667,936.552,970.0955,1.33,1.292,79.774,81.642,153.23,163.345,3,0,0,0,0,0,0,1,0,0,0,0,0,0.066666667
2021-11-25,1,TRUE,FALSE,81.44,82.22,78.39,81.55,4.93,158,130.26,130.26,1,1190.2,186.29,1,1.933,1.48,-0.453,2980.27,16.16,1660.43,3781.81,922.74,698.52,3744.74,5.7,5.7,-7.204546284,-7.204546284,7.204546284,7.204546284,7.204546284,0,0,0,1,0,0,0,90.97,103.35,109.12,107,104.7,90,83,55660373,53847824,107.2,103.6,107.9,74.3,2644690,537521.3,1,130.98,934.52,1.33,82.07,159,129.6906667,126.9451667,934.08,966.2965,1.33,1.2965,79.922,81.572,155,160.1275,3,0,0,0,0,0,0,1,0,0,0,0,0,0.0375
2021-11-26,1,TRUE,FALSE,77.38,72.72,68.15,77.6,4.93,157.5,129.74,129.74,1,1193.3,186.69,1,1.863,1.49,-0.373,2936.44,18.04,1640.54,3686.74,902.46,682.26,3689.43,2.9,2.9,-10.00454628,-10.00454628,10.00454628,10.00454628,10.00454628,0,0,0,1,0,0,0,90.97,103.35,109.12,107,104.7,90,83,55660373,53847824,107.2,103.6,107.9,74.3,2644690,537521.3,1,130.26,922.74,1.48,81.55,158,129.5646667,128.0406667,929.178,962.461,1.36,1.3085,80.442,81.55,156.1,156.8425,3,0,0,0,0,0,0,1,0,0,0,0,0,0.006024096
2021-11-29,1,TRUE,FALSE,75.17,73.44,69.95,75.23,4.9,159.3,117.84,108.0866667,3,1193,186.76,1,1.844,1.49,-0.354,2909.32,20.92,1595.48,3643.02,877.09,666.39,3649.78,7.6,5.366666667,-5.304546284,-7.537879618,5.304546284,7.537879618,9.504546284,0,0,0,3,0,0,0,90.97,103.35,109.12,107,104.7,90,83,55660373,53847824,107.2,103.6,107.9,74.3,2644690,537521.3,1,129.74,902.46,1.49,77.6,157.5,129.2306667,129.0936667,922.938,958.1335,1.392,1.321,79.736,81.3015,157.1,153.545,3,0,0,0,0,0,0,1,0,0,0,0,0,0.004491018
2021-11-30,1,TRUE,FALSE,71.88,70.57,66.18,71.93,4.52,152,122.42,122.42,1,1187.9,186.3,1,1.799,1.49,-0.309,2839.01,23.23,1550.39,3537.55,848.37,652.11,3562.01,5.7,5.7,-7.204546284,-7.204546284,7.204546284,7.204546284,7.204546284,27.2,27.2,27.2,1,0,0,0,90.97,103.35,109.12,106.9,105.1,90,83,55660373,53847824,109.9,104,101.7,75,2693165,537521.3,1,108.0866667,877.09,1.49,75.23,159.3,126.0753333,129.1508333,914.06,953.1425,1.424,1.3335,79.044,80.956,158.16,154.26,3,0,0,0,0,0,0,1,0,0,0,0,0,0.001490313
2021-12-01,1,TRUE,FALSE,71.13,68.87,65.57,71.19,4.31,157.45,148.67,148.67,1,1179.2,185.17,1,1.813,1.49,-0.323,2899.72,20.57,1598.06,3643.66,870.24,669.52,3669.8,-1.3,-1.3,-14.20454628,-14.20454628,14.20454628,14.20454628,14.20454628,0,0,0,1,0,0,2379200,90.97,103.35,109.12,106.9,105.1,90,83,60330542,57357549,109.9,104,101.7,75,2693165,537521.3,1,122.42,848.37,1.49,71.93,152,124.2973333,128.7023333,897.036,945.9805,1.456,1.3455,77.676,80.379,157.16,154.815,3,0,0,0,0,0,0,1,0,0,0,0,0,-0.035714286
2021-12-02,1,TRUE,FALSE,69.13,69.67,66.5,69.19,4.08,158.5,148.32,148.32,1,1175.9,184.53,1,1.845,1.49,-0.355,2945.27,21.02,1644.53,3663.83,881.17,681.5,3787.09,1.3,1.3,-11.60454628,-11.60454628,11.60454628,11.60454628,11.60454628,0.1,0.1,0.1,1,0,0,2379200,90.97,103.87,109.12,106.9,105.1,90,83,60330542,57357549,109.9,104,101.7,75,2693165,537521.3,1,148.67,870.24,1.49,71.19,157.45,127.8353333,129.6023333,884.18,940.4875,1.488,1.3575,75.5,79.8235,156.85,154.8125,3,0,0,0,0,0,0,1,0,0,0,0,0,0
2021-12-03,1,TRUE,FALSE,70.79,69.88,66.26,70.82,3.79,155.25,148.05,148.05,1,1180.1,185.24,1,1.9,1.5,-0.4,2968.33,20.09,1654.8,3708.6,899.25,693.15,3805.42,1.9,1.9,-11.00454628,-11.00454628,11.00454628,11.00454628,11.00454628,0.4,0.4,0.4,1,0,1,2379200,90.97,103.87,109.12,106.9,105.1,90,83,60330542,57357549,109.9,104,101.7,75,2693165,537521.3,1,148.32,881.17,1.49,69.19,158.5,131.4473333,130.4378333,875.866,935.083,1.49,1.369,73.028,79.168,156.95,155.025,3,0,0,0,0,0,0,1,0,0,0,0,0,0
2021-12-06,1,TRUE,FALSE,70.12,73.08,69.49,70.18,3.66,151.25,135.98,137.6866667,3,1183,185.53,1,1.865,1.5,-0.365,2973.25,20.91,1676.55,3732.55,902.95,694.75,3855.99,5.4,3.233333333,-7.504546284,-9.671212951,7.504546284,9.671212951,11.50454628,0,0,0,3,1,1,2379200,90.97,103.87,109.12,106.9,105.1,90,83,60330542,57357549,109.9,104,101.7,75,2693165,537521.3,1,148.05,899.25,1.5,70.82,155.25,135.1093333,131.2948333,875.224,930.8515,1.492,1.3805,71.672,78.7185,156.5,155.0175,3,0,0,0,0,0,0,1,0,0,0,0,0,-0.00617284
2021-12-07,1,TRUE,FALSE,73.22,75.44,72.05,73.22,3.6,154.1,139.85,139.85,1,1179.5,185.18,1,1.872,1.5,-0.372,2991.72,18.48,1686.89,3728.32,899.97,704.86,3913.99,6.8,6.8,-6.104546284,-6.104546284,6.104546284,6.104546284,6.104546284,0,0,0,1,1,1,2379200,90.97,103.87,109.12,106.9,105.1,90,83,60330542,57357549,109.9,104,101.7,75,2693165,537521.3,1,137.6866667,902.95,1.5,70.18,151.25,141.0293333,131.954,880.396,926.121,1.494,1.3915,70.662,78.114,154.89,154.43,3,0,0,0,0,0,0,1,0,0,0,0,0,0.00931677
2021-12-08,1,TRUE,FALSE,73.83,75.82,72.36,73.84,3.79,158.7,138.29,138.29,1,1175.9,185.14,1,1.831,1.5,-0.331,3001.8,17.69,1691.18,3779.91,912.88,700.9,3861.05,6.7,6.7,-6.204546284,-6.204546284,6.204546284,6.204546284,6.204546284,0,0,0,1,1,1,2379200,90.97,103.87,109.12,106.9,105.1,90,83,60330542,57357549,109.9,104,101.7,75,2693165,537521.3,1,139.85,899.97,1.5,73.22,154.1,144.5153333,132.297,890.716,921.611,1.496,1.4015,70.92,77.6515,155.31,154.1025,3,0,0,0,0,0,0,1,0,0,0,0,0,0.024615385
2021-12-09,1,TRUE,FALSE,74.48,74.42,70.94,74.47,3.67,160.1,137.59,137.59,1,1174.5,185.08,1,1.794,1.51,-0.284,3029.57,16.65,1700.35,3802.08,926.33,704.47,3879.76,6.5,6.5,-6.404546284,-6.404546284,6.404546284,6.404546284,6.404546284,0,0,0,1,1,1,0,79.42,103.87,109.12,106.9,105.1,90,83,60330542,57357549,109.9,104,101.7,75,2693165,537521.3,1,138.29,912.88,1.5,73.84,158.7,142.4393333,132.5755,899.244,918.7215,1.498,1.411,71.45,77.1395,155.56,154.4225,3,0,0,0,0,0,0,1,0,0,0,0,0,0.024024024
2021-12-10,1,TRUE,FALSE,72.73,75.15,71.67,72.77,3.65,163.75,140.78,140.78,1,1181.3,185.44,1,1.805,1.52,-0.285,3010.23,17.39,1701.9,3802.27,923.71,704.07,3814.13,7,7,-5.904546284,-5.904546284,5.904546284,5.904546284,5.904546284,0.7,0.7,0.7,1,1,1,0,79.42,103.87,109.12,106.9,105.1,90,83,60330542,57357549,109.9,104,101.7,75,2693165,537521.3,1,137.59,926.33,1.51,74.47,160.1,140.2933333,132.768,908.276,917.4535,1.502,1.4205,72.506,76.756,155.88,154.8525,3,0,0,0,0,0,0,1,0,0,0,0,0,0.023460411
2021-12-13,1,TRUE,FALSE,74.11,74.39,71.29,74.18,4.05,164.25,139.86,134.31,3,1180.8,185.46,1,1.79,1.53,-0.26,3001.66,18,1699.75,3787.5,917.78,699.96,3845.75,-2.2,1.666666667,-15.10454628,-11.23787962,15.10454628,11.23787962,15.10454628,0,0,0,3,0,1,0,79.42,103.87,109.12,106.9,105.1,90,83,60330542,57357549,109.9,104,101.7,75,2693165,537521.3,1,140.78,923.71,1.52,72.77,163.75,138.8393333,133.1855,913.168,914.971,1.506,1.43,72.896,76.306,157.58,155.54,3,0,0,0,0,0,0,1,0,0,0,0,0,0
2021-12-14,1,TRUE,FALSE,73.39,73.7,70.73,73.43,3.71,164.75,147.06,147.06,1,1182.6,185.74,1,1.784,1.54,-0.244,2987.95,18.4,1697.55,3724.23,907.17,695.12,3828.3,3.7,3.7,-9.204546284,-9.204546284,9.204546284,9.204546284,9.204546284,1.2,1.2,1.2,1,0,0,0,79.42,103.87,109.12,106.9,105.1,90,83,60330542,57357549,109.9,104,101.7,75,2693165,537521.3,1,134.31,917.78,1.53,74.18,164.25,138.164,133.7008333,916.134,912.9425,1.512,1.44,73.696,75.964,160.18,156.285,3,0,0,0,0,0,0,1,0,0,0,0,0,0
2021-12-15,1,TRUE,FALSE,72.01,73.88,70.87,72.07,3.79,164.75,146.61,146.61,1,1185.2,186.17,1,1.808,1.55,-0.258,2989.39,18.43,1691.05,3683.59,905.06,690.51,3852.69,7.2,7.2,-5.704546284,-5.704546284,5.704546284,5.704546284,5.704546284,2.1,2.1,2.1,1,0,0,0,79.42,103.87,109.12,106.9,105.1,90,83,60330542,57357549,109.9,104,101.7,75,2693165,537521.3,1,147.06,907.17,1.54,73.43,164.75,139.606,134.5458333,917.574,910.4695,1.52,1.4505,73.738,75.527,162.31,157.0025,3,0,0,0,0,0,0,1,0,0,0,0,0,0.00286533
2021-12-16,1,TRUE,FALSE,73.37,75.02,72.38,73.36,3.67,168.5,146.66,146.66,1,1183.9,185.7,1,1.766,1.55,-0.216,3006.41,16.98,1698.75,3757.67,905.04,691.34,3891,6.4,6.4,-6.504546284,-6.504546284,6.504546284,6.504546284,6.504546284,0,0,0,1,0,0,0,79.42,103.87,109.12,106.9,105.1,90,83,60330542,57357549,109.9,104,101.7,75,2693165,537521.3,1,146.61,905.06,1.55,72.07,164.75,141.27,135.3088333,916.01,908.3785,1.53,1.4615,73.384,75.064,163.52,157.7325,3,0,0,0,0,0,0,1,0,0,0,0,0,-0.028571429
2021-12-17,1,TRUE,FALSE,73.36,73.52,70.86,73.34,3.71,168,148.52,148.52,1,1180.9,185.01,1,1.767,1.55,-0.217,3017.73,17.02,1738.28,3764.33,918.76,699.94,3835.62,-5.6,-5.6,-18.50454628,-18.50454628,18.50454628,18.50454628,18.50454628,0,0,0,1,0,0,0,79.42,103.87,109.12,106.9,105.1,90,83,60330542,57357549,109.9,104,101.7,75,2693165,537521.3,1,146.66,905.04,1.55,73.36,168.5,143.084,136.0973333,911.752,906.268,1.538,1.4725,73.162,74.7845,165.2,158.5325,3,0,0,0,0,0,0,1,0,0,0,0,0,0.029411765
2021-12-20,1,TRUE,FALSE,70.11,71.52,68.23,70.11,3.91,168.15,139.7,135.79,3,1190.8,186.42,1,1.74,1.55,-0.19,2963,19.52,1693.59,3650.2,903.4,694.63,3794.23,5.2,-0.433333333,-7.704546284,-13.33787962,7.704546284,13.33787962,18.60454628,0,1,3,3,0,0,0,79.42,103.87,109.12,106.9,105.1,90,83,60330542,57357549,109.9,104,101.7,75,2693165,537521.3,1,148.52,918.76,1.55,73.34,168,144.632,136.9528333,910.762,905.523,1.544,1.4835,73.276,74.395,166.05,159.3075,3,0,0,0,0,0,0,1,0,0,0,0,0,0.007142857
2021-12-21,1,TRUE,FALSE,70.56,73.98,71.12,70.55,3.96,169,143.83,143.83,1,1192.9,186.92,1,1.72,1.55,-0.17,2975.03,18.32,1690.76,3633.67,903.37,693.67,3904.63,5.2,5.2,-7.704546284,-7.704546284,7.704546284,7.704546284,7.704546284,0,0,0,1,0,0,0,79.42,103.87,109.9,106.9,105.1,90,83,60330542,57357549,109.9,104,101.7,75,2693165,537521.3,1,135.79,903.4,1.55,70.11,168.15,144.928,137.5491667,907.886,904.619,1.548,1.4945,72.462,73.966,166.83,160.015,3,0,0,0,0,0,0,1,0,0,0,0,0,0.002836879
2021-12-22,1,TRUE,FALSE,72.56,75.29,72.76,72.58,3.95,169.5,145.72,145.72,1,1192,186.9,1,1.757,1.56,-0.197,2984.48,17.42,1698.87,3594.4,902.68,689.82,3927.89,2.2,2.2,-10.70454628,-10.70454628,10.70454628,10.70454628,10.70454628,0,0,0,1,0,0,0,79.42,103.87,109.9,106.9,105.1,90,83,60330542,57357549,109.9,104,101.7,75,2693165,537521.3,1,143.83,903.37,1.55,70.55,169,144.282,138.1751667,907.126,903.113,1.55,1.5055,71.886,73.555,167.68,160.615,3,0,0,0,0,0,0,1,0,0,0,0,0,-0.007072136
2021-12-23,1,TRUE,FALSE,73.54,76.85,73.79,73.55,3.56,169.4,145.43,145.43,1,1187.9,186.25,1,1.805,1.56,-0.245,2998.17,16.93,1716.66,3636.78,898.84,685.7,4005.21,2.7,2.7,-10.20454628,-10.20454628,10.20454628,10.20454628,10.20454628,0,0,0,1,0,0,0,79.42,103.87,109.9,106.9,105.1,90,83,60330542,57357549,109.9,104,101.7,75,2693165,537521.3,1,145.72,902.68,1.56,72.58,169.5,144.104,138.9121667,906.65,901.521,1.552,1.517,71.988,73.0805,168.63,161.14,3,0,0,0,0,0,0,1,0,0,0,0,0,0
2021-12-24,1,TRUE,FALSE,74.37,76.14,73.79,74.38,3.56,168.9,146.1,146.1,1,1186.6,186.19,1,1.798,1.56,-0.238,3012.43,16.5,1716.41,3666.81,899.24,689.2,3995.59,-0.3,-0.3,-13.20454628,-13.20454628,13.20454628,13.20454628,13.20454628,0.2,0.2,0.2,1,0,0,0,79.42,103.87,109.9,106.9,105.1,90,83,60330542,57357549,109.9,104,101.7,75,2693165,537521.3,1,145.43,898.84,1.56,73.55,169.4,143.858,139.6706667,905.41,900.326,1.554,1.521,72.026,72.6805,168.81,161.71,3,0,0,0,0,0,0,1,0,0,0,0,0,-0.002849003
2021-12-27,1,TRUE,FALSE,74.37,78.6,75.57,74.38,3.45,170.1,140.9,138.4266667,3,1186.8,186.15,1,1.776,1.56,-0.216,2999.55,17.46,1705.03,3662.3,894.71,679.31,3979.61,-7.6,-10.46666667,-20.50454628,-23.37121295,20.50454628,23.37121295,25.00454628,0,0,0,3,0,0,0,79.42,103.87,109.9,106.9,105.1,90,83,60330542,57357549,109.9,104,101.7,75,2693165,537521.3,1,146.1,899.24,1.56,74.38,168.9,143.374,140.4886667,901.506,900.165,1.556,1.5245,72.234,72.5195,168.99,162.28,3,0,0,0,0,0,0,1,0,0,0,0,0,-0.002857143
2021-12-28,1,TRUE,FALSE,76.47,78.94,75.98,76.48,3.32,171,147.35,147.35,1,1188,186.4,1,1.786,1.56,-0.226,3020.24,17.07,1706.56,3710.33,915.05,679.79,4047.39,-4.1,-4.1,-17.00454628,-17.00454628,17.00454628,17.00454628,17.00454628,0,0,0,1,0,0,0,79.42,103.87,109.9,106.9,105.1,90,83,60330542,57357549,109.9,104,101.7,75,2693165,537521.3,1,138.4266667,894.71,1.56,74.38,170.1,143.9013333,142.0056667,899.768,901.046,1.558,1.528,73.088,72.477,169.38,162.82,3,0,0,0,0,0,0,1,0,0,0,0,0,0.00286533
2021-12-29,1,TRUE,FALSE,76.91,79.23,76.56,76.96,3.4,171.1,148.43,148.43,1,1186.5,186.18,1,1.783,1.56,-0.223,2993.29,16.55,1688.49,3710.64,910.55,683.83,4004.93,0.4,0.4,-12.50454628,-12.50454628,12.50454628,12.50454628,12.50454628,0.2,0.2,0.2,1,0,0,0,79.42,103.87,109.9,106.9,105.1,95,82,60330542,57357549,109.9,104,101.7,75,2693165,537521.3,1,147.35,915.05,1.56,76.48,171,144.6053333,143.2521667,902.104,904.38,1.56,1.5315,74.274,72.7045,169.78,163.77,3,0,0,0,0,0,0,1,0,0,0,0,0,0.001428571
2021-12-30,1,TRUE,FALSE,77.24,79.32,76.99,77.28,3.82,170.1,148.8,148.8,1,1188.8,186.63,1,1.799,1.56,-0.239,2977.65,16.5,1666.09,3683.12,913.02,681.4,4073.53,-3.9,-3.9,-16.80454628,-16.80454628,16.80454628,16.80454628,16.80454628,0,0,0,1,0,0,0,79.42,103.87,109.9,106.8,105.7,95,82,60330542,57357549,114.3,106.9,102,76.4,2434152,537521.3,1,148.43,910.55,1.56,76.96,171.1,145.1473333,143.2401667,903.678,906.3955,1.56,1.535,75.15,72.993,170.1,164.4525,3,0,0,0,0,0,0,1,0,0,0,0,0,0.001426534
2022-01-03,2,TRUE,FALSE,76.88,78.98,76.08,76.97,3.74,157.5,154.25,136.8725,4,1191.8,187.35,1,1.855,1.56,-0.295,2988.77,16.57,1685.35,3675.59,912.92,693.13,4106.93,-1.9,-3.55,-14.80454628,-16.45454628,14.80454628,16.45454628,19.60454628,0,0.075,0.3,4,0,0,0,79.42,104.04,109.9,106.8,105.7,95,82,60734117,61159671,114.3,106.9,102,76.4,2434152,537521.3,1,148.8,913.02,1.56,77.28,170.1,145.8213333,143.2641667,906.514,907.988,1.56,1.5385,75.896,73.3975,170.24,165.0325,3,0,0,0,0,0,0,1,0,0,0,0,0,0
2022-01-04,2,TRUE,FALSE,77.51,80,76.99,77.6,3.73,174.1,163.53,163.53,1,1194.1,187.24,1,1.868,1.56,-0.308,2989.24,16,1730.22,3737.49,909.87,703.39,4070.45,-2.5,-2.5,-15.40454628,-15.40454628,15.40454628,15.40454628,15.40454628,0,0,0,1,0,0,0,79.42,104.04,109.9,106.8,105.7,95,82,60734117,61159671,114.3,106.9,102,76.4,2434152,537521.3,1,136.8725,912.92,1.56,76.97,157.5,143.9758333,142.7052917,909.25,908.6715,1.56,1.5415,76.414,73.705,167.96,165.145,3,0,0,0,0,0,0,1,0,0,0,0,0,0
2022-01-05,2,TRUE,FALSE,78.4,80.8,77.85,78.46,3.78,179.9,162.22,162.22,1,1196.9,187.76,1,1.913,1.56,-0.353,2953.97,16.58,1752.56,3707.8,900.4,700.99,3946.14,-2.8,-2.8,-15.70454628,-15.70454628,15.70454628,15.70454628,15.70454628,0,0,0,1,0,0,1000000,79.42,104.04,109.9,106.8,105.7,95,82,60734117,61159671,114.3,106.9,102,76.4,2434152,537521.3,1,163.53,909.87,1.56,77.6,174.1,148.9965,143.9974583,912.282,909.0175,1.56,1.5445,77.058,74.076,168.76,166.2875,3,0,0,0,0,0,0,1,0,0,0,0,0,-0.001424501
2022-01-06,2,TRUE,FALSE,78.83,81.99,79.46,78.86,3.94,196.5,162.41,162.41,1,1200.9,188.05,1,2.013,1.56,-0.453,2920.53,17.52,1791.31,3685.45,884.71,705.82,3861.72,-2.2,-2.2,-15.10454628,-15.10454628,15.10454628,15.10454628,15.10454628,0,0,0,1,0,0,1000000,79.42,104.04,109.9,106.8,105.7,95,82,60734117,61159671,114.3,106.9,102,76.4,2434152,537521.3,1,162.22,900.4,1.56,78.46,179.9,151.9705,145.1159583,909.352,909.039,1.56,1.5475,77.454,74.338,170.54,167.5775,3,0,0,0,0,0,0,1,0,0,0,0,0,0.007132668
2022-01-07,2,TRUE,FALSE,80.55,81.75,78.9,80.7,3.83,195.9,163.59,163.59,1,1201.5,188.33,1,2.015,1.56,-0.455,2954.89,16.99,1792.97,3788.26,890.89,710.26,3943.87,-1.6,-1.6,-14.50454628,-14.50454628,14.50454628,14.50454628,14.50454628,0,0,0,1,0,1,1000000,79.42,104.04,109.9,106.8,105.7,95,82,60734117,61159671,114.3,106.9,102,76.4,2434152,537521.3,1,162.41,884.71,1.56,78.86,196.5,154.7665,146.3219583,904.184,907.6305,1.56,1.5505,77.834,74.589,175.62,169.4675,3,0,0,0,0,0,0,1,0,0,0,0,0,0.002832861
2022-01-10,2,TRUE,FALSE,80.36,80.87,78.23,80.41,4.16,196.5,152.16,140.0433333,3,1199.1,187.95,1,2.058,1.56,-0.498,2926.72,17.41,1786.91,3750.42,891.14,709.7,3860.01,0.5,0.7,-12.40454628,-12.20454628,12.40454628,12.20454628,12.60454628,0.9,0.3,0.9,3,1,1,1000000,79.42,104.04,109.9,106.8,105.7,95,82,60734117,61159671,114.3,106.9,102,76.4,2434152,537521.3,1,163.59,890.89,1.56,80.7,195.9,157.7245,147.6219583,899.758,905.8585,1.56,1.553,78.518,74.9005,180.78,171.2575,3,0,0,0,0,0,0,1,0,0,0,0,0,-0.002824859
2022-01-11,2,TRUE,FALSE,79.97,83.72,81.22,79.97,4.16,197.1,164.27,164.27,1,1194.8,187.3,1,2.038,1.56,-0.478,2927.38,17.27,1770.59,3705.68,884.79,699.34,3869.03,-7.4,-7.4,-20.30454628,-20.30454628,20.30454628,20.30454628,20.30454628,0.2,0.2,0.2,1,1,1,1000000,79.42,104.04,109.9,106.8,105.7,95,82,60734117,61159671,114.3,106.9,102,76.4,2434152,537521.3,1,140.0433333,891.14,1.56,80.41,196.5,158.3586667,147.585125,895.402,904.23,1.56,1.555,79.206,75.2825,188.58,172.895,3,0,0,0,0,0,0,1,0,0,0,0,0,0.002832861
2022-01-12,2,TRUE,FALSE,82.19,84.67,82.64,82.22,4.62,203,164.74,164.74,1,1190.5,186.86,1,1.998,1.56,-0.438,2972.48,15.91,1804.16,3875.37,894.48,701.44,3955.49,-7.7,-7.7,-20.60454628,-20.60454628,20.60454628,20.60454628,20.60454628,0,0,0,1,1,1,1000000,79.42,104.04,109.9,106.8,105.7,95,82,60734117,61159671,114.3,106.9,102,76.4,2434152,537521.3,1,164.27,884.79,1.56,79.97,197.1,158.5066667,149.083125,890.386,902.5805,1.56,1.5565,79.68,75.572,193.18,174.5375,3,0,0,0,0,0,0,1,0,0,0,0,0,0
2022-01-13,2,TRUE,FALSE,82.96,84.47,82.12,82.99,4.78,211.5,165.03,165.03,1,1187.5,186.63,1,1.953,1.56,-0.393,2962.09,15.96,1832.57,3866,900.41,702.07,3957.14,-6.4,-6.4,-19.30454628,-19.30454628,19.30454628,19.30454628,19.30454628,0,0,0,1,1,1,0,42.48,104.04,109.9,106.8,105.7,95,82,60734117,61159671,114.3,106.9,102,76.4,2434152,537521.3,1,164.74,894.48,1.56,82.22,203,159.0106667,149.967125,889.202,901.946,1.56,1.5575,80.432,76.0115,197.8,176.45,3,0,0,0,0,0,0,1,0,0,0,0,0,0
2022-01-14,2,TRUE,FALSE,83.75,86.06,83.82,83.78,4.37,216.75,165.15,165.15,1,1187.3,186.91,1.25,2.044,1.63,-0.414,2921.92,16.97,1796.28,3780.2,888.82,686.35,3985.52,-4.8,-4.8,-17.70454628,-17.70454628,17.70454628,17.70454628,17.70454628,0,0,0,1,1,1,0,42.48,104.04,109.9,106.8,105.7,95,82,60734117,61159671,114.3,106.9,102,76.4,2434152,537521.3,1,165.03,900.41,1.56,82.99,211.5,159.5346667,150.888125,892.342,901.7135,1.56,1.558,81.258,76.5575,200.8,178.7875,3,0,0,0,0,0,0,1,0,0,0,0,0,-0.001412429
2022-01-17,2,TRUE,FALSE,84.92,86.48,83.82,84.96,4.37,220.5,158.99,153.56,3,1192.7,187.82,1.25,2.148,1.64,-0.508,2890.1,17.53,1755.32,3741.41,879.14,674.98,3982.35,-5.8,-2.933333333,-18.70454628,-15.83787962,18.70454628,15.83787962,18.70454628,0.5,0.166666667,0.5,3,0,1,0,42.48,104.04,109.9,106.8,105.7,95,82,60734117,61159671,114.3,106.9,102,76.4,2434152,537521.3,1,165.15,888.82,1.63,83.78,216.75,159.8466667,151.812625,891.928,900.9025,1.574,1.562,81.874,77.0785,204.97,181.2,3,0,0,0,0,0,0,1,0,0,0,0,0,-0.002828854
2022-01-18,2,TRUE,FALSE,86.58,87.51,85.43,86.57,4.55,221,164.01,164.01,1,1190.1,187.46,1.25,2.127,1.64,-0.487,2864.24,18.16,1723.39,3725.21,867.7,657.33,3959.28,-5.6,-5.6,-18.50454628,-18.50454628,18.50454628,18.50454628,18.50454628,0,0,0,1,0,0,0,42.48,104.04,109.9,106.8,105.7,95,82,60734117,61159671,114.3,106.9,102,76.4,2434152,537521.3,1,153.56,879.14,1.64,84.96,220.5,162.55,152.064625,889.528,898.9215,1.59,1.5665,82.784,77.6595,209.77,183.825,3,0,0,0,0,0,0,1,0,0,0,0,0,-0.00141844
2022-01-19,2,TRUE,FALSE,86.37,88.44,86.96,86.36,4.89,223.1,164.61,164.61,1,1191.7,187.55,1.25,2.073,1.64,-0.433,2842.28,18.76,1728.04,3639.53,859.67,658.24,3903.32,-5.3,-5.3,-18.20454628,-18.20454628,18.20454628,18.20454628,18.20454628,1.7,1.7,1.7,1,0,0,0,42.48,104.04,109.9,106.8,105.7,95,82,60734117,61159671,114.3,106.9,102,76.4,2434152,537521.3,1,164.01,867.7,1.64,86.57,221,162.498,153.475625,886.11,897.1365,1.606,1.571,84.104,78.4825,214.55,186.4675,3,0,0,0,0,0,0,1,0,0,0,0,0,-0.005681818
2022-01-20,2,TRUE,FALSE,86.35,88.38,86.9,86.43,4.45,225.65,164.25,164.25,1,1192.4,187.8,1.25,2.119,1.64,-0.479,2862.68,17.99,1725.68,3715.53,867.35,664.57,3949.51,-5,-5,-17.90454628,-17.90454628,17.90454628,17.90454628,17.90454628,0,0,0,1,0,0,0,42.48,104.04,109.88,106.8,105.7,95,82,60734117,61159671,114.3,106.9,102,76.4,2434152,537521.3,1,164.61,859.67,1.64,86.36,223.1,162.472,154.514625,879.148,894.9515,1.622,1.5755,84.932,79.273,218.57,189.1725,3,0,0,0,0,0,0,1,0,0,0,0,0,0.002857143
2022-01-21,2,TRUE,FALSE,85.14,87.89,85.14,85.24,4.11,224.6,163.3,163.3,1,1194,188.22,1.25,2.132,1.64,-0.492,2834.29,19.36,1712.8,3629.95,860.41,649.7,3782.09,-2.7,-2.7,-15.60454628,-15.60454628,15.60454628,15.60454628,15.60454628,0,0,0,1,0,0,0,42.48,104.04,109.88,106.8,105.7,95,82,60734117,61159671,114.3,106.9,102,76.4,2434152,537521.3,1,164.25,867.35,1.64,86.43,225.65,162.316,155.441125,872.536,893.185,1.638,1.5795,85.62,79.9655,221.4,191.98,3,0,0,0,0,0,0,1,0,0,0,0,0,-0.002849003
2022-01-24,2,TRUE,FALSE,86.71,86.27,83.31,86.86,4.2,225.25,153.57,151.2266667,3,1196.1,188.73,1.25,2.112,1.64,-0.472,2792,21.48,1650.55,3545.99,843.76,635.82,3772.58,4.6,2.3,-8.304546284,-10.60454628,8.304546284,10.60454628,12.60454628,0,0,0,3,0,0,0,42.48,104.04,109.88,106.8,105.7,95,82,60734117,61159671,114.3,106.9,102,76.4,2434152,537521.3,1,163.3,860.41,1.64,85.24,224.6,161.946,156.334625,866.854,891.2635,1.64,1.5835,85.912,80.55,222.97,194.74,3,0,0,0,0,0,0,1,0,0,0,0,0,-0.001428571
2022-01-25,2,TRUE,FALSE,84.86,88.2,85.6,85.18,4.24,227.3,163.43,163.43,1,1198.6,189.33,1.25,2.174,1.64,-0.534,2720.39,26.26,1605.61,3398.06,828.33,616.93,3739.71,2.8,2.8,-10.10454628,-10.10454628,10.10454628,10.10454628,10.10454628,0.7,0.7,0.7,1,0,0,0,42.48,104.04,109.88,106.8,105.7,95,82,60734117,61159671,114.3,106.9,102,76.4,2434152,569425.3,1,151.2266667,843.76,1.64,86.86,225.25,161.4793333,156.5909583,859.778,888.4895,1.64,1.5875,86.292,81.174,223.92,197.5575,3,0,0,0,0,0,0,1,0,0,0,0,0,0
2022-01-26,2,TRUE,FALSE,86.77,89.96,87.35,87.32,4.43,227.8,163.91,163.91,1,1197.7,189.27,1.25,2.156,1.64,-0.516,2709.24,24.83,1613,3387.11,835.79,611.61,3669.6,1.3,1.3,-11.60454628,-11.60454628,11.60454628,11.60454628,11.60454628,0,0,0,1,0,0,0,42.48,104.04,109.88,106.8,105.7,95,82,60734117,61159671,114.3,106.9,102,76.4,2434152,569425.3,1,163.43,828.33,1.64,85.18,227.3,161.3633333,157.841125,851.904,885.1705,1.64,1.5915,86.014,81.714,225.18,200.4175,3,0,0,0,0,0,0,1,0,0,0,0,0,0.001430615
2022-01-27,2,TRUE,FALSE,87.8,89.34,86.61,88.34,4.43,227.6,165.15,165.15,1,1202.8,189.36,1.25,2.217,1.64,-0.577,2614.49,27.94,1549.05,3199.94,814.69,585.43,3558.94,-1.1,-1.1,-14.00454628,-14.00454628,14.00454628,14.00454628,14.00454628,0,0,0,1,0,0,0,42.48,104.04,109.88,106.8,105.7,90,83,60734117,61159671,114.3,106.9,102,76.4,2434152,569425.3,1,163.91,835.79,1.64,87.32,227.8,161.2233333,158.669125,847.128,881.2075,1.64,1.5955,86.206,82.256,226.12,203.2575,3,0,0,0,0,0,0,1,0,0,0,0,0,-0.004285714
2022-01-28,2,TRUE,FALSE,87.58,90.03,86.82,87.6,5.69,227.65,160.25,160.25,1,1205.5,189.62,1.25,2.189,1.64,-0.549,2663.34,23.97,1595.29,3245.24,838.06,614.4,3709.78,-2.7,-2.7,-15.60454628,-15.60454628,15.60454628,15.60454628,15.60454628,0,0,0,1,0,0,1000000,42.48,104.04,109.88,107,106.6,90,83,60734117,61159671,122.4,106.2,117,79.4,3906650,569425.3,1,165.15,814.69,1.64,88.34,227.6,161.4033333,159.505125,836.596,876.4145,1.64,1.5995,86.588,82.825,226.51,206.0825,3,0,0,0,0,0,0,1,0,0,0,0,0,0.00286944
2022-02-03,2,TRUE,FALSE,87.46,91.11,90.27,88.01,5.84,221,184.82,130.0916667,6,1206.4,189.48,1.25,2.158,1.64,-0.518,2707.82,22.92,1633.85,3314.93,863.23,625.89,3714.82,-3.4,-2.533333333,-16.30454628,-15.43787962,16.30454628,15.43787962,16.50454628,0,0.483333333,2.9,6,0,0,1000000,42.48,104.04,109.88,107,106.6,90,83,55455376,60606721,122.4,106.2,117,79.4,3906650,569425.3,1,160.25,838.06,1.64,87.6,227.65,160.7933333,160.077625,832.126,872.6665,1.64,1.6035,87.06,83.341,227.12,208.96,3,0,0,0,0,0,0,1,0,0,0,0,0,0
2022-02-04,2,TRUE,FALSE,90.22,93.27,92.31,90.77,5.34,227.3,207.73,207.73,1,1197,188.35,1.25,2.194,1.64,-0.554,2750.26,21.02,1651.51,3392.14,885.19,641.13,3748.42,-5.2,-5.2,-18.10454628,-18.10454628,18.10454628,18.10454628,18.10454628,0,0,0,1,0,1,1000000,42.48,104.85,109.88,107,106.6,90,83,55455376,60606721,122.4,106.2,117,79.4,3906650,569425.3,1,130.0916667,863.23,1.64,88.01,221,156.5663333,159.7385833,836.02,870.182,1.64,1.6075,87.29,83.893,226.27,212.135,3,0,0,0,0,0,0,1,0,0,0,0,0,-0.001430615
2022-02-07,2,TRUE,FALSE,90.91,92.69,91.32,91.41,4.44,236,200.6,184.59,3,1200.7,188.6,1.25,2.237,1.64,-0.597,2745.06,21.59,1649.76,3340.61,893.41,633.05,3675.86,-2.5,-4.333333333,-15.40454628,-17.23787962,15.40454628,17.23787962,19.50454628,0,0,0,3,1,1,1000000,42.48,104.85,109.88,107,106.6,90,83,55455376,60606721,122.4,106.2,117,79.4,3906650,569425.3,1,207.73,885.19,1.64,90.77,227.3,165.4263333,161.9485833,847.392,868.948,1.64,1.6115,88.408,84.5515,226.27,214.795,3,0,0,0,0,0,0,1,0,0,0,0,0,-0.00286533
2022-02-08,2,TRUE,FALSE,90.42,90.78,89.36,90.91,4.3,239.25,208.69,208.69,1,1197.7,188.2,1.25,2.303,1.64,-0.663,2746.47,21.06,1631.92,3295.63,892.63,627.06,3624.33,-0.1,-0.1,-13.00454628,-13.00454628,13.00454628,13.00454628,13.00454628,0,0,0,1,1,1,1000000,42.48,104.85,109.88,107,106.6,90,83,55455376,60606721,122.4,106.2,117,79.4,3906650,569425.3,1,184.59,893.41,1.64,91.41,236,169.5623333,163.0670833,858.916,868.5985,1.64,1.6155,89.226,85.199,227.91,217.6,3,0,0,0,0,0,0,1,0,0,0,0,0,-0.004310345
2022-02-09,2,TRUE,FALSE,89.39,91.55,89.66,89.98,4.13,239.25,206.56,206.56,1,1196.5,187.87,1.25,2.279,1.64,-0.639,2768.85,19.68,1699.01,3354.08,897.9,646.48,3686.75,1,1,-11.90454628,-11.90454628,11.90454628,11.90454628,11.90454628,0,0,0,1,1,1,1000000,42.48,104.85,109.88,107,106.6,90,83,55455376,60606721,122.4,106.2,117,79.4,3906650,569425.3,1,208.69,892.63,1.64,90.91,239.25,178.2703333,165.3810833,874.504,868.9945,1.64,1.6195,89.74,85.8015,230.24,219.7375,3,0,0,0,0,0,0,1,0,0,0,0,0,-0.01010101
2022-02-10,2,TRUE,FALSE,90.6,91.41,89.88,91.09,4.03,239.1,207.97,207.97,1,1196.5,188.03,1.25,2.264,1.64,-0.624,2771.93,19.21,1684.44,3378.76,894.49,643.3,3706.3,1.4,1.4,-11.50454628,-11.50454628,11.50454628,11.50454628,11.50454628,0,0,0,1,1,1,0,30.2,104.85,109.88,107,106.6,90,83,55455376,60606721,122.4,106.2,117,79.4,3906650,569425.3,1,206.56,897.9,1.64,89.98,239.25,187.5323333,167.5295833,886.472,869.345,1.64,1.6235,90.216,86.2655,232.56,221.905,3,0,0,0,0,0,0,1,0,0,0,0,0,-0.020408163
2022-02-11,2,TRUE,FALSE,90.25,94.44,93.1,90.49,4.04,245,208.48,208.48,1,1198.5,188.27,1.25,2.343,1.64,-0.703,2747.71,20.92,1702.25,3308.41,888.03,631.4,3656.89,2.9,2.9,-10.00454628,-10.00454628,10.00454628,10.00454628,10.00454628,0,0,0,1,1,1,0,30.2,104.85,109.88,107,106.6,90,83,55455376,60606721,122.4,106.2,117,79.4,3906650,569425.3,1,207.97,894.49,1.64,91.09,239.1,203.108,170.9259167,892.724,869.5125,1.64,1.6275,90.832,86.7995,236.18,224.035,3,0,0,0,0,0,0,1,0,0,0,0,0,0
2022-02-14,2,TRUE,FALSE,92.72,96.48,95.46,92.97,4.05,240,191.69,176.7733333,3,1191.1,187.8,1.25,2.347,1.64,-0.707,2704.48,23.84,1676.75,3245.65,867.01,612.93,3566.77,2.5,4.033333333,-10.40454628,-8.871212951,10.40454628,8.871212951,10.40454628,1.7,0.566666667,1.7,3,0,1,0,30.2,104.85,109.88,107,106.6,90,83,55455376,60606721,122.4,106.2,117,79.4,3906650,569425.3,1,208.48,888.03,1.64,90.49,245,203.258,173.1364167,893.292,869.6745,1.64,1.6315,90.776,87.3255,239.72,226.43,3,0,0,0,0,0,0,1,0,0,0,0,0,-0.008928571
2022-02-15,2,TRUE,FALSE,93.05,93.28,92.07,93.37,4.31,239,208.01,208.01,1,1199.8,188.78,1.25,2.345,1.64,-0.705,2676.54,24.62,1645.92,3176.59,847.34,606.86,3507.92,-4.7,-4.7,-17.60454628,-17.60454628,17.60454628,17.60454628,17.60454628,0,0,0,1,0,0,0,30.2,104.85,109.88,107,106.6,90,83,55455376,60606721,122.4,106.2,117,79.4,3906650,569425.3,1,176.7733333,867.01,1.64,92.97,240,201.6946667,173.7380833,888.012,868.301,1.64,1.6355,91.088,87.863,240.52,228.28,3,0,0,0,0,0,0,1,0,0,0,0,0,-0.045045045
2022-02-16,2,TRUE,FALSE,92.6,94.81,93.66,92.9,4.39,235.5,210.38,210.38,1,1197.6,189.05,1.25,2.325,1.64,-0.685,2729.68,21.94,1664.11,3280.28,871.31,623.16,3660.97,-7.3,-7.3,-20.20454628,-20.20454628,20.20454628,20.20454628,20.20454628,0,0,0,1,0,0,0,30.2,104.85,109.88,107,106.6,90,83,55455376,60606721,122.4,106.2,117,79.4,3906650,569425.3,1,208.01,847.34,1.64,93.37,239,201.5586667,175.8870833,878.954,865.6475,1.64,1.6395,91.58,88.382,240.47,229.655,3,0,0,0,0,0,0,1,0,0,0,0,0,-0.040880503
2022-02-17,2,TRUE,FALSE,91.9,92.97,91.76,92.42,4.57,232.4,213.11,213.11,1,1197.1,189.07,1.25,2.295,1.64,-0.655,2744.09,23.28,1668.47,3293.31,866.98,627.99,3663.66,-6.2,-6.2,-19.10454628,-19.10454628,19.10454628,19.10454628,19.10454628,0,0,0,1,0,0,0,30.2,104.85,109.88,107,106.6,90,83,55455376,60606721,122.4,106.2,117,79.4,3906650,569425.3,1,210.38,871.31,1.64,92.9,235.5,202.3226667,178.1485833,873.636,864.772,1.64,1.64,92.164,88.838,239.72,230.5925,3,0,0,0,0,0,0,1,0,0,0,0,0,-0.016393443
2022-02-18,2,TRUE,FALSE,90.3,93.54,91.07,90.45,4.61,232.35,212.84,212.84,1,1195.9,188.85,1.25,2.322,1.64,-0.682,2744.52,23.68,1681.22,3300.07,881.07,640.79,3673.89,-1.2,-1.2,-14.10454628,-14.10454628,14.10454628,14.10454628,14.10454628,0,0,0,1,0,0,0,30.2,104.85,109.88,107,106.6,90,83,55455376,60606721,122.4,106.2,117,79.4,3906650,569425.3,1,213.11,866.98,1.64,92.42,232.4,203.3506667,181.1260833,868.134,864.164,1.64,1.64,92.43,89.211,238.38,231.1875,3,0,0,0,0,0,0,1,0,0,0,0,0,-0.003333333
2022-02-21,2,TRUE,FALSE,91.73,95.39,91.07,92.11,4.61,233.85,214.38,201.37,3,1192.1,188.34,1.25,2.363,1.64,-0.723,2743.8,23.79,1680.1,3277.09,884.75,645.97,3637.77,-3,-3.166666667,-15.90454628,-16.07121295,15.90454628,16.07121295,17.70454628,0.1,0.066666667,0.2,3,0,0,0,30.2,104.85,109.88,107,106.6,90,83,55455376,60606721,122.4,106.2,117,79.4,3906650,569425.3,1,212.84,881.07,1.64,90.45,232.35,204.2226667,183.5675833,866.742,864.8325,1.64,1.64,92.422,89.405,235.85,231.755,3,0,0,0,0,0,0,1,0,0,0,0,0,0.003344482
2022-02-22,2,TRUE,FALSE,96.01,96.84,92.35,96.49,4.48,236.25,216.31,216.31,1,1192.7,188.05,1.25,2.327,1.64,-0.687,2706.79,25.34,1666.83,3194.89,863.89,632.44,3585.69,-4.5,-4.5,-17.40454628,-17.40454628,17.40454628,17.40454628,17.40454628,0,0,0,1,0,0,0,30.2,104.85,109.88,107,106.6,90,83,55455376,60606721,122.4,106.2,117,79.4,3906650,569425.3,1,201.37,884.75,1.64,92.11,233.85,209.142,185.4055833,870.29,866.0865,1.64,1.64,92.25,89.6925,234.62,232.2925,3,0,0,0,0,0,0,1,0,0,0,0,0,0
2022-02-23,2,TRUE,FALSE,93.65,96.84,92.1,94.13,4.59,237.7,213.28,213.28,1,1193.6,188.64,1.25,2.317,1.64,-0.677,2719.53,24.07,1690.24,3228.13,893.4,645.29,3624.88,-5.6,-5.6,-18.50454628,-18.50454628,18.50454628,18.50454628,18.50454628,0,0,0,1,0,0,0,30.2,104.85,109.88,107,106.6,91,81,55455376,60606721,122.4,106.2,117,79.4,3906650,569425.3,1,216.31,863.89,1.64,96.49,236.25,210.802,188.0085833,873.6,865.9135,1.64,1.64,92.874,90.1955,234.07,232.8225,3,0,0,0,0,0,0,1,0,0,0,0,0,-0.001666667
2022-02-24,2,TRUE,FALSE,98.64,99.08,92.81,99.11,4.78,239.5,212.16,212.16,1,1202.4,190.43,1.25,2.226,1.64,-0.586,2648.8,27.09,1667.81,3121.77,925.49,632.88,3511.63,-2.4,-2.4,-15.30454628,-15.30454628,15.30454628,15.30454628,15.30454628,0,0,0,1,0,0,0,30.2,104.85,111.04,107,106.6,91,81,55455376,60606721,122.4,106.2,117,79.4,3906650,569425.3,1,213.28,893.4,1.64,94.13,237.7,211.382,190.5075833,878.018,867.563,1.64,1.64,93.12,90.64,234.51,233.4775,3,0,0,0,0,0,0,1,0,0,0,0,0,0.001669449
2022-02-25,2,TRUE,FALSE,95.84,97.93,91.59,96.32,4.63,238.6,212.86,212.86,1,1201.6,190.4,1.25,2.244,1.64,-0.604,2676.76,23.84,1671.52,3199.83,913.49,645.42,3592.09,3,3,-9.904546284,-9.904546284,9.904546284,9.904546284,9.904546284,0,0,0,1,0,0,0,30.2,104.85,111.04,107,106.6,91,81,55455376,60606721,122.4,106.2,117,79.4,3906650,569425.3,1,212.16,925.49,1.64,99.11,239.5,211.192,193.55425,889.72,871.6495,1.64,1.64,94.458,91.2525,235.93,234.19,3,0,0,0,0,0,0,1,0,0,0,0,0,0.003333333
2022-02-28,2,TRUE,FALSE,96.86,100.99,95.72,96.85,4.46,274.5,214.55,201.2166667,3,1202.3,190.52,1.25,2.242,1.64,-0.602,2699.18,24.41,1723.37,3231.05,960.62,656.49,3598.41,6.8,5.3,-6.104546284,-7.604546284,6.104546284,7.604546284,9.204546284,0,0.366666667,1.1,3,0,0,0,30.2,104.85,111.04,107,106.6,91,81,55455376,60606721,122.4,106.2,117,79.4,3906650,569425.3,1,212.86,913.49,1.64,96.32,238.6,211.196,196.02575,896.204,875.9075,1.64,1.64,95.632,91.8095,237.18,234.755,3,0,0,0,0,0,0,1,0,0,0,0,0,0.003322259
2022-03-02,2,TRUE,FALSE,110.05,112.93,110.6,110.59,4.65,440,193.98,191.97,2,1206.1,190.97,1.25,2.187,1.64,-0.547,2703.52,24.89,1755.73,3284.04,972.97,660.38,3638.19,3.5,4.65,-9.404546284,-8.254546284,9.404546284,8.254546284,9.404546284,0,1.15,2.3,2,0,0,0,30.2,104.85,111.04,107.4,107.5,91,81,54155835,53482054,109.8,109.9,115.2,79.6,2813300,569425.3,1,201.2166667,960.62,1.64,96.85,274.5,211.1653333,197.8910833,911.378,882.149,1.64,1.64,96.58,92.286,245.31,237.09,3,0,0,0,0,0,0,1,0,0,0,0,0,-0.003311258
2022-03-03,2,TRUE,FALSE,116.65,110.46,107.67,116.73,4.63,370,195.72,195.72,1,1204.6,190.48,1.25,2.195,1.64,-0.555,2747.08,22.73,1767.96,3308.77,986.92,681.44,3725.05,5.8,5.8,-7.104546284,-7.104546284,7.104546284,7.104546284,7.104546284,0,0,0,1,0,0,0,30.2,104.85,111.04,107.4,107.5,91,81,54155835,53482054,109.8,109.9,115.2,79.6,2813300,569425.3,1,191.97,972.97,1.64,110.59,440,206.2973333,199.2320833,933.194,890.063,1.64,1.64,99.4,93.3985,286.06,247.71,3,0,0,0,0,0,0,1,0,0,0,0,0,-0.009966777
2022-03-04,2,TRUE,FALSE,108.84,118.11,115.68,108.9,4.74,418.75,195.65,195.65,1,1214.2,192.02,1.25,2.214,1.64,-0.574,2713.43,24.57,1800.14,3254.16,1001.1,686.3,3658.63,6.9,6.9,-6.004546284,-6.004546284,6.004546284,6.004546284,6.004546284,0,0,0,1,0,0,0,30.2,105.42,111.04,107.4,107.5,91,81,54155835,53482054,109.8,109.9,115.2,79.6,2813300,569425.3,1,195.72,986.92,1.64,116.73,370,202.7853333,201.0055833,951.898,897.506,1.64,1.64,103.92,94.855,312.52,254.8275,3,0,0,0,0,0,0,1,0,0,0,0,0,-0.003355705
2022-03-07,2,TRUE,FALSE,125.19,123.21,119.4,125.27,4.93,422.65,193.43,191.2166667,3,1227.1,194.02,1.25,2.288,1.64,-0.648,2651.31,27.84,1792.52,3171.46,993.29,684.45,3545.07,2.8,2.166666667,-10.10454628,-10.73787962,10.10454628,10.73787962,11.50454628,0,0,0,3,0,0,0,30.2,105.42,111.04,107.4,107.5,91,81,54155835,53482054,109.8,109.9,115.2,79.6,2813300,569425.3,1,195.65,1001.1,1.64,108.9,418.75,199.4833333,204.2835,967.02,904.3995,1.64,1.64,105.878,95.8995,348.37,264.715,3,0,0,0,0,0,0,1,0,0,0,0,0,-0.03030303
2022-03-08,2,TRUE,FALSE,122.99,127.98,123.7,123.05,4.61,423.15,192.68,192.68,1,1237,195.8,1.25,2.287,1.64,-0.647,2622.4,28.95,1707.74,3105.69,965.1,667.23,3492.24,6,6,-6.904546284,-6.904546284,6.904546284,6.904546284,6.904546284,0,0,0,1,0,0,1000000,30.2,105.42,111.04,107.4,107.5,91,81,54155835,53482054,109.8,109.9,115.2,79.6,2813300,569425.3,1,191.2166667,993.29,1.64,125.27,422.65,195.1546667,203.4578333,982.98,909.8045,1.64,1.64,111.668,97.6245,385.18,274.4825,3,0,0,0,0,0,0,1,0,0,0,0,0,-0.03125
2022-03-10,2,TRUE,FALSE,115.33,109.33,106.02,115.38,4.65,373.35,191.52,189.76,2,1228.3,194.1,1.25,2.267,1.64,-0.627,2680.32,25.71,1742.1,3134.32,961.5,690.58,3579.25,9.3,8.2,-3.604546284,-4.704546284,3.604546284,4.704546284,5.804546284,0,0,0,2,0,0,1000000,30.2,105.42,111.04,107.4,107.5,91,81,54155835,53482054,109.8,109.9,115.2,79.6,2813300,569425.3,1,192.68,965.1,1.64,123.05,423.15,193.4473333,203.8623333,983.876,913.389,1.64,1.64,116.908,99.2065,414.91,283.84,3,0,0,0,0,0,0,1,0,0,0,0,0,-0.039426523
2022-03-11,2,TRUE,FALSE,110.49,112.67,109.33,110.54,4.79,368.65,190.3,190.3,1,1232,194.62,1.25,2.255,1.64,-0.615,2661.28,24.41,1748.42,3081.34,988.58,703.27,3537.63,11.2,11.2,-1.704546284,-1.704546284,1.704546284,1.704546284,1.704546284,0,0,0,1,0,1,1000000,30.2,105.42,111.04,107.4,107.5,91,81,54155835,53482054,109.8,109.9,115.2,79.6,2813300,569425.3,1,189.76,961.5,1.64,115.38,373.35,193.0053333,202.9158333,981.582,916.8325,1.64,1.64,117.866,100.43,401.58,290.545,3,0,0,0,0,0,0,1,0,0,0,0,0,-0.014925373
2022-03-14,2,TRUE,FALSE,109.88,106.9,103.01,109.95,4.59,361.75,182.98,185.9333333,3,1242.3,195.04,1.25,2.283,1.64,-0.643,2645.65,24.7,1783.13,3037.82,980.08,703.51,3456.67,8.2,10.9,-4.704546284,-2.004546284,4.704546284,2.004546284,4.704546284,8.7,17.8,53.4,3,1,1,1000000,30.2,105.42,111.04,107.4,107.5,91,81,54155835,53482054,109.8,109.9,115.2,79.6,2813300,569425.3,1,190.3,988.58,1.64,110.54,368.65,191.9213333,202.1028333,981.914,921.3665,1.64,1.64,116.628,101.458,401.31,297.015,3,0,0,0,0,0,0,1,0,0,0,0,0,-0.007575758
2022-03-15,2,TRUE,FALSE,99.78,99.91,96.44,99.96,4.46,346,190.16,190.16,1,1242.8,194.4,1.25,2.285,1.64,-0.645,2621.53,25.77,1739.29,2971.96,971.02,683.92,3417.2,7.2,7.2,-5.704546284,-5.704546284,5.704546284,5.704546284,5.704546284,0,0,0,1,1,1,1000000,30.2,105.42,111.04,107.4,107.5,91,81,54155835,53482054,109.8,109.9,115.2,79.6,2813300,569425.3,1,185.9333333,980.08,1.64,109.95,361.75,189.978,201.001,977.71,925.646,1.64,1.64,116.838,102.401,389.91,303.1475,3,0,0,0,0,0,0,1,0,0,0,0,0,-0.019083969
2022-03-16,2,TRUE,FALSE,102.52,98.02,95.04,102.69,4.68,340,190.55,190.55,1,1235.7,194.2,1.25,2.268,1.64,-0.628,2659.23,23.74,1742.44,3045.77,975.46,693.1,3529.53,10.3,10.3,-2.604546284,-2.604546284,2.604546284,2.604546284,2.604546284,0,0,0,1,1,1,1000000,30.2,105.42,111.04,107.4,107.5,91,81,54155835,53482054,109.8,109.9,115.2,79.6,2813300,569425.3,1,190.16,971.02,1.64,99.96,346,189.7666667,200.085,973.256,929.7955,1.64,1.64,111.776,102.8745,374.58,308.1975,3,0,0,0,0,0,0,1,0,0,0,0,0,-0.03307393
2022-03-17,2,TRUE,FALSE,100.86,106.64,102.98,100.9,4.8,337.25,191.58,191.58,1,1214.3,190.85,1.25,2.217,1.64,-0.577,2694.51,22.55,1741.54,3122.02,968.25,691.93,3645,10.7,10.7,-2.204546284,-2.204546284,2.204546284,2.204546284,2.204546284,1.2,1.2,1.2,1,1,1,0,27.36,105.42,111.04,107.4,107.5,91,81,54155835,53482054,109.8,109.9,115.2,79.6,2813300,569425.3,1,190.55,975.46,1.64,102.69,340,189.3406667,200.7738333,975.328,935.218,1.64,1.64,107.704,103.3605,357.95,313.1975,3,0,0,0,0,0,0,1,0,0,0,0,0,-0.046277666
2022-03-18,2,TRUE,FALSE,106.62,107.93,104.7,106.66,4.87,336,191.76,191.76,1,1207.6,189.81,1.25,2.231,1.64,-0.591,2707.02,21.93,1755.6,3158.59,973.58,693.05,3686.18,7.5,7.5,-5.404546284,-5.404546284,5.404546284,5.404546284,5.404546284,0,0,0,1,1,1,0,27.36,105.42,111.04,107.4,107.5,91,81,54155835,53482054,109.8,109.9,115.2,79.6,2813300,569425.3,1,191.58,968.25,1.64,100.9,337.25,189.7046667,199.9523333,976.678,941.2635,1.64,1.64,104.808,103.737,350.73,318.11,3,0,0,0,0,0,0,1,0,0,0,0,0,-0.099156118
2022-03-21,2,TRUE,FALSE,109.81,115.62,112.12,109.85,4.77,329.4,197.97,192.5666667,3,1216.3,190.85,1.25,2.268,1.64,-0.628,2686.05,22.4,1758.66,3182.57,963.04,687.68,3676.49,5,4.6,-7.904546284,-8.304546284,7.904546284,8.304546284,9.504546284,0,4.866666667,14.6,3,0,1,0,27.36,105.42,111.04,107.4,107.5,91,81,54155835,53482054,109.8,109.9,115.2,79.6,2813300,569425.3,1,191.76,973.58,1.64,106.66,336,189.9966667,199.0213333,973.678,946.377,1.64,1.64,104.032,104.425,344.2,323.135,3,0,0,0,0,0,0,1,0,0,0,0,0,-0.098360656
2022-03-22,2,TRUE,FALSE,111.19,115.48,111.76,111.23,5,328.9,194.49,194.49,1,1218.1,191.07,1.25,2.399,1.64,-0.759,2710,21.03,1782.92,3219.08,973.51,697.59,3723.61,7.1,7.1,-5.804546284,-5.804546284,5.804546284,5.804546284,5.804546284,0,0,0,1,0,0,0,27.36,105.42,111.04,107.4,107.5,91,81,54155835,53482054,109.8,109.9,115.2,79.6,2813300,569425.3,1,192.5666667,963.04,1.64,109.85,329.4,191.3233333,197.9941667,970.27,951.18,1.64,1.64,104.012,105.2965,337.73,327.985,3,0,0,0,0,0,0,1,0,0,0,0,0,0.05974026
2022-03-23,2,TRUE,FALSE,111.8,121.6,114.93,112.03,5.26,325.35,198.92,198.92,1,1213.8,190.13,1.25,2.426,1.64,-0.786,2735.05,19.61,1854.4,3249.99,979.73,702.19,3738.83,6.2,6.2,-6.704546284,-6.704546284,6.704546284,6.704546284,6.704546284,0,0,0,1,0,0,0,27.36,105.42,111.57,107.4,107.5,91,81,54155835,53482054,109.8,109.9,115.2,79.6,2813300,569425.3,1,194.49,973.51,1.64,111.23,328.9,192.1893333,197.0766667,970.768,955.802,1.64,1.64,106.266,106.3355,334.31,332.8125,3,0,0,0,0,0,0,1,0,0,0,0,0,0.019607843
2022-03-24,2,TRUE,FALSE,115.6,119.03,112.34,115.84,5.19,326.65,195.14,195.14,1,1218.8,190.8,1.25,2.455,1.64,-0.815,2729.66,19.73,1842.89,3279.32,1005.35,705.33,3751.34,8.2,8.2,-4.704546284,-4.704546284,4.704546284,4.704546284,4.704546284,0,0,0,1,0,0,0,27.36,105.42,111.57,107.4,107.5,91,81,54155835,53482054,109.8,109.9,115.2,79.6,2813300,569425.3,1,198.92,979.73,1.64,112.03,325.35,193.8633333,196.9541667,971.622,960.551,1.64,1.64,108.134,107.3315,331.38,337.3875,3,0,0,0,0,0,0,1,0,0,0,0,0,0.091346154
2022-03-25,2,TRUE,FALSE,111.93,120.65,113.9,112.17,5.51,327.15,195.56,195.56,1,1218.8,191.15,1.25,2.505,1.64,-0.865,2729.98,19.62,1821.51,3262.83,995.74,705.44,3753.9,12,12,-0.904546284,-0.904546284,0.904546284,0.904546284,0.904546284,10.9,10.9,10.9,1,0,0,0,27.36,105.42,111.57,107.4,107.5,91,81,54155835,53482054,109.8,109.9,115.2,79.6,2813300,569425.3,1,195.14,1005.35,1.64,115.84,326.65,194.5753333,195.8956667,979.042,967.624,1.64,1.64,111.122,108.299,329.26,341.9075,3,0,0,0,0,0,0,1,0,0,0,0,0,0.024229075
2022-03-28,2,TRUE,FALSE,110.67,112.48,105.96,110.88,5.52,259.75,195.98,192.43,3,1227.3,192.15,1.25,2.747,1.65,-1.097,2729.56,19.6,1827.84,3276.76,992.05,710.09,3753.52,8.2,9.366666667,-4.704546284,-3.537879618,4.704546284,3.537879618,4.804546284,0,6.6,19.8,3,0,0,0,27.36,105.42,111.57,107.4,107.5,91,81,54155835,53482054,109.8,109.9,115.2,79.6,2813300,569425.3,1,195.56,995.74,1.64,112.17,327.15,195.3353333,195.0096667,983.474,972.741,1.64,1.64,112.224,109.201,327.49,346.38,3,0,0,0,0,0,0,1,0,0,0,0,0,0.006451613
2022-03-29,2,TRUE,FALSE,108.58,110.23,104.24,108.78,5.32,253.4,195.68,195.68,1,1219.8,191.14,1.25,2.7,1.65,-1.05,2741.07,18.75,1825.36,3286.51,968.01,700.59,3792.49,9.7,9.7,-3.204546284,-3.204546284,3.204546284,3.204546284,3.204546284,0,0,0,1,0,0,0,27.36,105.42,111.57,107.4,107.5,91,81,54155835,53482054,109.8,109.9,115.2,79.6,2813300,569425.3,1,192.43,992.05,1.65,110.88,259.75,195.308,194.0231667,989.276,976.069,1.642,1.6405,112.43,109.7895,313.56,347.3925,3,0,0,0,0,0,0,1,0,0,0,0,0,0.004273504
2022-03-30,2,TRUE,FALSE,108.38,113.45,107.82,108.59,5.32,260,194.75,194.75,1,1209.6,190.1,1.25,2.615,1.66,-0.955,2746.74,17.88,1798.29,3291.85,957.41,695.65,3794.45,10.8,10.8,-2.104546284,-2.104546284,2.104546284,2.104546284,2.104546284,0.4,0.4,0.4,1,0,0,0,27.36,105.42,111.57,107.4,107.5,91,81,54155835,53482054,109.8,109.9,115.2,79.6,2813300,569425.3,1,195.68,968.01,1.65,108.78,253.4,195.546,193.1641667,988.176,978.795,1.644,1.641,111.94,110.4125,298.46,348.1325,3,0,0,0,0,0,0,1,0,0,0,0,0,-0.004255319
2022-03-31,2,TRUE,FALSE,107.71,107.91,100.28,107.91,5.46,259,195.59,195.59,1,1212.1,190.68,1.25,2.663,1.66,-1.003,2757.65,17.14,1822.89,3357.75,963.66,700.46,3774.36,10.9,10.9,-2.004546284,-2.004546284,2.004546284,2.004546284,2.004546284,0,0,0,1,0,0,0,27.36,105.42,111.57,107.5,107.8,84,81,54155835,53482054,102.3,96.8,103.5,78.3,2705211,569425.3,1,194.75,957.41,1.66,108.59,260,194.712,192.8408333,983.712,978.6345,1.648,1.642,111.252,110.9995,285.39,347.4075,3,0,0,0,0,0,0,1,0,0,0,0,0,-0.017094017
2022-04-01,3,TRUE,FALSE,101.61,104.39,99.27,101.63,5.43,258.75,205.03,205.03,1,1215.5,191.17,1.25,2.784,1.67,-1.114,2739.85,17.07,1799.79,3332.44,961.76,695.86,3710.33,9.2,9.2,-3.704546284,-3.704546284,3.704546284,3.704546284,3.704546284,0,0,0,1,0,0,0,27.36,105.42,111.57,107.5,107.8,84,81,63786835,63811102,102.3,96.8,103.5,78.3,2705211,569425.3,1,195.59,963.66,1.66,107.91,259,194.802,193.0218333,975.374,978.169,1.652,1.643,109.666,110.8655,271.86,338.3575,3,0,0,0,0,0,0,1,0,0,0,0,0,-0.008695652
2022-04-04,3,TRUE,FALSE,101.84,107.53,103.28,101.82,5.72,264,205.98,202.2966667,3,1214.4,190.6,1.25,2.837,1.67,-1.167,2757.9,16.49,1828.6,3364.67,968.66,689.67,3722.3,10.3,9.366666667,-2.604546284,-3.537879618,2.604546284,3.537879618,4.704546284,0,0,0,3,0,0,0,27.36,105.42,111.57,107.5,107.8,84,81,63786835,63811102,102.3,96.8,103.5,78.3,2705211,569425.3,1,205.03,961.76,1.67,101.63,258.75,196.696,193.4873333,968.578,976.911,1.658,1.6445,107.558,110.1105,258.18,332.795,3,0,0,0,0,0,0,1,0,0,0,0,0,-0.061403509
2022-04-05,3,TRUE,FALSE,105.34,106.64,101.96,105.34,5.95,281,205.26,205.26,1,1212.7,190.55,1.25,2.879,1.67,-1.209,2759.2,15.91,1822.3,3375.63,957.27,688.59,3741.2,10.3,10.3,-2.604546284,-2.604546284,2.604546284,2.604546284,2.604546284,0,0,0,1,0,0,0,27.36,106.1,111.57,107.5,107.8,84,81,63786835,63811102,102.3,96.8,103.5,78.3,2705211,569425.3,1,202.2966667,968.66,1.67,101.82,264,198.6693333,193.8196667,963.9,975.289,1.662,1.646,105.746,109.7565,259.03,325.0575,3,0,0,0,0,0,0,1,0,0,0,0,0,-0.018691589
2022-04-06,3,TRUE,FALSE,103.79,101.07,96.23,103.78,6.29,286.5,204.52,204.52,1,1218.3,191.12,1.25,2.941,1.67,-1.271,2735.03,16.79,1834.53,3323.68,979.06,683.64,3641.39,11.7,11.7,-1.204546284,-1.204546284,1.204546284,1.204546284,1.204546284,0,0,0,1,0,0,1000000,27.36,106.1,111.57,107.5,107.8,84,81,63786835,63811102,102.3,96.8,103.5,78.3,2705211,569425.3,1,205.26,957.27,1.67,105.34,281,200.5853333,194.5218333,961.752,973.488,1.666,1.6475,105.058,108.76,264.55,317.975,3,0,0,0,0,0,0,1,0,0,0,0,0,0
2022-04-07,3,TRUE,FALSE,97.41,100.58,96.03,97.41,6.05,281.65,205.12,205.12,1,1219.5,191.64,1.25,2.905,1.67,-1.235,2695.86,17.78,1825.57,3250.92,966.77,669.69,3640.25,10.9,10.9,-2.004546284,-2.004546284,2.004546284,2.004546284,2.004546284,0,0,0,1,0,0,1000000,27.36,106.1,111.57,107.5,107.8,84,81,63786835,63811102,102.3,96.8,103.5,78.3,2705211,569425.3,1,204.52,979.06,1.67,103.78,286.5,202.5393333,195.1138333,966.082,974.186,1.668,1.649,104.096,107.7965,269.85,311.1425,3,0,0,0,0,0,0,1,0,0,0,0,0,0.004761905
2022-04-08,3,TRUE,FALSE,98.14,102.78,98.26,98.14,6.38,291.6,208.03,208.03,1,1225.1,192.59,1.25,2.987,1.67,-1.317,2700.39,17.1,1831.72,3314.79,954.71,682.15,3646.99,12.9,12.9,-0.004546284,-0.004546284,0.004546284,0.004546284,0.004546284,0,0,0,1,0,1,1000000,27.36,106.1,111.57,107.5,107.8,84,81,63786835,63811102,102.3,96.8,103.5,78.3,2705211,569425.3,1,205.12,966.77,1.67,97.41,281.65,204.4453333,195.8818333,966.704,974.4495,1.67,1.6505,101.996,106.898,274.38,306.5575,3,0,0,0,0,0,0,1,0,0,0,0,0,-0.009478673
2022-04-11,3,TRUE,FALSE,97.64,98.48,94.29,97.64,6.35,290.65,200.96,194.6633333,3,1233.1,193.26,1.25,3.186,1.67,-1.516,2693.1,17.57,1843.99,3282.13,955.08,670.76,3600.26,19.6,18.53333333,6.695453716,5.628787049,6.695453716,5.628787049,6.695453716,0,0.166666667,0.5,3,1,1,1000000,27.36,106.1,111.57,107.5,107.8,84,81,63786835,63811102,102.3,96.8,103.5,78.3,2705211,569425.3,1,208.03,954.71,1.67,98.14,291.6,205.0453333,196.7683333,965.294,972.756,1.67,1.652,101.298,106.278,280.95,302.705,3,0,0,0,0,0,0,1,0,0,0,0,0,0.004784689
2022-04-12,3,TRUE,FALSE,98.14,104.64,100.6,98.15,6.59,309.1,203.29,203.29,1,1236.2,193.79,1.25,3.105,1.67,-1.435,2666.76,18.47,1837.73,3237.03,972.53,664.43,3606.75,19.3,19.3,6.395453716,6.395453716,6.395453716,6.395453716,6.395453716,0.5,0.5,0.5,1,1,1,1000000,27.36,106.1,111.57,107.5,107.8,84,81,63786835,63811102,102.3,96.8,103.5,78.3,2705211,569425.3,1,194.6633333,955.08,1.67,97.64,290.65,203.5186667,197.2048333,962.578,971.506,1.67,1.6535,100.462,105.6625,286.28,299.15,3,0,0,0,0,0,0,1,0,0,0,0,0,0.00952381
2022-04-13,3,TRUE,FALSE,102.44,108.78,104.25,102.44,6.68,312,202.61,202.61,1,1228,192.5,1.25,3.001,1.67,-1.331,2716.49,17.02,1868.04,3293.75,979.35,670.42,3672.84,13.1,13.1,0.195453716,0.195453716,0.195453716,0.195453716,0.195453716,1.3,1.3,1.3,1,1,1,1000000,27.36,106.1,111.57,107.5,107.8,84,81,63786835,63811102,102.3,96.8,103.5,78.3,2705211,569425.3,1,203.29,972.53,1.67,98.15,309.1,203.1246667,197.8613333,965.63,971.5815,1.67,1.655,99.024,105.572,291.9,297.305,3,0,0,0,0,0,0,1,0,0,0,0,0,-0.009433962
2022-04-14,3,TRUE,FALSE,105.88,111.7,106.95,105.88,6.94,309.1,204.44,204.44,1,1224.7,192.15,1.5,2.888,1.84,-1.048,2716.71,17.13,1886.44,3304.65,981.04,668.51,3654.5,13.2,13.2,0.295453716,0.295453716,0.295453716,0.295453716,0.295453716,0,0,0,1,1,1,0,79.42,106.1,111.57,107.5,107.8,84,81,63786835,63811102,102.3,96.8,103.5,78.3,2705211,569425.3,1,202.61,979.35,1.67,102.44,312,202.7426667,198.4643333,965.688,971.776,1.67,1.6565,98.756,105.5595,297,295.905,3,0,0,0,0,0,0,1,0,0,0,0,0,0
2022-04-15,3,TRUE,FALSE,105.88,111.7,106.95,105.88,6.94,309.1,202.38,202.38,1,1229.6,192.68,1.5,2.944,1.85,-1.094,2696.06,17.77,1882.47,3260.2,985.53,667.14,3621.1,13.3,13.3,0.395453716,0.395453716,0.395453716,0.395453716,0.395453716,0,0,0,1,1,1,0,79.42,106.1,111.57,107.5,107.8,84,81,63786835,63811102,102.3,96.8,103.5,78.3,2705211,569425.3,1,204.44,981.04,1.84,105.88,309.1,202.6066667,199.1073333,968.542,972.4155,1.704,1.6665,100.45,105.8085,302.49,294.4975,3,0,0,0,0,0,0,1,0,0,0,0,0,-0.002380952
2022-04-18,3,TRUE,FALSE,108.11,113.16,108.21,108.12,7.48,309.1,208.08,197.9733333,3,1234.4,193.34,1.5,2.99,1.86,-1.13,2693.21,18.88,1886.48,3257.24,978.15,663.57,3639.18,15.2,14.13333333,2.295453716,1.228787049,2.295453716,1.228787049,2.295453716,0,0,0,3,0,1,0,79.42,106.1,111.57,107.5,107.8,84,81,63786835,63811102,102.3,96.8,103.5,78.3,2705211,569425.3,1,202.38,985.53,1.85,105.88,309.1,201.4766667,199.6383333,974.706,973.013,1.74,1.677,101.998,105.7695,305.99,293.1525,3,0,0,0,0,0,0,1,0,0,0,0,0,0.002386635
2022-04-19,3,TRUE,FALSE,108.69,107.25,102.56,108.69,7.44,321,203.63,203.63,1,1236.9,193.73,1.5,2.981,1.87,-1.111,2718.89,17.69,1941.74,3292.1,986.97,668.37,3767.78,15.2,15.2,2.295453716,2.295453716,2.295453716,2.295453716,2.295453716,0,0,0,1,0,0,0,79.42,106.1,111.57,107.5,107.8,84,81,63786835,63811102,102.3,96.8,103.5,78.3,2705211,569425.3,1,197.9733333,978.15,1.86,108.12,309.1,202.1386667,199.9086667,979.32,973.7685,1.778,1.688,104.094,105.683,309.68,292.1375,3,0,0,0,0,0,0,1,0,0,0,0,0,0.002380952
2022-04-20,3,TRUE,FALSE,105.56,106.8,102.75,105.54,7.12,326.35,203.74,203.74,1,1236.1,192.33,1.5,2.957,1.88,-1.077,2718.69,17.34,1980.56,3281.37,996.92,657.41,3766.89,15.7,15.7,2.795453716,2.795453716,2.795453716,2.795453716,2.795453716,0,0,0,1,0,0,0,79.42,106.1,111.57,107.5,107.8,84,81,63786835,63811102,102.3,96.8,103.5,78.3,2705211,569425.3,1,203.63,986.97,1.87,108.69,321,202.2066667,200.3656667,982.208,974.4415,1.818,1.6995,106.202,105.556,312.06,291.7425,3,0,0,0,0,0,0,1,0,0,0,0,0,-0.011876485
2022-04-21,3,TRUE,FALSE,106.17,108.33,103.79,106.16,6.88,331.1,203.09,203.09,1,1239,191.28,1.5,2.927,1.89,-1.037,2728.21,16.77,1985.51,3312.1,1000.86,665.47,3795.07,16.3,16.3,3.395453716,3.395453716,3.395453716,3.395453716,3.395453716,0,0,0,1,0,0,0,79.42,106.1,113.27,107.5,107.8,84,81,63786835,63811102,102.3,96.8,103.5,78.3,2705211,569425.3,1,203.74,996.92,1.88,105.54,326.35,202.4326667,200.6066667,985.722,975.301,1.86,1.7115,106.822,105.2315,314.93,291.7925,3,0,0,0,0,0,0,1,0,0,0,0,0,-0.009615385
2022-04-22,3,TRUE,FALSE,105.04,106.65,102.07,105.04,6.59,327.1,203.05,203.05,1,1239.1,190.85,1.5,2.971,1.89,-1.081,2704.71,17.75,1979.15,3276.3,994.74,660.31,3745.54,15,15,2.095453716,2.095453716,2.095453716,2.095453716,2.095453716,0,0,0,1,0,0,0,79.42,106.1,113.27,107.5,107.8,84,81,63786835,63811102,102.3,96.8,103.5,78.3,2705211,569425.3,1,203.09,1000.86,1.89,106.16,331.1,202.1626667,201.0041667,989.686,975.0765,1.87,1.724,106.878,104.7475,319.33,292.015,3,0,0,0,0,0,0,1,0,0,0,0,0,0.014563107
2022-04-25,3,TRUE,FALSE,99.72,102.32,98.54,99.71,6.42,328.6,203.58,194.65,3,1249.9,189.67,1.5,2.857,1.89,-0.967,2657.13,21.05,1928.2,3221.77,982.81,646.62,3656.27,20,18.73333333,7.095453716,5.828787049,7.095453716,5.828787049,7.095453716,1.3,0.533333333,1.6,3,0,0,0,79.42,106.1,113.27,107.5,107.8,84,81,63786835,63811102,102.3,96.8,103.5,78.3,2705211,569425.3,1,203.05,994.74,1.89,105.04,327.1,202.2966667,201.3786667,991.528,975.0265,1.878,1.7365,106.71,104.391,322.93,292.0125,3,0,0,0,0,0,0,1,0,0,0,0,0,0
2022-04-26,3,TRUE,FALSE,99.57,104.99,101.7,99.59,6.89,325,205.38,205.38,1,1250.8,190.32,1.5,2.83,1.89,-0.94,2668.31,19.94,1885.58,3214.02,969.05,654.62,3698.29,21.9,21.9,8.995453716,8.995453716,8.995453716,8.995453716,8.995453716,1,1,1,1,0,0,0,79.42,106.1,113.27,107.5,107.8,84,81,63786835,63811102,102.3,96.8,103.5,78.3,2705211,525232.6,1,194.65,982.81,1.89,99.71,328.6,201.632,201.4896667,992.46,974.5645,1.884,1.7485,105.028,103.8325,326.83,295.455,3,0,0,0,0,0,0,1,0,0,0,0,0,-0.0215311
2022-04-27,3,TRUE,FALSE,103.05,105.32,102.02,103.06,6.91,326.05,202.66,202.66,1,1265.2,192.13,1.5,2.899,1.89,-1.009,2639.06,21.98,1879.92,3176.06,964.74,657.48,3640.88,17.7,17.7,4.795453716,4.795453716,4.795453716,4.795453716,4.795453716,0,0,0,1,0,0,0,79.42,106.1,113.27,107.5,107.8,84,81,63786835,63811102,102.3,96.8,103.5,78.3,2705211,525232.6,1,205.38,969.05,1.89,99.59,325,201.982,201.9746667,988.876,974.6165,1.888,1.7605,103.208,103.373,327.63,299.035,3,0,0,0,0,0,0,1,0,0,0,0,0,-0.02200489
2022-04-28,3,TRUE,FALSE,102.83,107.59,105.36,102.82,6.97,326.95,201.39,201.39,1,1272.5,191.68,1.5,2.925,1.89,-1.035,2667.49,20.45,1919.88,3236.11,975.4,679.68,3609.38,18.2,18.2,5.295453716,5.295453716,5.295453716,5.295453716,5.295453716,0,0,0,1,0,0,0,79.42,106.1,113.27,107.5,107.8,87,85,63786835,63811102,102.3,96.8,103.5,78.3,2705211,525232.6,1,202.66,964.74,1.89,103.06,326.05,201.766,202.3701667,982.44,974.983,1.89,1.772,102.712,103.0965,327.57,302.3375,3,0,0,0,0,0,0,1,0,0,0,0,0,0.01
2022-04-29,3,TRUE,FALSE,105.37,109.34,104.69,105.39,6.84,326.6,202.45,202.45,1,1255.9,189.6,1.5,2.958,1.89,-1.068,2695.05,18.92,1911.46,3257.33,978.63,676.54,3663.27,13.4,13.4,0.495453716,0.495453716,0.495453716,0.495453716,0.495453716,15.5,15.5,15.5,1,0,0,0,79.42,106.1,113.27,107.7,107.8,87,85,63786835,63811102,118.5,107.6,116.8,78.4,3868488,525232.6,1,201.39,975.4,1.89,102.82,326.95,201.426,202.6601667,977.348,975.57,1.89,1.7835,102.044,102.842,326.74,305.735,3,0,0,0,0,0,0,1,0,0,0,0,0,0.017326733
2022-05-02,3,TRUE,FALSE,105.37,107.58,105.17,105.39,7.3,299.8,139.89,157.97,3,1265.1,189.8,1.5,3.086,1.89,-1.196,2687.45,20.5,1923.9,3268.31,972.86,675.56,3615.47,14.2,13.53333333,1.295453716,0.628787049,1.295453716,0.628787049,1.295453716,0,0,0,3,0,0,0,79.42,106.1,113.27,107.7,107.8,87,85,57842816,60213185,118.5,107.6,116.8,78.4,3868488,525232.6,1,202.45,978.63,1.89,105.39,326.6,201.306,202.5311667,974.126,976.4135,1.89,1.7945,102.114,103.03,326.64,309.1275,3,0,0,0,0,0,0,1,0,0,0,0,0,-0.00486618
2022-05-03,3,TRUE,FALSE,105.37,104.97,102.41,105.39,7.84,326.6,140.19,140.19,1,1267.8,189.51,1.5,3.139,1.89,-1.249,2680.46,20.25,1899.73,3267.49,968.95,671.27,3668.14,14.8,14.8,1.895453716,1.895453716,1.895453716,1.895453716,1.895453716,0,0,0,1,0,0,2500000,79.42,106.83,113.27,107.7,107.8,87,85,57842816,60213185,118.5,107.6,116.8,78.4,3868488,525232.6,1,157.97,972.86,1.89,105.39,299.8,193.97,200.3148333,972.136,976.6235,1.89,1.8055,103.25,103.2085,320.88,310.9175,3,0,0,0,0,0,0,1,0,0,0,0,0,0
2022-05-04,3,TRUE,FALSE,104.7,110.14,107.81,104.68,8.3,360.35,141.94,141.94,1,1266.3,190.44,1.5,3.178,1.89,-1.288,2677.57,19.61,1886.07,3298.16,994.05,673.65,3631.69,17.8,17.8,4.895453716,4.895453716,4.895453716,4.895453716,4.895453716,0,0,0,1,0,0,2500000,79.42,106.83,113.27,107.7,107.8,87,85,57842816,60213185,118.5,107.6,116.8,78.4,3868488,525232.6,1,140.19,968.95,1.89,105.39,326.6,180.932,197.0613333,972.116,977.2075,1.89,1.8165,104.41,103.211,321.2,313.1975,3,0,0,0,0,0,0,1,0,0,0,0,0,-0.02200489
2022-05-06,3,TRUE,FALSE,107.82,112.39,109.77,107.79,8.35,379.5,138.8,138.385,2,1272.7,189.6,1.5,3.146,1.89,-1.256,2644.51,20.87,1860.9,3287.2,993.63,668.76,3554.88,19.6,19.25,6.695453716,6.345453716,6.695453716,6.345453716,6.695453716,0,0,0,2,0,1,2500000,79.42,106.83,113.27,107.7,107.8,87,85,57842816,60213185,118.5,107.6,116.8,78.4,3868488,525232.6,1,141.94,994.05,1.89,104.68,360.35,168.788,193.9323333,977.978,977.957,1.89,1.8275,104.734,103.256,328.06,316.89,3,0,0,0,0,0,0,1,0,0,0,0,0,0.03
2022-05-09,3,TRUE,FALSE,107.99,105.94,103.09,107.97,8.06,377,139.96,139.9233333,3,1274,188.49,1.5,3.062,1.89,-1.172,2610.81,21.39,1824.32,3222.47,982.51,653.57,3482.96,17.9,17.2,4.995453716,4.295453716,4.995453716,4.295453716,5.495453716,0,0.833333333,2.5,3,1,1,2500000,79.42,106.83,113.27,107.7,107.8,87,85,57842816,60213185,118.5,107.6,116.8,78.4,3868488,525232.6,1,138.385,993.63,1.89,107.79,379.5,156.187,190.5955833,981.624,979.3,1.89,1.8385,105.728,103.775,338.57,321.7825,3,0,0,0,0,0,0,1,0,0,0,0,0,-0.004854369
2022-05-10,3,TRUE,FALSE,103.13,102.46,99.76,103.14,6.78,377.45,139,139,1,1276.4,189.62,1.5,3.046,1.89,-1.156,2596.56,22.11,1801.23,3184.89,985.07,645.83,3530.33,19.9,19.9,6.995453716,6.995453716,6.995453716,6.995453716,6.995453716,0,0,0,1,1,1,2500000,79.42,106.83,113.27,107.7,107.8,87,85,57842816,60213185,118.5,107.6,116.8,78.4,3868488,525232.6,1,139.9233333,982.51,1.89,107.97,377,143.6816667,187.19025,982.4,980.69,1.89,1.8495,106.244,104.2665,348.65,326.0525,3,0,0,0,0,0,0,1,0,0,0,0,0,-0.004878049
2022-05-11,3,TRUE,FALSE,102.94,107.51,105.71,103.03,7.53,385.85,140.99,140.99,1,1275.5,189.08,1.5,2.928,1.89,-1.038,2592.27,21.1,1779.16,3204.48,980.57,634.45,3602.83,19.7,19.7,6.795453716,6.795453716,6.795453716,6.795453716,6.795453716,0,0,0,1,1,1,2500000,79.42,106.83,113.27,107.7,107.8,87,85,57842816,60213185,118.5,107.6,116.8,78.4,3868488,525232.6,1,139,985.07,1.89,103.14,377.45,139.8876667,184.4070833,984.842,982.1895,1.89,1.8605,105.794,104.5415,364.18,330.3925,3,0,0,0,0,0,0,1,0,0,0,0,0,0
2022-05-12,3,TRUE,FALSE,102.81,107.45,106.13,102.87,7.25,391.5,142.64,142.64,1,1288.6,189.46,1.5,2.9,1.9,-1,2550.08,22.72,1770.6,3118.47,1016.48,621.38,3501.66,20.9,20.9,7.995453716,7.995453716,7.995453716,7.995453716,7.995453716,0,0,0,1,1,1,0,42.24,106.83,113.27,107.7,107.8,87,85,57842816,60213185,118.5,107.6,116.8,78.4,3868488,525232.6,1,140.99,980.57,1.89,103.03,385.85,140.0476667,181.2920833,987.166,982.5915,1.89,1.8715,105.322,104.7855,376.03,334.23,3,0,0,0,0,0,0,1,0,0,0,0,0,-0.004901961
2022-05-13,3,TRUE,FALSE,106.65,111.55,110.49,106.69,7.75,392.85,141.48,141.48,1,1284.2,188.29,1.5,2.911,1.9,-1.011,2604.24,19.69,1775.88,3220.5,1018.61,639.22,3610.56,19.4,19.4,6.495453716,6.495453716,6.495453716,6.495453716,6.495453716,0,0,0,1,1,1,0,42.24,106.83,113.27,107.7,107.8,87,85,57842816,60213185,118.5,107.6,116.8,78.4,3868488,525232.6,1,142.64,1016.48,1.9,102.87,391.5,140.1876667,178.2935833,991.652,984.448,1.892,1.883,104.96,104.807,382.26,338.205,3,0,0,0,0,0,0,1,0,0,0,0,0,-0.014778325
2022-05-16,3,TRUE,FALSE,106.65,114.24,114.2,106.69,8.07,402.5,140.87,136.8733333,3,1284.1,188.77,1.5,3.046,1.91,-1.136,2596.58,20.27,1779.64,3205.78,1014.08,633.57,3585.24,17.3,16.4,4.395453716,3.495453716,4.395453716,3.495453716,4.395453716,0,0,0,3,0,1,0,42.24,106.83,113.27,107.7,107.8,87,85,57842816,60213185,118.5,107.6,116.8,78.4,3868488,525232.6,1,141.48,1018.61,1.9,106.69,392.85,140.8066667,175.1455833,996.648,986.3265,1.894,1.886,104.74,104.8475,384.93,342.3925,3,0,0,0,0,0,0,1,0,0,0,0,0,0
2022-05-17,3,TRUE,FALSE,110.88,111.93,112.4,110.93,8.26,413.65,142.23,142.23,1,1275,188.12,1.5,3.031,1.92,-1.111,2620.44,19.06,1794.82,3279.19,1017.79,638.38,3627.03,20,20,7.095453716,7.095453716,7.095453716,7.095453716,7.095453716,0,0,0,1,0,0,0,42.24,106.83,113.27,107.7,107.8,87,85,57842816,60213185,118.5,107.6,116.8,78.4,3868488,525232.6,1,136.8733333,1014.08,1.91,106.69,402.5,140.1966667,171.87025,1002.962,987.754,1.898,1.889,104.484,104.888,390.03,347.0625,3,0,0,0,0,0,0,1,0,0,0,0,0,0.0525
2022-05-18,3,TRUE,FALSE,109.79,109.11,109.59,110.17,8.53,412,143.06,143.06,1,1266.6,187.6,1.5,3.069,1.92,-1.149,2625.98,18.4,1785.46,3288.27,1011.33,629.45,3650.31,20,20,7.095453716,7.095453716,7.095453716,7.095453716,7.095453716,1.5,1.5,1.5,1,0,0,0,42.24,106.83,113.27,107.7,107.8,87,85,57842816,60213185,118.5,107.6,116.8,78.4,3868488,525232.6,1,142.23,1017.79,1.92,110.93,413.65,140.8426667,169.0830833,1009.506,989.736,1.904,1.892,106.042,105.0285,397.27,352.29,3,0,0,0,0,0,0,1,0,0,0,0,0,-0.03087886
2022-05-19,3,TRUE,FALSE,105.52,112.04,112.21,105.95,8.21,412.1,142.87,142.87,1,1277.7,188.37,1.5,3.046,1.92,-1.126,2592.34,20.42,1759.39,3256.56,1006.08,623.92,3612.98,19.9,19.9,6.995453716,6.995453716,6.995453716,6.995453716,6.995453716,0,0,0,1,0,0,0,42.24,106.83,113.27,107.7,107.8,87,85,57842816,60213185,118.5,107.6,116.8,78.4,3868488,525232.6,1,143.06,1011.33,1.92,110.17,412,141.2566667,166.0545833,1015.658,990.954,1.91,1.8945,107.47,105.1025,402.5,356.84,3,0,0,0,0,0,0,1,0,0,0,0,0,0.004901961
2022-05-20,3,TRUE,FALSE,108.07,112.55,113.23,108.31,7.97,417.25,140.72,140.72,1,1268.1,189.33,1.5,3.011,1.93,-1.081,2639.29,19.1,1794,3364.83,1009.21,634.7,3633.69,20.6,20.6,7.695453716,7.695453716,7.695453716,7.695453716,7.695453716,0,0,0,1,0,0,0,42.24,106.83,115.1,107.7,107.8,87,85,57842816,60213185,118.5,107.6,116.8,78.4,3868488,525232.6,1,142.87,1006.08,1.92,105.95,412.1,141.3026667,163.0110833,1013.578,991.412,1.914,1.8965,108.086,105.123,406.62,361.1275,3,0,0,0,0,0,0,1,0,0,0,0,0,0.004878049
2022-05-23,3,TRUE,FALSE,109.47,113.42,110.29,109.71,8.16,416,136.4,134.8833333,3,1264.1,189.45,1.5,3.018,1.94,-1.078,2647.38,19.44,1799.5,3346.49,987.71,627.13,3655.51,23,21.13333333,10.09545372,8.228787049,10.09545372,8.228787049,10.09545372,0,0,0,3,0,0,0,42.24,106.83,115.1,107.7,107.8,87,85,57842816,60213185,118.5,107.6,116.8,78.4,3868488,525232.6,1,140.72,1009.21,1.93,108.31,417.25,141.1506667,159.8925833,1011.698,991.8295,1.92,1.8985,108.41,105.2305,411.5,365.435,3,0,0,0,0,0,0,1,0,0,0,0,0,0.007281553
2022-05-24,3,TRUE,FALSE,107.94,113.56,109.77,107.94,8.87,408,140.86,140.86,1,1266.2,189.37,1.5,2.967,1.94,-1.027,2605.87,20.61,1777,3267.52,959.38,622.74,3511.78,22.9,22.9,9.995453716,9.995453716,9.995453716,9.995453716,9.995453716,0,0,0,1,0,0,0,42.24,106.83,115.1,107.7,107.8,87,85,57842816,60213185,118.5,107.6,116.8,78.4,3868488,525232.6,1,134.8833333,987.71,1.94,109.71,416,140.7526667,156.48425,1006.424,991.478,1.926,1.901,109.014,105.464,414.2,369.88,3,0,0,0,0,0,0,1,0,0,0,0,0,0.019277108
2022-05-25,3,TRUE,FALSE,109.19,114.03,110.33,109.18,9.44,404.65,140.19,140.19,1,1264.6,189.34,1.5,2.946,1.94,-1.006,2617.22,19.89,1791.79,3291.39,961.07,632.37,3539.09,21,21,8.095453716,8.095453716,8.095453716,8.095453716,8.095453716,3.5,3.5,3.5,1,0,0,0,42.24,106.83,115.1,107.7,107.8,86,86,57842816,60213185,118.5,107.6,116.8,78.4,3868488,525232.6,1,140.86,959.38,1.94,107.94,408,140.4786667,153.79475,994.742,990.3065,1.93,1.9035,108.416,105.8755,413.07,373.85,3,0,0,0,0,0,0,1,0,0,0,0,0,0.021276596
2022-05-26,3,TRUE,FALSE,108.93,117.4,114.09,108.92,9.19,403,138.79,138.79,1,1267,187.49,1.75,2.955,2.1,-0.855,2612.45,19.91,1817.87,3335.44,981.13,634.68,3474.68,18.7,18.7,5.795453716,5.795453716,5.795453716,5.795453716,5.795453716,0,0,0,1,0,0,0,42.24,106.83,115.1,107.7,107.8,86,86,57842816,60213185,118.5,107.6,116.8,78.4,3868488,525232.6,1,140.19,961.07,1.94,109.18,404.65,139.9046667,150.53525,984.69,989.9075,1.934,1.906,108.218,106.355,411.6,377.8325,3,0,0,0,0,0,0,1,0,0,0,0,0,0.039351852
2022-05-27,3,TRUE,FALSE,112.36,119.43,115.07,112.36,8.3,406.65,138.86,138.86,1,1256.2,185.88,1.75,2.947,2.12,-0.827,2638.05,18.8,1818.61,3392.47,981.68,632.63,3498.27,20,20,7.095453716,7.095453716,7.095453716,7.095453716,7.095453716,0,0,0,1,0,0,0,42.24,106.83,115.1,107.7,107.8,86,86,57842816,60213185,118.5,107.6,116.8,78.4,3868488,525232.6,1,138.79,981.13,2.1,108.92,403,139.0886667,147.34175,979.7,990.727,1.97,1.9165,108.812,106.648,409.78,381.68,3,0,0,0,0,0,0,1,0,0,0,0,0,-0.002227171
2022-05-30,3,TRUE,FALSE,113.84,121.67,115.07,113.84,8.3,401,137.64,135.3033333,3,1238.6,185.97,1.75,2.942,2.14,-0.802,2669.66,17.74,1829.51,3438.51,968.43,640.66,3543.27,20.8,22.06666667,7.895453716,9.162120382,7.895453716,9.162120382,10.19545372,0,0,0,3,0,0,2500000,42.24,106.83,115.1,107.7,107.8,86,86,57842816,60213185,118.5,107.6,116.8,78.4,3868488,525232.6,1,138.86,981.68,2.12,112.36,406.65,138.7166667,144.21525,974.194,991.041,2.008,1.928,109.622,107.125,407.66,385.665,3,0,0,0,0,0,0,1,0,0,0,0,0,0.006696429
2022-05-31,3,TRUE,FALSE,116.41,122.84,114.67,116.4,8.46,427,139.16,139.16,1,1237.2,185.7,1.75,3.027,2.15,-0.877,2685.9,17.26,1835.17,3517.29,976.44,643.57,3554.93,20.7,20.7,7.795453716,7.795453716,7.795453716,7.795453716,7.795453716,0,0,0,1,0,0,2500000,42.24,106.83,115.1,107.8,107.6,86,86,57842816,60213185,113.2,102.7,111.1,76.8,3202526,525232.6,1,135.3033333,968.43,2.14,113.84,401,138.8006667,140.8579167,970.338,990.531,2.048,1.9405,110.448,107.5475,404.66,389.385,3,0,0,0,0,0,0,1,0,0,0,0,0,-0.006651885
2022-06-02,3,TRUE,FALSE,108.99,117.61,116.87,108.97,8.9,412.5,129.24,129.41,2,1252.1,187.1,1.75,3.125,2.17,-0.955,2658.99,17.6,1830.31,3477.14,973.48,637.26,3535.58,21.5,21.8,8.595453716,8.895453716,8.595453716,8.895453716,9.195453716,0,0,0,2,0,1,2500000,42.24,106.83,115.1,107.8,107.6,86,86,61591326,63168380,113.2,102.7,111.1,76.8,3202526,525232.6,1,139.16,976.44,2.15,116.4,427,138.4606667,139.9174167,973.75,990.71,2.09,1.9535,112.14,108.098,408.46,395.745,3,0,0,0,0,0,0,1,0,0,0,0,0,-0.098214286
2022-06-03,3,TRUE,FALSE,112.12,119.72,118.87,112.22,8.34,412.5,130.32,130.32,1,1242.7,187.32,1.75,3.121,2.18,-0.941,2670.65,16.87,1825.37,3550.85,972.33,637.74,3530.77,24.5,24.5,11.59545372,11.59545372,11.59545372,11.59545372,11.59545372,0,0,0,1,1,1,2500000,42.24,107.5,115.1,107.8,107.6,86,86,61591326,63168380,113.2,102.7,111.1,76.8,3202526,525232.6,1,129.41,973.48,2.17,108.97,412.5,136.3046667,139.3784167,976.232,990.9365,2.136,1.9675,112.098,108.277,410.03,400.04,3,0,0,0,0,0,0,1,0,0,0,0,0,-0.00990099
2022-06-07,3,TRUE,FALSE,115.6,120.57,119.41,115.59,9.28,397,125.99,124.6275,4,1257.7,188.46,1.75,3.232,2.19,-1.042,2626.34,18.1,1821.08,3518.55,982.95,624.38,3439.78,20.6,22.15,7.695453716,9.245453716,7.695453716,9.245453716,12.69545372,0,1.075,4.3,4,1,1,2500000,42.24,107.5,115.1,107.8,107.6,86,86,61591326,63168380,113.2,102.7,111.1,76.8,3202526,525232.6,1,130.32,972.33,2.18,112.22,412.5,134.6106667,138.7974167,974.472,989.8505,2.152,1.982,112.758,108.654,411.93,402.6475,3,0,0,0,0,0,0,1,0,0,0,0,0,-0.005
2022-06-08,3,TRUE,FALSE,116.52,123.58,122.11,116.53,9.43,395.4,129.07,129.07,1,1253.8,187.86,1.75,3.209,2.19,-1.019,2626.15,17.1,1807.08,3540.41,1008.11,627.76,3446.62,21.2,21.2,8.295453716,8.295453716,8.295453716,8.295453716,8.295453716,0,0,0,1,1,1,2500000,42.24,107.5,115.1,107.8,107.6,86,86,61591326,63168380,113.2,102.7,111.1,76.8,3202526,525232.6,1,124.6275,982.95,2.19,115.59,397,131.7641667,138.1095417,974.726,989.3165,2.166,1.997,113.404,109.044,410,403.5225,3,0,0,0,0,0,0,1,0,0,0,0,0,-0.085427136
2022-06-09,3,TRUE,FALSE,118.83,123.07,121.51,118.88,8.16,396,128.23,128.23,1,1256.9,187.87,1.75,3.171,2.19,-0.981,2625.44,17,1804.58,3578.27,1019.21,629.53,3436.36,20.9,20.9,7.995453716,7.995453716,7.995453716,7.995453716,7.995453716,2.6,2.6,2.6,1,1,1,0,39.76,107.5,115.1,107.8,107.6,86,86,61591326,63168380,113.2,102.7,111.1,76.8,3202526,525232.6,1,129.07,1008.11,2.19,116.53,395.4,130.5175,137.566875,982.662,990.5965,2.176,2.012,113.942,109.472,408.88,404.4425,3,0,0,0,0,0,0,1,0,0,0,0,0,-0.098901099
2022-06-10,3,TRUE,FALSE,118.94,122.01,120.67,119.04,8.78,392.35,129,129,1,1268.9,189.49,1.75,3.275,2.19,-1.085,2595.87,18.29,1770.5,3565.76,1016.56,633.14,3377.6,20.9,20.9,7.995453716,7.995453716,7.995453716,7.995453716,7.995453716,1.2,1.2,1.2,1,1,1,0,39.76,107.5,115.1,107.8,107.6,86,86,61591326,63168380,113.2,102.7,111.1,76.8,3202526,525232.6,1,128.23,1019.21,2.19,118.88,396,128.3315,137.028375,991.216,992.3035,2.184,2.027,114.438,110.259,402.68,405.37,3,0,0,0,0,0,0,1,0,0,0,0,0,-0.097560976
2022-06-13,3,TRUE,FALSE,115.63,122.27,120.93,115.72,9,390.35,128.28,124.2866667,3,1284,190.09,1.75,3.514,2.19,-1.324,2504.51,23.3,1696.61,3441.7,970.87,605.04,3214.16,23.6,24.26666667,10.69545372,11.36212038,10.69545372,11.36212038,11.69545372,18,6,18,3,0,1,0,39.76,107.5,115.1,107.8,107.6,86,86,61591326,63168380,113.2,102.7,111.1,76.8,3202526,525232.6,1,129,1016.56,2.19,119.04,392.35,128.2495,136.428875,999.832,994.103,2.188,2.042,116.452,111.0595,398.65,405.695,3,0,0,0,0,0,0,1,0,0,0,0,0,-0.097972973
2022-06-14,3,TRUE,FALSE,118.67,121.17,118.93,118.81,7.68,383.5,132.26,132.26,1,1286.4,190.96,1.75,3.548,2.19,-1.358,2492.97,23.74,1667.93,3412.73,970.63,598.86,3200.06,21.5,21.5,8.595453716,8.595453716,8.595453716,8.595453716,8.595453716,0,0,0,1,0,0,0,39.76,107.5,115.1,107.8,107.6,86,86,61591326,63168380,113.2,102.7,111.1,76.8,3202526,525232.6,1,124.2866667,970.87,2.19,115.72,390.35,127.0428333,135.5112083,999.54,991.8225,2.19,2.0565,117.152,111.702,394.22,405.6375,3,0,0,0,0,0,0,1,0,0,0,0,0,0.011235955
2022-06-15,3,TRUE,FALSE,116.33,118.51,115.31,116.43,7.72,386.35,131.89,131.89,1,1290.5,191.98,1.75,3.666,2.19,-1.476,2447.38,24.27,1622.61,3332.85,986.73,590.97,3124.7,17.5,17.5,4.595453716,4.595453716,4.595453716,4.595453716,4.595453716,18.5,18.5,18.5,1,0,0,0,39.76,107.5,115.1,107.8,107.6,86,86,61591326,63168380,113.2,102.7,111.1,76.8,3202526,525232.6,1,132.26,970.63,2.19,118.81,383.5,128.5693333,135.0502083,997.076,989.4235,2.19,2.071,117.796,112.308,391.52,405.17,3,0,0,0,0,0,0,1,0,0,0,0,0,0.1
2022-06-16,3,TRUE,FALSE,114.99,119.81,117.59,114.99,7.88,387.35,129.15,129.15,1,1285.6,191.9,1.75,3.728,2.19,-1.538,2451.41,23.72,1636.73,3340.53,993.03,583.41,3116.34,20.3,20.3,7.395453716,7.395453716,7.395453716,7.395453716,7.395453716,0.7,0.7,0.7,1,0,0,0,39.76,107.5,115.1,107.8,107.6,86,86,61591326,63168380,113.2,102.7,111.1,76.8,3202526,525232.6,1,131.89,986.73,2.19,116.43,386.35,129.1333333,134.8010417,992.8,988.056,2.19,2.085,117.776,112.795,389.71,404.3625,3,0,0,0,0,0,0,1,0,0,0,0,0,0.097643098
2022-06-17,3,TRUE,FALSE,116.29,113.12,109.56,116.35,7.37,389.35,131.37,131.37,1,1287.3,192.16,1.75,3.745,2.2,-1.545,2440.93,25.79,1621.4,3362.27,991.14,581.21,3063.69,22.5,22.5,9.595453716,9.595453716,9.595453716,9.595453716,9.595453716,0,0,0,1,0,0,0,39.76,107.5,115.1,107.8,107.6,86,86,61591326,63168380,113.2,102.7,111.1,76.8,3202526,525232.6,1,129.15,993.03,2.19,114.99,387.35,129.3173333,134.1470417,987.564,986.818,2.19,2.0985,116.998,112.998,387.98,403.0475,3,0,0,0,0,0,0,1,0,0,0,0,0,0.098159509
2022-06-20,3,TRUE,FALSE,108.43,114.13,109.56,108.6,7.37,392.75,128.52,123.1133333,3,1292.4,193.37,1.75,3.675,2.23,-1.445,2391.03,26.37,1549.1,3299.26,970.04,562.59,2958.11,25.2,23.96666667,12.29545372,11.06212038,12.29545372,11.06212038,12.29545372,0,0,0,3,0,0,0,39.76,107.5,115.1,107.8,107.6,86,86,61591326,63168380,113.2,102.7,111.1,76.8,3202526,525232.6,1,131.37,991.14,2.2,116.35,389.35,129.7913333,133.5625417,982.48,985.8085,2.192,2.1125,116.46,113.307,387.38,401.915,3,0,0,0,0,0,0,1,0,0,0,0,0,0.097765363
2022-06-21,3,TRUE,FALSE,111.79,114.65,110.65,111.79,6.6,390,132.26,132.26,1,1293.6,193.24,1.75,3.663,2.26,-1.403,2408.93,23.4,1556.94,3289.41,962.49,562,2974.38,26.5,26.5,13.59545372,13.59545372,13.59545372,13.59545372,13.59545372,0,0,0,1,0,0,0,39.76,107.5,115.1,107.8,107.6,86,86,61591326,63168380,113.2,102.7,111.1,76.8,3202526,525232.6,1,123.1133333,970.04,2.23,108.6,392.75,129.5566667,132.5747083,982.314,984.0065,2.2,2.128,115.036,113.4395,387.86,400.9475,3,0,0,0,0,0,0,1,0,0,0,0,0,0.06870229
2022-06-22,3,TRUE,FALSE,106.62,111.74,106.19,106.62,6.76,392,132.34,132.34,1,1297.3,192.78,1.75,3.522,2.28,-1.242,2342.81,25.64,1502.9,3151.21,938.14,536.8,2803.19,25.9,25.9,12.99545372,12.99545372,12.99545372,12.99545372,12.99545372,0,0,0,1,0,0,0,39.76,107.5,115.1,107.8,107.6,86,86,61591326,63168380,113.2,102.7,111.1,76.8,3202526,525232.6,1,132.26,962.49,2.26,111.79,390,129.5566667,132.1517083,980.686,981.6705,2.214,2.1445,113.632,113.6135,389.16,399.585,3,0,0,0,0,0,0,1,0,0,0,0,0,-0.1
2022-06-23,3,TRUE,FALSE,106.48,110.05,104.27,106.48,6.54,397.5,132.35,132.35,1,1301.8,193.94,1.75,3.608,2.3,-1.308,2314.32,25.92,1451.24,3067.11,934.16,514.1,2762.87,24.3,24.3,11.39545372,11.39545372,11.39545372,11.39545372,11.39545372,103,103,103,1,0,0,0,39.76,107.5,115.92,107.8,107.6,86,86,61591326,63168380,113.2,102.7,111.1,76.8,3202526,525232.6,1,132.34,938.14,2.28,106.62,392,129.6466667,132.0245417,970.968,979.192,2.232,2.1615,111.67,113.459,390.29,398.385,3,0,0,0,0,0,0,1,0,0,0,0,0,-0.097883598
2022-06-24,3,TRUE,FALSE,106.51,113.12,107.62,106.52,5.8,397,133.33,133.33,1,1298.2,193.93,1.75,3.523,2.31,-1.213,2366.6,23.94,1486.68,3120.94,947.64,532.8,2859.36,22.6,22.6,9.695453716,9.695453716,9.695453716,9.695453716,9.695453716,19.1,19.1,19.1,1,0,0,0,39.76,107.5,115.92,107.8,107.6,86,86,61591326,63168380,113.2,102.7,111.1,76.8,3202526,525232.6,1,132.35,934.16,2.3,106.48,397.5,130.2866667,131.5990417,959.194,977.931,2.254,2.1795,109.968,113.386,392.32,397.86,3,0,0,0,0,0,0,1,0,0,0,0,0,-0.020527859
2022-06-27,3,TRUE,FALSE,110.03,115.09,109.57,110.03,6.09,392.45,131.55,127.04,3,1286.5,192.46,1.75,3.568,2.32,-1.248,2401.92,22.5,1511.07,3153.5,993.8,549.09,2935.76,26.8,26.43333333,13.89545372,13.52878705,13.89545372,13.52878705,13.89545372,6.1,2.033333333,6.1,3,0,0,0,39.76,107.5,115.92,107.8,107.6,86,86,61591326,63168380,113.2,102.7,111.1,76.8,3202526,525232.6,1,133.33,947.64,2.31,106.52,397,130.6786667,131.2560417,950.494,977.2595,2.276,2.198,108.002,113.253,393.85,397.4775,3,0,0,0,0,0,0,1,0,0,0,0,0,0.074850299
2022-06-28,3,TRUE,FALSE,113.21,117.98,111.76,113.2,6.66,393.5,132.41,132.41,1,1283.4,191.84,1.75,3.552,2.33,-1.222,2422.09,21.21,1515.54,3219.27,989.69,559.03,2922.35,26.9,26.9,13.99545372,13.99545372,13.99545372,13.99545372,13.99545372,6.3,6.3,6.3,1,0,0,0,39.76,107.5,115.92,107.8,107.6,86,86,61591326,63168380,113.2,102.7,111.1,76.8,3202526,525232.6,1,127.04,993.8,2.32,110.03,392.45,131.464,130.6685417,955.246,977.893,2.294,2.209,108.288,113.3085,393.79,396.95,3,0,0,0,0,0,0,1,0,0,0,0,0,0.052924791
2022-06-29,3,TRUE,FALSE,114.22,116.26,109.78,114.23,6.69,380,135,135,1,1299,193.53,1.75,3.552,2.34,-1.212,2377.99,22.46,1479.91,3153.15,968.6,555.65,2891.14,25.1,25.1,12.19545372,12.19545372,12.19545372,12.19545372,12.19545372,37.8,37.8,37.8,1,0,0,0,39.76,107.5,115.92,107.8,107.6,86,86,61591326,63168380,113.2,102.7,111.1,76.8,3202526,525232.6,1,132.41,989.69,2.33,113.2,393.5,131.494,130.3460417,960.686,978.2935,2.308,2.2195,108.57,113.3505,394.49,396.2925,3,0,0,0,0,0,0,1,0,0,0,0,0,0.087301587
2022-06-30,3,TRUE,FALSE,113.4,114.81,105.76,113.39,6.54,385.95,133.8,133.8,1,1298.4,193.85,1.75,3.55,2.34,-1.21,2332.64,23.9,1448.64,3037.26,952.61,555.28,2797.99,22.3,22.3,9.395453716,9.395453716,9.395453716,9.395453716,9.395453716,176.2,176.2,176.2,1,0,0,0,39.76,107.5,115.92,108.3,108,83,82,61591326,63168380,114.7,106.4,103.9,75.4,3099670,525232.6,1,135,968.6,2.34,114.23,380,132.026,130.330875,966.778,978.302,2.32,2.2295,110.092,113.37,392.09,395.2425,3,0,0,0,0,0,0,1,0,0,0,0,0,0.01216545
2022-07-01,4,TRUE,FALSE,106.34,111.63,108.43,106.47,5.75,388,152.5,152.5,1,1297.3,193.13,1.75,3.439,2.34,-1.099,2305.42,23.98,1448.16,2963.18,934.36,557.42,2717.24,26.6,26.6,13.69545372,13.69545372,13.69545372,13.69545372,13.69545372,0,0,0,1,0,0,0,39.76,107.5,115.92,108.3,108,83,82,57679934,60149906,114.7,106.4,103.9,75.4,3099670,525232.6,1,133.8,952.61,2.34,113.39,385.95,132.316,130.062875,970.468,977.1105,2.328,2.239,111.474,113.2195,389.78,393.19,3,0,0,0,0,0,0,1,0,0,0,0,0,0
2022-07-04,4,TRUE,FALSE,108.38,113.5,108.43,108.54,5.75,396.45,151.04,146.71,3,1297.1,193.82,1.75,3.43,2.34,-1.09,2300.34,24.07,1433.77,2918.81,918.42,539.29,2687.66,29.3,29.13333333,16.39545372,16.22878705,16.39545372,16.22878705,16.39545372,0,0,0,3,0,0,0,39.76,107.5,115.92,108.3,108,83,82,57679934,60149906,114.7,106.4,103.9,75.4,3099670,525232.6,1,152.5,934.36,2.34,106.47,388,136.15,131.217375,967.812,975.1545,2.334,2.2475,111.464,113.0945,387.98,391.965,3,0,0,0,0,0,0,1,0,0,0,0,0,0
2022-07-05,4,TRUE,FALSE,111.07,102.77,99.5,111.15,5.72,397.6,156.15,156.15,1,1300.3,194.25,1.75,3.301,2.35,-0.951,2341.78,22.73,1480.92,3002.3,929.18,548.46,2782.51,29.2,29.2,16.29545372,16.29545372,16.29545372,16.29545372,16.29545372,0,0,0,1,0,0,0,39.76,108.21,115.92,108.3,108,83,82,57679934,60149906,114.7,106.4,103.9,75.4,3099670,525232.6,1,146.71,918.42,2.34,108.54,396.45,140.084,132.036875,952.736,972.459,2.338,2.2555,111.166,112.9105,388.78,391.1625,3,0,0,0,0,0,0,1,0,0,0,0,0,0.007211538
2022-07-06,4,TRUE,FALSE,101.73,100.69,98.53,101.75,5.65,399.7,157.8,157.8,1,1306.3,194.62,1.75,3.239,2.36,-0.879,2292.01,24.67,1404.32,2856.46,879.42,523.79,2728.6,29.5,29.5,16.59545372,16.59545372,16.59545372,16.59545372,16.59545372,16.1,16.1,16.1,1,0,0,2300000,39.76,108.21,115.92,108.3,108,83,82,57679934,60149906,114.7,106.4,103.9,75.4,3099670,525232.6,1,156.15,929.18,2.35,111.15,397.6,144.832,133.613,940.634,969.7705,2.342,2.2635,110.756,112.6885,389.6,391.1925,3,0,0,0,0,0,0,1,0,0,0,0,0,-0.002386635
2022-07-07,4,TRUE,FALSE,98.19,104.65,102.73,98.29,5.83,410,159.55,159.55,1,1299.8,193.83,1.75,3.262,2.36,-0.902,2334.27,23.6,1414.78,2908.87,890.06,534.55,2802.02,28.2,28.2,15.29545372,15.29545372,15.29545372,15.29545372,15.29545372,0,0,0,1,0,0,2300000,39.76,108.21,115.92,108.3,108,83,82,57679934,60149906,114.7,106.4,103.9,75.4,3099670,525232.6,1,157.8,879.42,2.36,101.75,399.7,149.392,135.0495,922.798,963.336,2.346,2.272,108.26,111.9495,393.54,391.4075,3,0,0,0,0,0,0,1,0,0,0,0,0,-0.004784689
2022-07-08,4,TRUE,FALSE,104.03,107.02,104.79,104.04,6.4,413.75,157.83,157.83,1,1300.4,193.92,1.75,3.315,2.36,-0.955,2350.61,23,1427.39,2928.43,910.49,540.44,2812.16,25.8,25.8,12.89545372,12.89545372,12.89545372,12.89545372,12.89545372,1.7,1.7,1.7,1,0,1,2300000,39.76,108.21,115.92,108.3,108,83,82,57679934,60149906,114.7,106.4,103.9,75.4,3099670,525232.6,1,159.55,890.06,2.36,98.29,410,154.542,136.6155,910.288,956.8785,2.35,2.2805,105.24,110.92,398.35,392.1075,3,0,0,0,0,0,0,1,0,0,0,0,0,0
2022-07-11,4,TRUE,FALSE,104.03,107.1,104.09,104.04,6.82,419,152.56,146.3566667,3,1303.9,194.24,1.75,3.324,2.37,-0.954,2340.27,23.33,1418.92,2871.27,905.21,532.29,2809.63,27,27.7,14.09545372,14.79545372,14.09545372,14.79545372,16.29545372,9,3.033333333,9.1,3,1,1,2300000,39.76,108.21,115.92,108.3,108,83,82,57679934,60149906,114.7,106.4,103.9,75.4,3099670,525232.6,1,157.83,910.49,2.36,104.04,413.75,155.608,138.057,905.514,951.575,2.354,2.289,104.754,110.17,403.5,393.1775,3,0,0,0,0,0,0,1,0,0,0,0,0,-0.038461538
2022-07-12,4,TRUE,FALSE,102.16,99.49,95.84,102.12,6.81,426,156.69,156.69,1,1312.1,194.7,1.75,3.291,2.39,-0.901,2317.76,23.33,1379.27,2799.08,901.52,521.2,2680.37,26.8,26.8,13.89545372,13.89545372,13.89545372,13.89545372,13.89545372,0,0,0,1,1,1,2300000,39.76,108.21,115.92,108.3,108,83,82,57679934,60149906,114.7,106.4,103.9,75.4,3099670,525232.6,1,146.3566667,905.21,2.37,104.04,419,155.5373333,139.1605,902.872,948.292,2.36,2.298,103.854,109.586,408.01,394.61,3,0,0,0,0,0,0,1,0,0,0,0,0,-0.1
2022-07-13,4,TRUE,FALSE,98.41,99.57,96.3,98.86,6.68,430,154.93,154.93,1,1306.9,194.26,2.25,3.211,2.78,-0.431,2328.61,23.3,1393.42,2818.05,897.48,521.42,2723.9,25,25,12.09545372,12.09545372,12.09545372,12.09545372,12.09545372,114.5,114.5,114.5,1,1,1,2300000,39.76,108.21,115.92,108.3,108,83,82,57679934,60149906,114.7,106.4,103.9,75.4,3099670,525232.6,1,156.69,901.52,2.39,102.12,426,155.6453333,140.382,897.34,944.8365,2.368,2.308,102.048,108.7515,413.69,396.735,3,0,0,0,0,0,0,1,0,0,0,0,0,-0.027777778
2022-07-14,4,TRUE,FALSE,97.73,99.1,95.78,97.87,6.9,416.35,155.43,155.43,1,1312.1,194.64,2.25,3.26,2.79,-0.47,2322.32,23.32,1386.14,2854.44,897.15,518.42,2732.28,25.7,25.7,12.79545372,12.79545372,12.79545372,12.79545372,12.79545372,0.9,0.9,0.9,1,1,1,0,111.41,108.21,115.92,108.3,108,83,82,57679934,60149906,114.7,106.4,103.9,75.4,3099670,525232.6,1,154.93,897.48,2.78,98.86,430,155.0713333,141.534,900.952,940.374,2.452,2.3375,101.47,107.873,419.75,398.9175,3,0,0,0,0,0,0,1,0,0,0,0,0,0.051428571
2022-07-15,4,TRUE,FALSE,98.33,101.16,97.59,98.48,6.6,406.55,150.88,150.88,1,1326.1,195.8,2.25,3.205,2.8,-0.405,2330.98,22.08,1375.01,2803.95,878.34,510.85,2783.26,26,26,13.09545372,13.09545372,13.09545372,13.09545372,13.09545372,0,0,0,1,1,1,0,111.41,108.21,115.92,108.3,108,83,82,57679934,60149906,114.7,106.4,103.9,75.4,3099670,525232.6,1,155.43,897.15,2.79,97.87,416.35,154.2473333,142.848,902.37,935.58,2.538,2.3675,101.386,107.017,421.02,400.3675,3,0,0,0,0,0,0,1,0,0,0,0,0,0.010869565
2022-07-18,4,TRUE,FALSE,102.62,106.27,102.6,102.86,7.65,396.05,151.31,143.95,3,1317.4,194.98,2.25,3.212,2.8,-0.412,2375.25,20.53,1405.94,2850.78,895.93,528.71,2864.97,26.8,25.7,13.89545372,12.79545372,13.89545372,12.79545372,13.89545372,0,11.33333333,34,3,0,1,0,111.41,108.21,115.92,108.3,108,83,82,57679934,60149906,114.7,106.4,103.9,75.4,3099670,525232.6,1,150.88,878.34,2.8,98.48,406.55,152.8573333,143.8235,895.94,929.94,2.626,2.3975,100.274,106.1235,419.58,401.2275,3,0,0,0,0,0,0,1,0,0,0,0,0,0.005376344
2022-07-19,4,TRUE,FALSE,104.84,107.35,104.22,104.93,7.35,399.65,153.4,153.4,1,1313.4,194.58,2.25,3.192,2.8,-0.392,2370.97,20.74,1417.87,2882.87,905.74,528.96,2846.23,27.4,27.4,14.49545372,14.49545372,14.49545372,14.49545372,14.49545372,0,0,0,1,0,0,0,111.41,108.21,115.92,108.3,108,83,82,57679934,60149906,114.7,106.4,103.9,75.4,3099670,525232.6,1,143.95,895.93,2.8,102.86,396.05,152.376,144.8653333,894.084,926.2345,2.712,2.426,100.038,105.8365,414.99,401.3925,3,0,0,0,0,0,0,1,0,0,0,0,0,0.042780749
2022-07-20,4,TRUE,FALSE,104.39,106.92,102.26,104.48,7.58,408.6,150.6,150.6,1,1312.9,194.25,2.25,3.296,2.8,-0.496,2386.85,20.31,1428.17,2931.58,909.29,534.65,2879.67,27.1,27.1,14.19545372,14.19545372,14.19545372,14.19545372,14.19545372,1.1,1.1,1.1,1,0,0,0,111.41,108.21,115.92,108.3,108,83,82,57679934,60149906,114.7,106.4,103.9,75.4,3099670,525232.6,1,153.4,905.74,2.8,104.93,399.65,151.718,145.9223333,894.928,923.397,2.794,2.453,100.6,105.4935,409.72,401.875,3,0,0,0,0,0,0,1,0,0,0,0,0,-0.01025641
2022-07-21,4,TRUE,FALSE,101.96,103.86,96.35,101.97,7.99,403.4,154.59,154.59,1,1307.7,193.26,2.25,3.294,2.8,-0.494,2409.16,20.02,1439.35,2977.76,908,536.9,2918.11,23.2,23.2,10.29545372,10.29545372,10.29545372,10.29545372,10.29545372,10.4,10.4,10.4,1,0,0,0,111.41,108.21,115.92,108.3,108,83,82,57679934,60149906,114.7,106.4,103.9,75.4,3099670,525232.6,1,150.6,909.29,2.8,104.48,408.6,150.852,146.8353333,897.29,921.9545,2.798,2.479,101.724,105.3865,405.44,402.705,3,0,0,0,0,0,0,1,0,0,0,0,0,-0.031088083
2022-07-22,4,TRUE,FALSE,102.67,103.2,94.7,102.68,8.25,409.2,150.41,150.41,1,1313,193.85,2.25,3.218,2.8,-0.418,2393.14,19.71,1432.57,2943.85,897.19,534.98,2883.29,25.1,25.1,12.19545372,12.19545372,12.19545372,12.19545372,12.19545372,5.2,5.2,5.2,1,0,0,0,111.41,108.21,116.57,108.3,108,83,82,57679934,60149906,114.7,106.4,103.9,75.4,3099670,525232.6,1,154.59,908,2.8,101.97,403.4,150.684,147.9473333,899.46,920.6465,2.8,2.504,102.544,105.161,402.85,403,3,0,0,0,0,0,0,1,0,0,0,0,0,-0.098930481
2022-07-25,4,TRUE,FALSE,101.25,105.15,96.7,101.45,8.52,410.25,149.66,142.13,3,1313.7,194.43,2.25,3.153,2.8,-0.353,2403.69,19.97,1440.01,2957.85,910.96,537.9,2872.95,27.5,25.76666667,14.59545372,12.86212038,14.59545372,12.86212038,14.59545372,0,3.7,11.1,3,0,0,0,111.41,108.21,116.57,108.3,108,83,82,57679934,60149906,114.7,106.4,103.9,75.4,3099670,525232.6,1,150.41,897.19,2.8,102.68,409.2,150.59,148.8013333,903.23,918.124,2.8,2.5285,103.384,104.969,403.38,403.61,3,0,0,0,0,0,0,1,0,0,0,0,0,0.020771513
2022-07-26,4,TRUE,FALSE,104.96,104.4,94.98,105.14,9.46,414,152.75,152.75,1,1307.6,193.59,2.25,3.121,2.81,-0.311,2412.96,19.38,1447.57,2984.27,911.74,544.2,2887.65,28.9,28.9,15.99545372,15.99545372,15.99545372,15.99545372,15.99545372,0,0,0,1,0,0,0,111.41,108.21,116.57,108.3,108,83,82,57679934,60149906,114.7,106.4,103.9,75.4,3099670,554270,1,142.13,910.96,2.8,101.45,410.25,150.226,149.5558333,906.236,913.982,2.8,2.5525,103.102,104.54,406.22,404.5,3,0,0,0,0,0,0,1,0,0,0,0,0,0.075581395
2022-07-27,4,TRUE,FALSE,101.43,106.62,97.26,101.95,8.65,411.5,153.19,153.19,1,1313.3,194.12,2.25,3.09,2.83,-0.26,2415.53,19.39,1440.5,2983.8,917.88,546.04,2893.39,29.3,29.3,16.39545372,16.39545372,16.39545372,16.39545372,16.39545372,0,0,0,1,0,0,0,111.41,108.21,116.57,108.3,108,83,82,57679934,60149906,114.7,106.4,103.9,75.4,3099670,554270,1,152.75,911.74,2.81,105.14,414,150.096,150.5728333,907.436,910.0845,2.802,2.5765,103.144,104.137,409.09,405.525,3,0,0,0,0,0,0,1,0,0,0,0,0,0
2022-07-28,4,TRUE,FALSE,105.04,107.14,96.42,105.53,8.75,411.4,155.75,155.75,1,1296.1,192.79,2.25,3.13,2.85,-0.28,2435.27,18.36,1456.87,3074.66,926.49,553.46,2898.07,29.7,29.7,16.79545372,16.79545372,16.79545372,16.79545372,16.79545372,0,0,0,1,0,0,0,111.41,108.21,116.57,108.3,108,80,80,57679934,60149906,114.7,106.4,103.9,75.4,3099670,554270,1,153.19,917.88,2.83,101.95,411.5,150.614,151.4823333,909.154,907.5485,2.808,2.601,102.638,103.523,409.67,407.1,3,0,0,0,0,0,0,1,0,0,0,0,0,0
2022-07-29,4,TRUE,FALSE,107.23,110.01,98.62,107.25,8.33,407.9,154.38,154.38,1,1299.1,192.52,2.25,3.009,2.86,-0.149,2451.5,17.79,1486,3122.24,934.14,558.99,2911.58,30.7,30.7,17.79545372,17.79545372,17.79545372,17.79545372,17.79545372,0,0,0,1,0,0,0,111.41,108.21,116.57,108.6,108.4,80,80,57679934,60149906,114.6,105.2,96.5,75.9,3206422,554270,1,155.75,926.49,2.85,105.53,411.4,150.846,152.5798333,912.852,906.2425,2.818,2.6265,103.35,103.13,411.27,408.3725,3,0,0,0,0,0,0,1,0,0,0,0,0,0.005405405
2022-08-01,4,TRUE,FALSE,101.54,100.03,93.89,101.57,8.2,405,200.2,163.21,3,1304,192.79,2.25,3.081,2.86,-0.221,2452.25,18.22,1489.5,3153.87,938.46,565.02,2897.84,28.6,28.9,15.69545372,15.99545372,15.69545372,15.99545372,17.99545372,30,26.06666667,78.2,3,0,0,0,111.41,108.21,116.57,108.6,108.4,80,80,60241774,65259838,114.6,105.2,96.5,75.9,3206422,554270,1,154.38,934.14,2.86,107.25,407.9,151.64,152.6738333,920.242,906.2315,2.83,2.6525,104.264,103.169,411.01,409.3675,3,0,0,0,0,0,0,1,0,0,0,0,0,-0.048387097
2022-08-02,4,TRUE,FALSE,98.02,100.54,94.42,98.92,8.01,403.5,193.19,193.19,1,1304.7,192.6,2.25,3.012,2.86,-0.152,2439.62,19.24,1463.33,3111.29,930.49,562.65,2859.11,26.8,26.8,13.89545372,13.89545372,13.89545372,13.89545372,13.89545372,33.5,33.5,33.5,1,0,0,0,111.41,108.73,116.57,108.6,108.4,80,80,60241774,65259838,114.6,105.2,96.5,75.9,3206422,554270,1,163.21,938.46,2.86,101.57,405,155.856,153.4988333,925.742,907.2335,2.842,2.6785,104.288,102.8205,409.96,409.795,3,0,0,0,0,0,0,1,0,0,0,0,0,-0.098870056
2022-08-03,4,TRUE,FALSE,98.4,96.78,90.66,98.4,7.81,393.5,201.4,201.4,1,1310.3,193.88,2.25,3.065,2.86,-0.205,2461.45,18.45,1464.34,3140.27,935.09,565.43,2864.47,27.1,27.1,14.19545372,14.19545372,14.19545372,14.19545372,14.19545372,51.1,51.1,51.1,1,0,0,2300000,111.41,108.73,116.57,108.6,108.4,80,80,60241774,65259838,114.6,105.2,96.5,75.9,3206422,554270,1,193.19,930.49,2.86,98.92,403.5,163.944,155.3508333,929.492,907.299,2.852,2.704,103.044,102.209,407.86,410.09,3,0,0,0,0,0,0,1,0,0,0,0,0,-0.078369906
2022-08-04,4,TRUE,FALSE,95.73,94.12,88.54,95.75,8.4,385,206.39,206.39,1,1310.1,193.8,2.25,3.114,2.86,-0.254,2473.11,17.7,1457.12,3108.19,940.23,563.68,2880.7,28.9,28.9,15.99545372,15.99545372,15.99545372,15.99545372,15.99545372,0,0,0,1,0,0,2300000,111.41,108.73,116.57,108.6,108.4,80,80,60241774,65259838,114.6,105.2,96.5,75.9,3206422,554270,1,201.4,935.09,2.86,98.4,393.5,173.586,157.5308333,932.934,910.0825,2.858,2.729,102.334,102.0415,404.26,409.78,3,0,0,0,0,0,0,1,0,0,0,0,0,0.098639456
2022-08-05,4,TRUE,FALSE,93.75,94.92,89.01,94.23,8.3,361,203.37,203.37,1,1298.3,192.27,2.25,3.079,2.86,-0.219,2490.8,17,1505.08,3181.08,942.32,571.05,2896.64,29.4,29.4,16.49545372,16.49545372,16.49545372,16.49545372,16.49545372,0,0,0,1,0,1,2300000,111.41,108.73,116.57,108.6,108.4,80,80,60241774,65259838,114.6,105.2,96.5,75.9,3206422,554270,1,206.39,940.23,2.86,95.75,385,183.714,159.8728333,935.682,912.591,2.86,2.754,100.378,101.9145,398.98,408.53,3,0,0,0,0,0,0,1,0,0,0,0,0,0.099071207
2022-08-08,4,TRUE,FALSE,94.31,96.65,90.76,94.67,7.76,371,203.08,188.68,3,1306.4,193.01,2.25,3.134,2.86,-0.274,2493.1,17.15,1546.67,3217.49,945.81,578.15,2858.99,26.8,28.13333333,13.89545372,15.22878705,13.89545372,15.22878705,15.99545372,129.6,48.03333333,144.1,3,1,1,2300000,111.41,108.73,116.57,108.6,108.4,80,80,60241774,65259838,114.6,105.2,96.5,75.9,3206422,554270,1,203.37,942.32,2.86,94.23,361,193.512,162.1498333,937.318,914.1825,2.86,2.779,97.774,101.424,389.6,405.8925,3,0,0,0,0,0,0,1,0,0,0,0,0,0.098591549
2022-08-09,1,FALSE,TRUE,94.31,96.31,90.5,94.67,7.87,384.5,206.58,206.58,1,1304.6,193,2.25,3.134,2.86,-0.274,2503.46,16.5,1565.27,3223.73,953.53,588.69,2814.95,25.1,25.1,12.19545372,12.19545372,12.19545372,12.19545372,12.19545372,123.1,123.1,123.1,1,1,1,2300000,111.41,108.73,116.57,108.6,108.4,80,80,60241774,65259838,114.6,105.2,96.5,75.9,3206422,554270,1,188.68,945.81,2.86,94.67,371,198.606,164.266,938.788,916.2125,2.86,2.8035,96.394,100.9555,382.8,403.4925,3,0,0,0,0,0,0,0,1,0,0,0,0,0.433333333
2022-08-10,1,TRUE,FALSE,94.89,97.4,91.93,95.08,7.86,398.65,206.94,206.94,1,1310.4,193.8,2.25,3.154,2.86,-0.294,2480.88,17.18,1580.68,3200.98,955.14,602.59,2718,24.7,24.7,11.79545372,11.79545372,11.79545372,11.79545372,11.79545372,7.6,7.6,7.6,1,1,1,2300000,111.41,108.73,116.57,108.6,108.4,80,80,60241774,65259838,114.6,105.2,96.5,75.9,3206422,554270,1,206.58,953.53,2.86,94.67,384.5,201.284,166.7605,943.396,918.813,2.86,2.827,95.544,100.583,379,401.4175,3,0,0,0,0,0,0,0,1,0,0,0,1,-0.001788909
2022-08-11,1,TRUE,FALSE,96.03,99.6,94.34,96.95,8.53,401,206.27,206.27,1,1303,193.55,2.25,3.124,2.86,-0.264,2523.78,15.74,1624.53,3279.83,968.07,612.04,2788.96,25,25,12.09545372,12.09545372,12.09545372,12.09545372,12.09545372,38.8,38.8,38.8,1,1,1,0,120.65,108.73,116.57,108.6,108.4,80,80,60241774,65259838,114.6,105.2,96.5,75.9,3206422,554270,1,206.94,955.14,2.86,95.08,398.65,202.392,169.361,947.406,921.696,2.86,2.831,94.88,100.394,380.03,399.85,3,0,0,0,0,0,0,0,1,0,0,0,0,-0.032258065
2022-08-12,1,TRUE,FALSE,98.24,98.15,92.09,98.83,8.73,407.65,206.58,206.58,1,1302.4,193.36,2.25,3.181,2.86,-0.321,2527.94,15.45,1637.43,3299.43,987.52,625.7,2828.91,27,27,14.09545372,14.09545372,14.09545372,14.09545372,14.09545372,0,0,0,1,1,1,0,120.65,108.73,116.57,108.6,108.4,80,80,60241774,65259838,114.6,105.2,96.5,75.9,3206422,554270,1,206.27,968.07,2.86,96.95,401,202.368,171.903,952.974,925.242,2.86,2.8345,95.12,100.348,383.23,399.0825,3,0,0,0,0,0,0,0,1,0,0,0,0,0.007407407
2022-08-16,1,TRUE,FALSE,92.12,92.34,86.53,92.28,9.28,405,203.59,193.5875,4,1308.1,192.15,2.25,3.078,2.86,-0.218,2533.52,15.42,1630.62,3333.79,988.77,619.45,2893.35,26.7,27.05,13.79545372,14.14545372,13.79545372,14.14545372,15.19545372,0,1.975,7.9,4,0,1,0,120.65,108.73,116.57,108.6,108.4,80,80,60241774,65259838,114.6,105.2,96.5,75.9,3206422,554270,1,206.58,987.52,2.86,98.83,407.65,203.01,174.688,962.014,930.701,2.86,2.8375,96.04,100.3655,392.56,399.1375,3,0,0,0,0,0,0,0,1,0,0,0,0,0.003676471
2022-08-17,1,TRUE,FALSE,90.45,93.65,88.11,91.35,9.51,413.9,199.01,199.01,1,1310.3,193.13,2.25,3.087,2.86,-0.227,2516.47,15.51,1620.11,3332.21,985.61,612.69,2876.28,26,26,13.09545372,13.09545372,13.09545372,13.09545372,13.09545372,0,0,0,1,0,0,0,120.65,108.73,116.57,108.6,108.4,80,80,60241774,65259838,114.6,105.2,96.5,75.9,3206422,554270,1,193.5875,988.77,2.86,92.28,405,203.9915,177.169875,970.606,935.343,2.86,2.8405,95.562,99.8365,399.36,399.585,3,0,0,0,0,0,0,0,1,0,0,0,0,0.003663004
2022-08-18,1,TRUE,FALSE,92.85,96.59,90.5,93.71,9.42,413.9,200.65,200.65,1,1320.7,193.87,2.25,3.125,2.86,-0.265,2508.05,15.77,1602.18,3320.95,993.19,614.16,2891.99,25.6,25.6,12.69545372,12.69545372,12.69545372,12.69545372,12.69545372,0,0,0,1,0,0,0,120.65,108.73,116.57,108.6,108.4,80,80,60241774,65259838,114.6,105.2,96.5,75.9,3206422,554270,1,199.01,985.61,2.86,91.35,413.9,202.4775,179.450375,977.022,939.3365,2.86,2.8435,94.898,99.1575,405.24,400.2975,3,0,0,0,0,0,0,0,1,0,0,0,0,0
2022-08-19,1,TRUE,FALSE,94.36,96.72,90.77,95.03,9.14,416.25,197.47,197.47,1,1325.9,194.44,2.25,3.197,2.86,-0.337,2492.69,15.73,1595.78,3266.2,984.17,606.39,2858.83,26,26,13.09545372,13.09545372,13.09545372,13.09545372,13.09545372,66.1,66.1,66.1,1,0,0,0,120.65,108.73,116.57,108.6,108.4,80,80,60241774,65259838,114.6,105.2,96.5,75.9,3206422,554270,1,200.65,993.19,2.86,93.71,413.9,201.2195,181.952875,984.632,943.5315,2.86,2.8465,94.624,98.619,408.29,400.5625,3,0,0,0,0,0,0,0,1,0,0,0,0,0.010948905
2022-08-22,1,TRUE,FALSE,93.97,96.48,90.23,94.56,9.85,418.35,200.19,189.94,3,1339.8,195.77,2.25,3.245,2.86,-0.385,2462.5,16.76,1575.13,3247.13,981.12,603.95,2790.83,26.8,27.7,13.89545372,14.79545372,13.89545372,14.79545372,15.29545372,3.2,1.066666667,3.2,3,0,0,0,120.65,108.73,116.57,108.6,108.4,80,80,60241774,65259838,114.6,105.2,96.5,75.9,3206422,554270,1,197.47,984.17,2.86,95.03,416.25,199.4595,184.096875,987.852,947.34,2.86,2.8495,94.24,98.272,411.34,401.205,3,0,0,0,0,0,0,0,1,0,0,0,0,0
2022-08-23,1,TRUE,FALSE,96.54,100.22,93.74,97.23,9.75,417.6,205.76,205.76,1,1345.5,195.64,2.25,3.281,2.86,-0.421,2435.34,17.72,1560.19,3230.22,992.9,597,2745.73,25.4,25.4,12.49545372,12.49545372,12.49545372,12.49545372,12.49545372,2.2,2.2,2.2,1,0,0,0,120.65,108.73,116.57,108.6,108.4,80,80,60241774,65259838,114.6,105.2,96.5,75.9,3206422,554270,1,189.94,981.12,2.86,94.56,418.35,196.1315,186.073375,986.572,951.5365,2.86,2.8525,93.386,97.866,413.48,401.6625,3,0,0,0,0,0,0,0,1,0,0,0,0,-0.02166065
2022-08-24,1,TRUE,FALSE,99.54,101.22,94.89,99.73,9.27,412.6,205.61,205.61,1,1342.1,195.19,2.25,3.311,2.86,-0.451,2447.45,17.48,1575.86,3270.93,993.38,609.56,2745.41,24.8,24.8,11.89545372,11.89545372,11.89545372,11.89545372,11.89545372,0,0,0,1,0,0,0,120.65,108.73,116.57,108.6,108.4,80,82,60241774,65259838,114.6,105.2,96.5,75.9,3206422,554270,1,205.76,992.9,2.86,97.23,417.6,198.566,189.254875,987.398,955.6335,2.86,2.8555,94.376,97.655,416,402.03,3,0,0,0,0,0,0,0,1,0,0,0,0,0
2022-08-25,1,TRUE,FALSE,99.92,99.34,92.52,100,9.47,417.5,198.28,198.28,1,1335.2,194.9,2.5,3.531,3.03,-0.501,2477.26,16.19,1598.74,3282.35,1006.26,618.22,2814.1,22.2,22.2,9.295453716,9.295453716,9.295453716,9.295453716,9.295453716,1.6,1.6,1.6,1,0,0,0,120.65,108.73,116.9,108.6,108.4,80,82,60241774,65259838,114.6,105.2,96.5,75.9,3206422,554270,1,205.61,993.38,2.86,99.73,412.6,199.886,191.897875,988.952,959.7155,2.86,2.858,96.052,97.3845,415.74,401.96,3,0,0,0,0,0,0,0,1,0,0,0,0,0
2022-08-26,1,TRUE,FALSE,99.68,100.99,93.06,99.67,9.48,417.4,193.74,193.74,1,1331.3,194.01,2.5,3.525,3.04,-0.485,2481.03,16.19,1608.44,3286.27,1010.7,621.94,2832.14,23.8,23.8,10.89545372,10.89545372,10.89545372,10.89545372,10.89545372,0,0,0,1,0,0,0,120.65,108.73,116.9,108.6,108.4,80,82,60241774,65259838,114.6,105.2,96.5,75.9,3206422,554270,1,198.28,1006.26,3.03,100,417.5,199.412,194.152375,991.566,964.1345,2.894,2.868,97.31,97.287,416.46,402.26,3,0,0,0,0,0,0,0,1,0,0,0,0,0.007380074
2022-08-29,1,TRUE,FALSE,100.21,105.09,97.01,100.21,9.24,422.75,193.17,172.85,3,1350.4,194.85,2.5,3.653,3.07,-0.583,2426.89,18.72,1609.98,3208.42,998.87,614.32,2721.16,21,21.7,8.095453716,8.795453716,8.095453716,8.795453716,9.695453716,2.2,6.6,19.8,3,0,0,0,120.65,108.73,116.9,108.6,108.4,80,82,60241774,65259838,114.6,105.2,96.5,75.9,3206422,554270,1,193.74,1010.7,3.04,99.67,417.4,198.666,196.051875,996.872,968.345,2.93,2.8775,98.238,96.994,416.69,402.56,3,0,0,0,0,0,0,0,1,0,0,0,0,0
2022-08-30,1,TRUE,FALSE,102.84,99.31,91.64,102.83,9.1,414.55,196.52,196.52,1,1346.7,194.45,2.5,3.642,3.08,-0.562,2450.93,17.47,1632.93,3224.65,986.04,615.96,2782.28,19.1,19.1,6.195453716,6.195453716,6.195453716,6.195453716,6.195453716,35.8,35.8,35.8,1,0,0,0,120.65,108.73,116.9,108.6,108.4,80,82,60241774,65259838,114.6,105.2,96.5,75.9,3206422,554270,1,172.85,998.87,3.07,100.21,422.75,195.248,196.975375,1000.422,971.5815,2.972,2.888,99.368,96.642,417.57,403.3025,3,0,0,0,0,0,0,0,1,0,0,0,0,0.012820513
2022-08-31,1,TRUE,FALSE,97.88,96.49,89.55,97.88,8.93,425,194.34,194.34,1,1337.6,193.72,2.5,3.685,3.09,-0.595,2472.05,17.31,1680.69,3238.69,981.89,616.44,2836.87,21.7,21.7,8.795453716,8.795453716,8.795453716,8.795453716,8.795453716,0,0,0,1,0,0,0,120.65,108.73,116.9,108.6,108.9,80,82,60241774,65259838,111.3,108,93.7,75.1,2882596,554270,1,196.52,986.04,3.08,102.83,414.55,193.4,198.640875,999.05,973.9605,3.016,2.899,100.488,96.705,416.96,403.78,3,0,0,0,0,0,0,0,1,0,0,0,0,0.003616637
2022-09-01,1,TRUE,FALSE,93.99,92.36,86.61,93.99,9.38,427.35,226.82,226.82,1,1354.9,195.93,2.5,3.778,3.1,-0.678,2415.61,19.2,1623.35,3138.13,948.75,596.21,2757.54,24,24,11.09545372,11.09545372,11.09545372,11.09545372,11.09545372,0,0,0,1,0,0,0,120.65,108.73,116.9,108.6,108.9,80,82,56605950,66027733,111.3,108,93.7,75.1,2882596,554270,1,194.34,981.89,3.09,97.88,425,191.146,198.698375,996.752,976.5305,3.062,2.9105,100.118,96.653,419.44,404.855,3,0,0,0,0,0,0,0,1,0,0,0,0,-0.005405405
2022-09-02,1,TRUE,FALSE,94.74,93.02,86.87,94.8,9.18,435,243.51,243.51,1,1362.6,197,2.5,3.678,3.1,-0.578,2409.41,19.07,1584.5,3127.22,936.86,595.93,2722.86,24.7,24.7,11.79545372,11.79545372,11.79545372,11.79545372,11.79545372,0,0,0,1,0,0,0,120.65,108.63,116.9,108.6,108.9,80,82,56605950,66027733,111.3,108,93.7,75.1,2882596,554270,1,226.82,948.75,3.1,93.99,427.35,196.854,199.969375,985.25,977.2135,3.076,2.9225,98.916,96.4325,421.41,406.5475,3,0,0,0,0,0,0,0,1,0,0,0,0,-0.003623188
2022-09-05,1,TRUE,FALSE,95.38,95.74,86.87,95.43,9.18,457.8,231.37,223.61,3,1371.4,197.48,2.5,3.616,3.1,-0.516,2403.68,18.87,1606.56,3133.78,928.7,598.89,2682.49,19.2,21.9,6.295453716,8.995453716,6.295453716,8.995453716,11.29545372,120,51.26666667,153.8,3,0,0,2375000,120.65,108.63,116.9,108.6,108.9,80,82,56605950,66027733,111.3,108,93.7,75.1,2882596,554270,1,243.51,936.86,3.1,94.8,435,206.808,201.825375,970.482,977.045,3.088,2.9345,97.942,96.385,424.93,409.0475,3,0,0,0,0,0,0,0,1,0,0,0,0,-0.018181818
2022-09-06,1,TRUE,FALSE,95.25,92.83,86.88,95.3,8.52,450.25,245.58,245.58,1,1371.7,197.37,2.5,3.682,3.1,-0.582,2410.02,18.49,1621.97,3184.2,920.66,600.22,2703.21,21,21,8.095453716,8.095453716,8.095453716,8.095453716,8.095453716,25.3,25.3,25.3,1,0,0,2375000,120.65,108.63,116.9,108.6,108.9,80,82,56605950,66027733,111.3,108,93.7,75.1,2882596,554270,1,223.61,928.7,3.1,95.43,457.8,216.96,202.837375,956.448,976.364,3.094,2.9465,96.986,96.445,431.94,413.8875,3,0,0,0,0,0,0,0,1,0,0,0,0,0.003703704
2022-09-07,1,TRUE,FALSE,92.27,88,81.94,92.25,8.12,439,224.12,224.12,1,1384.2,198.1,2.5,3.685,3.1,-0.585,2376.46,19.85,1597.28,3152.02,894.92,594.23,2648.93,22.8,22.8,9.895453716,9.895453716,9.895453716,9.895453716,9.895453716,0,0,0,1,0,1,2375000,120.65,108.63,116.9,108.6,108.9,80,82,56605950,66027733,111.3,108,93.7,75.1,2882596,554270,1,245.58,920.66,3.1,95.3,450.25,226.772,205.682375,943.372,975.1065,3.098,2.9585,95.48,96.4765,439.08,417.85,3,0,0,0,0,0,0,0,1,0,0,0,0,0
2022-09-08,1,TRUE,FALSE,88.06,89.15,83.54,88.2,8.27,440.35,241.19,241.19,1,1380.8,198.3,2.5,3.543,3.1,-0.443,2384.28,19.17,1579.93,3208.89,897.08,593.1,2637.95,23.2,23.2,10.29545372,10.29545372,10.29545372,10.29545372,10.29545372,0,0,0,1,1,1,2375000,120.65,108.63,116.9,108.6,108.9,80,82,56605950,66027733,111.3,108,93.7,75.1,2882596,554270,1,224.12,894.92,3.1,92.25,439,232.728,206.559375,925.978,972.176,3.1,2.9705,94.354,96.3555,441.88,420.575,3,0,0,0,0,0,0,0,1,0,0,0,0,0
2022-09-13,1,TRUE,FALSE,94.5,93.17,87.31,94.58,8.49,439.35,227.92,194.396,5,1373.6,198.38,2.5,3.536,3.11,-0.426,2449.54,16.68,1652.11,3258.25,902.84,608.53,2759.84,24.3,23.86,11.39545372,10.95545372,11.39545372,10.95545372,11.39545372,0,0.02,0.1,5,1,1,2375000,120.65,108.63,116.9,108.6,108.9,80,82,56605950,66027733,111.3,108,93.7,75.1,2882596,554270,1,241.19,897.08,3.1,88.2,440.35,235.602,208.271875,915.644,969.273,3.1,2.9825,93.196,96.0115,444.48,422.66,3,0,0,0,0,0,0,0,1,0,0,0,0,0
2022-09-14,1,TRUE,FALSE,92.73,94.1,88.48,92.77,8.7,444.2,242.53,242.53,1,1390.9,199.64,2.5,3.585,3.12,-0.465,2411.42,18.73,1622.62,3217.45,894.27,599.97,2697.04,24.6,24.6,11.69545372,11.69545372,11.69545372,11.69545372,11.69545372,0,0,0,1,1,1,2375000,120.65,108.63,116.9,108.6,108.9,80,82,56605950,66027733,111.3,108,93.7,75.1,2882596,554270,1,194.396,902.84,3.11,94.58,439.35,225.7792,207.678175,908.84,966.0115,3.102,2.995,93.152,95.893,445.35,424.5775,3,0,0,0,0,0,0,0,1,0,0,0,0,-0.001845018
2022-09-15,1,TRUE,FALSE,93.66,90.84,85.1,93.78,8.6,445.5,242.31,242.31,1,1393.7,199.77,2.5,3.77,3.13,-0.64,2401.83,18.39,1626.75,3244.13,895.82,604.81,2684.17,25.2,25.2,12.29545372,12.29545372,12.29545372,12.29545372,12.29545372,0.1,0.1,0.1,1,1,1,0,89.01,108.63,116.9,108.6,108.9,80,82,56605950,66027733,111.3,108,93.7,75.1,2882596,554270,1,242.53,894.27,3.12,92.77,444.2,229.5632,209.475675,901.954,961.349,3.106,3.008,92.62,95.59,442.63,426.405,3,0,0,0,0,0,0,0,1,0,0,0,0,-0.001848429
2022-09-16,1,TRUE,FALSE,91.04,91.35,85.11,91.16,8.11,439,253.75,253.75,1,1388,197.8,2.5,3.767,3.14,-0.627,2382.78,19.13,1601.9,3134.49,882.42,593.08,2653.36,25.7,25.7,12.79545372,12.79545372,12.79545372,12.79545372,12.79545372,14.6,14.6,14.6,1,1,1,0,89.01,108.63,116.9,108.6,108.9,80,82,56605950,66027733,111.3,108,93.7,75.1,2882596,554270,1,242.31,895.82,3.13,93.78,445.5,228.9092,211.9118,896.986,956.7015,3.112,3.0215,92.316,95.665,441.68,428.43,3,0,0,0,0,0,0,0,1,0,0,0,0,-0.003703704
2022-09-19,1,TRUE,FALSE,90.36,92,85.73,90.46,7.96,439.05,246.33,238.5233333,3,1393.6,198.47,2.5,3.759,3.15,-0.609,2355.66,19.64,1545.12,3083.7,876.4,583.99,2639.85,24.6,25.76666667,11.69545372,12.86212038,11.69545372,12.86212038,14.19545372,0,1.433333333,4.3,3,0,1,0,89.01,108.63,116.9,108.6,108.9,80,82,56605950,66027733,111.3,108,93.7,75.1,2882596,554270,1,253.75,882.42,3.14,91.16,439,234.8352,214.6488,894.486,951.542,3.12,3.0355,92.098,95.6555,441.68,429.685,3,0,0,0,0,0,0,0,1,0,0,0,0,-0.053903346
2022-09-20,1,TRUE,FALSE,92.59,90.62,84.45,92.64,8.01,441.3,246.39,246.39,1,1389.5,198.06,2.5,3.823,3.15,-0.673,2367.85,19.28,1570.61,3085.11,880.36,596.39,2628.65,19.9,19.9,6.995453716,6.995453716,6.995453716,6.995453716,6.995453716,0,0,0,1,0,0,0,89.01,108.63,116.9,108.6,108.9,80,82,56605950,66027733,111.3,108,93.7,75.1,2882596,554270,1,238.5233333,876.4,3.15,90.46,439.05,234.3018667,216.5424667,890.35,945.7025,3.13,3.05,92.55,95.493,441.42,430.9425,3,0,0,0,0,0,0,0,1,0,0,0,0,-0.05697446
2022-09-21,1,TRUE,FALSE,92.77,89.83,82.94,92.86,7.99,444.5,252.25,252.25,1,1394.2,197.83,2.5,3.847,3.15,-0.697,2347.21,20.8,1563.92,3054.09,884.25,593.04,2596.88,19.4,19.4,6.495453716,6.495453716,6.495453716,6.495453716,6.495453716,0,0,0,1,0,0,0,89.01,108.63,116.9,108.6,108.9,80,82,56605950,66027733,111.3,108,93.7,75.1,2882596,554270,1,246.39,880.36,3.15,92.64,441.3,244.7006667,218.9884667,885.854,940.512,3.138,3.0645,92.162,95.3735,441.81,432.195,3,0,0,0,0,0,0,0,1,0,0,0,0,-0.033333333
2022-09-22,1,TRUE,FALSE,91.21,90.46,83.49,91.33,7.76,435.65,244.92,244.92,1,1409.7,199.01,2.5,4.104,3.17,-0.934,2332.31,20.47,1546.57,3064.52,897.25,591.43,2552.92,19.8,19.8,6.895453716,6.895453716,6.895453716,6.895453716,6.895453716,0,0,0,1,0,0,0,89.01,108.63,116.9,108.6,108.9,80,82,56605950,66027733,111.3,108,93.7,75.1,2882596,554270,1,252.25,884.25,3.15,92.86,444.5,246.6446667,222.1039667,883.85,935.6685,3.144,3.079,92.18,95.2885,441.87,433.5025,3,0,0,0,0,0,0,0,1,0,0,0,0,-0.034482759
2022-09-23,1,TRUE,FALSE,88.82,86.15,78.74,88.93,6.75,435.2,244.77,244.77,1,1409.3,198.97,2.5,4.199,3.22,-0.979,2290,20.33,1541.19,2951.52,892.82,577.37,2489.17,17.5,17.5,4.595453716,4.595453716,4.595453716,4.595453716,4.595453716,3.3,3.3,3.3,1,0,0,0,89.01,108.63,116.45,108.6,108.9,80,82,56605950,66027733,111.3,108,93.7,75.1,2882596,554270,1,244.92,897.25,3.17,91.33,435.65,247.1666667,224.0619667,884.136,930.886,3.152,3.0945,91.69,94.9935,439.9,434.405,3,0,0,0,0,0,0,0,1,0,0,0,0,-0.006696429
2022-09-26,1,TRUE,FALSE,84.89,84.06,76.71,84.9,6.75,438,242.04,243.3233333,3,1431.3,199.93,2.5,4.548,3.25,-1.298,2220.94,24.02,1458.88,2799.1,865.14,543.08,2388.76,20,19.36666667,7.095453716,6.462120382,7.095453716,6.462120382,7.095453716,0,0,0,3,0,0,0,89.01,108.63,116.45,108.6,108.9,80,82,56605950,66027733,111.3,108,93.7,75.1,2882596,554270,1,244.77,892.82,3.22,88.93,435.2,245.3706667,226.0199667,886.216,925.858,3.168,3.1125,91.244,94.4535,439.14,435.535,3,0,0,0,0,0,0,0,1,0,0,0,0,0.033707865
2022-09-27,1,TRUE,FALSE,84.25,86.27,78.5,84.28,6.83,437.65,234.22,234.22,1,1421.5,198.85,2.5,4.304,3.27,-1.034,2223.86,23.62,1463.64,2790.17,864.57,551.09,2391.25,20.9,20.9,7.995453716,7.995453716,7.995453716,7.995453716,7.995453716,0,0,0,1,0,0,0,89.01,108.63,116.45,108.6,108.9,80,82,56605950,66027733,111.3,108,93.7,75.1,2882596,554270,1,243.3233333,865.14,3.25,84.9,438,246.3306667,228.2721333,883.964,918.802,3.188,3.1235,90.132,93.6985,438.93,436.56,3,0,0,0,0,0,0,0,1,0,0,0,0,0.047826087
2022-09-28,1,TRUE,FALSE,84.66,89.32,82.15,84.65,6.59,436,239.24,239.24,1,1439.9,199.18,2.5,4.338,3.28,-1.058,2169.29,26.59,1416.84,2686.49,845.21,528.52,2327.53,20.4,20.4,7.495453716,7.495453716,7.495453716,7.495453716,7.495453716,0,0,0,1,0,0,0,89.01,108.63,116.45,108.6,108.9,80,82,56605950,66027733,111.3,108,93.7,75.1,2882596,554270,1,234.22,864.57,3.27,84.28,437.65,243.8966667,230.2961333,880.806,911.4955,3.212,3.135,88.46,92.929,438.2,437.5725,3,0,0,0,0,0,0,0,1,0,0,0,0,0.037344398
2022-09-29,1,TRUE,FALSE,87.33,88.49,81.23,87.58,6.57,435.75,241.61,241.61,1,1438.9,199.85,2.5,4.303,3.29,-1.013,2170.93,25.96,1410.46,2678.33,866.3,520.04,2289.37,20.4,20.4,7.495453716,7.495453716,7.495453716,7.495453716,7.495453716,0,0,0,1,0,0,0,89.01,108.63,116.45,108.6,108.9,74,81,56605950,66027733,111.3,108,93.7,75.1,2882596,554270,1,239.24,845.21,3.28,84.65,436,241.2946667,233.6156333,872.998,903.8125,3.238,3.1455,86.818,92.151,436.5,438.235,3,0,0,0,0,0,0,0,1,0,0,0,0,0
2022-09-30,1,TRUE,FALSE,89.51,87.96,79.49,89.56,6.4,433.7,234.67,234.67,1,1430.2,201.83,2.5,4.186,3.3,-0.886,2155.49,27.19,1399.1,2645.69,872.78,518.71,2304.06,20.7,20.7,7.795453716,7.795453716,7.795453716,7.795453716,7.795453716,0,0,0,1,0,0,0,89.01,108.63,116.45,108.8,109.6,74,81,56605950,66027733,104.6,99.1,88.4,72.4,3463030,554270,1,241.61,866.3,3.29,87.58,435.75,240.6326667,235.8701333,866.808,897.8255,3.262,3.156,86.068,91.3885,436.52,439.295,3,0,0,0,0,0,0,0,1,0,0,0,0,0.1
2022-10-04,1,TRUE,FALSE,88.82,91.8,86.52,88.83,5.4,404,263.35,240.28,4,1426.5,202.07,2.5,4.081,3.34,-0.741,2209.38,24.99,1454.97,2759.16,890.42,533.95,2436.61,17.9,19.9,4.995453716,6.995453716,4.995453716,6.995453716,8.495453716,11.8,25.9,103.6,4,0,0,2661000,89.01,108.63,116.45,108.8,109.6,74,81,57176300,61012837,104.6,99.1,88.4,72.4,3463030,554270,1,234.67,872.78,3.3,89.56,433.7,238.6126667,237.8866333,862.8,892.37,3.278,3.1665,86.194,90.9725,436.22,439.73,3,0,0,0,0,0,0,0,1,0,0,0,0,-0.065454545
2022-10-05,1,TRUE,FALSE,91.22,93.37,87.76,91.22,5.84,396.25,253.6,253.6,1,1410.1,201.06,2.5,4.157,3.39,-0.767,2215.22,24.36,1460.58,2774.18,884.58,528.17,2445.89,16.6,16.6,3.695453716,3.695453716,3.695453716,3.695453716,3.695453716,0.1,0.1,0.1,1,0,0,2661000,89.01,108.82,116.45,108.8,109.6,74,81,57176300,61012837,104.6,99.1,88.4,72.4,3463030,554270,1,240.28,890.42,3.34,88.83,404,238.004,238.5596333,867.856,889.4535,3.296,3.1785,86.98,90.7145,429.42,438.5625,3,0,0,0,0,0,0,0,1,0,0,0,0,-0.011673152
2022-10-06,1,TRUE,FALSE,93.31,94.42,88.45,93.3,6.91,400,267.01,267.01,1,1402.4,199.15,2.5,4.145,3.43,-0.715,2237.86,23.37,1481.97,2820.59,901.23,536.44,2523.76,15.8,15.8,2.895453716,2.895453716,2.895453716,2.895453716,2.895453716,0,0,0,1,0,1,2661000,89.01,108.82,116.45,108.8,109.6,74,81,57176300,61012837,104.6,99.1,88.4,72.4,3463030,554270,1,253.6,884.58,3.39,91.22,396.25,241.88,239.0641333,871.858,886.8395,3.32,3.193,88.368,90.5355,421.14,436.625,3,0,0,0,0,0,0,0,1,0,0,0,0,-0.007874016
2022-10-07,1,TRUE,FALSE,94.36,97.92,92.64,94.36,6.25,385.8,262.86,262.86,1,1412.4,198.52,2.5,4.276,3.47,-0.806,2232.84,23.93,1471.27,2835.9,905.47,539.42,2523.35,14.3,14.3,1.395453716,1.395453716,1.395453716,1.395453716,1.395453716,0,0,0,1,1,1,2661000,89.01,108.82,116.45,108.8,109.6,74,81,57176300,61012837,104.6,99.1,88.4,72.4,3463030,554270,1,267.01,901.23,3.43,93.3,400,247.434,241.2341333,883.062,885.466,3.35,3.2095,90.098,90.429,413.94,433.735,3,0,0,0,0,0,0,0,1,0,0,0,0,0
2022-10-11,1,TRUE,FALSE,93.73,94.29,89.35,93.73,6.2,391.15,266.92,238.3175,4,1435.2,199.78,2.5,4.342,3.51,-0.832,2192.07,25.78,1460.9,2789.25,880.82,521.77,2447.53,11.1,12.475,-1.804546284,-0.429546284,1.804546284,1.975,3.004546284,0,5.1,20.4,4,1,1,2661000,89.01,108.82,116.45,108.8,109.6,74,81,57176300,61012837,104.6,99.1,88.4,72.4,3463030,554270,1,262.86,905.47,3.47,94.36,385.8,251.684,242.0981333,890.896,884.7065,3.386,3.228,91.454,90.382,403.95,430.5125,3,0,0,0,0,0,0,0,1,0,0,0,0,-0.01984127
2022-10-12,1,TRUE,FALSE,92.95,92.45,87.27,93.03,6.6,403,257.4,257.4,1,1424.9,198.87,3,4.107,3.77,-0.337,2202.47,24.69,1473.4,2833.24,870.92,529.97,2494.42,13.5,13.5,0.595453716,0.595453716,0.595453716,0.595453716,0.595453716,0,0,0,1,1,1,2661000,89.01,108.82,116.45,108.8,109.6,74,81,57176300,61012837,104.6,99.1,88.4,72.4,3463030,554270,1,238.3175,880.82,3.51,93.73,391.15,252.4135,242.8080083,892.504,884.0015,3.428,3.2485,92.288,90.456,395.44,428.12,3,0,0,0,0,0,0,0,1,0,0,0,0,-0.068825911
2022-10-13,1,TRUE,FALSE,91.19,94.57,89.11,91.2,6.25,393.5,268.98,268.98,1,1431.3,198.94,3,4.203,3.8,-0.403,2162.87,27.22,1461.69,2743.12,836.33,514.92,2460.14,16.3,16.3,3.395453716,3.395453716,3.395453716,3.395453716,3.395453716,0,0,0,1,1,1,0,50.4,108.82,116.45,108.8,109.6,74,81,57176300,61012837,104.6,99.1,88.4,72.4,3463030,554270,1,257.4,870.92,3.77,93.03,403,255.8375,243.6185083,888.604,882.6935,3.514,3.282,93.128,90.6975,395.24,426.2525,3,0,0,0,0,0,0,0,1,0,0,0,0,0.013043478
2022-10-14,1,TRUE,FALSE,92.12,91.63,85.61,92.12,6.1,392.5,258.05,258.05,1,1428.5,199.12,3,4.207,3.82,-0.387,2212.55,23.94,1499.93,2821.64,850.3,533.78,2528.53,17.1,17.1,4.195453716,4.195453716,4.195453716,4.195453716,4.195453716,0,0,0,1,1,1,0,50.4,108.82,116.45,108.8,109.6,74,81,57176300,61012837,104.6,99.1,88.4,72.4,3463030,554270,1,268.98,836.33,3.8,91.2,393.5,258.9135,247.3477083,878.954,879.368,3.596,3.3165,93.124,90.5285,394.69,423.96,3,0,0,0,0,0,0,0,1,0,0,0,0,0.017167382
2022-10-17,1,TRUE,FALSE,89.69,91.62,85.46,89.7,6.08,392.15,247.41,240.8033333,3,1435.3,198.99,3,4.239,3.9,-0.339,2219.71,24.4,1509.59,2847.06,848.51,527.6,2522.06,11.2,15.43333333,-1.704546284,2.528787049,1.704546284,3.665151239,5.295453716,0,0,0,3,0,1,0,50.4,108.82,116.45,108.8,109.6,74,81,57176300,61012837,104.6,99.1,88.4,72.4,3463030,554270,1,258.05,850.3,3.82,92.12,392.5,257.1215,248.1237083,868.768,877.1695,3.674,3.3515,92.888,90.496,393.19,421.375,3,0,0,0,0,0,0,0,1,0,0,0,0,-0.016877637
2022-10-18,1,TRUE,FALSE,88.85,90.03,82.82,88.86,6.16,387.85,265.42,265.42,1,1422.7,197.52,3,4.242,3.98,-0.262,2249.95,22.86,1518.7,2934.4,875.25,553.53,2536.32,9.4,9.4,-3.504546284,-3.504546284,3.504546284,3.504546284,3.504546284,0,0,0,1,0,0,0,50.4,108.82,116.45,108.8,109.6,74,81,57176300,61012837,104.6,99.1,88.4,72.4,3463030,554270,1,240.8033333,848.51,3.9,89.7,392.15,252.7101667,248.048375,857.376,874.804,3.76,3.39,91.956,90.292,394.46,418.7075,3,0,0,0,0,0,0,0,1,0,0,0,0,-0.021459227
2022-10-19,1,TRUE,FALSE,85.79,92.41,85.55,85.78,5.63,391,266.55,266.55,1,1426.2,197.13,3,4.331,4.06,-0.271,2237.44,23.21,1523.18,2936.09,869.96,547.7,2471.76,10.5,10.5,-2.404546284,-2.404546284,2.404546284,2.404546284,2.404546284,0,0,0,1,0,0,0,50.4,108.82,116.45,108.8,109.6,74,81,57176300,61012837,104.6,99.1,88.4,72.4,3463030,554270,1,265.42,875.25,3.98,88.86,387.85,258.1306667,248.631875,856.262,874.4455,3.854,3.432,90.982,90.177,393.8,416.15,3,0,0,0,0,0,0,0,1,0,0,0,0,-0.043859649
2022-10-20,1,TRUE,FALSE,89.89,92.38,85.98,89.87,5.1,391.95,267.88,267.88,1,1433.3,197.75,3,4.35,4.14,-0.21,2218.09,24.04,1519.64,2856.2,865.57,552.66,2431.54,12.9,12.9,-0.004546284,-0.004546284,0.004546284,0.004546284,0.004546284,0,0,0,1,0,0,0,50.4,108.82,116.45,108.8,109.6,74,81,57176300,61012837,104.6,99.1,88.4,72.4,3463030,554270,1,266.55,869.96,4.06,85.78,391,259.9606667,250.0332083,856.07,874.1235,3.912,3.4775,89.532,89.943,391.4,413.7475,3,0,0,0,0,0,0,0,1,0,0,0,0,0.032110092
2022-10-21,1,TRUE,FALSE,90.74,93.5,85.05,90.72,4.45,390,265.42,265.42,1,1439.8,198.32,3,4.495,4.3,-0.195,2213.12,23.94,1476.05,2831.74,855.86,534.19,2429.55,14,14,1.095453716,1.095453716,1.095453716,1.095453716,1.095453716,0,0,0,1,0,0,0,50.4,108.82,116.53,108.8,109.6,74,81,57176300,61012837,104.6,99.1,88.4,72.4,3463030,554270,1,267.88,865.57,4.14,89.87,391.95,259.7406667,251.1077083,861.918,873.384,3.98,3.527,89.266,89.8045,391.09,411.28,3,0,0,0,0,0,0,0,1,0,0,0,0,-0.068888889
2022-10-24,1,TRUE,FALSE,90.74,93.26,84.58,90.72,4.81,390,247.07,248.7433333,3,1439.7,197.85,3,4.305,4.42,0.115,2236.16,24.62,1498.57,2834.56,861.89,549.04,2502.72,10.6,13.23333333,-2.304546284,0.328787049,2.304546284,1.865151239,2.304546284,0,0,0,3,0,0,0,50.4,108.82,116.53,108.8,109.6,74,81,57176300,61012837,104.6,99.1,88.4,72.4,3463030,554270,1,265.42,855.86,4.3,90.72,390,261.2146667,251.7662083,863.03,871.9645,4.076,3.5845,88.986,89.6975,390.59,408.555,3,0,0,0,0,0,0,0,1,0,0,0,0,0.047732697
2022-10-25,1,TRUE,FALSE,89.6,93.52,85.32,89.76,5.17,388.15,254.78,254.78,1,1433.1,195.38,3,4.221,4.5,0.279,2235.07,24.23,1473.59,2786.57,860.87,543.81,2548.83,11.3,11.3,-1.604546284,-1.604546284,1.604546284,1.604546284,1.604546284,0,0,0,1,0,0,0,50.4,108.82,116.53,108.8,109.6,74,81,57176300,61012837,104.6,99.1,88.4,72.4,3463030,554270,1,248.7433333,861.89,4.42,90.72,390,262.8026667,251.957375,865.706,870.1965,4.18,3.647,89.19,89.667,390.16,406.2725,3,0,0,0,0,0,0,0,1,0,0,0,0,-0.029612756
2022-10-26,1,TRUE,FALSE,90.39,95.69,87.91,90.45,5.28,386.5,265.26,265.26,1,1426.6,195.86,3,4.208,4.56,0.352,2249.56,23.42,1460.64,2795.59,861.33,537.44,2541.09,12.9,12.9,-0.004546284,-0.004546284,0.004546284,0.004546284,0.004546284,0,0,0,1,0,0,0,50.4,108.82,116.53,108.8,109.6,72,79,57176300,61012837,104.6,99.1,88.4,72.4,3463030,554270,1,254.78,860.87,4.5,89.76,388.15,260.6746667,252.457875,862.83,868.599,4.284,3.711,89.37,89.7085,390.22,403.92,3,0,0,0,0,0,0,0,1,0,0,0,0,0.002347418
2022-10-27,1,TRUE,FALSE,92.4,96.96,89.08,92.45,5.3,385.6,266.21,266.21,1,1417,196.56,3,4.254,4.6,0.346,2288.78,22.12,1512.65,2933.33,869.69,555.98,2522.25,13.2,13.2,0.295453716,0.295453716,0.295453716,0.295453716,0.295453716,0,0,0,1,0,0,0,50.4,108.82,116.53,108.8,109.6,72,79,57176300,61012837,104.6,99.1,88.4,72.4,3463030,555965.8,1,265.26,861.33,4.56,90.45,386.5,260.4166667,253.5547083,861.104,868.4085,4.384,3.7765,90.304,89.986,389.32,401.345,3,0,0,0,0,0,0,0,1,0,0,0,0,-0.004683841
2022-10-28,1,TRUE,FALSE,92.66,95.77,87.9,92.71,5.02,385.7,253.3,253.3,1,1421.5,196.17,3,4.112,4.64,0.528,2268.4,22.71,1484.03,2930.6,877.09,554.53,2396.72,13.6,13.6,0.695453716,0.695453716,0.695453716,0.695453716,0.695453716,0,0,0,1,0,0,0,50.4,108.82,116.53,108.8,109.6,72,79,57176300,61012837,104.6,99.1,88.4,72.4,3463030,555965.8,1,266.21,869.69,4.6,92.45,385.6,260.0826667,255.1542083,861.928,868.6645,4.476,3.843,90.82,90.3945,388.05,398.7425,3,0,0,0,0,0,0,0,1,0,0,0,0,0.009411765
2022-10-31,1,TRUE,FALSE,90.64,94.83,86.53,90.64,5.02,356.3,245.31,239.0666667,3,1424.3,195.25,3,4.185,4.68,0.495,2293.61,21.97,1493.65,2946.96,874.81,550.4,2436.05,14.9,14.86666667,1.995453716,1.962120382,1.995453716,1.962120382,1.995453716,0,0,0,3,0,0,0,50.4,108.82,116.53,109,109.9,72,79,57176300,61012837,105.4,75.9,86.2,72.1,2916412,555965.8,1,253.3,877.09,4.64,92.71,385.7,257.6586667,255.8572083,866.174,870.2585,4.544,3.911,91.218,90.7975,387.19,396.2275,3,0,0,0,0,0,0,0,1,0,0,0,0,-0.016317016
2022-11-01,1,TRUE,FALSE,91.44,94.65,88.37,91.45,4.57,359,253.9,253.9,1,1417.2,194.43,3,4.068,4.73,0.662,2335.22,21.11,1512.35,3082.59,895.61,571.57,2445.72,13.1,13.1,0.195453716,0.195453716,0.195453716,0.195453716,0.195453716,0,0,0,1,0,0,0,50.4,108.82,116.53,109,109.9,72,79,52428092,59167185,105.4,75.9,86.2,72.1,2916412,555965.8,1,239.0666667,874.81,4.68,90.64,356.3,255.7233333,255.7300417,868.758,870.684,4.596,3.9805,91.202,90.9505,380.45,392.255,3,0,0,0,0,0,0,0,1,0,0,0,0,0.009478673
2022-11-02,1,TRUE,FALSE,91.02,96.16,90,91,4.58,361,255.02,255.02,1,1417.4,194.65,3,4.095,4.8,0.705,2336.87,21.13,1517.04,3073.32,889.81,565.73,2429.56,11.1,11.1,-1.804546284,-1.804546284,1.804546284,1.804546284,1.804546284,0,0,0,1,0,0,2300000,50.4,109.16,116.53,109,109.9,72,79,52428092,59167185,105.4,75.9,86.2,72.1,2916412,555965.8,1,253.9,895.61,4.73,91.45,359,255.5473333,256.6915417,875.706,871.8255,4.642,4.052,91.54,91.045,374.62,388.52,3,0,0,0,0,0,0,0,1,0,0,0,0,-0.009389671
2022-11-03,1,TRUE,FALSE,89.83,94.67,88.17,89.83,4.65,351,258.66,258.66,1,1423.8,194.3,3,4.158,4.87,0.712,2329.17,21.21,1498.69,3088.81,898.64,586.24,2411.46,9.3,9.3,-3.604546284,-3.604546284,3.604546284,3.604546284,3.604546284,0,0,0,1,0,0,2300000,50.4,109.16,116.53,109,109.9,72,79,52428092,59167185,105.4,75.9,86.2,72.1,2916412,555965.8,1,255.02,889.81,4.8,91,361,253.4993333,257.4285417,881.402,871.795,4.69,4.125,91.65,91.1535,369.52,386.37,3,0,0,0,0,0,0,0,1,0,0,0,0,-0.014218009
2022-11-04,1,TRUE,FALSE,92.31,98.57,92.61,92.31,4,349.5,254.25,254.25,1,1419.2,195.3,3,4.118,4.94,0.822,2348.43,20.84,1490.98,3076.06,912.25,585.92,2398.87,4.9,4.9,-8.004546284,-8.004546284,8.004546284,8.004546284,8.004546284,0,0,0,1,0,1,2300000,50.4,109.16,116.53,109,109.9,72,79,52428092,59167185,105.4,75.9,86.2,72.1,2916412,555965.8,1,258.66,898.64,4.87,89.83,351,251.9893333,257.6815417,887.192,872.498,4.744,4.199,91.126,91.084,362.6,384.1075,3,0,0,0,0,0,0,0,1,0,0,0,0,-0.038461538
2022-11-07,1,TRUE,FALSE,92.92,97.92,91.79,92.93,4.62,344.9,242.38,221.9833333,3,1401.2,194,3,4.186,5,0.814,2371.79,20.82,1552.13,3130.57,913.95,596.92,2471.36,11.4,9.166666667,-1.504546284,-3.737879618,1.504546284,3.737879618,6.404546284,0,0,0,3,1,1,2300000,50.4,109.16,116.53,109,109.9,72,79,52428092,59167185,105.4,75.9,86.2,72.1,2916412,555965.8,1,254.25,912.25,4.94,92.31,349.5,252.1793333,257.0435417,894.224,873.049,4.804,4.2745,91.046,91.0345,355.36,381.5825,3,0,0,0,0,0,0,0,1,0,0,0,0,0
2022-11-08,1,TRUE,FALSE,92.34,95.36,88.91,92.33,4,339,250.96,250.96,1,1384.9,190.9,3,4.156,5.04,0.884,2399.04,19.99,1547.9,3130.57,924.53,597.82,2534.25,12.9,12.9,-0.004546284,-0.004546284,0.004546284,0.004546284,0.004546284,0,0,0,1,1,1,2300000,50.4,109.16,116.53,109,109.9,72,79,52428092,59167185,105.4,75.9,86.2,72.1,2916412,555965.8,1,221.9833333,913.95,5,92.93,344.9,248.7626667,254.9997083,902.052,873.473,4.868,4.351,91.504,90.963,353.08,379.5375,3,0,0,0,0,0,0,0,1,0,0,0,0,-0.025
2022-11-09,1,TRUE,FALSE,89.8,92.65,85.83,89.8,3.46,324.75,255.81,255.81,1,1364.8,188.28,3,4.086,5.08,0.994,2424.41,20.1,1589.96,3178.72,943.8,606.17,2558.96,11.4,11.4,-1.504546284,-1.504546284,1.504546284,1.504546284,1.504546284,0,0,0,1,1,1,2300000,50.4,109.16,116.53,109,109.9,72,79,52428092,59167185,105.4,75.9,86.2,72.1,2916412,555965.8,1,250.96,924.53,5.04,92.33,339,248.1746667,255.6318333,907.836,875.6585,4.93,4.4275,91.68,90.893,349.08,376.93,3,0,0,0,0,0,0,0,1,0,0,0,0,0
2022-11-10,1,TRUE,FALSE,87.18,93.67,86.47,87.18,4.8,324.25,258.26,258.26,1,1377.5,189.78,3,4.033,5.16,1.127,2402.23,21.21,1574.82,3131.56,944.94,604.4,2532.09,13.5,13.5,0.595453716,0.595453716,0.595453716,0.595453716,0.595453716,0,0,0,1,1,1,0,24.68,109.16,116.53,109,109.9,72,79,52428092,59167185,105.4,75.9,86.2,72.1,2916412,555965.8,1,255.81,943.8,5.08,89.8,324.75,248.3326667,255.5523333,918.634,879.3025,4.986,4.493,91.44,90.7315,341.83,373.0175,3,0,0,0,0,0,0,0,1,0,0,0,0,-0.005128205
2022-11-11,1,TRUE,FALSE,91.05,95.99,88.96,91.05,4.8,326.8,253.39,253.39,1,1318.4,185.87,3,3.834,5.22,1.386,2483.16,19.97,1607.57,3227.12,957.5,622.53,2669.45,15.6,15.6,2.695453716,2.695453716,2.695453716,2.695453716,2.695453716,0,0,0,1,1,1,0,24.68,109.16,116.53,109,109.9,72,79,52428092,59167185,105.4,75.9,86.2,72.1,2916412,555965.8,1,258.26,944.94,5.16,87.18,324.25,248.2526667,255.0163333,927.894,884.733,5.044,4.561,90.91,90.5305,336.48,369.555,3,0,0,0,0,0,0,0,1,0,0,0,0,-0.012886598
2022-11-14,1,TRUE,FALSE,91.04,93.14,85.87,91.04,6.24,330.35,235.3,216.4733333,3,1325.9,188.69,3,3.85,5.25,1.4,2474.65,20.32,1646.73,3241.81,965.61,630.91,2619.43,9.7,12.1,-3.204546284,-0.804546284,3.204546284,3.068182095,3.395453716,0,19.3,57.9,3,0,1,0,24.68,109.16,116.53,109,109.9,72,79,52428092,59167185,105.4,75.9,86.2,72.1,2916412,555965.8,1,253.39,957.5,5.22,91.05,326.8,248.0806667,254.7833333,936.944,890.093,5.1,4.631,90.658,90.477,331.94,366.27,3,0,0,0,0,0,0,0,1,0,0,0,0,0.007832898
2022-11-15,1,TRUE,FALSE,86.83,93.86,86.92,86.83,5.9,341,256.29,256.29,1,1317.6,187.04,3,3.753,5.29,1.537,2480.33,19.63,1653.7,3234.57,970.41,632.21,2706.78,8.1,8.1,-4.804546284,-4.804546284,4.804546284,4.804546284,4.804546284,1.6,1.6,1.6,1,0,0,0,24.68,109.16,116.53,109,109.9,72,79,52428092,59167185,105.4,75.9,86.2,72.1,2916412,555965.8,1,216.4733333,965.61,5.25,91.04,330.35,246.9786667,253.5668333,947.276,895.948,5.15,4.6985,90.28,90.544,329.03,363.18,3,0,0,0,0,0,0,0,1,0,0,0,0,-0.007772021
2022-11-16,1,TRUE,FALSE,88.06,92.86,85.59,88.06,5.88,332.55,255.92,255.92,1,1325,187.29,3,3.808,5.33,1.522,2477.45,19.87,1660.32,3221.76,979.75,627.45,2722.36,8.5,8.5,-4.404546284,-4.404546284,4.404546284,4.404546284,4.404546284,0,0,0,1,0,0,0,24.68,109.16,116.53,109,109.9,72,79,52428092,59167185,105.4,75.9,86.2,72.1,2916412,555965.8,1,256.29,970.41,5.29,86.83,341,248.0446667,253.1103333,956.452,900.706,5.2,4.764,89.18,90.4425,329.43,360.8375,3,0,0,0,0,0,0,0,1,0,0,0,0,-0.007832898
2022-11-17,1,TRUE,FALSE,87.18,89.78,81.64,87.17,6.2,334.6,260.4,260.4,1,1339.1,187.65,3,3.804,5.37,1.566,2442.9,20.09,1650.11,3160.17,979.07,611.89,2674.13,10.2,10.2,-2.704546284,-2.704546284,2.704546284,2.704546284,2.704546284,0,0,0,1,0,0,0,24.68,109.16,116.53,109,109.9,72,79,52428092,59167185,105.4,75.9,86.2,72.1,2916412,555965.8,1,255.92,979.75,5.33,88.06,332.55,248.0666667,252.5788333,963.642,906.1955,5.25,4.8275,88.832,90.5565,330.99,357.915,3,0,0,0,0,0,0,0,1,0,0,0,0,-0.018421053
2022-11-18,1,TRUE,FALSE,84.35,87.62,80.08,84.34,6.1,343.45,260.49,260.49,1,1340.3,187.75,3,3.787,5.4,1.613,2444.48,19.87,1650.47,3154.67,974.92,612.79,2663.45,11,11,-1.904546284,-1.904546284,1.904546284,1.904546284,1.904546284,0,0,0,1,0,0,0,24.68,109.16,116.53,109,109.9,72,79,52428092,59167185,105.4,75.9,86.2,72.1,2916412,555965.8,1,260.4,979.07,5.37,87.17,334.6,248.4946667,252.2048333,970.468,911.8705,5.292,4.889,88.83,90.4215,333.06,355.0475,3,0,0,0,0,0,0,0,1,0,0,0,0,-0.018766756
2022-11-21,1,TRUE,FALSE,81.27,87.45,79.73,81.29,6.23,351,243.34,225.4266667,3,1354.7,189.18,3,3.837,5.43,1.593,2419.5,19.81,1649.68,3120.54,979.07,605.14,2600.6,11.8,12.8,-1.104546284,-0.104546284,1.104546284,0.634848761,1.104546284,0,0,0,3,0,0,0,24.68,109.16,116.53,109,109.9,72,79,52428092,59167185,105.4,75.9,86.2,72.1,2916412,555965.8,1,260.49,974.92,5.4,84.34,343.45,249.9146667,251.9583333,973.952,917.8235,5.328,4.944,87.488,90.1025,336.39,352.72,3,0,0,0,0,0,0,0,1,0,0,0,0,-0.027322404
2022-11-22,1,TRUE,FALSE,82.35,88.36,80.95,82.34,6.27,347.15,257.99,257.99,1,1356.6,189.36,3,3.844,5.45,1.606,2405.27,19.09,1669.93,3093,986.43,607.48,2553.08,10.7,10.7,-2.204546284,-2.204546284,2.204546284,2.204546284,2.204546284,0,0,0,1,0,0,0,24.68,109.16,116.53,109,109.9,72,79,52428092,59167185,105.4,75.9,86.2,72.1,2916412,555965.8,1,225.4266667,979.07,5.43,81.29,351,251.7053333,250.7925,976.644,923.6825,5.364,4.9945,85.538,89.631,340.52,350.77,3,0,0,0,0,0,0,0,1,0,0,0,0,-0.050561798
2022-11-23,1,TRUE,FALSE,81.83,85.41,77.94,81.83,6.57,346.45,253.67,253.67,1,1351.8,188.84,3,3.849,5.47,1.621,2418.01,17.92,1686.57,3148.81,995.24,611.24,2595.72,10.8,10.8,-2.104546284,-2.104546284,2.104546284,2.104546284,2.104546284,0,0,0,1,0,0,0,24.68,109.16,116.53,109,109.9,74,76,52428092,59167185,105.4,75.9,86.2,72.1,2916412,555965.8,1,257.99,986.43,5.45,82.34,347.15,252.0453333,250.953,979.848,929.9605,5.396,5.042,84.64,89.26,341.75,348.72,3,0,0,0,0,0,0,0,1,0,0,0,0,0.00591716
2022-11-24,1,TRUE,FALSE,77.67,85.34,77.94,77.67,6.57,347.35,253.23,253.23,1,1328.2,185.8,3.25,3.689,5.56,1.871,2441.33,16.85,1654.07,3206.73,1012.16,615.92,2634.59,9.4,9.4,-3.504546284,-3.504546284,3.504546284,3.504546284,3.504546284,0,0,0,1,0,0,0,24.68,109.16,117.13,109,109.9,74,76,52428092,59167185,105.4,75.9,86.2,72.1,2916412,555965.8,1,253.67,995.24,5.47,81.83,346.45,251.5953333,250.3735,982.946,936.656,5.424,5.0875,83.394,88.829,344.53,346.7175,3,0,0,0,0,0,0,0,1,0,0,0,0,-0.067647059
2022-11-25,1,TRUE,FALSE,81.08,83.63,76.28,81.08,6.57,349.4,249.7,249.7,1,1323.7,184.78,3.25,3.644,5.58,1.936,2437.86,16.97,1695.56,3217.66,1038.81,613.08,2597.4,12.3,12.3,-0.604546284,-0.604546284,0.604546284,0.604546284,0.604546284,1.7,1.7,1.7,1,0,0,0,24.68,109.16,117.13,109,109.9,74,76,52428092,59167185,105.4,75.9,86.2,72.1,2916412,555965.8,1,253.23,1012.16,5.56,77.67,347.35,250.1613333,249.7245,989.564,943.7795,5.462,5.1355,81.494,88.09,347.08,344.805,3,0,0,0,0,0,0,0,1,0,0,0,0,0.047318612
2022-11-28,1,TRUE,FALSE,76.68,83.19,77.24,76.68,6,379,229.96,213.9866667,3,1340.2,185.72,3.25,3.669,5.59,1.921,2408.27,18.12,1679.95,3178.54,1010.56,606.39,2546.33,12.3,8.133333333,-0.604546284,-4.771212951,0.604546284,4.771212951,7.504546284,19.5,6.5,19.5,3,0,0,0,24.68,109.16,117.13,109,109.9,74,76,52428092,59167185,105.4,75.9,86.2,72.1,2916412,555965.8,1,249.7,1038.81,5.58,81.08,349.4,248.0033333,249.5445,1002.342,951.8655,5.498,5.1825,80.842,87.5085,348.27,342.99,3,0,0,0,0,0,0,0,1,0,0,0,0,-0.006024096
2022-11-29,1,TRUE,FALSE,80.96,83.03,78.2,80.97,6.03,387.4,251.69,251.69,1,1326.6,185.09,3.25,3.723,5.6,1.877,2433.39,17.76,1684.68,3205.15,1009.79,609.93,2564.35,6.9,6.9,-6.004546284,-6.004546284,6.004546284,6.004546284,6.004546284,3.8,3.8,3.8,1,0,0,0,24.68,109.16,117.13,109,109.9,74,76,52428092,59167185,105.4,75.9,86.2,72.1,2916412,555965.8,1,213.9866667,1010.56,5.59,76.68,379,245.7153333,248.2905,1008.64,958.653,5.53,5.228,79.92,86.8105,353.87,344.125,3,0,0,0,0,0,0,0,1,0,0,0,0,-0.018181818
2022-11-30,1,TRUE,FALSE,80.44,85.43,80.55,80.48,7,398.5,249.95,249.95,1,1318.8,184.32,3.25,3.689,5.61,1.921,2472.53,17.78,1700.96,3237.99,1032.25,610.39,2577.33,-5.4,-5.4,-18.30454628,-18.30454628,18.30454628,18.30454628,18.30454628,0,0,0,1,0,0,0,24.68,109.16,117.13,109.2,110,74,76,52428092,59167185,106.4,77.8,85,70.8,2483288,555965.8,1,251.69,1009.79,5.6,80.97,387.4,244.4553333,248.18,1013.312,964.362,5.56,5.2715,79.646,86.2865,361.92,345.545,3,0,0,0,0,0,0,0,1,0,0,0,0,-0.009259259
2022-12-01,1,TRUE,FALSE,81.37,86.88,81.22,81.37,6.33,385,276.61,276.61,1,1299.7,184.18,3.25,3.65,5.62,1.97,2479.84,17.51,1718.54,3223.99,1034.89,616.68,2604.4,-5.4,-5.4,-18.30454628,-18.30454628,18.30454628,18.30454628,18.30454628,0,0,0,1,0,0,0,24.68,109.16,117.13,109.2,110,74,76,51771855,58847655,106.4,77.8,85,70.8,2483288,555965.8,1,249.95,1032.25,5.61,80.48,398.5,243.7113333,247.9265,1020.714,971.484,5.588,5.312,79.376,85.7605,372.33,347.42,3,0,0,0,0,0,0,0,1,0,0,0,0,-0.003115265
2022-12-02,1,TRUE,FALSE,80.98,85.57,79.98,80.97,4.92,391,276.47,276.47,1,1299.9,184.55,3.25,3.616,5.62,2.004,2434.33,18.49,1680.01,3160.44,1023.81,598.32,2548.23,-2.5,-2.5,-15.40454628,-15.40454628,15.40454628,15.40454628,15.40454628,0,0,0,1,0,0,0,24.68,109.07,117.13,109.2,110,74,76,51771855,58847655,106.4,77.8,85,70.8,2483288,555965.8,1,276.61,1034.89,5.62,81.37,385,248.3873333,248.824,1025.26,978.2965,5.6,5.3495,80.116,85.3375,379.86,349.12,3,0,0,0,0,0,0,0,1,0,0,0,0,-0.003125
2022-12-05,1,TRUE,FALSE,80.81,82.68,76.93,80.81,4.15,400.5,256.63,249.8733333,3,1292.6,186.05,3.25,3.609,5.62,2.011,2419.32,17.98,1679.68,3146.19,1014.94,592.09,2548.26,-3.1,-1.5,-16.00454628,-14.40454628,16.00454628,14.40454628,16.40454628,0,0.366666667,1.1,3,0,0,0,24.68,109.07,117.13,109.2,110,74,76,51771855,58847655,106.4,77.8,85,70.8,2483288,555965.8,1,276.47,1023.81,5.62,80.97,391,253.7413333,249.935,1022.26,983.8745,5.608,5.3835,80.094,84.7705,388.18,351.195,3,0,0,0,0,0,0,0,1,0,0,0,0,-0.015673981
2022-12-06,1,TRUE,FALSE,77.97,79.35,74.25,77.98,4.58,408.8,274.89,274.89,1,1318.8,189.06,3.25,3.633,5.62,1.987,2393.16,18.19,1635.72,3088.42,1004.45,585.1,2499.53,0.9,0.9,-12.00454628,-12.00454628,12.00454628,12.00454628,12.00454628,0.1,0.1,0.1,1,0,0,0,24.68,109.07,117.13,109.2,110,74,76,51771855,58847655,106.4,77.8,85,70.8,2483288,555965.8,1,249.8733333,1014.94,5.62,80.81,400.5,260.9186667,251.3295,1023.136,988.924,5.614,5.4145,80.92,84.1645,392.48,353.975,3,0,0,0,0,0,0,0,1,0,0,0,0,-0.012738854
2022-12-07,1,TRUE,FALSE,74.85,77.17,72.01,74.85,4.49,405.65,275.97,275.97,1,1321.7,189.34,3.25,3.672,5.62,1.948,2382.81,18.45,1651.93,3060.78,1012.36,582.17,2458.37,4.9,4.9,-8.004546284,-8.004546284,8.004546284,8.004546284,8.004546284,0.1,0.1,0.1,1,0,0,2300000,24.68,109.07,117.13,109.2,110,74,76,51771855,58847655,106.4,77.8,85,70.8,2483288,555965.8,1,274.89,1004.45,5.62,77.98,408.8,265.5586667,252.526,1022.068,992.92,5.618,5.4435,80.322,83.447,396.76,357.465,3,0,0,0,0,0,0,0,1,0,0,0,0,-0.012903226
2022-12-08,1,TRUE,FALSE,73.09,76.15,71.46,73.09,4.79,395.5,274.43,274.43,1,1318,189.06,3.25,3.676,5.62,1.944,2371.08,18.38,1627.73,3048.18,994.31,573.39,2451.13,3.7,3.7,-9.204546284,-9.204546284,9.204546284,9.204546284,9.204546284,0,0,0,1,0,0,2300000,24.68,109.07,117.13,109.2,110,74,76,51771855,58847655,106.4,77.8,85,70.8,2483288,555965.8,1,275.97,1012.36,5.62,74.85,405.65,270.7626667,253.534,1018.09,996.348,5.62,5.4705,79.196,82.6995,398.19,361.51,3,0,0,0,0,0,0,0,1,0,0,0,0,-0.022875817
2022-12-09,1,TRUE,FALSE,72.05,76.1,71.02,72.05,4.98,402.5,276.99,276.99,1,1301.3,187.04,3.25,3.657,5.62,1.963,2389.04,17.57,1641.54,2988.18,1018.36,567.94,2502.27,4.5,4.5,-8.404546284,-8.404546284,8.404546284,8.404546284,8.404546284,0,0,0,1,0,1,2300000,24.68,109.07,117.13,109.2,110,74,76,51771855,58847655,106.4,77.8,85,70.8,2483288,555965.8,1,274.43,994.31,5.62,73.09,395.5,270.3266667,254.3425,1009.974,998.8165,5.62,5.4935,77.54,81.995,400.29,365.0725,3,0,0,0,0,0,0,0,1,0,0,0,0,0.016722408
2022-12-12,1,TRUE,FALSE,71.83,77.99,73.17,71.84,6.73,400.25,252.04,243.95,3,1307.2,187.38,3.25,3.623,5.61,1.987,2373.02,18.52,1616.51,2996.08,1011.9,557.75,2456.2,2,2.066666667,-10.90454628,-10.83787962,10.90454628,10.83787962,11.30454628,5.4,1.8,5.4,3,1,1,2300000,24.68,109.07,117.13,109.2,110,74,76,51771855,58847655,106.4,77.8,85,70.8,2483288,555965.8,1,276.99,1018.36,5.62,72.05,402.5,270.4306667,255.5225,1008.884,1001.8595,5.62,5.5135,75.756,81.045,402.59,368.8575,3,0,0,0,0,0,0,0,1,0,0,0,0,-0.013157895
2022-12-13,1,TRUE,FALSE,75.48,80.68,75.39,75.5,7.2,404.5,274.74,274.74,1,1306,186.27,3.25,3.623,5.6,1.977,2372.4,19.09,1620.44,2996.9,1018.14,554.5,2470.49,0,0,-12.90454628,-12.90454628,12.90454628,12.90454628,12.90454628,0.6,0.6,0.6,1,1,1,2300000,24.68,109.07,117.13,109.2,110,74,76,51771855,58847655,106.4,77.8,85,70.8,2483288,555965.8,1,243.95,1011.9,5.61,71.84,400.25,269.246,256.8963333,1008.276,1004.174,5.618,5.5315,73.962,80.085,402.54,372.3525,3,0,0,0,0,0,0,0,1,0,0,0,0,0
2022-12-14,1,TRUE,FALSE,76.71,82.7,77.28,76.73,6.54,404,275.79,275.79,1,1296.3,186,3.25,3.53,5.58,2.05,2399.25,17.27,1627.83,3065.24,1025.81,564.16,2516.6,-8.4,-8.4,-21.30454628,-21.30454628,21.30454628,21.30454628,21.30454628,0,0,0,1,1,1,2300000,24.68,109.07,117.13,109.2,110,74,76,51771855,58847655,106.4,77.8,85,70.8,2483288,555965.8,1,274.74,1018.14,5.6,75.5,404.5,269.216,257.8188333,1011.014,1006.5605,5.614,5.547,73.466,79.5185,401.68,375.5275,3,0,0,0,0,0,0,0,1,0,0,0,0,-0.013333333
2022-12-15,1,TRUE,FALSE,77.73,81.21,76.11,78.05,6.8,401.9,279.94,279.94,1,1303.1,187.03,3.25,3.536,5.56,2.024,2360.97,16.71,1616.06,3018.83,1024.81,554.71,2474.47,-4.5,-4.5,-17.40454628,-17.40454628,17.40454628,17.40454628,17.40454628,2.4,2.4,2.4,1,1,1,0,60,109.07,117.13,109.2,110,74,76,51771855,58847655,106.4,77.8,85,70.8,2483288,555965.8,1,275.79,1025.81,5.58,76.73,404,269.18,258.8123333,1013.704,1008.8635,5.606,5.5595,73.842,78.952,401.35,379.1,3,0,0,0,0,0,0,0,1,0,0,0,0,-0.006756757
2022-12-16,1,TRUE,FALSE,76.36,79.04,74.29,76.8,6.63,403,282.65,282.65,1,1305.4,187.3,3.25,3.539,5.54,2.001,2360.02,17.03,1595.26,3012.03,1051.69,549.1,2427.55,-6.3,-6.3,-19.20454628,-19.20454628,19.20454628,19.20454628,19.20454628,0,0,0,1,1,1,0,60,109.07,117.13,109.2,110,74,76,51771855,58847655,106.4,77.8,85,70.8,2483288,555965.8,1,279.94,1024.81,5.56,78.05,401.9,270.282,259.7893333,1019.804,1011.1505,5.594,5.569,74.834,78.496,402.63,382.465,3,0,0,0,0,0,0,0,1,0,0,0,0,-0.013605442
2022-12-19,1,TRUE,FALSE,75.36,79.8,75.19,76.25,6.08,401.35,256.52,254.9366667,3,1302.9,186.6,3.25,3.545,5.53,1.985,2352.17,17.6,1592.13,2981.94,1046.22,549.05,2439.32,-7,-7.833333333,-19.90454628,-20.73787962,19.90454628,20.73787962,22.40454628,0,0.066666667,0.2,3,0,1,0,60,109.07,117.13,109.2,110,74,76,51771855,58847655,106.4,77.8,85,70.8,2483288,555965.8,1,282.65,1051.69,5.54,76.8,403,271.414,260.8973333,1026.47,1014.989,5.578,5.576,75.784,78.119,402.73,385.4425,3,0,0,0,0,0,0,0,1,0,0,0,0,-0.034482759
2022-12-20,1,TRUE,FALSE,75.79,79.99,76.09,76.31,5.28,400.05,277.35,277.35,1,1289.6,184.71,3.25,3.685,5.49,1.805,2333.29,17.98,1580.76,2942.46,1044.81,546.62,2399.48,-3.2,-3.2,-16.10454628,-16.10454628,16.10454628,16.10454628,16.10454628,0,0,0,1,0,0,0,60,109.07,117.13,109.2,110,74,76,51771855,58847655,106.4,77.8,85,70.8,2483288,555965.8,1,254.9366667,1046.22,5.53,76.25,401.35,273.6113333,262.3728333,1033.334,1018.3465,5.562,5.581,76.666,77.867,402.95,387.96,3,0,0,0,0,0,0,0,1,0,0,0,0,-0.057142857
2022-12-21,1,TRUE,FALSE,76.74,82.2,78.29,77.25,6.13,401.4,276.6,276.6,1,1285.7,184.35,3.25,3.638,5.47,1.832,2328.95,17.62,1591.78,2930.25,1046.78,545.93,2391.14,-0.1,-0.1,-13.00454628,-13.00454628,13.00454628,13.00454628,13.00454628,3.6,3.6,3.6,1,0,0,0,60,109.07,117.13,109.2,110,74,76,51771855,58847655,106.4,77.8,85,70.8,2483288,555965.8,1,277.35,1044.81,5.49,76.31,400.05,274.1333333,263.3408333,1038.668,1021.2655,5.54,5.583,76.828,77.5655,402.06,390.605,3,0,0,0,0,0,0,0,1,0,0,0,0,-0.022727273
2022-12-22,1,TRUE,FALSE,78.88,80.98,77.49,79.52,7.1,400.65,280.97,280.97,1,1276.2,182.61,3.25,3.567,5.46,1.893,2356.73,16.6,1611.35,2972.24,1047.08,550.44,2440.61,-7.8,-7.8,-20.70454628,-20.70454628,20.70454628,20.70454628,20.70454628,0,0,0,1,0,0,0,60,109.07,116.75,109.2,110,74,76,51771855,58847655,106.4,77.8,85,70.8,2483288,555965.8,1,276.6,1046.78,5.47,77.25,401.4,274.2953333,264.4873333,1042.862,1023.8425,5.518,5.583,76.932,77.3365,401.54,393.3525,3,0,0,0,0,0,0,0,1,0,0,0,0,-0.007751938
2022-12-23,1,TRUE,FALSE,78.11,83.92,79.56,78.67,7.15,401.1,279.42,279.42,1,1280.8,182.78,3.25,3.623,5.45,1.827,2313.69,17.43,1586.82,2903.33,1031.56,533.75,2359.33,-11.8,-11.8,-24.70454628,-24.70454628,24.70454628,24.70454628,24.70454628,0,0,0,1,0,0,0,60,109.07,116.75,109.2,110,74,76,51771855,58847655,106.4,77.8,85,70.8,2483288,555965.8,1,280.97,1047.08,5.46,79.52,400.65,274.5013333,265.8743333,1047.316,1025.5885,5.498,5.578,77.226,77.429,401.29,396.0175,3,0,0,0,0,0,0,0,1,0,0,0,0,0.09375
2022-12-26,1,TRUE,FALSE,78.11,83.92,79.56,78.67,7.15,401.1,269.25,264.0266667,3,1274.8,182.43,3.25,3.663,5.42,1.757,2317.14,17.46,1589.49,2931.63,1041.01,538.12,2387.13,-3.9,-5.9,-16.80454628,-18.80454628,16.80454628,18.80454628,21.30454628,0,0,0,3,0,0,0,60,109.07,116.75,109.2,110,74,76,51771855,58847655,106.4,77.8,85,70.8,2483288,555965.8,1,279.42,1031.56,5.45,78.67,401.1,273.8553333,267.3603333,1043.29,1025.226,5.48,5.5715,77.6,77.3085,400.91,398.6025,3,0,0,0,0,0,0,0,1,0,0,0,0,0
2022-12-27,1,TRUE,FALSE,80.63,84.33,79.53,80.64,4.88,400.5,275.74,275.74,1,1271.4,182.61,3.25,3.662,5.38,1.718,2332.79,17.09,1601.36,2949.96,1034.4,548.73,2411.77,-2.6,-2.6,-15.50454628,-15.50454628,15.50454628,15.50454628,15.50454628,0,0,0,1,0,0,0,60,109.07,116.75,109.2,110,74,76,51771855,58847655,106.4,77.8,85,70.8,2483288,555965.8,1,264.0266667,1041.01,5.42,78.67,401.1,275.6733333,269.8623333,1042.248,1026.7485,5.458,5.563,78.084,77.408,400.86,399.7075,3,0,0,0,0,0,0,0,1,0,0,0,0,0.071428571
2022-12-28,1,TRUE,FALSE,80,83.26,78.96,80.09,4.06,402.1,276.34,276.34,1,1267,181.77,3.25,3.668,5.34,1.672,2280.45,17.53,1589.61,2851.03,1062.15,535.61,2334.43,-3.3,-3.3,-16.20454628,-16.20454628,16.20454628,16.20454628,16.20454628,0.1,0.1,0.1,1,0,0,0,60,109.07,116.75,109.2,110,71,76,51771855,58847655,106.4,77.8,85,70.8,2483288,555965.8,1,275.74,1034.4,5.38,80.64,400.5,275.3513333,271.0648333,1040.166,1027.979,5.436,5.552,78.95,77.3915,400.95,400.3625,3,0,0,0,0,0,0,0,1,0,0,0,0,0.093333333
2022-12-29,1,TRUE,FALSE,78.15,82.26,78.4,78.27,3.78,404.15,277.34,277.34,1,1264.5,181.58,3.25,3.719,5.3,1.581,2236.4,18.4,1529,2784.7,1021.54,524.94,2273.95,-2.9,-2.9,-15.80454628,-15.80454628,15.80454628,15.80454628,15.80454628,0,0,0,1,0,0,0,60,109.07,116.75,109.1,109.9,71,76,51771855,58847655,108,79.1,84.1,71.3,2754692,555965.8,1,276.34,1062.15,5.34,80.09,402.1,275.2993333,272.3843333,1043.24,1029.474,5.41,5.5385,79.518,77.372,401.09,400.5425,3,0,0,0,0,0,0,0,1,0,0,0,0,-0.024390244
2023-01-02,2,TRUE,FALSE,78.15,82.26,78.4,78.27,3.78,404.15,252.34,240.14,4,1272.6,183.7,3.25,3.782,5.25,1.468,2225.67,18.85,1492.47,2776.2,996.05,525.74,2243.86,-4.5,-1.925,-17.40454628,-14.82954628,17.40454628,14.82954628,17.40454628,0,0,0,4,0,0,0,60,109.26,116.75,109.1,109.9,71,76,54848666,59623062,108,79.1,84.1,71.3,2754692,555965.8,1,277.34,1021.54,5.3,78.27,404.15,274.5733333,272.4208333,1038.132,1028.8065,5.378,5.5225,79.268,77.217,401.79,401.5,3,0,0,0,0,0,0,0,1,0,0,0,0,0.05
2023-01-03,2,TRUE,FALSE,82.07,82.1,76.93,82.28,3.64,393.1,257.58,257.58,1,1271,184.5,3.25,3.661,5.22,1.559,2218.68,18.96,1483.32,2761.51,997.8,519.8,2262.38,-5,-5,-17.90454628,-17.90454628,17.90454628,17.90454628,17.90454628,0,0,0,1,0,0,0,60,109.26,116.75,109.1,109.9,71,76,54848666,59623062,108,79.1,84.1,71.3,2754692,555965.8,1,240.14,996.05,5.25,78.27,404.15,266.7173333,270.6043333,1031.03,1027.4185,5.338,5.504,79.188,77.082,402.4,402.1575,3,0,0,0,0,0,0,0,1,0,0,0,0,-0.068452381
2023-01-04,2,TRUE,FALSE,77.1,77.84,72.84,77.18,3.75,394.55,262.17,262.17,1,1271.7,184.5,3.25,3.632,5.18,1.548,2255.98,18.17,1492.46,2757.68,999.39,530.16,2381.85,-1.8,-1.8,-14.70454628,-14.70454628,14.70454628,14.70454628,14.70454628,0,0,0,1,0,0,1000000,60,109.26,116.75,109.1,109.9,71,76,54848666,59623062,108,79.1,84.1,71.3,2754692,555965.8,1,257.58,997.8,5.22,82.28,393.1,265.428,270.9896667,1022.388,1026.5615,5.298,5.484,79.91,77.1555,400.8,401.7875,3,0,0,0,0,0,0,0,1,0,0,0,0,-0.067092652
2023-01-05,2,TRUE,FALSE,75.19,78.69,73.67,75.36,3.78,397.5,261.74,261.74,1,1269.4,184.5,3.25,3.644,5.12,1.476,2264.65,17.85,1503.03,2721.1,1005.67,533.65,2361.58,-1.6,-1.6,-14.50454628,-14.50454628,14.50454628,14.50454628,14.50454628,0,0,0,1,0,0,1000000,60,109.26,116.75,109.1,109.9,71,76,54848666,59623062,108,79.1,84.1,71.3,2754692,555965.8,1,262.17,999.39,5.18,77.18,394.55,262.714,270.3536667,1015.386,1026.3085,5.258,5.462,79.218,77.1155,399.61,401.075,3,0,0,0,0,0,0,0,1,0,0,0,0,-0.089041096
2023-01-06,2,TRUE,FALSE,75.2,78.57,73.77,75.38,3.43,396.15,265.65,265.65,1,1268.6,184.9,3.25,3.681,5.07,1.389,2289.97,17.74,1532.64,2766.49,1019.21,553.13,2431.77,0.6,0.6,-12.30454628,-12.30454628,12.30454628,12.30454628,12.30454628,3.9,3.9,3.9,1,0,1,1000000,60,109.26,116.75,109.1,109.9,71,76,54848666,59623062,108,79.1,84.1,71.3,2754692,555965.8,1,261.74,1005.67,5.12,75.36,397.5,259.794,269.6421667,1004.09,1025.974,5.214,5.437,78.272,77.141,398.69,400.6675,3,0,0,0,0,0,0,0,1,0,0,0,0,-0.011278195
2023-01-09,2,TRUE,FALSE,77.09,79.65,74.63,77.31,3.65,393.85,252.63,248.0533333,3,1243.5,183.34,3.25,3.577,5.03,1.453,2350.19,18.48,1574.94,2861.45,1038.31,558.65,2477.17,3.1,1.966666667,-9.804546284,-10.93787962,9.804546284,10.93787962,11.60454628,0,0.033333333,0.1,3,1,1,1000000,60,109.26,116.75,109.1,109.9,71,76,54848666,59623062,108,79.1,84.1,71.3,2754692,555965.8,1,265.65,1019.21,5.07,75.38,396.15,257.456,269.2031667,1003.624,1027.219,5.168,5.4095,77.694,77.2555,397.09,400.7,3,0,0,0,0,0,0,0,1,0,0,0,0,0.011406844
2023-01-10,2,TRUE,FALSE,76.04,80.1,75.12,76.4,3.32,390.45,253.96,253.96,1,1244.7,183.53,3.25,3.556,5,1.444,2351.31,18.22,1585.39,2865.81,1049.49,563.79,2478.66,1.6,1.6,-11.30454628,-11.30454628,11.30454628,11.30454628,11.30454628,0,0,0,1,1,1,1000000,60,109.26,116.75,109.1,109.9,71,76,54848666,59623062,108,79.1,84.1,71.3,2754692,555965.8,1,248.0533333,1038.31,5.03,77.31,393.85,259.0386667,267.7563333,1012.076,1028.2165,5.124,5.38,77.502,77.5185,395.03,400.2675,3,0,0,0,0,0,0,0,1,0,0,0,0,-0.007518797
2023-01-11,2,TRUE,FALSE,76.84,82.67,77.41,77.16,3.41,370,250.18,250.18,1,1246.2,183.78,3.25,3.472,4.96,1.488,2359.53,17.98,1594.13,2930.94,1048.92,562.27,2510.16,2.6,2.6,-10.30454628,-10.30454628,10.30454628,10.30454628,10.30454628,0,0,0,1,1,1,1000000,60,109.26,116.75,109.1,109.9,71,76,54848666,59623062,108,79.1,84.1,71.3,2754692,555965.8,1,253.96,1049.49,5,76.4,390.45,258.3146667,268.2568333,1022.414,1030.096,5.08,5.3495,76.326,77.7465,394.5,399.7775,3,0,0,0,0,0,0,0,1,0,0,0,0,0.098484848
2023-01-12,2,TRUE,FALSE,79.53,84.03,78.39,79.67,3.47,377.5,246.01,246.01,1,1245.8,184.2,3.25,3.466,4.93,1.464,2365.1,18.34,1595.41,2954.14,1048.28,561.45,2503.58,5.9,5.9,-7.004546284,-7.004546284,7.004546284,7.004546284,7.004546284,0,0,0,1,1,1,0,64.3,109.26,116.75,109.1,109.9,71,76,54848666,59623062,108,79.1,84.1,71.3,2754692,555965.8,1,250.18,1048.92,4.96,77.16,370,255.9166667,267.0288333,1032.32,1031.635,5.036,5.3175,76.322,77.8295,389.59,398.0525,3,0,0,0,0,0,0,0,1,0,0,0,0,0.075862069
2023-01-13,2,TRUE,FALSE,81.07,85.28,79.86,81.25,3.43,370.25,247.82,247.82,1,1241.3,184.06,3.5,3.369,4.96,1.591,2386.09,17.19,1641.48,2970.26,1054.47,565.34,2489.57,8.3,8.3,-4.604546284,-4.604546284,4.604546284,4.604546284,4.604546284,37.3,37.3,37.3,1,1,1,0,64.3,109.26,116.75,109.1,109.9,71,76,54848666,59623062,108,79.1,84.1,71.3,2754692,555965.8,1,246.01,1048.28,4.93,79.67,377.5,252.7706667,265.5398333,1040.842,1032.7585,4.998,5.285,77.184,77.9765,385.59,396.7275,3,0,0,0,0,0,0,0,1,0,0,0,0,0.016025641
2023-01-16,2,TRUE,FALSE,81.79,84.46,79.86,82.02,3.43,368.75,233.99,232.4166667,3,1235.3,183.85,3.5,3.454,4.92,1.466,2399.86,16.88,1656.08,2969.34,1052.85,565.74,2498.66,-4.6,0.6,-17.50454628,-12.30454628,17.50454628,12.30454628,17.50454628,0,1.6,4.8,3,0,1,0,64.3,109.26,116.75,109.1,109.9,71,76,54848666,59623062,108,79.1,84.1,71.3,2754692,555965.8,1,247.82,1054.47,4.96,81.25,370.25,249.2046667,263.9338333,1047.894,1034.2415,4.976,5.255,78.358,78.1365,380.41,395.145,3,0,0,0,0,0,0,0,1,0,0,0,0,-0.072555205
2023-01-17,2,TRUE,FALSE,82.54,85.92,80.18,82.73,3.43,369.25,251.91,251.91,1,1238.7,182.9,3.5,3.484,4.89,1.406,2379.39,16.85,1639.86,2945.01,1057.99,565.61,2482.47,-3.7,-3.7,-16.60454628,-16.60454628,16.60454628,16.60454628,16.60454628,0,0,0,1,0,0,0,64.3,109.26,116.75,109.1,109.9,71,76,54848666,59623062,108,79.1,84.1,71.3,2754692,555965.8,1,232.4166667,1052.85,4.92,82.02,368.75,246.0773333,261.4221667,1050.802,1034.2995,4.954,5.224,79.3,78.3975,375.39,393.4325,3,0,0,0,0,0,0,0,1,0,0,0,0,0.037414966
2023-01-18,2,TRUE,FALSE,83.7,84.98,79.48,83.95,3.2,368,255.78,255.78,1,1237.4,182.57,3.5,3.39,4.86,1.47,2368.32,16.8,1625.37,2923.24,1064.21,558.98,2483.52,-1.9,-1.9,-14.80454628,-14.80454628,14.80454628,14.80454628,14.80454628,0,0,0,1,0,0,0,64.3,109.26,116.75,109.1,109.9,71,76,54848666,59623062,108,79.1,84.1,71.3,2754692,555965.8,1,251.91,1057.99,4.89,82.73,369.25,245.6673333,261.2708333,1052.502,1034.888,4.932,5.192,80.566,78.7215,371.15,391.8275,3,0,0,0,0,0,0,0,1,0,0,0,0,-0.049180328
2023-01-19,2,TRUE,FALSE,81.43,86.16,80.33,81.52,2.91,363.5,258.78,258.78,1,1232.1,181.81,3.5,3.248,4.82,1.572,2380.34,16.89,1627.93,2933.53,1076.89,552.6,2498.99,-0.4,-0.4,-13.30454628,-13.30454628,13.30454628,13.30454628,13.30454628,1,1,1,1,0,0,0,64.3,109.26,116.75,109.1,109.9,71,76,54848666,59623062,108,79.1,84.1,71.3,2754692,555965.8,1,255.78,1064.21,4.86,83.95,368,246.7873333,260.1923333,1055.56,1035.858,4.912,5.1605,81.924,79.1035,370.75,390.225,3,0,0,0,0,0,0,0,1,0,0,0,0,-0.024137931
2023-01-20,2,TRUE,FALSE,83.88,87.63,81.31,84.07,3.15,350.95,237.65,237.65,1,1235.5,182.26,3.5,3.33,4.78,1.45,2395.26,16.81,1659.12,2955.23,1081.16,565.07,2512.69,-3.3,-3.3,-16.20454628,-16.20454628,16.20454628,16.20454628,16.20454628,0,0,0,1,0,0,0,64.3,109.26,116.27,109.1,109.9,71,76,54848666,59623062,108,79.1,84.1,71.3,2754692,555965.8,1,258.78,1076.89,4.82,81.52,363.5,249.3413333,259.3013333,1061.282,1037.3635,4.89,5.128,82.294,79.317,367.95,388.33,3,0,0,0,0,0,0,0,1,0,0,0,0,0.024734982
2023-01-25,2,TRUE,FALSE,83.52,86.12,80.15,83.69,3.09,354,239.69,185.778,5,1231.7,181.91,3.5,3.285,4.74,1.455,2428.57,16.84,1639.53,3012.1,1076.98,560.68,2614.32,-11.3,-6.38,-24.20454628,-19.28454628,24.20454628,19.28454628,27.60454628,0,0,0,5,0,0,0,64.3,109.26,116.27,109.1,109.9,71,76,54848666,59623062,108,79.1,84.1,71.3,2754692,555965.8,1,237.65,1081.16,4.78,84.07,350.95,247.3073333,257.1353333,1066.62,1039.0675,4.854,5.094,82.858,79.5445,364.09,385.845,3,0,0,0,0,0,0,0,1,0,0,0,0,0
2023-01-26,2,TRUE,FALSE,83.23,87.47,81.01,83.36,2.72,355.6,263.38,263.38,1,1230.7,182.33,3.5,3.273,4.7,1.427,2468.65,16.53,1679.47,3086.18,1085.29,583.32,2632.38,-6,-6,-18.90454628,-18.90454628,18.90454628,18.90454628,18.90454628,0.8,0.8,0.8,1,0,0,0,64.3,109.26,116.27,109.1,109.9,71,76,54848666,59623062,108,79.1,84.1,71.3,2754692,576690.6,1,185.778,1076.98,4.74,83.69,354,237.9796,252.4532333,1071.446,1041.3385,4.818,5.0585,83.192,79.7955,361.14,383.49,3,0,0,0,0,0,0,0,1,0,0,0,0,-0.027586207
2023-01-27,2,TRUE,FALSE,84.17,86.66,79.68,84.3,2.83,358.1,263.09,263.09,1,1231.3,182.24,3.5,3.304,4.67,1.366,2484.02,16.86,1685.32,3104.54,1093.34,589.52,2628.12,-7.3,-7.3,-20.20454628,-20.20454628,20.20454628,20.20454628,20.20454628,0,0,0,1,0,0,0,64.3,109.26,116.27,109.1,109.9,66,71,54848666,59623062,108,79.1,84.1,71.3,2754692,576690.6,1,263.38,1085.29,4.7,83.36,355.6,240.2736,252.4209,1076.906,1043.5525,4.78,5.0225,83.318,80.03,358.41,381.215,3,0,0,0,0,0,0,0,1,0,0,0,0,0.053191489
2023-01-30,2,TRUE,FALSE,82.63,84.9,77.9,82.78,2.82,265.35,253.28,240.0533333,3,1227.4,181.71,3.5,3.271,4.62,1.349,2450.47,17.38,1656.79,3062,1091.22,588.63,2607,-0.9,-2.9,-13.80454628,-15.80454628,13.80454628,15.80454628,18.90454628,0,0,0,3,0,0,0,64.3,109.26,116.27,109.1,109.9,66,71,54848666,59623062,108,79.1,84.1,71.3,2754692,576690.6,1,263.09,1093.34,4.67,84.3,358.1,241.7356,251.7884,1082.732,1046.4995,4.742,4.987,83.388,80.213,356.43,379.095,3,0,0,0,0,0,0,0,1,0,0,0,0,0.01010101
2023-01-31,2,TRUE,FALSE,80.91,84.49,78.87,81.06,2.65,251.75,261.15,261.15,1,1231.9,182.38,3.5,3.325,4.57,1.245,2425.08,17.75,1638.67,3065.45,1097.12,601.09,2585.84,2.4,2.4,-10.50454628,-10.50454628,10.50454628,10.50454628,10.50454628,0,0,0,1,0,0,0,64.3,109.26,116.27,108.9,109.4,66,71,54848666,59623062,108.7,85.9,88.3,68.6,2630442,576690.6,1,240.0533333,1091.22,4.62,82.78,265.35,237.9902667,249.9740667,1085.598,1047.953,4.702,4.951,83.64,80.3475,336.8,372.2575,3,0,0,0,0,0,0,0,1,0,0,0,0,-0.013333333
2023-02-01,2,TRUE,FALSE,83.6,82.84,76.41,83.74,2.65,247,260.84,260.84,1,1231.3,182.39,3.5,3.263,4.53,1.267,2449.8,17.54,1651.94,3105.2,1091.39,602.59,2615.96,0.9,0.9,-12.00454628,-12.00454628,12.00454628,12.00454628,12.00454628,0,0,0,1,0,0,1000000,64.3,109.26,116.27,108.9,109.4,66,71,46339145,59037259,108.7,85.9,88.3,68.6,2630442,576690.6,1,261.15,1097.12,4.57,81.06,251.75,242.6902667,249.1645667,1088.79,1051.732,4.66,4.9145,83.038,80.487,316.96,364.6375,3,0,0,0,0,0,0,0,1,0,0,0,0,-0.003378378
2023-02-02,2,TRUE,FALSE,80.9,82.17,75.88,81,2.67,244.65,260.67,260.67,1,1220.3,181.74,3.5,3.183,4.48,1.297,2468.88,17.08,1639.66,3119.16,1071.9,597.68,2663.44,-2.4,-2.4,-15.30454628,-15.30454628,15.30454628,15.30454628,15.30454628,0,0,0,1,0,0,1000000,64.3,110.07,116.27,108.9,109.4,66,71,46339145,59037259,108.7,85.9,88.3,68.6,2630442,576690.6,1,260.84,1091.39,4.53,83.74,247,257.7026667,250.1995667,1091.672,1056.499,4.618,4.8785,83.048,80.7605,295.56,356.78,3,0,0,0,0,0,0,0,1,0,0,0,0,-0.044067797
2023-02-03,2,TRUE,FALSE,79.77,79.94,73.39,79.88,2.4,236,260.88,260.88,1,1229.4,182.13,3.5,3.11,4.42,1.31,2480.4,17.01,1630.27,3108.75,1076.54,600.76,2642.43,-1.6,-1.6,-14.50454628,-14.50454628,14.50454628,14.50454628,14.50454628,0,0,0,1,0,1,1000000,64.3,110.07,116.27,108.9,109.4,66,71,46339145,59037259,108.7,85.9,88.3,68.6,2630442,576690.6,1,260.67,1071.9,4.48,81,244.65,257.1606667,250.3540667,1088.994,1060.204,4.574,4.8415,82.576,80.6965,273.37,349.3575,3,0,0,0,0,0,0,0,1,0,0,0,0,-0.007092199
2023-02-06,2,TRUE,FALSE,78.36,80.99,74.11,78.34,2.17,252,260.11,241.2766667,3,1252.8,184.47,3.5,3.283,4.37,1.087,2438.19,17.55,1617.78,3098.05,1081.53,592.21,2594.45,3,1.5,-9.904546284,-11.40454628,9.904546284,11.40454628,13.10454628,0,0,0,3,1,1,1000000,64.3,110.07,116.27,108.9,109.4,66,71,46339145,59037259,108.7,85.9,88.3,68.6,2630442,576690.6,1,260.88,1076.54,4.42,79.88,236,256.7186667,250.2895667,1085.634,1064.0615,4.524,4.8035,81.692,80.8315,248.95,341.43,3,0,0,0,0,0,0,0,1,0,0,0,0,-0.010714286
2023-02-07,2,TRUE,FALSE,80.46,83.69,77.14,80.49,2.35,255.65,259.81,259.81,1,1255.3,184.84,3.5,3.315,4.33,1.015,2451.71,17.31,1604.29,3130.58,1072.74,591.74,2660.22,3.5,3.5,-9.404546284,-9.404546284,9.404546284,9.404546284,9.404546284,0,0,0,1,1,1,1000000,64.3,110.07,116.27,108.9,109.4,66,71,46339145,59037259,108.7,85.9,88.3,68.6,2630442,576690.6,1,241.2766667,1081.53,4.37,78.34,252,256.9633333,249.2664,1083.696,1067.8545,4.474,4.766,80.804,80.9805,246.28,334.155,3,0,0,0,0,0,0,0,1,0,0,0,0,-0.046931408
2023-02-08,2,TRUE,FALSE,81.93,85.09,78.47,82.08,2.4,239.35,258.22,258.22,1,1260.1,185.61,3.5,3.339,4.28,0.941,2483.64,17.5,1616.11,3126.46,1083.8,593.41,2730.14,2.1,2.1,-10.80454628,-10.80454628,10.80454628,10.80454628,10.80454628,0,0,0,1,1,1,1000000,64.3,110.07,116.27,108.9,109.4,66,71,46339145,59037259,108.7,85.9,88.3,68.6,2630442,576690.6,1,259.81,1072.74,4.33,80.49,255.65,256.6953333,248.9744,1078.82,1070.531,4.426,4.729,80.69,81.236,247.06,327.13,3,0,0,0,0,0,0,0,1,0,0,0,0,-0.015151515
2023-02-09,2,TRUE,FALSE,83.23,84.5,78.06,83.49,2.4,225.5,261.21,261.21,1,1260.4,185.6,3.5,3.401,4.26,0.859,2481.52,17.95,1620.89,3172.03,1082.25,604.04,2732.74,4,4,-8.904546284,-8.904546284,8.904546284,8.904546284,8.904546284,0,0,0,1,1,1,0,64.2,110.07,116.27,108.9,109.4,66,71,46339145,59037259,108.7,85.9,88.3,68.6,2630442,576690.6,1,258.22,1083.8,4.28,82.08,239.35,256.1713333,249.4827333,1077.302,1072.8055,4.376,4.6915,80.358,81.4745,245.53,319.405,3,0,0,0,0,0,0,0,1,0,0,0,0,0.023076923
2023-02-10,2,TRUE,FALSE,83.58,86.39,79.72,83.93,2.37,226.1,256.67,256.67,1,1265.2,185.7,3.5,3.398,4.25,0.852,2469.73,17.53,1617.52,3137.06,1083.59,598.41,2702.99,3.8,3.8,-9.104546284,-9.104546284,9.104546284,9.104546284,9.104546284,0.6,0.6,0.6,1,1,1,0,64.2,110.07,116.27,108.9,109.4,66,71,46339145,59037259,108.7,85.9,88.3,68.6,2630442,576690.6,1,261.21,1082.25,4.26,83.49,225.5,256.2793333,249.8452333,1079.372,1074.4435,4.332,4.6545,80.856,81.829,241.7,311.1575,3,0,0,0,0,0,0,0,1,0,0,0,0,-0.030075188
2023-02-13,2,TRUE,FALSE,84.43,86.61,80.14,84.69,2.42,221,259.07,247.7166667,3,1277.3,186.8,3.5,3.452,4.24,0.788,2452.7,18.23,1626.15,3153.64,1078.5,599.2,2669.31,5.9,4.133333333,-7.004546284,-8.771212951,7.004546284,8.771212951,10.10454628,0,0,0,3,0,1,0,64.2,110.07,116.27,108.9,109.4,66,71,46339145,59037259,108.7,85.9,88.3,68.6,2630442,576690.6,1,256.67,1083.59,4.25,83.93,226.1,255.4373333,250.1697333,1080.782,1076.177,4.298,4.619,81.666,82.1675,239.72,303.9625,3,0,0,0,0,0,0,0,1,0,0,0,0,0
2023-02-14,2,TRUE,FALSE,84.91,85.58,79.06,85.36,2.42,219.5,260.38,260.38,1,1269.4,186,3.5,3.429,4.22,0.791,2465.64,18.52,1636.82,3149.2,1077.29,600.73,2732.1,1.7,1.7,-11.20454628,-11.20454628,11.20454628,11.20454628,11.20454628,0,0,0,1,0,0,0,64.2,110.07,116.27,108.9,109.4,66,71,46339145,59037259,108.7,85.9,88.3,68.6,2630442,576690.6,1,247.7166667,1078.5,4.24,84.69,221,256.7253333,250.2550667,1080.176,1077.688,4.272,4.5845,82.936,82.4185,233.52,296.1375,3,0,0,0,0,0,0,0,1,0,0,0,0,-0.003875969
2023-02-15,2,TRUE,FALSE,83.31,85.38,78.59,83.53,2.45,219.9,260.76,260.76,1,1282.2,187.13,3.5,3.502,4.2,0.698,2427.9,18.18,1675.61,3099.91,1064.43,592.01,2688.15,3.2,3.2,-9.704546284,-9.704546284,9.704546284,9.704546284,9.704546284,0,0,0,1,0,0,0,64.2,110.07,116.27,108.9,109.4,66,71,46339145,59037259,108.7,85.9,88.3,68.6,2630442,576690.6,1,260.38,1077.29,4.22,85.36,219.5,256.8393333,250.8830667,1081.086,1078.829,4.25,4.5475,83.91,82.624,226.29,288.6,3,0,0,0,0,0,0,0,1,0,0,0,0,-0.003891051
2023-02-16,2,TRUE,FALSE,84.03,85.14,78.49,84.17,2.48,214,262.34,262.34,1,1284.8,187.13,3.5,3.504,4.18,0.676,2475.48,17.84,1690.26,3227.25,1066.9,604.26,2762.55,2.3,2.3,-10.60454628,-10.60454628,10.60454628,10.60454628,10.60454628,0,0,0,1,0,0,0,64.2,110.07,116.27,108.9,109.4,66,71,46339145,59037259,108.7,85.9,88.3,68.6,2630442,576690.6,1,260.76,1064.43,4.2,83.53,219.9,257.3473333,252.3002333,1077.212,1079.408,4.234,4.5115,84.2,82.6995,222.4,281.1575,3,0,0,0,0,0,0,0,1,0,0,0,0,0
2023-02-17,2,TRUE,FALSE,82.21,83,76.34,82.23,2.28,209.35,258.91,258.91,1,1299.5,188.56,3.5,3.639,4.17,0.531,2451.21,18.23,1725.27,3185.91,1075.48,606.07,2703.83,3.4,3.4,-9.504546284,-9.504546284,9.504546284,9.504546284,9.504546284,0,0,0,1,0,0,0,64.2,110.07,116.27,108.9,109.4,66,71,46339145,59037259,108.7,85.9,88.3,68.6,2630442,576690.6,1,262.34,1066.9,4.18,84.17,214,257.5733333,252.8217333,1074.142,1079.8535,4.218,4.476,84.336,82.7715,220.1,273.395,3,0,0,0,0,0,0,0,1,0,0,0,0,-0.00390625
2023-02-20,2,TRUE,FALSE,82.4,84.07,76.34,82.48,2.28,205.65,259.58,249.0533333,3,1294.5,188.52,3.5,3.677,4.14,0.463,2455.12,18.64,1784.46,3166.89,1082.12,603.32,2738.39,-0.5,2.9,-13.40454628,-10.00454628,13.40454628,10.00454628,13.40454628,0,0.133333333,0.4,3,0,0,0,64.2,110.07,116.27,108.9,109.4,66,71,46339145,59037259,108.7,85.9,88.3,68.6,2630442,576690.6,1,258.91,1075.48,4.17,82.23,209.35,258.0213333,252.9782333,1072.52,1080.417,4.202,4.4415,83.996,82.6855,216.75,265.4625,3,0,0,0,0,0,0,0,1,0,0,0,0,0.003921569
2023-02-21,2,TRUE,FALSE,81.91,83.05,76.16,82.23,2.12,208.5,259.06,259.06,1,1295.9,188.39,3.5,3.623,4.12,0.497,2458.96,18.89,1833.75,3250.32,1085.65,618.61,2708.55,-1.3,-1.3,-14.20454628,-14.20454628,14.20454628,14.20454628,14.20454628,0,0,0,1,0,0,0,64.2,110.07,116.27,108.9,109.4,66,71,46339145,59037259,108.7,85.9,88.3,68.6,2630442,576690.6,1,249.0533333,1082.12,4.14,82.48,205.65,258.2886667,252.4919,1073.244,1080.6785,4.182,4.4075,83.554,82.7335,213.68,257.57,3,0,0,0,0,0,0,0,1,0,0,0,0,0
2023-02-22,2,TRUE,FALSE,80.83,80.6,73.95,81,2.07,209.65,260.2,260.2,1,1304.9,189.17,3.5,3.645,4.1,0.455,2417.68,19.56,1801.83,3167.71,1080.59,604.84,2633.56,1.2,1.2,-11.70454628,-11.70454628,11.70454628,11.70454628,11.70454628,0,0,0,1,0,0,0,64.2,110.07,116.27,108.9,109.4,63,73,46339145,59037259,108.7,85.9,88.3,68.6,2630442,576690.6,1,259.06,1085.65,4.12,82.23,208.5,258.0246667,253.5624,1074.916,1080.903,4.162,4.3745,82.928,82.6415,211.48,250.4475,3,0,0,0,0,0,0,0,1,0,0,0,0,0
2023-02-23,2,TRUE,FALSE,80.07,82.21,75.39,80.66,2.17,210.1,258,258,1,1297.1,188.23,3.5,3.599,4.09,0.491,2439.09,18.99,1776.54,3167.37,1094.38,604.79,2698.6,2.9,2.9,-10.00454628,-10.00454628,10.00454628,10.00454628,10.00454628,0,0,0,1,0,0,0,64.2,110.07,116.69,108.9,109.4,63,73,46339145,59037259,108.7,85.9,88.3,68.6,2630442,576690.6,1,260.2,1080.59,4.1,81,209.65,257.9126667,257.2835,1078.148,1081.0835,4.142,4.3425,82.422,82.507,209.43,243.23,3,0,0,0,0,0,0,0,1,0,0,0,0,0.00390625
2023-02-24,2,TRUE,FALSE,82.07,83.16,76.32,82.66,2.36,209.2,255.07,255.07,1,1304.8,187.97,3.5,3.555,4.08,0.525,2423.61,18.81,1734.73,3150.76,1096.97,596.14,2680.91,3.5,3.5,-9.404546284,-9.404546284,9.404546284,9.404546284,9.404546284,0,0,0,1,0,0,0,64.2,110.07,116.69,108.9,109.4,63,73,46339145,59037259,108.7,85.9,88.3,68.6,2630442,576690.6,1,258,1094.38,4.09,80.66,210.1,257.0446667,257.0145,1083.644,1081.538,4.124,4.312,81.72,82.372,208.65,235.955,3,0,0,0,0,0,0,0,1,0,0,0,0,-0.011673152
2023-02-27,2,TRUE,FALSE,82.21,82.45,75.68,82.77,2.55,196.5,255.85,237.9333333,3,1323,189.38,3.5,3.683,4.07,0.387,2402.64,19.38,1742.92,3149.37,1090.11,596.5,2649.97,4.4,2.433333333,-8.504546284,-10.47121295,8.504546284,10.47121295,12.20454628,0,0,0,3,0,0,0,64.2,110.07,116.69,108.9,109.4,63,73,46339145,59037259,108.7,85.9,88.3,68.6,2630442,576690.6,1,255.07,1096.97,4.08,82.66,209.2,256.2766667,256.6135,1087.942,1081.7195,4.106,4.2825,81.806,82.29,208.62,228.51,3,0,0,0,0,0,0,0,1,0,0,0,0,-0.007874016
2023-02-28,2,TRUE,FALSE,81.92,83.89,77.05,82.5,2.5,192.85,253.17,253.17,1,1322.6,190.08,3.5,3.797,4.06,0.263,2412.85,18.53,1717.79,3177.75,1093.88,591.03,2661.63,4.3,4.3,-8.604546284,-8.604546284,8.604546284,8.604546284,8.604546284,0,0,0,1,0,0,1000000,64.2,110.07,116.69,108.9,109.4,63,73,46339145,59037259,108.7,85.9,88.3,68.6,2630442,576690.6,1,237.9333333,1090.11,4.07,82.77,196.5,254.0526667,256.5075,1089.54,1081.664,4.092,4.255,81.864,82.2895,206.79,225.0675,3,0,0,0,0,0,0,0,1,0,0,0,0,0.015873016
2023-03-02,2,TRUE,FALSE,82.87,84.75,78.16,82.88,2.67,193,225.57,231.585,2,1315.3,190.3,3.5,3.878,4.06,0.182,2427.85,18.31,1790.1,3221.87,1092.31,595.69,2639.53,2.2,4.1,-10.70454628,-8.804546284,10.70454628,8.804546284,10.70454628,0,0,0,2,0,0,1000000,64.2,110.07,116.69,108.9,109.2,63,73,49994593,55370498,95.2,91.1,88.8,70.9,2754869,576690.6,1,253.17,1093.88,4.06,82.5,192.85,252.8746667,256.1085,1091.186,1081.502,4.08,4.2295,81.918,82.3615,203.66,222.1225,3,0,0,0,0,0,0,0,1,0,0,0,0,0.01171875
2023-03-03,2,TRUE,FALSE,83.23,85.83,79.68,83.27,2.66,188.9,232.67,232.67,1,1301.6,188.3,3.5,3.791,4.06,0.269,2432.07,17.69,1794.63,3305.87,1088.75,603.17,2651.49,4.6,4.6,-8.304546284,-8.304546284,8.304546284,8.304546284,8.304546284,0,0,0,1,0,1,1000000,64.2,110.07,116.69,108.9,109.2,63,73,49994593,55370498,95.2,91.1,88.8,70.9,2754869,576690.6,1,231.585,1092.31,4.06,82.88,193,247.1516667,254.64575,1093.53,1081.548,4.072,4.206,82.294,82.3185,200.33,219.4225,3,0,0,0,0,0,0,0,1,0,0,0,0,0.003861004
2023-03-06,2,TRUE,FALSE,84.11,86.18,80.46,84.15,2.46,181.75,221.96,197.42,3,1296.9,187.35,3.5,3.774,4.06,0.286,2462.62,17.18,1758.24,3350.85,1088.55,604.5,2702.63,9.2,8.3,-3.704546284,-4.604546284,3.704546284,4.604546284,5.204546284,0,0,0,3,1,1,1000000,64.2,110.33,116.69,108.9,109.2,63,73,49994593,55370498,95.2,91.1,88.8,70.9,2754869,576690.6,1,232.67,1088.75,4.06,83.27,188.9,242.0856667,253.24575,1092.404,1082.3905,4.066,4.185,82.816,82.432,196.09,216.635,3,0,0,0,0,0,0,0,1,0,0,0,0,-0.003846154
2023-03-07,2,TRUE,FALSE,84.6,83.29,77.58,84.67,2.52,179.25,227.04,227.04,1,1299.4,187.19,3.5,3.726,4.06,0.334,2463.35,16.95,1771.68,3373.77,1098.78,625.34,2684.19,11.7,11.7,-1.204546284,-1.204546284,1.204546284,1.204546284,1.204546284,0,0,0,1,1,1,1000000,64.2,110.33,116.69,108.9,109.2,63,73,49994593,55370498,95.2,91.1,88.8,70.9,2754869,576690.6,1,197.42,1088.55,4.06,84.15,181.75,230.5556667,250.07275,1090.72,1082.991,4.062,4.167,83.114,82.6455,190.6,213.9225,3,0,0,0,0,0,0,0,1,0,0,0,0,0
2023-03-08,2,TRUE,FALSE,81.99,82.66,76.66,82.09,2.5,179.5,214.42,214.42,1,1321.4,189.34,3.5,3.855,4.06,0.205,2431.91,17.21,1728.09,3323.95,1095.46,623.45,2662.05,12.5,12.5,-0.404546284,-0.404546284,0.404546284,0.404546284,0.404546284,1.2,1.2,1.2,1,1,1,1000000,64.2,110.33,116.69,108.9,109.2,63,73,49994593,55370498,95.2,91.1,88.8,70.9,2754869,576690.6,1,227.04,1098.78,4.06,84.67,179.25,228.377,249.3609167,1092.454,1083.8535,4.06,4.1515,83.494,82.962,187.15,210.285,3,0,0,0,0,0,0,0,1,0,0,0,0,0.011583012
2023-03-09,2,TRUE,FALSE,81.8,81.59,75.72,81.9,2.5,180,225.25,225.25,1,1322.2,189.3,3.5,3.858,4.06,0.202,2419.09,16.53,1710.74,3277.6,1092.74,626.79,2643.43,10.3,10.3,-2.604546284,-2.604546284,2.604546284,2.604546284,2.604546284,3.7,3.7,3.7,1,1,1,0,69.94,110.33,116.69,108.9,109.2,63,73,49994593,55370498,95.2,91.1,88.8,70.9,2754869,576690.6,1,214.42,1095.46,4.06,82.09,179.5,220.627,247.0914167,1092.77,1084.9895,4.06,4.138,83.412,83.042,184.48,206.4775,3,0,0,0,0,0,0,0,1,0,0,0,0,0
2023-03-10,2,TRUE,FALSE,80.23,82.78,76.68,80.41,2.4,185.25,231.83,231.83,1,1324.2,189.85,3.5,3.703,4.06,0.357,2394.59,17.56,1689.71,3251.56,1087.49,619.78,2552.01,13.5,13.5,0.595453716,0.595453716,0.595453716,0.595453716,0.595453716,0,0,0,1,1,1,0,69.94,110.33,116.69,108.9,109.2,63,73,49994593,55370498,95.2,91.1,88.8,70.9,2754869,576690.6,1,225.25,1092.74,4.06,81.9,180,219.36,245.4429167,1092.856,1085.4365,4.06,4.127,83.216,83.033,181.88,203.51,3,0,0,0,0,0,0,0,1,0,0,0,0,0.007633588
2023-03-13,2,TRUE,FALSE,82.35,80.77,74.8,82.46,2.4,182.9,214.69,199.8933333,3,1301.8,188.99,3.5,3.435,4.06,0.625,2410.6,18.2,1699.54,3326.57,1090.22,620.19,2569.3,2.9,8,-10.00454628,-4.904546284,10.00454628,6.434848761,10.00454628,0,1.866666667,5.6,3,0,1,0,69.94,110.33,116.69,108.9,109.2,63,73,49994593,55370498,95.2,91.1,88.8,70.9,2754869,576690.6,1,231.83,1087.49,4.06,80.41,185.25,219.192,243.9739167,1092.604,1085.6985,4.06,4.117,82.644,82.879,181.15,201.4975,3,0,0,0,0,0,0,0,1,0,0,0,0,-0.011363636
2023-03-14,2,TRUE,FALSE,79.07,77.45,71.33,79.15,2.65,180,226.42,226.42,1,1311.1,190.67,3.5,3.381,4.06,0.679,2348.97,21.11,1642.54,3251.73,1079.45,601.69,2449.8,9.2,9.2,-3.704546284,-3.704546284,3.704546284,3.704546284,3.704546284,0,0,0,1,0,0,0,69.94,110.33,116.69,108.9,109.2,63,73,49994593,55370498,95.2,91.1,88.8,70.9,2754869,576690.6,1,199.8933333,1090.22,4.06,82.46,182.9,219.6866667,241.1350833,1092.938,1086.03,4.06,4.1075,82.306,82.8055,181.38,199.3375,3,0,0,0,0,0,0,0,1,0,0,0,0,0.026819923
2023-03-15,2,TRUE,FALSE,77.82,73.69,67.61,77.97,2.45,175,219.59,219.59,1,1303.7,189.21,3.5,3.473,4.06,0.587,2379.72,18.75,1671.18,3338.58,1088.54,618.23,2450.72,8.6,8.6,-4.304546284,-4.304546284,4.304546284,4.304546284,4.304546284,0,0,0,1,0,0,0,69.94,110.33,116.69,108.9,109.2,63,73,49994593,55370498,95.2,91.1,88.8,70.9,2754869,576690.6,1,226.42,1079.45,4.06,79.15,180,219.5626667,240.07025,1089.072,1086.0775,4.06,4.0985,81.202,82.5285,181.53,197.2875,3,0,0,0,0,0,0,0,1,0,0,0,0,0.003731343
2023-03-16,2,TRUE,FALSE,73.96,74.7,68.35,74.18,2.45,174,220.6,220.6,1,1313,190.17,3.5,3.4,4.06,0.66,2377.91,19.97,1649.14,3325.75,1091.07,631.74,2503.51,4.6,4.6,-8.304546284,-8.304546284,8.304546284,8.304546284,8.304546284,0,0,0,1,0,0,0,69.94,110.33,116.69,108.9,109.2,63,73,49994593,55370498,95.2,91.1,88.8,70.9,2754869,576690.6,1,219.59,1088.54,4.06,77.97,175,220.5966667,238.03075,1087.688,1086.64,4.06,4.0905,80.378,82.159,180.63,195.0625,3,0,0,0,0,0,0,0,1,0,0,0,0,0.026022305
2023-03-17,2,TRUE,FALSE,74.84,72.97,66.74,75.03,2.42,173,224.54,224.54,1,1302.2,189.76,3.5,3.415,4.06,0.645,2395.69,18.26,1645.74,3250.41,1104.66,623.27,2638.28,7.2,7.2,-5.704546284,-5.704546284,5.704546284,5.704546284,5.704546284,0,0,0,1,0,0,0,69.94,110.33,116.69,108.9,109.2,63,73,49994593,55370498,95.2,91.1,88.8,70.9,2754869,576690.6,1,220.6,1091.07,4.06,74.18,174,219.6666667,236.02275,1087.354,1087.972,4.06,4.0835,78.834,81.6915,179.43,192.7675,3,0,0,0,0,0,0,0,1,0,0,0,0,0.043478261
2023-03-20,2,TRUE,FALSE,70.31,73.79,67.64,70.48,2.23,172.25,215.56,168.1666667,3,1310.5,189.83,3.5,3.264,4.06,0.796,2379.2,20.62,1644.25,3237.57,1108.37,621.74,2649.28,9.5,8.5,-3.404546284,-4.404546284,3.404546284,4.404546284,5.204546284,0,0,0,3,0,0,0,69.94,110.33,116.69,108.9,109.2,63,73,49994593,55370498,95.2,91.1,88.8,70.9,2754869,576690.6,1,224.54,1104.66,4.06,75.03,173,218.2086667,234.13275,1090.788,1089.86,4.06,4.0775,77.758,81.2345,176.98,190.7175,3,0,0,0,0,0,0,0,1,0,0,0,0,0.003472222
2023-03-21,2,TRUE,FALSE,73.74,75.32,69.33,73.9,1.93,174,234.35,234.35,1,1311.2,190.57,3.5,3.294,4.06,0.766,2388.35,19.51,1666.11,3252.06,1106.81,620.73,2618.55,13,13,0.095453716,0.095453716,0.095453716,0.095453716,0.095453716,0,0,0,1,0,0,0,69.94,110.33,116.91,108.9,109.2,63,73,49994593,55370498,95.2,91.1,88.8,70.9,2754869,576690.6,1,168.1666667,1108.37,4.06,70.48,172.25,211.8633333,229.5955833,1094.418,1091.5045,4.06,4.072,75.362,80.647,174.85,188.8625,3,0,0,0,0,0,0,0,1,0,0,0,0,-0.051903114
2023-03-22,2,TRUE,FALSE,74.59,76.69,70.9,74.69,2.03,176.55,237.55,237.55,1,1307.7,189.83,3.5,3.284,4.06,0.776,2416.96,18.29,1679.88,3333.36,1111.65,620.65,2677.06,17,17,4.095453716,4.095453716,4.095453716,4.095453716,4.095453716,0,0,0,1,0,0,0,69.94,110.33,116.91,108.9,109.2,63,73,49994593,55370498,95.2,91.1,88.8,70.9,2754869,576690.6,1,234.35,1106.81,4.06,73.9,174,213.4493333,228.8604167,1099.89,1092.739,4.06,4.068,74.312,80.218,173.65,187.28,3,0,0,0,0,0,0,0,1,0,0,0,0,-0.087591241
2023-03-23,2,TRUE,FALSE,76.12,75.91,69.96,76.2,2.08,176.65,238.22,238.22,1,1278.3,187.67,3.5,3.206,4.05,0.844,2424.48,17.97,1685.14,3340.83,1102.88,619.66,2691.73,17.4,17.4,4.495453716,4.495453716,4.495453716,4.495453716,4.495453716,0,0,0,1,0,0,0,69.94,110.33,116.91,108.9,109.2,63,73,49994593,55370498,95.2,91.1,88.8,70.9,2754869,576690.6,1,237.55,1111.65,4.06,74.69,176.55,217.0413333,227.7849167,1104.512,1094.039,4.06,4.065,73.656,79.841,173.96,185.6825,3,0,0,0,0,0,0,0,1,0,0,0,0,0.008
2023-03-24,2,TRUE,FALSE,75.14,74.99,69.26,75.12,2.04,175.35,228.27,228.27,1,1294.3,188.94,3.5,3.16,4.04,0.88,2414.96,17.59,1665.05,3308,1109.93,621.03,2803.31,12.5,12.5,-0.404546284,-0.404546284,0.404546284,0.404546284,0.404546284,0,0,0,1,0,0,0,69.94,110.33,116.91,108.9,109.2,63,73,49994593,55370498,95.2,91.1,88.8,70.9,2754869,576690.6,1,238.22,1102.88,4.05,76.2,176.65,220.5653333,226.6859167,1106.874,1095.1535,4.058,4.0625,74.06,79.601,174.49,184.0325,3,0,0,0,0,0,0,0,1,0,0,0,0,0.055555556
2023-03-27,2,TRUE,FALSE,74.77,78.12,72.81,74.77,2.04,176.25,222.32,203.9933333,3,1301.5,189.15,3.5,3.22,4.03,0.81,2409.22,17.97,1697,3325.53,1120.12,620.56,2801.63,7.3,9.733333333,-5.604546284,-3.171212951,5.604546284,3.171212951,5.604546284,0,0,0,3,0,0,0,69.94,110.33,116.91,108.9,109.2,63,73,49994593,55370498,95.2,91.1,88.8,70.9,2754869,576690.6,1,228.27,1109.93,4.04,75.12,175.35,221.3113333,225.1994167,1107.928,1095.931,4.054,4.06,74.078,79.324,174.96,182.295,3,0,0,0,0,0,0,0,1,0,0,0,0,0.007518797
2023-03-28,2,TRUE,FALSE,77.89,78.65,73.2,77.87,2.02,176.5,229.68,229.68,1,1298.8,188.65,3.5,3.258,4.02,0.762,2434.94,16.81,1734.76,3347.45,1126.96,627.05,2897.11,9.2,9.2,-3.704546284,-3.704546284,3.704546284,3.704546284,3.704546284,0,0,0,1,0,0,0,69.94,110.33,116.91,108.9,109.2,63,73,49994593,55370498,95.2,91.1,88.8,70.9,2754869,576690.6,1,203.9933333,1120.12,4.03,74.77,176.25,228.4766667,222.6455833,1110.278,1097.0885,4.048,4.0575,74.936,78.9295,175.76,180.6475,3,0,0,0,0,0,0,0,1,0,0,0,0,0.018656716
2023-03-29,2,TRUE,FALSE,78.04,78.28,72.97,78.03,1.94,176.6,225.33,225.33,1,1302.7,189.05,3.5,3.249,4.01,0.761,2443.92,16.15,1744.2,3441.23,1130.22,629.29,2923.89,11.8,11.8,-1.104546284,-1.104546284,1.104546284,1.104546284,1.104546284,0,0,0,1,0,0,0,69.94,110.33,116.91,108.9,109.2,63,73,49994593,55370498,95.2,91.1,88.8,70.9,2754869,576690.6,1,229.68,1126.96,4.02,77.87,176.5,227.5426667,222.2329167,1114.308,1098.931,4.04,4.055,75.73,78.6845,176.26,179.6475,3,0,0,0,0,0,0,0,1,0,0,0,0,0.014652015
2023-03-30,2,TRUE,FALSE,77.78,79.27,74.37,77.78,1.95,176.75,236.64,236.64,1,1299,188.7,3.5,3.24,4.01,0.77,2453.16,15.7,1742.34,3513.9,1130.5,631.74,2980.13,13.3,13.3,0.395453716,0.395453716,0.395453716,0.395453716,0.395453716,0,0,0,1,0,0,0,69.94,110.33,116.91,108.9,109.2,70,74,49994593,55370498,95.2,91.1,88.8,70.9,2754869,576690.6,1,225.33,1130.22,4.01,78.03,176.6,225.0986667,220.8409167,1118.022,1100.748,4.03,4.0525,76.398,78.461,176.27,178.835,3,0,0,0,0,0,0,0,1,0,0,0,0,0.003610108
2023-03-31,2,TRUE,FALSE,78.08,79.77,75.67,78.08,2.1,177.25,225.61,225.61,1,1301.9,189.44,3.5,3.27,4.01,0.74,2476.86,15.57,1797.22,3524.67,1130.04,646.55,3001.9,15,15,2.095453716,2.095453716,2.095453716,2.095453716,2.095453716,0,0,0,1,0,0,0,69.94,110.33,116.91,108.8,109.6,70,74,49994593,55370498,95.5,94.1,87.5,69.9,2556465,576690.6,1,236.64,1130.5,4.01,77.78,176.75,224.7826667,221.0936667,1123.546,1102.6575,4.022,4.05,76.714,78.206,176.29,178.0225,3,0,0,0,0,0,0,0,1,0,0,0,0,0.053956835
2023-04-03,3,TRUE,FALSE,84.1,84.93,80.42,84.13,2.09,200,163.61,156.08,3,1316.5,190.99,3.5,3.342,4.01,0.668,2472.34,15.88,1842.43,3521.44,1136.73,660.84,2976.77,19,18.43333333,6.095453716,5.528787049,6.095453716,5.528787049,6.095453716,0,0,0,3,0,0,0,69.94,110.33,116.91,108.8,109.6,70,74,54882484,59635920,95.5,94.1,87.5,69.9,2556465,576690.6,1,225.61,1130.04,4.01,78.08,177.25,224.2506667,220.7406667,1127.568,1104.722,4.016,4.0475,77.306,77.9465,176.67,177.44,3,0,0,0,0,0,0,0,1,0,0,0,0,-0.04778157
2023-04-04,3,TRUE,FALSE,85.08,84.94,80.71,85.12,2.13,192.65,175.58,175.58,1,1315.8,191.13,3.5,3.279,4.01,0.731,2480.51,15.22,1799.7,3517.95,1138.41,659.83,2914.58,17.6,17.6,4.695453716,4.695453716,4.695453716,4.695453716,4.695453716,6.9,6.9,6.9,1,0,0,0,69.94,110.52,116.91,108.8,109.6,70,74,54882484,59635920,95.5,94.1,87.5,69.9,2556465,576690.6,1,156.08,1136.73,4.01,84.13,200,214.668,218.6736667,1130.89,1107.131,4.012,4.045,79.178,77.9455,181.42,178.3525,3,0,0,0,0,0,0,0,1,0,0,0,0,-0.032258065
2023-04-05,3,TRUE,FALSE,84.89,84.99,80.61,84.98,2.17,198,177.71,177.71,1,1310.5,190.72,3.5,3.264,4.01,0.746,2495.21,15.36,1802.82,3548.83,1130.61,663.71,2909.74,11.9,11.9,-1.004546284,-1.004546284,1.004546284,1.004546284,1.004546284,50.3,50.3,50.3,1,0,0,1000000,69.94,110.52,116.91,108.8,109.6,70,74,54882484,59635920,95.5,94.1,87.5,69.9,2556465,576690.6,1,175.58,1138.41,4.01,85.12,192.65,203.848,216.1006667,1133.18,1109.1125,4.01,4.0425,80.628,77.968,184.65,179.0225,3,0,0,0,0,0,0,0,1,0,0,0,0,0.003703704
2023-04-06,3,TRUE,FALSE,84.57,85.12,80.7,84.63,2.18,193.75,175.3,175.3,1,1319.1,191.7,3.5,3.211,4.01,0.799,2459.23,15.87,1776.37,3517.48,1132.2,655.61,2857.56,8.8,8.8,-4.104546284,-4.104546284,4.104546284,4.104546284,4.104546284,2.7,2.7,2.7,1,0,0,1000000,69.94,110.52,116.91,108.8,109.6,70,74,54882484,59635920,95.5,94.1,87.5,69.9,2556465,576690.6,1,177.71,1130.61,4.01,84.98,198,194.324,214.2651667,1133.258,1110.87,4.01,4.04,82.018,78.1125,188.93,179.9475,3,0,0,0,0,0,0,0,1,0,0,0,0,0.003690037
2023-04-07,3,TRUE,FALSE,84.57,85.12,80.7,84.63,2.18,193.75,169.97,169.97,1,1316.7,191.65,3.5,3.24,4.01,0.77,2490.41,15.35,1785.5,3615.64,1124.25,658.87,2980.02,8.9,8.9,-4.004546284,-4.004546284,4.004546284,4.004546284,4.004546284,0,0,0,1,0,1,1000000,69.94,110.52,116.91,108.8,109.6,70,74,54882484,59635920,95.5,94.1,87.5,69.9,2556465,576690.6,1,175.3,1132.2,4.01,84.63,193.75,182.056,211.7676667,1133.598,1112.843,4.01,4.0375,83.388,78.249,192.33,180.635,3,0,0,0,0,0,0,0,1,0,0,0,0,0.003676471
2023-04-10,3,TRUE,FALSE,84.76,84.18,79.74,84.76,2.15,193.75,164.44,157.1,3,1319.7,191.78,3.5,3.192,4.01,0.818,2512.08,15.72,1835.26,3825.83,1116.75,659.01,2967.42,13.2,10.93333333,0.295453716,-1.971212951,0.295453716,2.168182095,4.104546284,0,0,0,3,1,1,1000000,69.94,110.52,116.91,108.8,109.6,70,74,54882484,59635920,95.5,94.1,87.5,69.9,2556465,576690.6,1,169.97,1124.25,4.01,84.63,193.75,170.928,208.6746667,1132.44,1114.681,4.01,4.035,84.698,78.46,195.63,181.06,3,0,0,0,0,0,0,0,1,0,0,0,0,-0.003663004
2023-04-11,3,TRUE,FALSE,84.53,85.61,81.53,84.62,2.19,194.15,172.43,172.43,1,1322.2,191.86,3.5,3.231,4.01,0.779,2547.86,15.62,1865.17,3947.56,1114.69,668.85,3033.9,13.1,13.1,0.195453716,0.195453716,0.195453716,0.195453716,0.195453716,2.9,2.9,2.9,1,1,1,1000000,69.94,110.52,116.91,108.8,109.6,70,74,54882484,59635920,95.5,94.1,87.5,69.9,2556465,576690.6,1,157.1,1116.75,4.01,84.76,193.75,171.132,206.535,1128.444,1116.0075,4.01,4.0325,84.824,78.575,194.38,181.6025,3,0,0,0,0,0,0,0,1,0,0,0,0,-0.011029412
2023-04-12,3,TRUE,FALSE,85.58,87.33,83.26,85.62,2.22,194.6,172.44,172.44,1,1325.7,192.38,3.5,3.233,4.01,0.777,2550.64,15.82,1883.43,3744.77,1127.65,669.76,3003.94,10.1,10.1,-2.804546284,-2.804546284,2.804546284,2.804546284,2.804546284,0,0,0,1,1,1,1000000,69.94,110.52,116.91,108.8,109.6,70,74,54882484,59635920,95.5,94.1,87.5,69.9,2556465,576690.6,1,172.43,1114.69,4.01,84.62,194.15,170.502,203.8355,1123.7,1117.7695,4.01,4.03,84.724,78.8485,194.68,182.31,3,0,0,0,0,0,0,0,1,0,0,0,0,-0.011152416
2023-04-13,3,TRUE,FALSE,87.36,86.09,82.16,87.36,2.04,190.75,168.09,168.09,1,1310.4,190.49,3.5,3.199,4.01,0.811,2561.66,15.52,1858.15,3752.8,1128.27,668.97,2978.02,11.9,11.9,-1.004546284,-1.004546284,1.004546284,1.004546284,1.004546284,0,0,0,1,1,1,0,80.65,110.52,116.91,108.8,109.6,70,74,54882484,59635920,95.5,94.1,87.5,69.9,2556465,576690.6,1,172.44,1127.65,4.01,85.62,194.6,169.448,201.478,1123.108,1119.725,4.01,4.0275,84.852,79.231,194,183.29,3,0,0,0,0,0,0,0,1,0,0,0,0,-0.037593985
2023-04-14,3,TRUE,FALSE,86.06,86.31,82.52,86.06,1.87,188,170.85,170.85,1,1298.9,189.98,3.5,3.215,4.01,0.795,2571.49,15.42,1930.13,3758.99,1134.74,704.2,2960.96,16.2,16.2,3.295453716,3.295453716,3.295453716,3.295453716,3.295453716,0,0,0,1,1,1,0,80.65,110.52,116.91,108.8,109.6,70,74,54882484,59635920,95.5,94.1,87.5,69.9,2556465,576690.6,1,168.09,1128.27,4.01,87.36,190.75,168.006,198.8525,1122.322,1121.585,4.01,4.025,85.398,79.89,193.4,184.1275,3,0,0,0,0,0,0,0,1,0,0,0,0,0.0078125
2023-04-17,3,TRUE,FALSE,85.93,84.76,80.83,86.01,2.21,187,163.3,163.7466667,3,1311.1,190.84,3.5,3.287,4.01,0.723,2575.91,15.49,1993.48,3776.22,1154.81,739.97,2946.39,13.1,12.46666667,0.195453716,-0.437879618,0.195453716,0.965151239,2.104546284,0,1.533333333,4.6,3,0,1,0,80.65,110.52,116.91,108.8,109.6,70,74,54882484,59635920,95.5,94.1,87.5,69.9,2556465,576690.6,1,170.85,1134.74,4.01,86.06,188,168.182,196.168,1124.42,1123.089,4.01,4.0225,85.684,80.4415,192.25,184.8775,3,0,0,0,0,0,0,0,1,0,0,0,0,0.007751938
2023-04-18,3,TRUE,FALSE,84.69,84.77,80.86,84.72,2.23,188.3,178.78,178.78,1,1318.6,191.71,3.5,3.294,4.01,0.716,2571.09,15.17,1976.07,3813.95,1138.83,731.47,2902.5,14,14,1.095453716,1.095453716,1.095453716,1.095453716,1.095453716,1.5,1.5,1.5,1,0,0,0,80.65,110.52,116.91,108.8,109.6,70,74,54882484,59635920,95.5,94.1,87.5,69.9,2556465,576690.6,1,163.7466667,1154.81,4.01,86.01,187,169.5113333,195.947,1132.032,1125.411,4.01,4.02,85.934,81.218,190.9,185.615,3,0,0,0,0,0,0,0,1,0,0,0,0,-0.007692308
2023-04-19,3,TRUE,FALSE,83.58,83.12,79.16,83.62,2.2,192.5,173.91,173.91,1,1325.7,192.13,3.5,3.337,4.01,0.673,2575.08,14.86,1991.82,3743.66,1172.11,750.41,2908.98,19.1,19.1,6.195453716,6.195453716,6.195453716,6.195453716,6.195453716,0,0,0,1,0,0,0,80.65,110.52,116.91,108.8,109.6,70,74,54882484,59635920,95.5,94.1,87.5,69.9,2556465,576690.6,1,178.78,1138.83,4.01,84.72,188.3,170.7813333,193.1685,1136.86,1127.012,4.01,4.0175,85.954,81.759,189.73,186.33,3,0,0,0,0,0,0,0,1,0,0,0,0,0.007751938
2023-04-20,3,TRUE,FALSE,81.74,81.1,77.29,81.79,2.19,191.75,169.05,169.05,1,1322.8,192.05,3.5,3.334,4.01,0.676,2563.11,14.63,1975.95,3704.48,1177.39,742.35,2852.84,15.8,15.8,2.895453716,2.895453716,2.895453716,2.895453716,2.895453716,0.5,0.5,0.5,1,0,0,0,80.65,110.52,116.91,108.8,109.6,70,74,54882484,59635920,95.5,94.1,87.5,69.9,2556465,576690.6,1,173.91,1172.11,4.01,83.62,192.5,171.0753333,189.9865,1145.752,1130.035,4.01,4.015,85.554,82.2055,189.31,187.1275,3,0,0,0,0,0,0,0,1,0,0,0,0,-0.007692308
2023-04-21,3,TRUE,FALSE,80.77,81.66,77.87,80.93,2.2,190.35,164.14,164.14,1,1328.2,192.41,3.5,3.267,4.01,0.743,2544.4,14.62,1926.78,3635.64,1178.79,735.37,2902.36,16.7,16.7,3.795453716,3.795453716,3.795453716,3.795453716,3.795453716,0,0,0,1,0,0,0,80.65,110.52,117.05,108.8,109.6,70,74,54882484,59635920,95.5,94.1,87.5,69.9,2556465,576690.6,1,169.05,1177.39,4.01,81.79,191.75,171.2673333,186.528,1155.576,1133.7605,4.01,4.013,84.44,82.485,189.51,187.8825,3,0,0,0,0,0,0,0,1,0,0,0,0,0.007751938
2023-04-24,3,TRUE,FALSE,80.95,82.73,78.76,81.3,2.19,190,163.96,156.6066667,3,1334.8,193.32,3.5,3.23,4.01,0.78,2523.5,14.86,1906.87,3634.58,977.85,719.54,2839.73,15.8,16.26666667,2.895453716,3.362120382,2.895453716,3.362120382,3.995453716,0,0,0,3,0,0,0,80.65,110.52,117.05,108.8,109.6,70,74,54882484,59635920,95.5,94.1,87.5,69.9,2556465,576690.6,1,164.14,1178.79,4.01,80.93,190.35,169.9253333,183.3215,1164.386,1137.2035,4.01,4.0115,83.414,82.7755,189.98,188.6325,3,0,0,0,0,0,0,0,1,0,0,0,0,-0.003846154
2023-04-25,3,TRUE,FALSE,82.79,80.77,77.07,82.98,2.21,189.05,170.35,170.35,1,1332.2,192.63,3.5,3.265,4.01,0.745,2489.02,15.02,1856.49,3560.05,838.29,709.95,2796.52,10.9,10.9,-2.004546284,-2.004546284,2.004546284,2.004546284,2.004546284,0.4,0.4,0.4,1,0,0,0,80.65,110.52,117.05,108.8,109.6,70,74,54882484,59635920,95.5,94.1,87.5,69.9,2556465,532318,1,156.6066667,977.85,4.01,81.3,190,168.4973333,180.9521667,1128.994,1130.09,4.01,4.0105,82.472,83.102,190.58,189.32,3,0,0,0,0,0,0,0,1,0,0,0,0,-0.019305019
2023-04-26,3,TRUE,FALSE,80.28,77.69,74.3,80.29,2.19,190.15,163.36,163.36,1,1336.3,192.77,3.5,3.259,4.01,0.751,2484.83,15.09,1823.82,3528.98,737.78,700.33,2834.07,10.2,10.2,-2.704546284,-2.704546284,2.704546284,2.704546284,2.704546284,0,0,0,1,0,0,0,80.65,110.52,117.05,108.8,109.6,70,74,54882484,59635920,95.5,94.1,87.5,69.9,2556465,532318,1,170.35,838.29,4.01,82.98,189.05,166.8113333,177.9856667,1068.886,1115.6565,4.01,4.01,82.124,83.3575,190.73,189.9475,3,0,0,0,0,0,0,0,1,0,0,0,0,-0.019685039
2023-04-27,3,TRUE,FALSE,78,78.37,74.76,78,2.17,189.95,171.47,171.47,1,1338,193.05,3.5,3.288,4.01,0.722,2495.81,14.86,1862.41,3639.43,676.33,706.55,2860.88,12.9,12.9,-0.004546284,-0.004546284,0.004546284,0.004546284,0.004546284,0,0,0,1,0,0,0,80.65,110.52,117.05,108.8,109.6,70,74,54882484,59635920,95.5,94.1,87.5,69.9,2556465,532318,1,163.36,737.78,4.01,80.29,190.15,164.7013333,174.8871667,982.02,1096.0345,4.01,4.01,81.458,83.4705,190.26,190.625,3,0,0,0,0,0,0,0,1,0,0,0,0,-0.096385542
2023-04-28,3,TRUE,FALSE,79.73,79.54,76.78,79.73,2.27,189.7,168.49,168.49,1,1337.7,193.28,3.5,3.293,4.01,0.717,2501.53,14.51,1818.37,3630.06,659.5,705.08,2862.44,15.7,15.7,2.795453716,2.795453716,2.795453716,2.795453716,2.795453716,1.9,1.9,1.9,1,0,0,0,80.65,110.52,117.05,109,110.2,70,74,54882484,59635920,111.7,107.7,94.8,72.5,3522043,532318,1,171.47,676.33,4.01,78,189.95,165.1853333,171.6286667,881.808,1073.326,4.01,4.01,80.7,83.4815,189.9,191.285,3,0,0,0,0,0,0,0,1,0,0,0,0,0
2023-05-02,3,TRUE,FALSE,78.61,75.32,71.66,78.65,2.12,187.55,134.39,134.61,4,1342.1,193.02,3.5,3.335,4.01,0.675,2524.39,14.21,1857.48,3675.15,654.4,710.98,2867.92,16.7,14.3,3.795453716,1.395453716,3.795453716,1.497726858,3.795453716,0,6.3,25.2,4,0,0,0,80.65,110.77,117.05,109,110.2,70,74,49430879,51940137,111.7,107.7,94.8,72.5,3522043,532318,1,168.49,659.5,4.01,79.73,189.7,166.0553333,168.7726667,777.95,1049.799,4.01,4.01,80.46,83.564,189.77,191.9075,3,0,0,0,0,0,0,0,1,0,0,0,0,0.031111111
2023-05-03,3,TRUE,FALSE,73.66,72.33,68.6,73.66,2.01,180.6,148.2,148.2,1,1338.2,193.1,3.5,3.281,4.01,0.729,2501.4,15.09,1832.28,3568.31,635.37,702.27,2901.6,19.5,19.5,6.595453716,6.595453716,6.595453716,6.595453716,6.595453716,0,0,0,1,0,0,0,80.65,110.77,117.05,109,110.2,70,74,49430879,51940137,111.7,107.7,94.8,72.5,3522043,532318,1,134.61,654.4,4.01,78.65,187.55,161.656,167.6991667,713.26,1025.6825,4.01,4.01,79.93,83.29,189.28,191.285,3,0,0,0,0,0,0,0,1,0,0,0,0,0.004310345
2023-05-04,3,TRUE,FALSE,72.97,72.5,68.56,72.97,1.96,170.65,154.28,154.28,1,1322.8,191.37,3.5,3.21,4.01,0.8,2500.94,15.27,1817.39,3593.92,633.17,699.32,2852.22,21.4,21.4,8.495453716,8.495453716,8.495453716,8.495453716,8.495453716,0,0,0,1,0,0,0,80.65,110.77,117.05,109,110.2,70,74,49430879,51940137,111.7,107.7,94.8,72.5,3522043,532318,1,148.2,635.37,4.01,73.66,180.6,157.226,166.3301667,672.676,1000.5305,4.01,4.01,78.066,82.717,187.59,190.6825,3,0,0,0,0,0,0,0,1,0,0,0,0,0.004291845
2023-05-08,3,TRUE,FALSE,76.21,77.01,73.16,76.19,2.12,169.65,149.78,135.1,4,1321.4,190.92,3.5,3.261,4.01,0.749,2513.21,14.87,1799.91,3570.19,625.77,702.18,2873.03,15.3,15.175,2.395453716,2.270453716,2.395453716,2.422726858,5.495453716,0,19.425,77.7,4,0,0,0,80.65,110.77,117.05,109,110.2,70,74,49430879,51940137,111.7,107.7,94.8,72.5,3522043,532318,1,154.28,633.17,4.01,72.97,170.65,155.41,165.1586667,651.754,975.6585,4.01,4.01,76.602,82.1165,183.69,189.315,3,0,0,0,0,0,0,0,1,0,0,0,0,0.05982906
2023-05-09,3,TRUE,FALSE,75.85,77.44,73.71,75.84,2.22,169,151.99,151.99,1,1323.9,191.02,3.5,3.256,4.01,0.754,2510.06,14.39,1802.17,3542.21,618.26,701.18,2828.4,17,17,4.095453716,4.095453716,4.095453716,4.095453716,4.095453716,0,0,0,1,0,0,0,80.65,110.77,117.05,109,110.2,70,74,49430879,51940137,111.7,107.7,94.8,72.5,3522043,532318,1,135.1,625.77,4.01,76.19,169.65,148.136,163.1486667,641.642,950.337,4.01,4.01,76.24,81.6945,179.63,188.11,3,0,0,0,0,0,0,0,1,0,0,0,0,0.004032258
2023-05-10,3,TRUE,FALSE,75.74,76.41,72.56,75.76,2.12,166.95,149.68,149.68,1,1324.8,191.2,3.5,3.273,4.01,0.737,2496.51,14.77,1773.37,3464.7,618.79,688.62,2806.57,18.4,18.4,5.495453716,5.495453716,5.495453716,5.495453716,5.495453716,0,0,0,1,0,0,0,80.65,110.77,117.05,109,110.2,70,74,49430879,51940137,111.7,107.7,94.8,72.5,3522043,532318,1,151.99,618.26,4.01,75.84,169,144.836,162.2496667,633.394,925.0375,4.01,4.01,75.462,81.255,175.49,186.8725,3,0,0,0,0,0,0,0,1,0,0,0,0,0.012048193
2023-05-11,3,TRUE,FALSE,76.22,74.98,70.87,76.22,2.07,163,142.95,142.95,1,1326.3,190.88,3.5,3.22,4.01,0.79,2491,14.31,1782.15,3415.47,613.51,689.84,2785.88,19.5,19.5,6.595453716,6.595453716,6.595453716,6.595453716,6.595453716,0,0,0,1,0,0,0,80.65,110.77,117.05,109,110.2,70,74,49430879,51940137,111.7,107.7,94.8,72.5,3522043,532318,1,149.68,618.79,4.01,75.76,166.95,147.85,161.8786667,626.272,900.1395,4.01,4.01,74.884,80.805,171.37,185.5325,3,0,0,0,0,0,0,0,1,0,0,0,0,-0.015873016
2023-05-12,3,TRUE,FALSE,73.54,74.17,70.04,73.54,1.98,164.9,147.48,147.48,1,1334.5,191.77,3.5,3.225,4.01,0.785,2475.42,13.93,1766.2,3387.64,610.58,681.86,2801.36,18.4,18.4,5.495453716,5.495453716,5.495453716,5.495453716,5.495453716,0,0,0,1,0,0,0,80.65,110.77,117.05,109,110.2,70,74,49430879,51940137,111.7,107.7,94.8,72.5,3522043,532318,1,142.95,613.51,4.01,76.22,163,146.8,160.4046667,621.9,875.0805,4.01,4.01,75.396,80.385,167.85,183.975,3,0,0,0,0,0,0,0,1,0,0,0,0,0.048387097
2023-05-15,3,TRUE,FALSE,73.33,75.23,71.11,73.33,2.25,163.75,140.7,127.2433333,3,1337,191.99,3.5,3.279,4.01,0.731,2479.35,13.81,1775.04,3370.19,603.91,682.01,2757.09,20.6,18.83333333,7.695453716,5.928787049,7.695453716,5.928787049,7.695453716,0,0,0,3,0,0,0,80.65,110.77,117.05,109,110.2,70,74,49430879,51940137,111.7,107.7,94.8,72.5,3522043,532318,1,147.48,610.58,4.01,73.54,164.9,145.44,159.1566667,617.382,849.227,4.01,4.01,75.51,79.781,166.7,182.49,3,0,0,0,0,0,0,0,1,0,0,0,0,-0.015384615
2023-05-16,3,TRUE,FALSE,74.6,74.91,70.86,74.59,2.28,163.8,147.35,147.35,1,1338.6,191.9,3.5,3.242,4.01,0.768,2480.24,13.59,1767.97,3403.2,597.59,680.88,2788.55,24,24,11.09545372,11.09545372,11.09545372,11.09545372,11.09545372,0,0,0,1,0,0,0,80.65,110.77,117.05,109,110.2,70,74,49430879,51940137,111.7,107.7,94.8,72.5,3522043,532318,1,127.2433333,603.91,4.01,73.33,163.75,143.8686667,157.1143333,613.01,823.009,4.01,4.01,74.938,79.0795,165.52,181.14,3,0,0,0,0,0,0,0,1,0,0,0,0,-0.0078125
2023-05-17,3,TRUE,FALSE,73.18,76.96,72.83,73.16,2.25,165.25,153.89,153.89,1,1337.2,190.78,3.5,3.274,4.01,0.736,2494.66,13.52,1755.23,3463.09,595.44,680.59,2842.39,23.5,23.5,10.59545372,10.59545372,10.59545372,10.59545372,10.59545372,0,0,0,1,0,0,0,80.65,110.77,117.05,109,110.2,70,74,49430879,51940137,111.7,107.7,94.8,72.5,3522043,532318,1,147.35,597.59,4.01,74.59,163.8,142.9406667,155.9393333,608.876,796.1515,4.01,4.01,74.688,78.506,164.48,179.93,3,0,0,0,0,0,0,0,1,0,0,0,0,-0.023622047
2023-05-18,3,TRUE,FALSE,75.37,75.86,71.86,75.38,2.3,159.35,157.34,157.34,1,1334.2,189.8,3.5,3.316,4.01,0.694,2515.4,13.54,1780.27,3472.36,598.51,686.32,2905.36,21.2,21.2,8.295453716,8.295453716,8.295453716,8.295453716,8.295453716,1.3,1.3,1.3,1,0,0,0,80.65,110.77,117.05,109,110.2,70,74,49430879,51940137,111.7,107.7,94.8,72.5,3522043,532318,1,153.89,595.44,4.01,73.16,165.25,143.7826667,155.4465,604.206,768.183,4.01,4.01,74.168,77.8635,164.14,178.8425,3,0,0,0,0,0,0,0,1,0,0,0,0,0
2023-05-19,3,TRUE,FALSE,74.99,75.58,71.55,74.98,2.37,162.25,152.87,152.87,1,1326.7,188.44,3.5,3.34,4.01,0.67,2537.79,14.13,1766.93,3424.13,598.91,694.64,3057.89,22.3,22.3,9.395453716,9.395453716,9.395453716,9.395453716,9.395453716,0,0,0,1,0,0,0,80.65,110.77,117.05,109,110.2,70,74,49430879,51940137,111.7,107.7,94.8,72.5,3522043,532318,1,157.34,598.51,4.01,75.38,159.35,146.6606667,154.3745,601.206,741.167,4.01,4.01,74,77.3965,163.41,177.395,3,0,0,0,0,0,0,0,1,0,0,0,0,-0.008064516
2023-05-22,3,TRUE,FALSE,74.47,75.99,71.99,74.71,2.3,160.35,147.44,137.1166667,3,1318.1,187.48,3.5,3.321,4.01,0.689,2557.08,14.74,1786.45,3488.54,601.68,712.69,3055.4,20.3,19.76666667,7.395453716,6.862120382,7.395453716,6.862120382,8.295453716,0,0.066666667,0.2,3,0,0,0,80.65,110.77,117.05,109,110.2,70,74,49430879,51940137,111.7,107.7,94.8,72.5,3522043,532318,1,152.87,598.91,4.01,74.98,162.25,147.7386667,153.3225,598.872,712.507,4.01,4.01,74.288,76.9645,162.88,175.8825,3,0,0,0,0,0,0,0,1,0,0,0,0,-0.024390244
2023-05-23,3,TRUE,FALSE,74.9,76.84,72.91,74.9,2.22,160,153.43,153.43,1,1312.7,185.94,3.5,3.373,4.01,0.637,2567.55,14.56,1797.21,3525.45,606.67,719.9,3043.8,20.5,20.5,7.595453716,7.595453716,7.595453716,7.595453716,7.595453716,0,0,0,1,0,0,0,80.65,110.77,117.05,109,110.2,70,74,49430879,51940137,111.7,107.7,94.8,72.5,3522043,532318,1,137.1166667,601.68,4.01,74.71,160.35,149.7133333,151.7258333,598.426,683.7215,4.01,4.01,74.564,76.6105,162.2,174.3125,3,0,0,0,0,0,0,0,1,0,0,0,0,-0.020833333
2023-05-24,3,TRUE,FALSE,76.64,78.36,74.34,76.64,2.25,160.25,147.99,147.99,1,1317.4,186.61,3.5,3.378,4.01,0.632,2567.45,14.87,1796.61,3522.94,601.48,723.3,3026.03,20.6,20.6,7.695453716,7.695453716,7.695453716,7.695453716,7.695453716,0,0,0,1,0,0,0,80.65,110.77,117.05,109,110.2,73,78,49430879,51940137,111.7,107.7,94.8,72.5,3522043,532318,1,153.43,606.67,4.01,74.9,160,150.9293333,151.1903333,600.242,655.1155,4.01,4.01,74.626,76.309,161.44,172.795,3,0,0,0,0,0,0,0,1,0,0,0,0,-0.021276596
2023-05-25,3,TRUE,FALSE,76.72,76.26,71.83,76.72,2.23,160,150.38,150.38,1,1326,187.16,3.5,3.48,4.01,0.53,2554.69,15.07,1765.6,3479.24,597.01,712.84,3075.64,21.2,21.2,8.295453716,8.295453716,8.295453716,8.295453716,8.295453716,0,0,0,1,0,0,0,80.65,110.77,116.96,109,110.2,73,78,49430879,51940137,111.7,107.7,94.8,72.5,3522043,532318,1,147.99,601.48,4.01,76.64,160.25,149.7493333,150.7595,601.45,636.297,4.01,4.01,75.322,76.076,160.44,171.3075,3,0,0,0,0,0,0,0,1,0,0,0,0,-0.026086957
2023-05-26,3,TRUE,FALSE,75.33,76.95,72.67,75.33,1.88,160,152.87,152.87,1,1324.5,187.4,3.5,3.524,4.01,0.486,2558.81,14.96,1753.35,3450.6,587.49,701.32,3140.38,21.4,21.4,8.495453716,8.495453716,8.495453716,8.495453716,8.495453716,0.5,0.5,0.5,1,0,0,0,80.65,110.77,116.96,109,110.2,73,78,49430879,51940137,111.7,107.7,94.8,72.5,3522043,532318,1,150.38,597.01,4.01,76.72,160,148.3573333,149.761,601.15,624.233,4.01,4.01,75.59,75.763,160.57,169.855,3,0,0,0,0,0,0,0,1,0,0,0,0,0.013392857
2023-05-30,3,TRUE,FALSE,74.95,73.54,69.46,74.95,2.11,135.1,156.75,144.5675,4,1324.9,186.47,3.5,3.56,4.01,0.45,2585.52,14.79,1746.28,3482.98,586.75,707.89,3197.69,24,21.425,11.09545372,8.520453716,11.09545372,8.520453716,11.09545372,0,18.975,75.9,4,0,0,0,80.65,110.77,116.96,109,110.2,73,78,49430879,51940137,111.7,107.7,94.8,72.5,3522043,532318,1,152.87,587.49,4.01,75.33,160,148.3573333,149.2365,598.866,616.7185,4.01,4.01,75.66,75.515,160.12,168.3475,3,0,0,0,0,0,0,0,1,0,0,0,0,0.013215859
2023-05-31,3,TRUE,FALSE,72.25,72.66,68.09,72.25,2.1,135,149.32,149.32,1,1327.2,186.3,3.5,3.459,4.01,0.551,2577.12,14.8,1737.2,3472.27,593.92,707.1,3174.55,22.8,22.8,9.895453716,9.895453716,9.895453716,9.895453716,9.895453716,0,0,0,1,0,0,0,80.65,110.77,116.96,109,110.6,73,78,49430879,51940137,103.6,101.4,89.8,71.5,3334591,532318,1,144.5675,586.75,4.01,74.95,135.1,149.8475,147.891375,595.88,612.2395,4.01,4.01,75.708,75.3625,155.07,165.605,3,0,0,0,0,0,0,0,1,0,0,0,0,0.034782609
2023-06-01,3,TRUE,FALSE,71.66,74.28,70.1,71.67,1.77,130.15,150.22,150.22,1,1321.6,185.63,3.5,3.478,4.01,0.532,2569.17,14.35,1738.7,3475.39,601.28,709.47,3196.5,22.8,22.8,9.895453716,9.895453716,9.895453716,9.895453716,9.895453716,0,0,0,1,0,0,0,80.65,110.77,116.96,109,110.6,73,78,52054195,54251194,103.6,101.4,89.8,71.5,3334591,532318,1,149.32,593.92,4.01,72.25,135,149.0255,146.932875,593.33,608.9605,4.01,4.01,75.178,74.9885,150.07,162.87,3,0,0,0,0,0,0,0,1,0,0,0,0,0
2023-06-02,3,TRUE,FALSE,71.66,76.13,71.74,71.67,1.74,131,148.8,148.8,1,1305.7,184.18,3.5,3.436,4.01,0.574,2601.36,13.96,1779.29,3570.51,598.26,720.52,3186.68,20.4,20.4,7.495453716,7.495453716,7.495453716,7.495453716,7.495453716,0,0,0,1,0,0,0,80.65,111.13,116.96,109,110.6,73,78,52054195,54251194,103.6,101.4,89.8,71.5,3334591,532318,1,150.22,601.28,4.01,71.67,130.15,149.4715,147.713375,593.29,606.3045,4.01,4.01,74.184,74.6395,144.05,160,3,0,0,0,0,0,0,0,1,0,0,0,0,0.008403361
2023-06-05,3,TRUE,FALSE,76.41,76.71,72.15,76.42,1.92,137.75,143.05,138.6366667,3,1308.1,183.55,3.5,3.502,4.01,0.508,2615.41,14.08,1814.62,3602.25,601.29,734.94,3154.67,21.5,21.86666667,8.595453716,8.962120382,8.595453716,8.962120382,9.195453716,0,0,0,3,0,0,0,80.65,111.13,116.96,109,110.6,73,78,52054195,54251194,103.6,101.4,89.8,71.5,3334591,532318,1,148.8,598.26,4.01,71.67,131,149.1555,147.743375,593.54,604.449,4.01,4.01,73.174,74.54,138.25,157.52,3,0,0,0,0,0,0,0,1,0,0,0,0,0
2023-06-07,3,TRUE,FALSE,75.22,76.95,72.53,75.22,2.13,136,148.01,145.2,2,1303.8,182.73,3.5,3.471,4.01,0.539,2615.6,13.71,1820.67,3741.12,596.15,735.93,3164.28,21.4,20.85,8.495453716,7.945453716,8.495453716,7.945453716,8.495453716,0,0,0,2,0,0,0,80.65,111.13,116.96,109,110.6,73,78,52054195,54251194,103.6,101.4,89.8,71.5,3334591,532318,1,138.6366667,601.29,4.01,76.42,137.75,146.3088333,146.9612083,596.3,602.855,4.01,4.01,73.392,74.7125,133.8,155.875,3,0,0,0,0,0,0,0,1,0,0,0,0,-0.004166667
2023-06-08,3,TRUE,FALSE,76.16,75.96,71.29,76.15,2.1,136.25,146.26,146.26,1,1303.7,182.54,3.5,3.543,4.01,0.467,2610.85,13.44,1826.86,3722.56,589.92,735.99,3190.44,20.4,20.4,7.495453716,7.495453716,7.495453716,7.495453716,7.495453716,1.9,1.9,1.9,1,0,0,0,80.65,111.13,116.96,109,110.6,73,78,52054195,54251194,103.6,101.4,89.8,71.5,3334591,532318,1,145.2,596.15,4.01,75.22,136,146.4353333,147.4662083,598.18,601.374,4.01,4.01,73.446,74.664,133.98,154.1925,3,0,0,0,0,0,0,0,1,0,0,0,0,-0.0041841
2023-06-09,3,TRUE,FALSE,75.22,74.79,70.17,75.22,1.85,135.7,145.84,145.84,1,1291.5,181.05,3.5,3.506,4.01,0.504,2641.16,13.16,1829.51,3752.47,589.2,739.26,3279.88,23.3,23.3,10.39545372,10.39545372,10.39545372,10.39545372,10.39545372,1.2,1.2,1.2,1,0,0,0,80.65,111.13,116.96,109,110.6,73,78,52054195,54251194,103.6,101.4,89.8,71.5,3334591,532318,1,146.26,589.92,4.01,76.15,136.25,145.8233333,147.1797083,597.38,599.957,4.01,4.01,74.226,74.6795,134.23,152.555,3,0,0,0,0,0,0,0,1,0,0,0,0,-0.004201681
2023-06-12,3,TRUE,FALSE,72.38,71.84,67.12,72.39,1.9,134,146.36,130.85,3,1288.3,180.29,3.5,3.493,4.01,0.517,2629.35,13.45,1821.15,3764.28,580.45,738.34,3258.94,22.2,22.5,9.295453716,9.595453716,9.295453716,9.595453716,10.29545372,0,11,33,3,0,0,0,80.65,111.13,116.96,109,110.6,73,78,52054195,54251194,103.6,101.4,89.8,71.5,3334591,532318,1,145.84,589.2,4.01,75.22,135.7,144.9473333,146.9877083,594.964,598.4775,4.01,4.01,74.936,74.6525,135.34,150.9925,3,0,0,0,0,0,0,0,1,0,0,0,0,-0.008438819
2023-06-13,3,TRUE,FALSE,71.97,74.29,69.42,71.98,2,132.25,146.96,146.96,1,1271.4,177.41,3.5,3.484,4.01,0.526,2637.95,13.76,1804.36,3793.07,577.73,741.11,3346.25,22,22,9.095453716,9.095453716,9.095453716,9.095453716,9.095453716,0,0,0,1,0,0,0,80.65,111.13,116.96,109,110.6,73,78,52054195,54251194,103.6,101.4,89.8,71.5,3334591,532318,1,130.85,580.45,4.01,72.39,134,141.3573333,146.3827083,591.402,596.8245,4.01,4.01,75.08,74.461,135.94,149.5425,3,0,0,0,0,0,0,0,1,0,0,0,0,0.004255319
2023-06-14,3,TRUE,FALSE,74.61,73.2,68.27,74.61,2.05,132,153.29,153.29,1,1278.5,178.2,3.5,3.545,4.01,0.465,2619.08,13.55,1814.66,3677.58,567.85,722.34,3294.24,20.6,20.6,7.695453716,7.695453716,7.695453716,7.695453716,7.695453716,30.6,30.6,30.6,1,0,0,0,80.65,111.13,116.96,109,110.6,73,78,52054195,54251194,103.6,101.4,89.8,71.5,3334591,532318,1,146.96,577.73,4.01,71.98,132.25,143.022,146.3567083,586.69,595.182,4.01,4.01,74.192,74.383,134.84,147.91,3,0,0,0,0,0,0,0,1,0,0,0,0,0
2023-06-15,3,TRUE,FALSE,73.34,75.67,70.62,73.36,2.18,135.95,146.6,146.6,1,1280.5,178.84,3.5,3.626,4.01,0.384,2608.54,13.25,1800.07,3698.33,564.64,715.48,3379.97,22.7,22.7,9.795453716,9.795453716,9.795453716,9.795453716,9.795453716,0,0,0,1,0,0,0,80.65,111.13,116.96,109,110.6,73,78,52054195,54251194,103.6,101.4,89.8,71.5,3334591,532318,1,153.29,567.85,4.01,74.61,132,144.64,147.6590417,581.03,593.379,4.01,4.01,74.07,74.447,134.04,146.3225,3,0,0,0,0,0,0,0,1,0,0,0,0,-0.008474576
2023-06-16,3,TRUE,FALSE,75.44,76.61,71.78,75.43,2.13,128.45,149.06,149.06,1,1271.9,178.87,3.5,3.585,4.01,0.425,2625.79,13.13,1814.95,3749.3,570.71,726.79,3374.15,23.7,23.7,10.79545372,10.79545372,10.79545372,10.79545372,10.79545372,0,0,0,1,0,0,0,80.65,111.13,116.96,109,110.6,73,78,52054195,54251194,103.6,101.4,89.8,71.5,3334591,532318,1,146.6,564.64,4.01,73.36,135.95,144.708,147.6215417,575.974,591.7315,4.01,4.01,73.512,74.3855,133.98,144.93,3,0,0,0,0,0,0,0,1,0,0,0,0,0
2023-06-19,3,TRUE,FALSE,76.3,76.09,71.78,76.3,2.13,128.35,155.83,152.9266667,3,1282,178.99,3.5,3.583,4.01,0.427,2609.5,13.35,1827.36,3809.94,567.78,741.67,3342.85,28.5,26.2,15.59545372,13.29545372,15.59545372,13.29545372,15.59545372,0,0,0,3,0,0,0,80.65,111.13,116.96,109,110.6,73,78,52054195,54251194,103.6,101.4,89.8,71.5,3334591,532318,1,149.06,570.71,4.01,75.43,128.45,145.352,147.3800417,572.276,590.495,4.01,4.01,73.554,74.499,132.53,143.09,3,0,0,0,0,0,0,0,1,0,0,0,0,-0.012820513
2023-06-20,3,TRUE,FALSE,77.44,75.9,70.5,77.45,2.38,126.55,154.94,154.94,1,1280.3,178.55,3.5,3.567,4.01,0.443,2604.91,13.02,1795.5,3785.37,566.82,731.93,3372.44,24.7,24.7,11.79545372,11.79545372,11.79545372,11.79545372,11.79545372,6.4,6.4,6.4,1,0,0,0,80.65,111.13,116.96,109,110.6,73,78,52054195,54251194,103.6,101.4,89.8,71.5,3334591,532318,1,152.9266667,567.78,4.01,76.3,128.35,149.7673333,147.159375,569.742,588.9585,4.01,4.01,74.336,74.545,131.4,141.54,3,0,0,0,0,0,0,0,1,0,0,0,0,-0.025974026
2023-06-21,3,TRUE,FALSE,76.96,77.12,72.53,77.01,2.24,124.15,153.33,153.33,1,1292,179.46,3.5,3.571,4.01,0.439,2582.63,13.36,1771.81,3731.92,561.2,731.82,3308.93,20.5,20.5,7.595453716,7.595453716,7.595453716,7.595453716,7.595453716,24.9,24.9,24.9,1,0,0,0,80.65,111.13,116.53,109,110.6,73,78,52054195,54251194,103.6,101.4,89.8,71.5,3334591,532318,1,154.94,566.82,4.01,77.45,126.55,151.3633333,147.262875,567.56,587.354,4.01,4.01,75.43,74.6685,130.26,139.755,3,0,0,0,0,0,0,0,1,0,0,0,0,-0.022222222
2023-06-22,3,TRUE,FALSE,77.44,74.14,69.51,77.45,2.27,125.75,146.8,146.8,1,1294.9,180.08,3.5,3.592,4.01,0.418,2593.7,13.24,1783.88,3747.55,559.95,739.07,3284.61,22.5,22.5,9.595453716,9.595453716,9.595453716,9.595453716,9.595453716,0,0,0,1,0,0,0,80.65,111.13,116.53,109,110.6,73,78,52054195,54251194,103.6,101.4,89.8,71.5,3334591,532318,1,153.33,561.2,4.01,77.01,124.15,151.3713333,148.0735417,566.23,585.33,4.01,4.01,75.91,74.7835,128.69,137.945,3,0,0,0,0,0,0,0,1,0,0,0,0,-0.027272727
2023-06-23,3,TRUE,FALSE,74.07,73.85,69.16,74.13,2.22,125.5,148.25,148.25,1,1304.2,180.64,3.5,3.609,4.01,0.401,2570.1,13.04,1759.16,3702.73,552.48,721.85,3296.64,24.4,24.4,11.49545372,11.49545372,11.49545372,11.49545372,11.49545372,0,0,0,1,0,0,0,80.65,111.13,116.53,109,110.6,73,78,52054195,54251194,103.6,101.4,89.8,71.5,3334591,532318,1,146.8,559.95,4.01,77.45,125.75,151.4113333,147.7420417,565.292,582.994,4.01,4.01,76.728,74.911,126.65,136.2325,3,0,0,0,0,0,0,0,1,0,0,0,0,-0.009345794
2023-06-26,3,TRUE,FALSE,74.49,74.18,69.37,74.55,2.62,125.5,151.71,146.81,3,1306.3,180.46,3.5,3.568,4.01,0.442,2582.2,13.46,1781.13,3670.01,557.45,728.9,3342.24,24.2,26.26666667,11.29545372,13.36212038,11.29545372,13.36212038,15.29545372,30.3,10.1,30.3,3,0,0,0,80.65,111.13,116.53,109,110.6,73,78,52054195,54251194,103.6,101.4,89.8,71.5,3334591,532318,1,148.25,552.48,4.01,74.13,125.5,151.2493333,147.7550417,561.646,580.544,4.01,4.01,76.468,74.7855,126.06,134.495,3,0,0,0,0,0,0,0,1,0,0,0,0,0
2023-06-27,3,TRUE,FALSE,75.48,72.26,67.7,75.48,2.68,127.9,150.24,150.24,1,1300.3,180.39,3.5,3.538,4.01,0.472,2581.39,13.18,1806.14,3632.76,567.26,720.41,3325.39,25.3,25.3,12.39545372,12.39545372,12.39545372,12.39545372,12.39545372,2.5,2.5,2.5,1,0,0,0,80.65,111.13,116.53,109,110.6,73,78,52054195,54251194,103.6,101.4,89.8,71.5,3334591,532318,1,146.81,557.45,4.01,74.55,125.5,150.026,147.5765417,559.58,578.566,4.01,4.01,76.118,74.677,125.49,132.77,3,0,0,0,0,0,0,0,1,0,0,0,0,-0.037735849
2023-06-28,3,TRUE,FALSE,74.24,74.03,69.56,74.24,2.71,127.9,155.01,155.01,1,1307.3,180.59,3.5,3.557,4.01,0.453,2564.19,13.1,1766.35,3503.81,564.86,707.35,3354.21,26.5,26.5,13.59545372,13.59545372,13.59545372,13.59545372,13.59545372,0,0,0,1,0,0,0,80.65,111.13,116.53,109,110.6,73,78,52054195,54251194,103.6,101.4,89.8,71.5,3334591,532318,1,150.24,567.26,4.01,75.48,127.9,149.086,147.4450417,559.668,577.5545,4.01,4.01,75.724,74.6845,125.76,131.165,3,0,0,0,0,0,0,0,1,0,0,0,0,0.073529412
2023-06-29,3,TRUE,FALSE,74.24,74.34,69.86,74.24,2.4,127.9,151.63,151.63,1,1317.6,181.35,3.5,3.584,4.02,0.436,2550.02,12.93,1751.86,3484.48,560.44,695.64,3388.89,24.2,24.2,11.29545372,11.29545372,11.29545372,11.29545372,11.29545372,63.8,63.8,63.8,1,0,0,0,80.65,111.13,116.53,109,110.6,73,77,52054195,54251194,103.6,101.4,89.8,71.5,3334591,532318,1,155.01,564.86,4.01,74.24,127.9,149.422,147.9671667,560.4,576.46,4.01,4.01,75.17,74.649,126.51,130.805,3,0,0,0,0,0,0,0,1,0,0,0,0,-0.01826484
2023-06-30,3,TRUE,FALSE,76.63,74.9,70.64,76.63,2.48,128.05,149.94,149.94,1,1317.7,181.3,3.5,3.662,4.02,0.358,2564.28,12.59,1764.84,3561.44,570.62,699.86,3349.14,25.3,25.3,12.39545372,12.39545372,12.39545372,12.39545372,12.39545372,1,1,1,1,0,0,0,80.65,111.13,116.53,109.5,111,73,77,52054195,54251194,108.4,103.4,87.4,74,2681016,532318,1,151.63,560.44,4.02,74.24,127.9,150.388,148.0826667,560.498,574.786,4.012,4.0105,74.528,74.7485,126.94,130.45,3,0,0,0,0,0,0,0,1,0,0,0,0,-0.041860465
2023-07-03,4,TRUE,FALSE,75.21,74.65,69.79,75.31,2.48,148.05,153.52,151.06,3,1308,180.15,3.5,3.613,4.02,0.407,2602.47,12.73,1784.36,3754.09,575.65,721.1,3420.93,29.1,27.83333333,16.19545372,14.92878705,16.19545372,14.92878705,16.19545372,0,0,0,3,0,0,0,80.65,111.13,116.53,109.5,111,73,77,54297754,53055480,108.4,103.4,87.4,74,2681016,532318,1,149.94,570.62,4.02,76.63,128.05,150.726,148.0686667,564.126,573.253,4.014,4.011,75.028,74.9965,127.45,130.345,3,0,0,0,0,0,0,0,1,0,0,0,0,-0.004854369
2023-07-04,4,TRUE,FALSE,75.2,76.25,69.79,75.3,2.48,143.15,154.02,154.02,1,1301.4,180,3.5,3.619,4.02,0.401,2593.31,12.27,1753.33,3701.77,575.28,717.25,3428.35,26.1,26.1,13.19545372,13.19545372,13.19545372,13.19545372,13.19545372,61.8,61.8,61.8,1,0,0,0,80.65,111.16,116.53,109.5,111,73,77,54297754,53055480,108.4,103.4,87.4,74,2681016,532318,1,151.06,575.65,4.02,75.31,148.05,151.576,148.1816667,567.766,572.1225,4.016,4.0115,75.18,75.1785,131.96,131.1975,3,0,0,0,0,0,0,0,1,0,0,0,0,0.014634146
2023-07-05,4,TRUE,FALSE,75.44,76.65,71.79,75.54,2.65,144.8,154.77,154.77,1,1298.6,179.13,3.5,3.618,4.02,0.402,2579,12.37,1746.6,3751.81,568.54,711.03,3400.42,24.5,24.5,11.59545372,11.59545372,11.59545372,11.59545372,11.59545372,15.3,15.3,15.3,1,0,0,2150000,80.65,111.16,116.53,109.5,111,73,77,54297754,53055480,108.4,103.4,87.4,74,2681016,532318,1,154.02,575.28,4.02,75.3,143.15,152.332,148.9508333,569.37,570.822,4.018,4.012,75.144,75.1225,135.01,131.4675,3,0,0,0,0,0,0,0,1,0,0,0,0,0.004807692
2023-07-06,4,TRUE,FALSE,77.29,76.52,71.8,77.39,2.5,139.65,152.38,152.38,1,1300.9,179.41,3.5,3.676,4.03,0.354,2556.29,12.98,1713.48,3689.19,553.97,690.17,3291.78,27.3,27.3,14.39545372,14.39545372,14.39545372,14.39545372,14.39545372,0,0,0,1,0,0,2150000,80.65,111.16,116.53,109.5,111,73,77,54297754,53055480,108.4,103.4,87.4,74,2681016,532318,1,154.77,568.54,4.02,75.54,144.8,152.284,149.4293333,570.106,569.4415,4.02,4.0125,75.404,75.1385,138.39,131.9075,3,0,0,0,0,0,0,0,1,0,0,0,0,-0.014354067
2023-07-07,4,TRUE,FALSE,77.86,78.47,73.86,77.86,2.49,138,159.38,159.38,1,1305,179.96,3.5,3.735,4.03,0.295,2526.71,14.58,1708.39,3701.53,546.82,697.04,3230.39,26.7,26.7,13.79545372,13.79545372,13.79545372,13.79545372,13.79545372,0,0,0,1,0,1,2150000,80.65,111.16,116.53,109.5,111,73,77,54297754,53055480,108.4,103.4,87.4,74,2681016,532318,1,152.38,553.97,4.03,77.39,139.65,152.434,149.7353333,568.812,567.644,4.022,4.0135,76.034,75.2005,140.74,132.0775,3,0,0,0,0,0,0,0,1,0,0,0,0,0.009708738
2023-07-10,4,TRUE,FALSE,78.28,77.69,72.99,78.28,2.55,133.7,152.07,152.5766667,3,1306.5,180.37,3.5,3.795,4.03,0.235,2520.7,14.63,1712.94,3683.17,548.43,720.63,3172.25,26.3,25.53333333,13.39545372,12.62878705,13.39545372,12.62878705,13.39545372,11.5,19.66666667,59,3,1,1,2150000,80.65,111.16,116.53,109.5,111,73,77,54297754,53055480,108.4,103.4,87.4,74,2681016,532318,1,159.38,546.82,4.03,77.86,138,154.322,150.4123333,564.052,565.525,4.024,4.0145,76.28,75.3325,142.73,132.1925,3,0,0,0,0,0,0,0,1,0,0,0,0,-0.004807692
2023-07-11,4,TRUE,FALSE,78.79,79.4,74.83,78.79,2.57,131,155.02,155.02,1,1293.7,179.65,3.5,3.703,4.03,0.327,2562.49,13.82,1724.53,3719.65,565.4,721.83,3266.2,23.5,23.5,10.59545372,10.59545372,10.59545372,10.59545372,10.59545372,58.3,58.3,58.3,1,1,1,2150000,80.65,111.16,116.53,109.5,111,73,77,54297754,53055480,108.4,103.4,87.4,74,2681016,532318,1,152.5766667,548.43,4.03,78.28,133.7,154.6253333,151.4986667,558.608,563.924,4.026,4.0155,76.874,75.627,139.86,132.1775,3,0,0,0,0,0,0,0,1,0,0,0,0,-0.019323671
2023-07-12,4,TRUE,FALSE,79.91,80.11,75.75,79.91,2.55,129.05,150.51,150.51,1,1288.7,179.16,3.5,3.704,4.03,0.326,2574.72,13.76,1762.62,3692.75,571.42,726.87,3338.64,25.8,25.8,12.89545372,12.89545372,12.89545372,12.89545372,12.89545372,0.7,0.7,0.7,1,1,1,2150000,80.65,111.16,116.53,109.5,111,73,77,54297754,53055480,108.4,103.4,87.4,74,2681016,532318,1,155.02,565.4,4.03,78.79,131,154.8253333,151.9016667,556.632,563.3075,4.028,4.0165,77.572,75.9675,137.43,132.115,3,0,0,0,0,0,0,0,1,0,0,0,0,-0.014778325
2023-07-13,4,TRUE,FALSE,81.09,81.36,76.89,81.09,2.5,128,148.8,148.8,1,1274,177.66,3.5,3.602,4.03,0.428,2591.23,13.25,1788.49,3759.7,584.46,728.31,3410.67,25.2,25.2,12.29545372,12.29545372,12.29545372,12.29545372,12.29545372,91.6,91.6,91.6,1,1,1,0,37.14,111.16,116.53,109.5,111,73,77,54297754,53055480,108.4,103.4,87.4,74,2681016,532318,1,150.51,571.42,4.03,79.91,129.05,153.9733333,151.7626667,557.208,563.486,4.03,4.0175,78.446,76.2325,134.28,131.9675,3,0,0,0,0,0,0,0,1,0,0,0,0,0
2023-07-14,4,TRUE,FALSE,81.97,79.87,75.42,82.02,2.5,131.65,151.95,151.95,1,1265.8,177.63,3.5,3.614,4.03,0.416,2628.3,13.19,1841.35,3803.98,575.27,735.79,3536.48,24.6,24.6,11.69545372,11.69545372,11.69545372,11.69545372,11.69545372,72.7,72.7,72.7,1,1,1,0,37.14,111.16,116.53,109.5,111,73,77,54297754,53055480,108.4,103.4,87.4,74,2681016,532318,1,148.8,584.46,4.03,81.09,128,153.2573333,151.8726667,563.306,564.477,4.03,4.0185,79.186,76.619,131.95,131.57,3,0,0,0,0,0,0,0,1,0,0,0,0,-0.002
2023-07-17,4,TRUE,FALSE,79.47,78.5,74.15,79.67,2.46,131.1,155.64,147.4233333,3,1266.6,176.33,3.5,3.611,4.03,0.419,2619,13.21,1859.82,3793.2,567.12,749.6,3566.43,25.5,24.86666667,12.59545372,11.96212038,12.59545372,11.96212038,12.59545372,1.4,4.466666667,13.4,3,0,1,0,37.14,111.16,116.53,109.5,111,73,77,54297754,53055480,108.4,103.4,87.4,74,2681016,532318,1,151.95,575.27,4.03,82.02,131.65,151.7713333,152.0171667,568.996,564.705,4.03,4.0195,80.018,76.9485,130.68,131.73,3,0,0,0,0,0,0,0,1,0,0,0,0,-0.007014028
2023-07-18,4,TRUE,FALSE,79.59,79.63,75.75,79.79,2.52,134.35,155.42,155.42,1,1260.4,175.66,3.5,3.596,4.03,0.434,2607.62,13.07,1862.73,3938.96,562.85,760.8,3580.56,25.2,25.2,12.29545372,12.29545372,12.29545372,12.29545372,12.29545372,2.3,2.3,2.3,1,0,0,0,37.14,111.16,116.53,109.5,111,73,77,54297754,53055480,108.4,103.4,87.4,74,2681016,532318,1,147.4233333,567.12,4.03,79.67,131.1,150.7406667,151.742,572.734,564.672,4.03,4.0205,80.296,77.117,130.16,131.8675,3,0,0,0,0,0,0,0,1,0,0,0,0,-0.034308779
2023-07-19,4,TRUE,FALSE,80.99,79.46,75.35,81.01,2.51,132,154.81,154.81,1,1265.6,175.35,3.5,3.543,4.03,0.487,2608.24,12.91,1862.42,3928.99,562.37,770.14,3538.98,27.2,27.2,14.29545372,14.29545372,14.29545372,14.29545372,14.29545372,0,0,0,1,0,0,0,37.14,111.16,116.53,109.5,111,73,77,54297754,53055480,108.4,103.4,87.4,74,2681016,532318,1,155.42,562.85,4.03,79.79,134.35,150.8206667,151.766,572.224,564.4735,4.03,4.0215,80.496,77.234,130.83,132.2575,3,0,0,0,0,0,0,0,1,0,0,0,0,0
2023-07-20,4,TRUE,FALSE,81.04,79.64,75.63,81.06,2.61,132,150.12,150.12,1,1269.9,176.63,3.5,3.581,4.03,0.449,2600.23,13.22,1872.59,3918.01,562.63,762.49,3571.81,27.9,27.9,14.99545372,14.99545372,14.99545372,14.99545372,14.99545372,0,0,0,1,0,0,0,37.14,111.16,116.53,109.5,111,73,77,54297754,53055480,108.4,103.4,87.4,74,2681016,532318,1,154.81,562.37,4.03,81.01,132,151.6806667,151.84,570.414,564.532,4.03,4.0225,80.716,77.434,131.42,132.65,3,0,0,0,0,0,0,0,1,0,0,0,0,-0.095088819
2023-07-21,4,TRUE,FALSE,81.77,81.07,77.07,81.79,2.61,133,155.83,155.83,1,1283.4,179.01,3.5,3.602,4.03,0.428,2609.76,13.35,1935.36,3983.76,554.03,780.69,3492.41,29.5,29.5,16.59545372,16.59545372,16.59545372,16.59545372,16.59545372,0,0,0,1,0,0,0,37.14,111.16,116.27,109.5,111,73,77,54297754,53055480,108.4,103.4,87.4,74,2681016,532318,1,150.12,562.63,4.03,81.06,132,151.9446667,152.006,566.048,564.666,4.03,4.0235,80.71,77.6145,132.22,132.9625,3,0,0,0,0,0,0,0,1,0,0,0,0,-0.099307159
2023-07-24,4,TRUE,FALSE,82.52,82.74,78.74,82.56,2.68,133.1,151.51,151.0033333,3,1279.9,177.91,3.5,3.617,4.03,0.413,2628.53,14.12,2056.5,4077.95,541.42,798.95,3466.33,26.9,26.6,13.99545372,13.69545372,13.99545372,13.69545372,14.79545372,0.4,17.63333333,52.9,3,0,0,0,37.14,111.16,116.27,109.5,111,73,77,54297754,53055480,108.4,103.4,87.4,74,2681016,532318,1,155.83,554.03,4.03,81.79,133,152.7206667,152.385,561.8,564.7435,4.03,4.0245,80.664,77.9975,132.49,133.3375,3,0,0,0,0,0,0,0,1,0,0,0,0,-0.1
2023-07-25,4,TRUE,FALSE,84.25,83.64,79.63,84.27,2.66,134,158.31,158.31,1,1275.4,178.41,3.5,3.645,4.03,0.385,2636.46,14.08,2134.39,4234.78,538.41,827.61,3460.83,27.8,27.8,14.89545372,14.89545372,14.89545372,14.89545372,14.89545372,5.6,5.6,5.6,1,0,0,0,37.14,111.16,116.27,109.5,111,73,77,54297754,53055480,108.4,103.4,87.4,74,2681016,560882.1,1,151.0033333,541.42,4.03,82.56,133.1,153.4366667,152.5946667,556.66,563.942,4.03,4.0255,81.242,78.398,132.89,133.7175,3,0,0,0,0,0,0,0,1,0,0,0,0,0.068376068
2023-07-26,4,TRUE,FALSE,84.29,82.92,78.78,84.32,2.6,134,161.3,161.3,1,1274.5,178.24,3.5,3.627,4.03,0.403,2592.36,14.53,2035.91,4143.63,522.11,789.1,3364.72,27.6,27.6,14.69545372,14.69545372,14.69545372,14.69545372,14.69545372,1,1,1,1,0,0,0,37.14,111.16,116.27,109.5,111,73,77,54297754,53055480,108.4,103.4,87.4,74,2681016,560882.1,1,158.31,538.41,4.03,84.27,134,154.0146667,152.9981667,551.772,562.4995,4.03,4.0265,82.138,78.8375,132.82,134.0225,3,0,0,0,0,0,0,0,1,0,0,0,0,0.066666667
2023-07-27,4,TRUE,FALSE,84.09,84.24,80.09,84.12,2.47,134,158.08,158.08,1,1277.7,178.99,3.5,3.587,4.03,0.443,2603.81,13.9,2003.78,3770.74,533.17,766.6,3596.1,28.4,28.4,15.49545372,15.49545372,15.49545372,15.49545372,15.49545372,0,0,0,1,0,0,0,37.14,111.16,116.27,109.5,111,72,76,54297754,53055480,108.4,103.4,87.4,74,2681016,560882.1,1,161.3,522.11,4.03,84.32,134,155.3126667,153.3126667,543.72,560.362,4.03,4.0275,82.8,79.3415,133.22,134.3275,3,0,0,0,0,0,0,0,1,0,0,0,0,0.1
2023-07-28,4,TRUE,FALSE,84.71,84.99,80.58,84.74,2.53,134.45,158.68,158.68,1,1277,178.46,3.5,3.635,4.03,0.395,2608.32,14.15,2053.48,3878.06,537.13,788.48,3672.32,29.5,29.5,16.59545372,16.59545372,16.59545372,16.59545372,16.59545372,0,0,0,1,0,0,0,37.14,111.16,116.27,110.1,111.2,72,76,54297754,53055480,109.7,102.6,87.8,71.6,3202647,560882.1,1,158.08,533.17,4.03,84.12,134,156.9046667,153.6351667,537.828,558.9985,4.03,4.028,83.412,79.8355,133.62,134.6325,3,0,0,0,0,0,0,0,1,0,0,0,0,0.1
2023-07-31,4,TRUE,FALSE,85.64,85.56,81.8,85.66,2.58,137.3,153.98,154.1766667,3,1274.6,178.34,3.5,3.681,4.03,0.349,2632.58,14.21,2127.96,4079.01,541.53,811.56,3643.86,28.7,28.86666667,15.79545372,15.96212038,15.79545372,15.96212038,16.19545372,0.3,8.433333333,25.3,3,0,0,0,37.14,111.16,116.27,110.1,111.2,72,76,54297754,53055480,109.7,102.6,87.8,71.6,3202647,560882.1,1,158.68,537.13,4.03,84.74,134.45,157.4746667,154.0721667,534.448,557.324,4.03,4.0285,84.002,80.241,133.91,134.9525,3,0,0,0,0,0,0,0,1,0,0,0,0,-0.018595041
2023-08-01,4,TRUE,FALSE,85.85,84.91,81.37,85.88,2.49,134.35,145.9,145.9,1,1283.8,178.96,3.5,3.647,4.03,0.383,2667.07,14.06,2102.96,4090.53,555.55,803.78,3695.76,29.9,29.9,16.99545372,16.99545372,16.99545372,16.99545372,16.99545372,0,0,0,1,0,0,0,37.14,111.16,116.27,110.1,111.2,72,76,50457776,48738114,109.7,102.6,87.8,71.6,3202647,560882.1,1,154.1766667,541.53,4.03,85.66,137.3,158.1093333,154.228,534.47,555.618,4.03,4.029,84.622,80.7585,134.75,134.415,3,0,0,0,0,0,0,0,1,0,0,0,0,-0.1
2023-08-02,4,TRUE,FALSE,86.29,83.2,79.49,86.35,2.43,133.5,149.41,149.41,1,1298.5,180.36,3.5,3.677,4.03,0.353,2616.47,15.36,2059.61,3949.9,561.32,788.68,3526.19,29.7,29.7,16.79545372,16.79545372,16.79545372,16.79545372,16.79545372,0,0,0,1,0,0,2150000,37.14,111.29,116.27,110.1,111.2,72,76,50457776,48738114,109.7,102.6,87.8,71.6,3202647,560882.1,1,145.9,555.55,4.03,85.88,134.35,155.6273333,153.822,537.898,554.6315,4.03,4.0295,84.944,81.2875,134.82,133.975,3,0,0,0,0,0,0,0,1,0,0,0,0,-0.032748538
2023-08-03,4,TRUE,FALSE,83.97,85.14,81.55,84.08,2.44,136.85,146.3,146.3,1,1299.1,180.33,3.5,3.714,4.03,0.316,2605.39,15.88,2073.67,4052.3,560.17,784.99,3550.97,29.5,29.5,16.59545372,16.59545372,16.59545372,16.59545372,16.59545372,0,0,0,1,0,0,2150000,37.14,111.29,116.27,110.1,111.2,72,76,50457776,48738114,109.7,102.6,87.8,71.6,3202647,560882.1,1,149.41,561.32,4.03,86.35,133.5,153.2493333,153.554,545.74,554.2705,4.03,4.03,85.35,81.828,134.72,133.41,3,0,0,0,0,0,0,0,1,0,0,0,0,-0.047158404
2023-08-04,4,TRUE,FALSE,87.11,86.24,82.82,87.15,2.53,137,150.63,150.63,1,1309.8,182.21,3.5,3.738,4.03,0.292,2602.8,15.55,2041.84,3996.99,562.21,778.49,3530.93,30,30,17.09545372,17.09545372,17.09545372,17.09545372,17.09545372,0,0,0,1,0,1,2150000,37.14,111.29,116.27,110.1,111.2,72,76,50457776,48738114,109.7,102.6,87.8,71.6,3202647,560882.1,1,146.3,560.17,4.03,84.08,136.85,150.8933333,153.25,551.14,554.5805,4.03,4.03,85.342,82.1625,135.29,133.27,3,0,0,0,0,0,0,0,1,0,0,0,0,-0.006345178
2023-08-07,4,TRUE,FALSE,87.73,85.34,81.94,87.85,2.65,141.1,152.3,149.9866667,3,1306.2,181.32,3.5,3.689,4.03,0.341,2580.71,15.71,1989.87,3830.62,561.06,753.95,3522.95,30.4,30.16666667,17.49545372,17.26212038,17.49545372,17.26212038,17.49545372,0,1.633333333,4.9,3,1,1,2150000,37.14,111.29,116.27,110.1,111.2,72,76,50457776,48738114,109.7,102.6,87.8,71.6,3202647,560882.1,1,150.63,562.21,4.03,87.15,137,149.2833333,152.8125,556.156,555.35,4.03,4.03,85.824,82.627,135.8,133.22,3,0,0,0,0,0,0,0,1,0,0,0,0,-0.01660281
2023-08-08,4,TRUE,FALSE,87.09,86.17,82.92,87.09,2.77,142.5,157.8,157.8,1,1315.7,182.1,3.5,3.647,4.03,0.383,2573.98,15.4,2032.8,3826.04,559.45,757.02,3458.95,30.9,30.9,17.99545372,17.99545372,17.99545372,17.99545372,17.99545372,0,0,0,1,1,1,2150000,37.14,111.29,116.27,110.1,111.2,72,76,50457776,48738114,109.7,102.6,87.8,71.6,3202647,560882.1,1,149.9866667,561.06,4.03,87.85,141.1,148.4453333,152.683,560.062,555.9815,4.03,4.03,86.262,83.1055,136.56,133.59,3,0,0,0,0,0,0,0,1,0,0,0,0,-0.038961039
2023-08-09,4,TRUE,FALSE,87.09,87.55,84.4,87.09,2.92,142.5,155.54,155.54,1,1315.7,182.23,3.5,3.672,4.03,0.358,2605.12,14.15,2031.87,3887.58,564.57,762.74,3468.88,28.3,28.3,15.39545372,15.39545372,15.39545372,15.39545372,15.39545372,0.2,0.2,0.2,1,1,1,2150000,37.14,111.29,116.27,110.1,111.2,72,76,50457776,48738114,109.7,102.6,87.8,71.6,3202647,560882.1,1,157.8,559.45,4.03,87.09,142.5,150.8253333,152.822,560.842,555.684,4.03,4.03,86.504,83.5205,138.19,134.165,3,0,0,0,0,0,0,0,1,0,0,0,0,0
2023-08-10,4,TRUE,FALSE,89.03,86.4,82.82,89.03,2.83,143,156.46,156.46,1,1316,182.14,3.5,3.687,4.03,0.343,2601.56,14,2024.53,3925.06,570.1,766.16,3409.63,22.2,22.2,9.295453716,9.295453716,9.295453716,9.295453716,9.295453716,86.1,86.1,86.1,1,1,1,0,37.12,111.29,116.27,110.1,111.2,72,76,50457776,48738114,109.7,102.6,87.8,71.6,3202647,560882.1,1,155.54,564.57,4.03,87.09,142.5,152.0513333,153.0735,561.492,555.3415,4.03,4.03,86.652,83.8795,139.99,134.8375,3,0,0,0,0,0,0,0,1,0,0,0,0,0.025675676
2023-08-11,4,TRUE,FALSE,87.86,86.81,83.19,87.89,2.61,144,145.99,145.99,1,1324.9,182.86,3.5,3.698,4.03,0.332,2591.26,13.44,1994.35,3891.94,566.93,763.72,3400.78,23.5,23.5,10.59545372,10.59545372,10.59545372,10.59545372,10.59545372,46.7,46.7,46.7,1,1,1,0,37.12,111.29,116.27,110.1,111.2,72,76,50457776,48738114,109.7,102.6,87.8,71.6,3202647,560882.1,1,156.46,570.1,4.03,89.03,143,154.0833333,153.4565,563.478,554.6235,4.03,4.03,87.642,84.2765,141.22,135.5875,3,0,0,0,0,0,0,0,1,0,0,0,0,0.023715415
2023-08-14,4,TRUE,FALSE,87.61,86.21,82.51,87.69,2.74,146.5,142.4,138.87,3,1330.9,182.85,3.5,3.747,4.03,0.283,2570.87,14.14,1977.09,3777.58,553.91,757.49,3351.71,28.1,26.13333333,15.19545372,13.22878705,15.19545372,13.22878705,15.19545372,0,0.5,1.5,3,0,1,0,37.12,111.29,116.27,110.1,111.2,72,76,50457776,48738114,109.7,102.6,87.8,71.6,3202647,560882.1,1,145.99,566.93,4.03,87.89,144,153.1553333,153.1585,564.422,554.2065,4.03,4.03,87.79,84.57,142.62,136.205,3,0,0,0,0,0,0,0,1,0,0,0,0,0.041184041
2023-08-16,4,TRUE,FALSE,86.04,83.45,79.38,86.04,2.55,147.5,148.58,145.915,2,1336.9,182.77,3.5,3.712,4.03,0.318,2525.64,15.15,1915.85,3622.7,543.26,731.58,3374.56,27.3,27.95,14.39545372,15.04545372,14.39545372,15.04545372,15.69545372,0.3,0.15,0.3,2,0,0,0,37.12,111.29,116.27,110.1,111.2,72,76,50457776,48738114,109.7,102.6,87.8,71.6,3202647,560882.1,1,138.87,553.91,4.03,87.69,146.5,150.932,152.7308333,562.992,553.546,4.03,4.03,87.758,84.971,143.7,136.975,3,0,0,0,0,0,0,0,1,0,0,0,0,-0.030902349
2023-08-17,4,TRUE,FALSE,84.94,84.12,80.39,84.94,2.56,147,147.05,147.05,1,1342,182.91,3.5,3.788,4.03,0.242,2519.85,15.57,1907.13,3701.1,530.67,737.61,3384.72,28.2,28.2,15.29545372,15.29545372,15.29545372,15.29545372,15.29545372,0,0,0,1,0,0,0,37.12,111.29,116.27,110.1,111.2,72,76,50457776,48738114,109.7,102.6,87.8,71.6,3202647,560882.1,1,145.915,543.26,4.03,86.04,147.5,148.555,152.2555833,559.754,552.5665,4.03,4.03,87.548,85.2835,144.7,137.6325,3,0,0,0,0,0,0,0,1,0,0,0,0,-0.030612245
2023-08-18,4,TRUE,FALSE,85.41,84.8,81.25,85.41,2.44,149.5,146.79,146.79,1,1338.3,183.26,3.5,3.729,4.03,0.301,2504.5,16.03,1880.49,3627.6,526.76,730.67,3463.56,29.1,29.1,16.19545372,16.19545372,16.19545372,16.19545372,16.19545372,0.1,0.1,0.1,1,0,0,0,37.12,111.29,116.27,110.1,111.2,72,76,50457776,48738114,109.7,102.6,87.8,71.6,3202647,560882.1,1,147.05,530.67,4.03,84.94,147,146.857,151.8675833,552.974,550.9815,4.03,4.03,87.118,85.48,145.6,138.3825,3,0,0,0,0,0,0,0,1,0,0,0,0,-0.023684211
2023-08-21,4,TRUE,FALSE,86.93,84.46,80.72,87.02,2.6,149.25,146.55,143.0033333,3,1342.6,183.1,3.5,3.795,4.03,0.235,2508.8,16.03,1889.2,3738.43,520.75,728.7,3455.39,29.5,28.96666667,16.59545372,16.06212038,16.59545372,16.06212038,16.59545372,0,0,0,3,0,0,0,37.12,111.29,116.27,110.1,111.2,72,76,50457776,48738114,109.7,102.6,87.8,71.6,3202647,560882.1,1,146.79,526.76,4.03,85.41,149.5,144.923,151.7010833,544.306,549.188,4.03,4.03,86.394,85.6975,146.9,139.2575,3,0,0,0,0,0,0,0,1,0,0,0,0,-0.016172507
2023-08-22,4,TRUE,FALSE,85.74,84.03,80.35,85.78,2.58,150,147.5,147.5,1,1335.5,183.42,3.5,3.802,4.03,0.228,2515.74,15.33,1903.6,3815.27,520.38,736.39,3401.99,27.6,27.6,14.69545372,14.69545372,14.69545372,14.69545372,14.69545372,42.6,42.6,42.6,1,0,0,0,37.12,111.29,116.27,110.1,111.2,72,76,50457776,48738114,109.7,102.6,87.8,71.6,3202647,560882.1,1,143.0033333,520.75,4.03,87.02,149.25,144.3256667,151.05975,535.07,547.524,4.03,4.03,86.22,85.959,147.95,140.07,3,0,0,0,0,0,0,0,1,0,0,0,0,-0.012328767
2023-08-23,4,TRUE,FALSE,85.34,83.21,78.89,85.42,2.6,150,149.3,149.3,1,1339.7,183.61,3.5,3.771,4.03,0.259,2505.5,14.97,1887.88,3734.4,520.36,732.89,3404.79,24.8,24.8,11.89545372,11.89545372,11.89545372,11.89545372,11.89545372,41.8,41.8,41.8,1,0,0,0,37.12,111.29,116.27,110.1,111.2,67,75,50457776,48738114,109.7,102.6,87.8,71.6,3202647,560882.1,1,147.5,520.38,4.03,85.78,150,146.0516667,150.8845833,528.364,546.472,4.03,4.03,85.838,86.12,148.65,140.915,3,0,0,0,0,0,0,0,1,0,0,0,0,-0.008321775
2023-08-24,4,TRUE,FALSE,85.09,83.36,79.05,85.2,2.42,149,143.64,143.64,1,1322.6,181.5,3.5,3.759,4.03,0.271,2537.68,13.94,1931.27,3777.1,539.09,755.33,3483.96,25.1,25.1,12.19545372,12.19545372,12.19545372,12.19545372,12.19545372,5.2,5.2,5.2,1,0,0,0,37.12,111.29,116.53,110.1,111.2,67,75,50457776,48738114,109.7,102.6,87.8,71.6,3202647,560882.1,1,149.3,520.36,4.03,85.42,150,146.7286667,150.4340833,523.784,545.5695,4.03,4.03,85.714,86.1775,149.15,141.715,3,0,0,0,0,0,0,0,1,0,0,0,0,0
2023-08-25,4,TRUE,FALSE,86.17,84.48,79.83,86.51,2.46,149.4,144.99,144.99,1,1325.2,181.83,3.5,3.789,4.03,0.241,2519.14,14.86,1949.3,3763.89,550.59,738.1,3372.71,26.5,26.5,13.59545372,13.59545372,13.59545372,13.59545372,13.59545372,0,0,0,1,0,0,0,37.12,111.29,116.53,110.1,111.2,67,75,50457776,48738114,109.7,102.6,87.8,71.6,3202647,560882.1,1,143.64,539.09,4.03,85.2,149,146.0466667,149.5510833,525.468,546.4185,4.03,4.03,85.766,86.2215,149.55,142.465,3,0,0,0,0,0,0,0,1,0,0,0,0,0
2023-08-28,4,TRUE,FALSE,86.29,84.42,80.1,86.69,2.6,159.75,144.52,144.3933333,3,1323.4,181.43,3.5,3.759,4.03,0.271,2543.41,14.18,2012.77,3814.51,558.81,762.65,3375.2,22.7,25.06666667,9.795453716,12.16212038,9.795453716,12.16212038,13.49545372,10.4,3.466666667,10.4,3,0,0,0,37.12,111.29,116.53,110.1,111.2,67,75,50457776,48738114,109.7,102.6,87.8,71.6,3202647,560882.1,1,144.99,550.59,4.03,86.51,149.4,145.6866667,148.8965833,530.234,547.2895,4.03,4.03,85.986,86.341,149.53,143.235,3,0,0,0,0,0,0,0,1,0,0,0,0,-0.011188811
2023-08-29,4,TRUE,FALSE,86.09,85.49,81.16,86.49,2.5,159.5,148.5,148.5,1,1321.9,181.23,3.5,3.74,4.03,0.29,2552.16,13.49,2012.54,3784,562.31,759.61,3428.42,23.9,23.9,10.99545372,10.99545372,10.99545372,10.99545372,10.99545372,54.8,54.8,54.8,1,0,0,0,37.12,111.29,116.53,110.1,111.2,67,75,50457776,48738114,109.7,102.6,87.8,71.6,3202647,560882.1,1,144.3933333,558.81,4.03,86.69,159.75,145.9646667,148.18225,537.846,548.3735,4.03,4.03,85.92,86.4385,151.63,144.5,3,0,0,0,0,0,0,0,1,0,0,0,0,0.014144272
2023-08-30,4,TRUE,FALSE,86.78,85.86,81.63,87.18,2.48,156,145.58,145.58,1,1323.4,181.31,3.5,3.732,4.03,0.298,2561.22,13.05,2031.34,3838,575.09,759.26,3493.17,22.8,22.8,9.895453716,9.895453716,9.895453716,9.895453716,9.895453716,3.5,3.5,3.5,1,0,0,0,37.12,111.29,116.53,110.1,111.2,67,75,50457776,48738114,109.7,102.6,87.8,71.6,3202647,560882.1,1,148.5,562.31,4.03,86.49,159.5,146.1646667,147.8984167,546.232,549.4125,4.03,4.03,86.062,86.48,153.53,145.61,3,0,0,0,0,0,0,0,1,0,0,0,0,0.050209205
2023-08-31,4,TRUE,FALSE,87.53,86.86,83.63,87.93,2.56,156,143.8,143.8,1,1321.8,181.17,3.5,3.711,4.03,0.319,2556.27,12.78,2017.99,3844.86,564.87,748.3,3521.1,23.9,23.9,10.99545372,10.99545372,10.99545372,10.99545372,10.99545372,0,0,0,1,0,0,0,37.12,111.29,116.53,110.8,111.1,67,75,50457776,48738114,103.9,101.2,87.9,70.1,2864391,560882.1,1,145.58,575.09,4.03,87.18,156,145.4206667,147.8824167,557.178,550.3895,4.03,4.03,86.414,86.545,154.73,146.6925,3,0,0,0,0,0,0,0,1,0,0,0,0,0.029216467
2023-09-01,1,TRUE,TRUE,87.53,88.55,85.55,87.93,2.7,156.25,145.94,145.94,1,1318.8,181.48,3.5,3.689,4.03,0.341,2563.71,12.53,2006.34,3735.72,558.4,736.88,3602.98,24.5,24.5,11.59545372,11.59545372,11.59545372,11.59545372,11.59545372,0,0,0,1,0,0,0,37.12,111.29,116.53,110.8,111.1,67,75,51994074,51009758,103.9,101.2,87.9,70.1,2864391,560882.1,1,143.8,564.87,4.03,87.93,156,145.4526667,147.6019167,562.334,550.567,4.03,4.03,86.96,86.624,156.13,147.8175,3,0,0,0,0,0,0,0,0,1,0,0,0,0
2023-09-04,1,TRUE,FALSE,89.47,89,85.55,89.47,2.7,156.55,149.77,139.3566667,3,1319.8,181.57,3.5,3.738,4.03,0.292,2584.55,12.49,2084.04,3754.57,557.96,748.35,3584.05,27,26.06666667,14.09545372,13.16212038,14.09545372,13.16212038,14.09545372,0.3,0.133333333,0.4,3,0,0,0,37.12,111.29,116.53,110.8,111.1,67,75,51994074,51009758,103.9,101.2,87.9,70.1,2864391,560882.1,1,145.94,558.4,4.03,87.93,156.25,145.6426667,147.5839167,563.896,550.4785,4.03,4.03,87.244,86.8165,157.5,148.7875,3,0,0,0,0,0,0,0,0,1,0,0,1,-0.006451613
2023-09-05,1,TRUE,FALSE,89.2,90.04,86.69,89.2,2.6,160.5,149.3,149.3,1,1330.6,182.25,3.5,3.765,4.03,0.265,2582.18,12.42,2102.97,3718.22,557.76,747.63,3576.6,28.5,28.5,15.59545372,15.59545372,15.59545372,15.59545372,15.59545372,0,0,0,1,0,0,0,37.12,112.28,116.53,110.8,111.1,67,75,51994074,51009758,103.9,101.2,87.9,70.1,2864391,560882.1,1,139.3566667,557.96,4.03,89.47,156.55,144.6353333,147.02025,563.726,550.266,4.03,4.03,87.8,86.9325,156.86,149.765,3,0,0,0,0,0,0,0,0,1,0,0,0,-0.007792208
2023-09-06,1,TRUE,FALSE,90.58,90.6,87.54,90.58,2.49,160,146.99,146.99,1,1330.5,182.11,3.5,3.765,4.03,0.265,2563.34,12.46,2076.37,3658.8,550.01,737.2,3527.77,27.9,27.9,14.99545372,14.99545372,14.99545372,14.99545372,14.99545372,0,0,0,1,0,0,3070000,37.12,112.28,116.53,110.8,111.1,67,75,51994074,51009758,103.9,101.2,87.9,70.1,2864391,560882.1,1,149.3,557.76,4.03,89.2,160.5,144.7953333,146.9859167,562.816,550.101,4.03,4.03,88.342,87,157.06,150.735,3,0,0,0,0,0,0,0,0,1,0,0,0,0.017015707
2023-09-07,1,TRUE,FALSE,91.49,89.92,86.87,91.49,2.45,157.65,145.76,145.76,1,1335.4,182.12,3.5,3.847,4.03,0.183,2548.26,12.69,2041.65,3592.45,545.45,719.78,3533.4,26.3,26.3,13.39545372,13.39545372,13.39545372,13.39545372,13.39545372,0,0,0,1,0,0,3070000,37.12,112.28,116.53,110.8,111.1,67,75,51994074,51009758,103.9,101.2,87.9,70.1,2864391,560882.1,1,146.99,550.01,4.03,90.58,160,145.0773333,146.4454167,557.8,549.629,4.03,4.03,89.022,87.1745,157.86,151.61,3,0,0,0,0,0,0,0,0,1,0,0,0,0.028314028
2023-09-08,1,TRUE,FALSE,91.08,90.65,87.51,91.08,2.53,156.25,143.08,143.08,1,1333.4,181.27,3.5,3.795,4.03,0.235,2547.68,12.4,2071.4,3597.05,561.18,727.49,3434.59,25.3,25.3,12.39545372,12.39545372,12.39545372,12.39545372,12.39545372,0,0,0,1,0,1,3070000,37.12,112.28,116.53,110.8,111.1,67,75,51994074,51009758,103.9,101.2,87.9,70.1,2864391,560882.1,1,145.76,545.45,4.03,91.49,157.65,145.4693333,145.9564167,553.916,548.673,4.03,4.03,89.734,87.3945,158.19,152.3675,3,0,0,0,0,0,0,0,0,1,0,0,0,0.001251564
2023-09-11,1,TRUE,FALSE,91.59,90.64,87.29,91.59,2.5,158,141.41,139.74,3,1331.1,182.25,3.5,3.865,4.04,0.175,2556.88,12.42,2045.44,3545.93,554.34,725.94,3398.72,25.5,25.66666667,12.59545372,12.76212038,12.59545372,12.76212038,12.89545372,0,0,0,3,1,1,3070000,37.12,112.28,116.53,110.8,111.1,67,75,51994074,51009758,103.9,101.2,87.9,70.1,2864391,560882.1,1,143.08,561.18,4.03,91.08,156.25,144.8973333,145.2874167,554.472,548.227,4.03,4.03,90.364,87.497,158.19,153.03,3,0,0,0,0,0,0,0,0,1,0,0,0,0.01875
2023-09-12,1,TRUE,FALSE,92.34,92.06,88.84,92.34,2.72,159,144.95,144.95,1,1327.8,181.59,3.5,3.863,4.04,0.177,2536.58,12.4,2002.61,3494.42,544.22,711.98,3403.25,25.7,25.7,12.79545372,12.79545372,12.79545372,12.79545372,12.79545372,0,0,0,1,1,1,3070000,37.12,112.28,116.53,110.8,111.1,67,75,51994074,51009758,103.9,101.2,87.9,70.1,2864391,560882.1,1,139.74,554.34,4.04,91.59,158,144.974,144.9749167,553.748,547.5975,4.032,4.0305,90.788,87.682,158.48,153.73,3,0,0,0,0,0,0,0,0,1,0,0,0,0.018404908
2023-09-13,1,TRUE,FALSE,93.89,91.88,88.52,93.89,2.76,162.25,148.36,148.36,1,1330,182.37,3.5,3.853,4.05,0.197,2534.7,12.64,2006.38,3411.52,546,707.02,3386.52,22.1,22.1,9.195453716,9.195453716,9.195453716,9.195453716,9.195453716,15.9,15.9,15.9,1,1,1,3070000,37.12,112.28,116.53,110.8,111.1,67,75,51994074,51009758,103.9,101.2,87.9,70.1,2864391,560882.1,1,144.95,544.22,4.04,92.34,159,144.104,145.2789167,551.04,547.113,4.034,4.031,91.416,87.9145,158.18,154.355,3,0,0,0,0,0,0,0,0,1,0,0,0,0.096385542
2023-09-14,1,TRUE,FALSE,93.84,93.7,90.16,93.89,2.81,160.15,151.83,151.83,1,1325.7,182.26,3.5,3.836,4.05,0.214,2572.89,12.02,2028.05,3467.79,555.1,722.68,3504.3,23.4,23.4,10.49545372,10.49545372,10.49545372,10.49545372,10.49545372,0,0,0,1,1,1,0,30.68,112.28,116.53,110.8,111.1,67,75,51994074,51009758,103.9,101.2,87.9,70.1,2864391,560882.1,1,148.36,546,4.05,93.89,162.25,144.378,145.4011667,550.238,547.25,4.038,4.032,92.078,88.307,158.63,155.0925,3,0,0,0,0,0,0,0,0,1,0,0,0,0.098901099
2023-09-15,1,TRUE,FALSE,95.56,93.93,90.77,95.57,2.74,160.5,147.81,147.81,1,1325.9,182.34,3.5,3.85,4.05,0.2,2601.28,11.73,2101.93,3503.93,557.83,728.1,3503.72,22.3,22.3,9.395453716,9.395453716,9.395453716,9.395453716,9.395453716,2.1,2.1,2.1,1,1,1,0,30.68,112.28,116.53,110.8,111.1,67,75,51994074,51009758,103.9,101.2,87.9,70.1,2864391,560882.1,1,151.83,555.1,4.05,93.89,160.15,145.592,145.6401667,552.168,548.4715,4.042,4.033,92.558,88.7545,159.13,155.75,3,0,0,0,0,0,0,0,0,1,0,0,0,0.1
2023-09-18,1,TRUE,FALSE,95.2,94.43,91.48,95.2,2.54,160.75,146.59,140.2866667,3,1324.4,181.79,3.5,3.891,4.06,0.169,2574.72,12.85,2105.54,3519.01,549.2,724.33,3389.4,24.7,24.43333333,11.79545372,11.52878705,11.79545372,11.52878705,11.79545372,0,13.9,41.7,3,0,1,0,30.68,112.28,116.53,110.8,111.1,67,75,51994074,51009758,103.9,101.2,87.9,70.1,2864391,560882.1,1,147.81,557.83,4.05,95.57,160.5,146.538,145.6911667,551.498,550.025,4.046,4.034,93.456,89.2625,159.98,156.3,3,0,0,0,0,0,0,0,0,1,0,0,0,0.1
2023-09-19,1,TRUE,FALSE,95.19,94.34,91.2,95.19,2.46,160.75,145.58,145.58,1,1328.5,181.92,3.5,3.887,4.06,0.173,2559.21,12.95,2097.75,3478.92,547.59,727.72,3356.33,24.1,24.1,11.19545372,11.19545372,11.19545372,11.19545372,11.19545372,0,0,0,1,0,0,0,30.68,112.28,116.53,110.8,111.1,67,75,51994074,51009758,103.9,101.2,87.9,70.1,2864391,560882.1,1,140.2866667,549.2,4.06,95.2,160.75,146.6473333,145.5553333,550.47,551.4475,4.05,4.0355,94.178,89.6715,160.53,156.875,3,0,0,0,0,0,0,0,0,1,0,0,0,0.099173554
2023-09-20,1,TRUE,FALSE,93.85,93.53,90.28,93.85,2.78,160.75,148.9,148.9,1,1330.1,182,3.5,3.89,4.06,0.17,2559.74,13.03,2124.42,3512.49,548.03,720.02,3335.39,20.6,20.6,7.695453716,7.695453716,7.695453716,7.695453716,7.695453716,35.8,35.8,35.8,1,0,0,0,30.68,112.28,117.5,110.8,111.1,67,75,51994074,51009758,103.9,101.2,87.9,70.1,2864391,560882.1,1,145.58,547.59,4.06,95.19,160.75,146.7733333,145.4593333,551.144,552.808,4.054,4.037,94.748,90.142,160.88,157.4125,3,0,0,0,0,0,0,0,0,1,0,0,0,0.097744361
2023-09-21,1,TRUE,FALSE,93.23,93.3,89.63,93.23,2.7,160.5,146.8,146.8,1,1339.7,183.28,3.5,3.93,4.07,0.14,2514.97,13.96,2060.02,3437.82,545.8,709.26,3245.52,20.1,20.1,7.195453716,7.195453716,7.195453716,7.195453716,7.195453716,0,0,0,1,0,0,0,30.68,112.28,117.5,110.8,111.1,67,75,51994074,51009758,103.9,101.2,87.9,70.1,2864391,560882.1,1,148.9,548.03,4.06,93.85,160.75,146.8813333,145.4393333,551.55,554.1915,4.056,4.0385,94.74,90.5635,160.58,157.95,3,0,0,0,0,0,0,0,0,1,0,0,0,-0.047945205
2023-09-22,1,TRUE,FALSE,94.27,93.27,90.03,94.31,2.63,160,144.49,144.49,1,1336.8,183.05,3.5,3.876,4.08,0.204,2508.13,14.18,2063.38,3409.48,534.28,696.23,3268.48,20.5,20.5,7.595453716,7.595453716,7.595453716,7.595453716,7.595453716,0,0,0,1,0,0,0,30.68,112.28,117.5,110.8,111.1,67,75,51994074,51009758,103.9,101.2,87.9,70.1,2864391,560882.1,1,146.8,545.8,4.07,93.23,160.5,145.8753333,145.5973333,549.69,554.527,4.06,4.0405,94.608,90.965,160.65,158.525,3,0,0,0,0,0,0,0,0,1,0,0,0,-0.071942446
2023-09-25,1,TRUE,FALSE,94.09,93.29,89.68,94.1,2.63,160,144.91,136.4466667,3,1336.5,182.73,3.5,3.876,4.08,0.204,2495.76,14.1,2001.36,3316.03,524.09,689.34,3266.76,21.6,21.73333333,8.695453716,8.828787049,8.695453716,8.828787049,8.895453716,1.9,0.633333333,1.9,3,0,0,0,30.68,112.28,117.5,110.8,111.1,67,75,51994074,51009758,103.9,101.2,87.9,70.1,2864391,560882.1,1,144.49,534.28,4.08,94.31,160,145.2113333,145.5723333,544.98,553.7115,4.066,4.043,94.356,91.355,160.55,159.055,3,0,0,0,0,0,0,0,0,1,0,0,0,-0.007751938
2023-09-26,1,TRUE,FALSE,92.83,93.96,90.39,92.87,2.55,160.35,145,145,1,1348.5,184.49,3.5,3.891,4.08,0.189,2462.97,14.74,1975.68,3280.55,518.29,675.69,3223.29,19.9,19.9,6.995453716,6.995453716,6.995453716,6.995453716,6.995453716,27.8,27.8,27.8,1,0,0,0,30.68,112.28,117.5,110.8,111.1,67,75,51994074,51009758,103.9,101.2,87.9,70.1,2864391,560882.1,1,136.4466667,524.09,4.08,94.1,160,144.4433333,145.175,539.958,551.9755,4.07,4.0455,94.136,91.7255,160.4,159.0675,3,0,0,0,0,0,0,0,0,1,0,0,0,0.00390625
2023-09-27,1,TRUE,FALSE,94.46,96.55,93.68,93.5,2.72,160.35,139.91,139.91,1,1349.3,184.64,3.5,3.884,4.08,0.196,2465.07,15.08,1970.11,3299.91,520.88,687.88,3242.1,21.5,21.5,8.595453716,8.595453716,8.595453716,8.595453716,8.595453716,4.4,4.4,4.4,1,0,0,3070000,30.68,112.28,117.5,110.8,111.1,68,77,51994074,51009758,103.9,101.2,87.9,70.1,2864391,560882.1,1,145,518.29,4.08,92.87,160.35,144.3273333,145,534.098,549.7745,4.074,4.048,93.672,92.0445,160.32,159.11,3,0,0,0,0,0,0,0,0,1,0,0,0,0.003891051
2023-10-04,1,TRUE,FALSE,90.66,85.81,84.22,90.66,2.92,144.65,144.99,121.0485714,7,1363.5,185.97,3.5,4.108,4.09,-0.018,2405.69,18.09,1896.5,3139.47,503.33,668.3,3214.13,17.3,19.27142857,4.395453716,6.366882287,4.395453716,6.366882287,9.795453716,14.7,2.742857143,19.2,7,0,0,3070000,30.68,112.28,117.5,111,111.2,68,77,54650691,50972525,106.1,97.6,86.2,72.6,2658482,560882.1,1,139.91,520.88,4.08,93.5,160.35,142.5293333,144.7165,528.668,547.064,4.078,4.0505,93.602,92.3605,160.24,159.3275,3,0,0,0,0,0,0,0,0,1,0,0,0,0.085271318
2023-10-05,1,TRUE,FALSE,86.29,84.07,82.31,86.29,2.92,139,146.62,146.62,1,1350.5,184.53,3.5,4.081,4.09,0.009,2403.6,17.34,1915.94,3132.13,497.5,664.03,3237.31,14.2,14.2,1.295453716,1.295453716,1.295453716,1.295453716,1.295453716,0,0,0,1,0,1,3070000,30.68,112.85,117.5,111,111.2,68,77,54650691,50972525,106.1,97.6,86.2,72.6,2658482,560882.1,1,121.0485714,503.33,4.09,90.66,144.65,137.3790476,143.5789286,520.174,543.987,4.082,4.0535,93.088,92.497,157.07,158.76,3,0,0,0,0,0,0,0,0,1,0,0,0,-0.1
2023-10-06,1,TRUE,FALSE,84.83,84.58,82.79,84.85,3.3,138.5,146.74,146.74,1,1349.9,184.57,3.5,4.015,4.1,0.085,2408.73,17.39,1928.54,3142.27,505.59,669.16,3257.46,15.5,15.5,2.595453716,2.595453716,2.595453716,2.595453716,2.595453716,0,0,0,1,1,1,3070000,30.68,112.85,117.5,111,111.2,68,77,54650691,50972525,106.1,97.6,86.2,72.6,2658482,560882.1,1,146.62,497.5,4.09,86.29,139,137.8050476,143.6129286,512.818,540.942,4.084,4.0565,91.484,92.415,152.87,157.8975,3,0,0,0,0,0,0,0,0,1,0,0,0,-0.071428571
2023-10-10,1,TRUE,FALSE,88.49,87.65,85.97,88.49,3.34,141.9,141.01,132.3175,4,1349.5,185.15,3.5,3.997,4.11,0.113,2402.58,17.56,1889.85,3065.04,518.26,655.77,3214.46,17.1,17.1,4.195453716,4.195453716,4.195453716,4.195453716,4.495453716,0,0.3,1.2,4,1,1,3070000,30.68,112.85,117.5,111,111.2,68,77,54650691,50972525,106.1,97.6,86.2,72.6,2658482,560882.1,1,146.74,505.59,4.1,84.85,138.5,139.8637143,143.9820952,509.118,538.3235,4.088,4.06,89.634,92.184,148.57,156.995,3,0,0,0,0,0,0,0,0,1,0,0,0,-0.008547009
2023-10-11,1,TRUE,FALSE,88.2,85.82,83.49,88.2,3.19,140.5,149.05,149.05,1,1338.7,183.58,3.5,3.953,4.12,0.167,2450.08,16.74,1916.87,3204.44,524.66,663.63,3291.04,17.6,17.6,4.695453716,4.695453716,4.695453716,4.695453716,4.695453716,0,0,0,1,1,1,3070000,30.68,112.85,117.5,111,111.2,68,77,54650691,50972525,106.1,97.6,86.2,72.6,2658482,560882.1,1,132.3175,518.26,4.11,88.49,141.9,137.3272143,143.1329702,509.112,536.3485,4.094,4.064,88.758,92.1485,144.88,156.065,3,0,0,0,0,0,0,0,0,1,0,0,0,-0.064655172
2023-10-12,1,TRUE,FALSE,87.27,86,82.91,87.27,3.16,142.65,148.42,148.42,1,1338.5,183.41,3.5,3.932,4.13,0.198,2479.82,15.7,1998.91,3287.15,525.47,679.29,3381.65,17.5,17.5,4.595453716,4.595453716,4.595453716,4.595453716,4.595453716,0,0,0,1,1,1,0,31.22,112.85,117.5,111,111.2,68,77,54650691,50972525,106.1,97.6,86.2,72.6,2658482,560882.1,1,149.05,524.66,4.12,88.2,140.5,139.1552143,143.2359702,509.868,535.081,4.102,4.0685,87.698,92.0295,140.91,155.09,3,0,0,0,0,0,0,0,0,1,0,0,0,0.013824885
2023-10-13,1,TRUE,FALSE,88.88,90.89,87.69,88.88,3.11,143.85,149.45,149.45,1,1350,184.77,3.5,3.957,4.14,0.183,2456.15,15.95,1973,3234.96,528.04,668.29,3380.67,17.5,17.5,4.595453716,4.595453716,4.595453716,4.595453716,4.595453716,0,0,0,1,1,1,0,31.22,112.85,117.5,111,111.2,68,77,54650691,50972525,106.1,97.6,86.2,72.6,2658482,560882.1,1,148.42,525.47,4.13,87.27,142.65,144.6295,143.3689702,514.296,534.082,4.11,4.0735,87.02,91.8185,140.51,154.34,3,0,0,0,0,0,0,0,0,1,0,0,0,0.086363636
2023-10-16,1,TRUE,FALSE,91.13,89.65,86.66,91.13,2.98,143.75,142.84,135.2566667,3,1353.7,185.13,3.5,3.973,4.16,0.187,2436.24,17.07,1952.28,3213.89,536.5,669.97,3338.68,14.7,15.16666667,1.795453716,2.262120382,1.795453716,2.262120382,3.195453716,0,1.933333333,5.8,3,0,1,0,31.22,112.85,117.5,111,111.2,68,77,54650691,50972525,106.1,97.6,86.2,72.6,2658482,560882.1,1,149.45,528.04,4.14,88.88,143.85,145.1955,143.6874702,520.404,532.425,4.12,4.079,87.538,91.7085,141.48,153.72,3,0,0,0,0,0,0,0,0,1,0,0,0,-0.012552301
2023-10-17,1,TRUE,FALSE,90.78,89.9,86.66,90.78,2.94,142.25,142.72,142.72,1,1353.6,184.99,3.5,3.991,4.18,0.189,2460.17,16.18,1951.35,3224.86,533.69,672.63,3445.34,13.8,13.8,0.895453716,0.895453716,0.895453716,0.895453716,0.895453716,0,0,0,1,0,0,0,31.22,112.85,117.5,111,111.2,68,77,54650691,50972525,106.1,97.6,86.2,72.6,2658482,560882.1,1,135.2566667,536.5,4.16,91.13,143.75,142.8988333,143.4633036,526.586,531.533,4.132,4.085,88.794,91.6855,142.53,153.0075,3,0,0,0,0,0,0,0,0,1,0,0,0,-0.008474576
2023-10-18,1,TRUE,FALSE,92.48,91.5,88.32,92.48,2.92,140,140.17,140.17,1,1349.6,184.5,3.5,4.031,4.2,0.169,2462.6,16,1963.26,3196.27,537.13,676.36,3435.91,15.7,15.7,2.795453716,2.795453716,2.795453716,2.795453716,2.795453716,0,0,0,1,0,0,0,31.22,112.85,117.5,111,111.2,68,77,54650691,50972525,106.1,97.6,86.2,72.6,2658482,560882.1,1,142.72,533.69,4.18,90.78,142.25,144.9793333,143.3518036,529.672,531.0065,4.146,4.092,89.252,91.6075,142.6,152.17,3,0,0,0,0,0,0,0,0,1,0,0,0,0.025641026
2023-10-19,1,TRUE,FALSE,91.19,92.38,89.37,91.24,2.84,136.5,145.07,145.07,1,1357.4,185.2,3.5,4.07,4.22,0.15,2415.8,18.23,1893.75,3112.03,519.06,663.33,3324.11,17,17,4.095453716,4.095453716,4.095453716,4.095453716,4.095453716,8.2,8.2,8.2,1,0,0,0,31.22,112.85,117.5,111,111.2,68,77,54650691,50972525,106.1,97.6,86.2,72.6,2658482,560882.1,1,140.17,537.13,4.2,92.48,140,143.2033333,142.9423036,532.166,530.563,4.162,4.0995,90.108,91.537,142.5,151.0575,3,0,0,0,0,0,0,0,0,1,0,0,0,0
2023-10-20,1,TRUE,FALSE,93.44,92.16,88.75,93.49,2.6,138,146.81,146.81,1,1352.4,184.33,3.5,4.033,4.24,0.207,2375,19.53,1828.88,3002.58,507.61,660.77,3293.84,11.6,11.6,-1.304546284,-1.304546284,1.304546284,1.304546284,1.304546284,0,0,0,1,0,0,0,31.22,112.85,117.5,111,111.2,68,77,54650691,50972525,106.1,97.6,86.2,72.6,2658482,560882.1,1,145.07,519.06,4.22,91.24,136.5,142.5333333,142.6043036,530.884,528.761,4.18,4.108,90.902,91.4045,141.27,149.875,3,0,0,0,0,0,0,0,0,1,0,0,0,-0.016666667
2023-10-23,1,TRUE,FALSE,92.34,89.83,85.49,92.46,2.65,138.35,143.58,119.8933333,3,1353.7,184.8,3.5,4.055,4.26,0.205,2357.02,19.65,1806.86,2961.14,495.79,643.91,3250.24,15.2,12.7,2.295453716,-0.204546284,2.295453716,1.734848761,2.504546284,0,0.366666667,1.1,3,0,0,0,31.22,112.85,117.5,111,111.2,68,77,54650691,50972525,106.1,97.6,86.2,72.6,2658482,560882.1,1,146.81,507.61,4.24,93.49,138,142.0053333,142.5543036,526.798,526.25,4.2,4.1175,91.824,91.3005,140.1,148.75,3,0,0,0,0,0,0,0,0,1,0,0,0,0
2023-10-24,1,TRUE,FALSE,90.49,88.07,83.74,90.49,2.85,136.5,144.59,144.59,1,1343.1,183.77,3.5,4.004,4.29,0.286,2383.51,18.82,1826.14,3026.53,498.23,656.33,3351.26,15.6,15.6,2.695453716,2.695453716,2.695453716,2.695453716,2.695453716,0,0,0,1,0,0,0,31.22,112.85,118.03,111,111.2,68,77,54650691,50972525,106.1,97.6,86.2,72.6,2658482,560882.1,1,119.8933333,495.79,4.26,92.46,138.35,138.9326667,141.5346369,518.656,523.5795,4.22,4.1275,92.09,91.1635,139.02,147.63,3,0,0,0,0,0,0,0,0,1,0,0,0,-0.016949153
2023-10-25,1,TRUE,FALSE,89.03,90.13,85.39,89.19,2.86,133.5,144.24,144.24,1,1349.7,184.47,3.5,4.038,4.31,0.272,2363.17,18.56,1798.44,2914.88,501.4,654.99,3354.62,16.6,16.6,3.695453716,3.695453716,3.695453716,3.695453716,3.695453716,0,0,0,1,0,0,0,31.22,112.85,118.03,111,111.2,68,77,54650691,50972525,106.1,97.6,86.2,72.6,2658482,560882.1,1,144.59,498.23,4.29,90.49,136.5,139.3066667,141.4851369,511.564,521.1115,4.242,4.139,92.032,90.9285,137.87,146.4175,3,0,0,0,0,0,0,0,0,1,0,0,0,-0.017241379
2023-10-26,1,TRUE,FALSE,90.11,87.93,83.21,90.11,2.87,135.7,144.72,144.72,1,1360,185.55,3.5,4.104,4.33,0.226,2299.08,21.14,1739.41,2747.04,494.81,639.14,3222.46,17.2,17.2,4.295453716,4.295453716,4.295453716,4.295453716,4.295453716,0,0,0,1,0,0,0,31.22,112.85,118.03,111,111.2,69,71,54650691,50972525,106.1,97.6,86.2,72.6,2658482,564472.1,1,144.24,501.4,4.31,89.19,133.5,140.1206667,141.2521369,504.418,518.78,4.264,4.1515,91.374,90.6955,136.57,145.055,3,0,0,0,0,0,0,0,0,1,0,0,0,-0.00877193
2023-10-27,1,TRUE,FALSE,89.72,90.48,85.54,89.72,3.24,135.2,142.34,142.34,1,1355.9,184.92,3.5,4.073,4.34,0.267,2302.81,20.02,1767.56,2797.95,494.46,636.28,3198.54,15.7,15.7,2.795453716,2.795453716,2.795453716,2.795453716,2.795453716,0,0,0,1,0,0,0,31.22,112.85,118.03,111,111.2,69,71,54650691,50972525,106.1,97.6,86.2,72.6,2658482,564472.1,1,144.72,494.81,4.33,90.11,135.7,140.0506667,141.1481369,499.568,516.2305,4.286,4.1645,91.148,90.5395,136.41,143.815,3,0,0,0,0,0,0,0,0,1,0,0,0,0
2023-10-30,1,TRUE,FALSE,89.85,87.45,82.31,89.85,3.17,131,142.78,120.3633333,3,1350.9,184.43,3.5,4.089,4.35,0.261,2310.55,20.03,1828.65,2870.61,505.66,622.95,3190.03,15.1,14.73333333,2.195453716,1.828787049,2.195453716,1.828787049,2.195453716,0,0,0,3,0,0,0,31.22,112.85,118.03,111,111.2,69,71,54650691,50972525,106.1,97.6,86.2,72.6,2658482,564472.1,1,142.34,494.46,4.34,89.72,135.2,139.1566667,141.0406369,496.938,514.2395,4.306,4.1775,90.394,90.31,135.85,142.575,3,0,0,0,0,0,0,0,0,1,0,0,0,0.017699115
2023-10-31,1,TRUE,FALSE,88.05,87.41,81.02,88.05,3.34,121.1,139.35,139.35,1,1350.5,184.19,3.5,4.085,4.36,0.275,2277.99,19.89,1768.06,2791.78,498.56,618.18,3078.79,16.5,16.5,3.595453716,3.595453716,3.595453716,3.595453716,3.595453716,0,0,0,1,0,0,0,31.22,112.85,118.03,111.3,111.3,69,71,54650691,50972525,110.3,92.7,87.2,73.3,2396740,564472.1,1,120.3633333,505.66,4.35,89.85,131,139.2506667,140.2364702,498.912,513.318,4.324,4.191,89.872,90.0975,134.38,141.125,3,0,0,0,0,0,0,0,0,1,0,0,0,-0.043478261
2023-11-01,1,TRUE,FALSE,86.25,84.63,80.44,86.3,3.19,119.65,136.53,136.53,1,1357.3,185.05,3.5,4.071,4.36,0.289,2301.56,18.79,1753.18,2765.52,501.76,626.13,3148.29,19,19,6.095453716,6.095453716,6.095453716,6.095453716,6.095453716,0,0,0,1,0,0,3070000,31.22,112.85,118.03,111.3,111.3,69,71,54989950,53440582,110.3,92.7,87.2,73.3,2396740,564472.1,1,139.35,498.56,4.36,88.05,121.1,138.2026667,139.9539702,498.978,512.3315,4.338,4.205,89.384,89.8565,131.3,139.1625,3,0,0,0,0,0,0,0,0,1,0,0,0,0
2023-11-02,1,TRUE,FALSE,86.94,86.85,82.46,86.94,3.12,120,135.24,135.24,1,1342.9,183.18,3.5,3.979,4.36,0.381,2343.12,17.49,1797.62,2889.37,497.05,634.91,3330.8,20.8,20.8,7.895453716,7.895453716,7.895453716,7.895453716,7.895453716,0,0,0,1,0,0,3070000,31.22,113.27,118.03,111.3,111.3,69,71,54989950,53440582,110.3,92.7,87.2,73.3,2396740,564472.1,1,136.53,501.76,4.36,86.3,119.65,136.6606667,139.7849702,499.05,511.3755,4.348,4.219,88.806,89.4965,128.53,137.1275,3,0,0,0,0,0,0,0,0,1,0,0,0,0
2023-11-03,1,TRUE,FALSE,88.26,84.89,80.51,88.26,3,122.5,129.28,129.28,1,1322.4,180.59,3.5,3.949,4.36,0.411,2368.34,16.7,1810.99,2945.63,503.24,641.17,3341.94,19.5,19.5,6.595453716,6.595453716,6.595453716,6.595453716,6.595453716,8.5,8.5,8.5,1,0,1,3070000,31.22,113.27,118.03,111.3,111.3,69,71,54989950,53440582,110.3,92.7,87.2,73.3,2396740,564472.1,1,135.24,497.05,4.36,86.94,120,134.7646667,140.4945417,499.498,511.0615,4.354,4.2325,88.172,89.3105,125.39,135.895,3,0,0,0,0,0,0,0,0,1,0,0,0,-0.009090909
2023-11-06,1,TRUE,FALSE,86.89,85.18,80.82,86.99,2.71,119,120.1,110.3833333,3,1297.3,178.05,3.5,3.877,4.36,0.483,2502.37,18.65,1965.7,3321.52,515.2,666.39,3493.76,13.3,16,0.395453716,3.095453716,0.395453716,3.095453716,4.495453716,45.8,18.73333333,56.2,3,1,1,3070000,31.22,113.27,118.03,111.3,111.3,69,71,54989950,53440582,110.3,92.7,87.2,73.3,2396740,564472.1,1,129.28,503.24,4.36,88.26,122.5,132.1526667,139.6275417,501.254,511.3485,4.358,4.246,87.88,89.409,122.85,135.07,3,0,0,0,0,0,0,0,0,1,0,0,0,0
2023-11-07,1,TRUE,FALSE,85.04,81.61,77.37,85.03,2,120.1,118.11,118.11,1,1307.9,179.54,3.5,3.887,4.36,0.473,2443.96,18.23,1908.72,3232.65,505.29,658.84,3484.5,5.8,5.8,-7.104546284,-7.104546284,7.104546284,7.104546284,7.104546284,0,0,0,1,1,1,3070000,31.22,113.27,118.03,111.3,111.3,69,71,54989950,53440582,110.3,92.7,87.2,73.3,2396740,564472.1,1,110.3833333,515.2,4.36,86.99,119,130.1566667,137.8097083,503.162,511.829,4.36,4.259,87.308,89.516,120.45,134.095,3,0,0,0,0,0,0,0,0,1,0,0,0,-0.050458716
2023-11-08,1,TRUE,FALSE,82.74,79.54,75.33,82.74,2.18,122.5,124.78,124.78,1,1310.6,179.92,3.5,3.868,4.36,0.492,2421.62,17.56,1870.82,3083.92,504.34,653.05,3439.25,8.4,8.4,-4.504546284,-4.504546284,4.504546284,4.504546284,4.504546284,0,0,0,1,1,1,3070000,31.22,113.27,118.03,111.3,111.3,69,71,54989950,53440582,110.3,92.7,87.2,73.3,2396740,564472.1,1,118.11,505.29,4.36,85.03,120.1,125.9086667,137.0993333,504.508,511.1805,4.36,4.2715,86.704,89.343,120.25,133.005,3,0,0,0,0,0,0,0,0,1,0,0,0,-0.033816425
2023-11-09,1,TRUE,FALSE,81.29,80.01,75.74,81.29,2.71,123,113.01,113.01,1,1310.1,179.68,3.5,3.847,4.36,0.513,2427.08,16.84,1867.39,3058.22,498.87,655.37,3446.01,11.4,11.4,-1.504546284,-1.504546284,1.504546284,1.504546284,1.504546284,5.1,5.1,5.1,1,1,1,0,39.02,113.27,118.03,111.3,111.3,69,71,54989950,53440582,110.3,92.7,87.2,73.3,2396740,564472.1,1,124.78,504.34,4.36,82.74,122.5,123.5586667,135.8858333,505.024,510.1645,4.36,4.2835,85.992,89.07,120.82,132.105,3,0,0,0,0,0,0,0,0,1,0,0,0,0.045
2023-11-10,1,TRUE,FALSE,81.62,81.43,77.17,81.6,2.71,123.25,123.69,123.69,1,1316.8,180.34,3.5,3.862,4.36,0.498,2409.66,17.13,1852.87,2965.2,492.39,651.37,3489.44,3.4,3.4,-9.504546284,-9.504546284,9.504546284,9.504546284,9.504546284,0,0,0,1,1,1,0,39.02,113.27,118.03,111.3,111.3,69,71,54989950,53440582,110.3,92.7,87.2,73.3,2396740,564472.1,1,113.01,498.87,4.36,81.29,123,119.1126667,134.1153333,505.388,508.8345,4.36,4.295,84.862,88.771,121.42,131.1225,3,0,0,0,0,0,0,0,0,1,0,0,0,-0.038277512
2023-11-13,1,TRUE,FALSE,81.62,82.52,78.26,81.6,2.61,122,123.09,102.9533333,3,1325.1,181.31,3.5,3.877,4.36,0.483,2403.76,17.68,1836.55,2959.56,499.51,646.37,3428.05,2,1.633333333,-10.90454628,-11.27121295,10.90454628,11.27121295,11.70454628,0,0,0,3,0,1,0,39.02,113.27,118.03,111.3,111.3,69,71,54989950,53440582,110.3,92.7,87.2,73.3,2396740,564472.1,1,123.69,492.39,4.36,81.6,123.25,117.9946667,132.8273333,503.218,507.052,4.36,4.306,83.53,88.407,121.57,130.0925,3,0,0,0,0,0,0,0,0,1,0,0,0,-0.004975124
2023-11-14,1,TRUE,FALSE,83.35,82.47,78.26,83.34,2.69,122.5,131.33,131.33,1,1328.9,182.02,3.5,3.857,4.36,0.503,2433.25,17.35,1862.88,3042.3,500.37,657.03,3450.93,5,5,-7.904546284,-7.904546284,7.904546284,7.904546284,7.904546284,0,0,0,1,0,0,0,39.02,113.27,118.03,111.3,111.3,69,71,54989950,53440582,110.3,92.7,87.2,73.3,2396740,564472.1,1,102.9533333,499.51,4.36,81.6,122,116.5086667,131.2121667,500.08,505.2025,4.36,4.316,82.452,87.9305,122.17,129.005,3,0,0,0,0,0,0,0,0,1,0,0,0,-0.005
2023-11-15,1,TRUE,FALSE,83.23,81.18,76.66,83.23,2.88,123.25,130.18,130.18,1,1300.8,179.45,3.5,3.744,4.36,0.616,2486.67,17.24,1880.88,3117.96,507.06,673.31,3541.8,7,7,-5.904546284,-5.904546284,5.904546284,5.904546284,5.904546284,0,0,0,1,0,0,0,39.02,113.27,118.03,111.3,111.3,69,71,54989950,53440582,110.3,92.7,87.2,73.3,2396740,564472.1,1,131.33,500.37,4.36,83.34,122.5,119.1526667,130.6426667,499.096,503.5365,4.36,4.325,82.114,87.5585,122.65,128.0175,3,0,0,0,0,0,0,0,0,1,0,0,0,-0.005025126
2023-11-16,1,TRUE,FALSE,81.67,77.42,72.9,81.67,2.91,123.1,135.03,135.03,1,1296.9,178.66,3.5,3.701,4.36,0.659,2488.18,16.98,1867.53,3088.09,512.72,673.85,3563.38,6.6,6.6,-6.304546284,-6.304546284,6.304546284,6.304546284,6.304546284,8.4,8.4,8.4,1,0,0,0,39.02,113.27,118.03,111.3,111.3,69,71,54989950,53440582,110.3,92.7,87.2,73.3,2396740,564472.1,1,130.18,507.06,4.36,83.23,123.25,120.2326667,130.1431667,499.64,502.033,4.36,4.333,82.212,87.096,122.8,127.18,3,0,0,0,0,0,0,0,0,1,0,0,0,-0.025252525
2023-11-17,1,TRUE,FALSE,79.23,80.61,75.89,79.23,2.62,123.25,128.61,128.61,1,1296.9,178.81,3.5,3.681,4.36,0.679,2469.85,16.55,1853.56,3054.33,507.32,675.35,3549.57,1.6,1.6,-11.30454628,-11.30454628,11.30454628,11.30454628,11.30454628,0,0,0,1,0,0,0,39.02,113.27,118.03,111.3,111.3,69,71,54989950,53440582,110.3,92.7,87.2,73.3,2396740,564472.1,1,135.03,512.72,4.36,81.67,123.1,124.6366667,129.6411667,502.41,501.716,4.36,4.34,82.288,86.6175,122.82,126.51,3,0,0,0,0,0,0,0,0,1,0,0,0,-0.010362694
2023-11-20,1,TRUE,FALSE,82.79,82.32,77.6,82.79,2.49,122.5,124.19,105.3033333,3,1291.6,179.76,3.5,3.667,4.36,0.693,2491.2,16.68,1872.32,3133.81,512.56,679.5,3568.09,6.2,4.233333333,-6.704546284,-8.671212951,6.704546284,8.671212951,12.30454628,0,0,0,3,0,0,0,39.02,113.27,118.03,111.3,111.3,69,71,54989950,53440582,110.3,92.7,87.2,73.3,2396740,564472.1,1,128.61,507.32,4.36,79.23,123.25,125.6206667,128.7311667,505.396,501.7015,4.36,4.346,81.814,85.9045,122.82,125.7725,3,0,0,0,0,0,0,0,0,1,0,0,0,-0.015706806
2023-11-21,1,TRUE,FALSE,83.39,82.45,77.77,83.39,2.63,122.3,126.49,126.49,1,1289.2,180.46,3.5,3.644,4.36,0.716,2510.42,16.18,1882.31,3158.88,514.28,687.05,3567.96,7.4,7.4,-5.504546284,-5.504546284,5.504546284,5.504546284,5.504546284,0,0,0,1,0,0,0,39.02,113.27,117.86,111.3,111.3,69,71,54989950,53440582,110.3,92.7,87.2,73.3,2396740,564472.1,1,105.3033333,512.56,4.36,82.79,122.5,126.0906667,128.0016667,508.006,502.54,4.36,4.351,82.052,85.421,122.92,124.98,3,0,0,0,0,0,0,0,0,1,0,0,0,-0.05
2023-11-22,1,TRUE,FALSE,84.19,81.96,77.1,84.19,2.72,122.15,125.22,125.22,1,1300.5,181.89,3.5,3.666,4.36,0.694,2511.7,15.88,1899.31,3142.78,513.5,687.92,3581.78,9.5,9.5,-3.404546284,-3.404546284,3.404546284,3.404546284,3.404546284,0,0,0,1,0,0,0,39.02,113.27,117.86,111.3,111.3,69,71,54989950,53440582,110.3,92.7,87.2,73.3,2396740,564472.1,1,126.49,514.28,4.36,83.39,122.3,125.1226667,127.0966667,510.788,503.3425,4.36,4.3545,82.062,85.066,122.88,124.27,3,0,0,0,0,0,0,0,0,1,0,0,0,-0.089585666
2023-11-23,1,TRUE,FALSE,82.69,81.42,77.1,82.69,2.72,122.15,116.57,116.57,1,1297.5,181.67,3.5,3.644,4.36,0.716,2514.96,15.13,1898.14,3160.5,519.62,687.4,3518.57,9.9,9.9,-3.004546284,-3.004546284,3.004546284,3.004546284,3.004546284,0.1,0.1,0.1,1,0,0,0,39.02,113.27,117.86,111.3,111.3,69,71,54989950,53440582,110.3,92.7,87.2,73.3,2396740,564472.1,1,125.22,513.5,4.36,84.19,122.15,124.1306667,126.1456667,512.076,503.9475,4.36,4.357,82.254,84.816,122.66,123.7025,3,0,0,0,0,0,0,0,0,1,0,0,0,-0.028290283
2023-11-24,1,TRUE,FALSE,83.05,80.58,75.54,83.03,2.72,122,134.98,134.98,1,1306.4,182.57,3.5,3.677,4.36,0.683,2496.63,15.04,1914.83,3148.83,523.78,687.94,3511.73,-1.5,-1.5,-14.40454628,-14.40454628,14.40454628,14.40454628,14.40454628,0,0,0,1,0,0,0,39.02,113.27,117.86,111.3,111.3,69,71,54989950,53440582,110.3,92.7,87.2,73.3,2396740,564472.1,1,116.57,519.62,4.36,82.69,122.15,120.4386667,124.7381667,513.456,505.188,4.36,4.3585,82.458,84.445,122.47,123.025,3,0,0,0,0,0,0,0,0,1,0,0,0,0.06835443
2023-11-27,1,TRUE,FALSE,81.49,79.98,74.86,81.49,2.74,127.5,130.6,116.7866667,3,1303.8,182.08,3.5,3.689,4.36,0.671,2495.66,15.2,1891.32,3138.76,522.46,690.27,3567.74,6.2,2.966666667,-6.704546284,-9.937879618,6.704546284,9.937879618,14.20454628,3.6,1.2,3.6,3,0,0,0,39.02,113.27,117.86,111.3,111.3,69,71,54989950,53440582,110.3,92.7,87.2,73.3,2396740,564472.1,1,134.98,523.78,4.36,83.03,122,121.7126667,124.3701667,516.748,506.654,4.36,4.3595,83.218,84.1105,122.22,122.365,3,0,0,0,0,0,0,0,0,1,0,0,0,-0.058056872
2023-11-28,1,TRUE,FALSE,82.14,81.68,76.41,82.14,2.78,127.45,128.57,128.57,1,1293.7,180.77,3.5,3.648,4.36,0.712,2521.76,15.35,1903.86,3159.53,518.47,692.82,3613.19,1.3,1.3,-11.60454628,-11.60454628,11.60454628,11.60454628,11.60454628,0,0,0,1,0,0,0,39.02,113.27,117.86,111.3,111.3,69,71,54989950,53440582,110.3,92.7,87.2,73.3,2396740,564472.1,1,116.7866667,522.46,4.36,81.49,127.5,124.0093333,124.1913333,518.728,507.494,4.36,4.36,82.958,83.6925,123.22,122.19,3,0,0,0,0,0,0,0,0,1,0,0,0,-0.025157233
2023-11-29,1,TRUE,FALSE,82.99,83.1,77.86,82.99,2.7,127.85,127.26,127.26,1,1289.6,181.04,3.5,3.554,4.36,0.806,2519.81,14.6,1896.45,3181.55,517.52,677.34,3592.44,-1.4,-1.4,-14.30454628,-14.30454628,14.30454628,14.30454628,14.30454628,0,0,0,1,0,0,0,39.02,113.27,117.86,111.3,111.3,70,69,54989950,53440582,110.3,92.7,87.2,73.3,2396740,564472.1,1,128.57,518.47,4.36,82.14,127.45,124.4253333,123.6523333,519.566,508.4895,4.36,4.36,82.708,83.397,124.25,122.5075,3,0,0,0,0,0,0,0,0,1,0,0,0,0.058064516
2023-11-30,1,TRUE,FALSE,85.38,82.83,75.96,85.38,2.75,132.15,128.84,128.84,1,1290,180.92,3.5,3.583,4.36,0.777,2535.29,14.46,1919.2,3216.21,522.39,686.04,3664.77,-4.3,-4.3,-17.20454628,-17.20454628,17.20454628,17.20454628,17.20454628,0,0,0,1,0,0,0,39.02,113.27,117.86,111.9,111.7,70,69,54989950,53440582,109,99.4,85,73.3,2923789,564472.1,1,127.26,517.52,4.36,82.99,127.85,124.8333333,123.1888333,520.37,509.2775,4.36,4.36,82.468,83.2315,125.39,122.9175,3,0,0,0,0,0,0,0,0,1,0,0,0,0.035365854
2023-12-01,1,TRUE,FALSE,81.31,78.88,74.07,81.31,2.63,133.5,140.16,140.16,1,1305.8,182.76,3.5,3.587,4.36,0.773,2505.01,14.5,1902.94,3143.18,520.55,680.91,3621.46,-3.2,-3.2,-16.10454628,-16.10454628,16.10454628,16.10454628,16.10454628,0,0,0,1,0,0,0,39.02,113.27,117.86,111.9,111.7,70,69,55561090,51997805,109,99.4,85,73.3,2923789,564472.1,1,128.84,522.39,4.36,85.38,132.15,127.2873333,122.8688333,520.924,510.5445,4.36,4.36,83.006,83.1535,127.39,123.525,3,0,0,0,0,0,0,0,0,1,0,0,0,0.001177856
2023-12-04,1,TRUE,FALSE,78.03,78.03,73.04,78.03,2.55,134.45,137.75,120.0733333,3,1304,182.71,3.5,3.531,4.36,0.829,2514.95,14.61,1925.8,3095.33,524.7,681.89,3574.16,2.7,1.833333333,-10.20454628,-11.07121295,10.20454628,11.07121295,12.10454628,0,0,0,3,0,0,0,39.02,113.27,117.86,111.9,111.7,70,69,55561090,51997805,109,99.4,85,73.3,2923789,564472.1,1,140.16,520.55,4.36,81.31,133.5,128.3233333,123.4128333,520.278,511.41,4.36,4.36,82.662,82.806,129.69,124.075,3,0,0,0,0,0,0,0,0,1,0,0,0,0.032941176
2023-12-05,1,TRUE,FALSE,78.53,77.2,72.32,78.53,2.72,134.15,139.27,139.27,1,1311.2,183.45,3.5,3.484,4.36,0.876,2494.28,14.84,1926.78,3076,520.1,677.99,3459.57,6.8,6.8,-6.104546284,-6.104546284,6.104546284,6.104546284,6.104546284,0,0,0,1,0,0,0,39.02,112.68,117.86,111.9,111.7,70,69,55561090,51997805,109,99.4,85,73.3,2923789,564472.1,1,120.0733333,524.7,4.36,78.03,134.45,128.9806667,123.8973333,520.726,511.885,4.36,4.36,81.97,82.358,131.08,124.8475,3,0,0,0,0,0,0,0,0,1,0,0,0,0
2023-12-06,1,TRUE,FALSE,77.53,74.3,69.38,77.53,2.76,140.45,134.55,134.55,1,1313.1,183.25,3.5,3.463,4.36,0.897,2495.38,14.56,1913.47,3063.56,522.56,686.46,3494.9,6.1,6.1,-6.804546284,-6.804546284,6.804546284,6.804546284,6.804546284,3.8,3.8,3.8,1,0,0,1500000,39.02,112.68,117.86,111.9,111.7,70,69,55561090,51997805,109,99.4,85,73.3,2923789,564472.1,1,139.27,520.1,4.36,78.53,134.15,131.1206667,124.9553333,521.052,512.6255,4.36,4.36,81.248,82.033,132.42,125.55,3,0,0,0,0,0,0,0,0,1,0,0,0,0.082004556
2023-12-07,1,TRUE,FALSE,75,74.05,69.34,75,2.52,148.75,132.27,132.27,1,1325.3,184.91,3.5,3.511,4.36,0.849,2492.07,16.85,1885.55,3058.04,530.12,680.65,3476.36,6.6,6.6,-6.304546284,-6.304546284,6.304546284,6.304546284,6.304546284,0,0,0,1,0,0,1500000,39.02,112.68,117.86,111.9,111.7,70,69,55561090,51997805,109,99.4,85,73.3,2923789,564472.1,1,134.55,522.56,4.36,77.53,140.45,132.5786667,125.4438333,522.06,513.5365,4.36,4.36,80.156,81.7725,134.94,126.4475,3,0,0,0,0,0,0,0,0,1,0,0,0,0.1
2023-12-08,1,TRUE,FALSE,76.07,75.84,71.23,76.06,2.57,151,135.61,135.61,1,1306.8,182.32,3.5,3.461,4.36,0.899,2517.85,14.76,1902.38,3108.56,526.34,682.36,3542.35,11.2,11.2,-1.704546284,-1.704546284,1.704546284,1.704546284,1.704546284,0,0,0,1,0,1,1500000,39.02,112.68,117.86,111.9,111.7,70,69,55561090,51997805,109,99.4,85,73.3,2923789,564472.1,1,132.27,530.12,4.36,75,148.75,133.2646667,126.4068333,523.606,515.099,4.36,4.36,78.08,81.458,138.26,127.735,3,0,0,0,0,0,0,0,0,1,0,0,0,-0.043062201
2023-12-11,1,TRUE,FALSE,76.63,76.03,71.32,76.63,2.39,152.5,137.17,121.8466667,3,1316.5,182.98,3.5,3.48,4.36,0.88,2525.36,14.59,1888.56,3095.37,526.51,678.93,3562.55,8.9,11.33333333,-4.004546284,-1.571212951,4.004546284,2.101515428,4.004546284,11.4,3.8,11.4,3,1,1,1500000,39.02,112.68,117.86,111.9,111.7,70,69,55561090,51997805,109,99.4,85,73.3,2923789,564472.1,1,135.61,526.34,4.36,76.06,151,132.3546667,127.0028333,524.764,516.7965,4.36,4.36,77.03,81.181,141.76,129.1225,3,0,0,0,0,0,0,0,0,1,0,0,0,-0.1
2023-12-12,1,TRUE,FALSE,76.23,73.24,68.61,76.23,2.37,146.25,132.28,132.28,1,1314,182.85,3.5,3.446,4.36,0.914,2535.27,14.45,1894.08,3088.23,526.35,683.21,3618.15,5.4,5.4,-7.504546284,-7.504546284,7.504546284,7.504546284,7.504546284,0.4,0.4,0.4,1,1,1,1500000,39.02,112.68,117.86,111.9,111.7,70,69,55561090,51997805,109,99.4,85,73.3,2923789,564472.1,1,121.8466667,526.51,4.36,76.63,152.5,132.7093333,127.9475,525.126,518.1465,4.36,4.36,76.75,80.9325,145.37,130.6475,3,0,0,0,0,0,0,0,0,1,0,0,0,0.008888889
2023-12-13,1,TRUE,FALSE,71.63,74.26,69.47,71.63,2.33,146.25,136.8,136.8,1,1319.9,183.39,3.5,3.465,4.36,0.895,2510.66,14.3,1868.77,3021.71,521.36,670.85,3615.34,6.8,6.8,-6.104546284,-6.104546284,6.104546284,6.104546284,6.104546284,0,0,0,1,1,1,1500000,39.02,112.68,117.86,111.9,111.7,70,69,55561090,51997805,109,99.4,85,73.3,2923789,564472.1,1,132.28,526.35,4.36,76.23,146.25,131.3113333,127.995,526.376,519.4455,4.36,4.36,76.29,80.577,147.79,131.835,3,0,0,0,0,0,0,0,0,1,0,0,0,0.050660793
2023-12-14,1,TRUE,FALSE,74.38,76.61,71.58,74.38,2.39,145.5,137.67,137.67,1,1295.4,181.54,3.5,3.258,4.35,1.092,2544.18,14.11,1901.54,3057.44,522.5,677.98,3684.94,7.6,7.6,-5.304546284,-5.304546284,5.304546284,5.304546284,5.304546284,17,17,17,1,1,1,0,51.93,112.68,117.86,111.9,111.7,70,69,55561090,51997805,109,99.4,85,73.3,2923789,564472.1,1,136.8,521.36,4.36,71.63,146.25,131.7613333,128.326,526.136,520.1605,4.36,4.36,75.11,79.997,148.95,132.985,3,0,0,0,0,0,0,0,0,1,0,0,0,0.013626834
2023-12-15,1,TRUE,FALSE,76.16,76.55,71.43,76.14,2.44,145.25,136.72,136.72,1,1296.5,182.22,3.5,3.281,4.34,1.059,2563.56,13.98,1914.22,3144.5,523.93,682.95,3668.64,4.9,4.9,-8.004546284,-8.004546284,8.004546284,8.004546284,8.004546284,31.1,31.1,31.1,1,1,1,0,51.93,112.68,117.86,111.9,111.7,70,69,55561090,51997805,109,99.4,85,73.3,2923789,564472.1,1,137.67,522.5,4.35,74.38,145.5,132.8413333,128.458,524.612,520.6495,4.358,4.3595,74.986,79.6325,148.3,134.105,3,0,0,0,0,0,0,0,0,1,0,0,0,-0.022750776
2023-12-18,1,TRUE,FALSE,76.17,77.95,72.47,76.15,2.59,144.75,142.9,124.1566667,3,1297.2,181.92,3.5,3.277,4.33,1.053,2566.86,14.27,1928.88,3206.49,522.01,674.15,3692.35,-7.7,-7.2,-20.60454628,-20.10454628,20.60454628,20.10454628,22.70454628,0,0.5,1.5,3,0,1,0,51.93,112.68,117.86,111.9,111.7,70,69,55561090,51997805,109,99.4,85,73.3,2923789,564472.1,1,136.72,523.93,4.34,76.14,145.25,133.0633333,128.8635,524.13,521.48,4.354,4.3585,75.002,79.478,147.15,135.205,3,0,0,0,0,0,0,0,0,1,0,0,0,-0.001058201
2023-12-19,1,TRUE,FALSE,76.83,79.23,73.44,76.83,2.44,145.25,138.97,138.97,1,1307.8,183,3.5,3.296,4.32,1.024,2568.55,13.85,1933.31,3228.5,517.74,672.02,3679.06,-3.7,-3.7,-16.60454628,-16.60454628,16.60454628,16.60454628,16.60454628,0.3,0.3,0.3,1,0,0,0,51.93,112.68,117.86,111.9,111.7,70,69,55561090,51997805,109,99.4,85,73.3,2923789,564472.1,1,124.1566667,522.01,4.33,76.15,144.75,133.5253333,129.8061667,523.23,521.9525,4.348,4.357,74.906,79.146,145.6,136.3175,3,0,0,0,0,0,0,0,0,1,0,0,0,-0.046610169
2023-12-20,1,TRUE,FALSE,79.06,79.7,74.22,79.06,2.48,144.25,140.13,140.13,1,1298.9,182,3.5,3.232,4.32,1.088,2614.3,14.78,1949.78,3268.08,526.84,680.55,3707.19,-7.4,-7.4,-20.30454628,-20.30454628,20.30454628,20.30454628,20.30454628,0.8,0.8,0.8,1,0,0,0,51.93,112.68,117.86,111.9,111.7,70,69,55561090,51997805,109,99.4,85,73.3,2923789,564472.1,1,138.97,517.74,4.32,76.83,145.25,134.8633333,130.4301667,521.508,522.1255,4.34,4.355,75.026,78.818,145.4,137.465,3,0,0,0,0,0,0,0,0,1,0,0,0,-0.044444444
2023-12-21,1,TRUE,FALSE,78.84,79.39,73.89,78.84,2.48,145.25,145.83,145.83,1,1305.1,182.64,3.5,3.236,4.32,1.084,2600.02,14.93,1934.97,3216.64,521.14,674.69,3711.08,-11.7,-11.7,-24.60454628,-24.60454628,24.60454628,24.60454628,24.60454628,0,0,0,1,0,0,0,51.93,112.68,117.41,111.9,111.7,70,69,55561090,51997805,109,99.4,85,73.3,2923789,564472.1,1,140.13,526.84,4.32,79.06,144.25,135.5293333,131.1756667,522.604,522.7925,4.332,4.353,76.512,78.5615,145,138.57,3,0,0,0,0,0,0,0,0,1,0,0,0,-0.034883721
2023-12-22,1,TRUE,FALSE,79.12,79.07,73.56,79.11,2.54,145.5,146.74,146.74,1,1303,182.04,3.5,3.234,4.32,1.086,2599.51,14.97,1923.8,3183.4,519.65,677.37,3715.71,-11.6,-11.6,-24.50454628,-24.50454628,24.50454628,24.50454628,24.50454628,0,0,0,1,0,0,0,51.93,112.68,117.41,111.9,111.7,70,69,55561090,51997805,109,99.4,85,73.3,2923789,564472.1,1,145.83,521.14,4.32,78.84,145.25,137.1613333,132.6386667,522.332,522.8685,4.326,4.351,77.404,78.369,144.95,139.725,3,0,0,0,0,0,0,0,0,1,0,0,0,-0.025301205
2023-12-26,1,TRUE,FALSE,78.65,81.07,75.57,78.66,2.5,145.5,146.11,124.0275,4,1294.5,181.14,3.5,3.221,4.32,1.099,2602.59,16.25,1914.07,3147.24,518.14,677.82,3714.39,1.9,-1.95,-11.00454628,-14.85454628,11.00454628,14.85454628,19.70454628,0,0.45,1.8,4,0,0,0,51.93,112.68,117.41,111.9,111.7,70,69,55561090,51997805,109,99.4,85,73.3,2923789,564472.1,1,146.74,519.65,4.32,79.11,145.5,139.1653333,133.2266667,521.476,522.662,4.322,4.349,77.998,78.173,145,140.9,3,0,0,0,0,0,0,0,0,1,0,0,0,0.022249691
2023-12-27,1,TRUE,FALSE,80.19,79.65,74.11,80.19,2.63,146,141,141,1,1294.2,181.01,3.5,3.22,4.32,1.1,2613.5,16.55,1945.38,3150.91,513.19,672.01,3759.54,1.5,1.5,-11.40454628,-11.40454628,11.40454628,11.40454628,11.40454628,0,0,0,1,0,0,0,51.93,112.68,117.41,111.9,111.7,70,69,55561090,51997805,109,99.4,85,73.3,2923789,564472.1,1,124.0275,518.14,4.32,78.66,145.5,139.1395,133.5887083,520.702,522.446,4.32,4.347,78.5,78.0315,145.15,141.8,3,0,0,0,0,0,0,0,0,1,0,0,0,-0.008464329
2023-12-28,1,TRUE,FALSE,79.09,78.39,71.77,79.09,2.55,145.45,137.75,137.75,1,1288,181.17,3.5,3.154,4.32,1.166,2655.28,17.78,1967.89,3180.23,520.71,678.07,3759.72,1.2,1.2,-11.70454628,-11.70454628,11.70454628,11.70454628,11.70454628,0,0,0,1,0,0,0,51.93,112.68,117.41,112.3,112.1,70,70,55561090,51997805,114.8,96,88.2,73.5,3086548,564472.1,1,141,513.19,4.32,80.19,146,139.5455,134.2102083,519.792,522.182,4.32,4.345,79.172,77.934,145.3,142.7275,3,0,0,0,0,0,0,0,0,1,0,0,0,0.1
2024-01-02,2,TRUE,FALSE,78.1,75.89,70.38,78.1,2.56,127.75,143.27,118.866,5,1300.4,182.37,3.5,3.24,4.31,1.07,2669.81,18.61,1934.58,3152.91,518.77,664.73,3826.62,2.9,2.04,-10.00454628,-10.86454628,10.00454628,10.86454628,12.30454628,0,3.56,17.8,5,0,0,0,51.93,112.73,117.41,112.3,112.1,70,70,57573193,53122854,114.8,96,88.2,73.5,3086548,564472.1,1,137.75,520.71,4.32,79.09,145.45,139.0695,134.7347083,518.566,522.3415,4.32,4.343,79.178,77.739,145.54,143.6075,3,0,0,0,0,0,0,0,0,1,0,0,0,0.036585366
2024-01-03,2,TRUE,FALSE,75.28,78.25,72.7,75.28,2.57,128.5,145.22,145.22,1,1304.8,182.6,3.5,3.278,4.3,1.022,2607.31,18.28,1884.12,3087.17,518.62,654.97,3727.12,1.8,1.8,-11.10454628,-11.10454628,11.10454628,11.10454628,11.10454628,0.6,0.6,0.6,1,0,0,450000,51.93,112.73,117.41,112.3,112.1,70,70,57573193,53122854,114.8,96,88.2,73.5,3086548,564472.1,1,118.866,518.77,4.31,78.1,127.75,133.6767,134.2360083,518.092,522.1605,4.318,4.3405,79.03,77.375,142.04,143.3875,3,0,0,0,0,0,0,0,0,1,0,0,0,-0.06631016
2024-01-04,2,TRUE,FALSE,78.64,77.59,72.19,78.64,2.83,130.9,137.29,137.29,1,1310,182.96,3.5,3.227,4.29,1.063,2587.02,18.2,1872.73,3089.86,519.73,649.05,3708.79,1.4,1.4,-11.50454628,-11.50454628,11.50454628,11.50454628,11.50454628,0,0,0,1,0,0,450000,51.93,112.73,117.41,112.3,112.1,70,70,57573193,53122854,114.8,96,88.2,73.5,3086548,564472.1,1,145.22,518.62,4.3,75.28,128.5,133.3727,134.4890083,517.886,522.064,4.314,4.3375,78.264,77.0735,138.64,143.1375,3,0,0,0,0,0,0,0,0,1,0,0,0,0.019473081
2024-01-05,2,TRUE,FALSE,77.78,78.76,73.81,77.78,2.75,131.55,139.28,139.28,1,1315.4,183.3,3.5,3.283,4.29,1.007,2578.08,17.8,1896.88,3108.74,515.39,645.13,3702.72,5,5,-7.904546284,-7.904546284,7.904546284,7.904546284,7.904546284,0,0,0,1,0,1,450000,51.93,112.73,117.41,112.3,112.1,70,70,57573193,53122854,114.8,96,88.2,73.5,3086548,564472.1,1,137.29,519.73,4.29,78.64,130.9,136.0252,135.3498417,518.204,521.8155,4.308,4.334,78.26,77.104,135.72,142.96,3,0,0,0,0,0,0,0,0,1,0,0,0,-0.046067416
2024-01-08,2,TRUE,FALSE,77.87,76.12,70.77,77.87,2.72,132,147.34,118.2566667,3,1316,183.58,3.5,3.297,4.29,0.993,2567.82,17.77,1872.03,3077.45,511.77,646.29,3689.48,-4.7,-2.8,-17.60454628,-15.70454628,17.60454628,15.70454628,17.60454628,0,0.8,2.4,3,1,1,450000,51.93,112.73,117.41,112.3,112.1,70,70,57573193,53122854,114.8,96,88.2,73.5,3086548,564472.1,1,139.28,515.39,4.29,77.78,131.55,135.6812,135.3503417,518.644,521.58,4.302,4.3305,77.778,77.0665,132.83,142.83,3,0,0,0,0,0,0,0,0,1,0,0,0,-0.038869258
2024-01-09,2,TRUE,FALSE,76.84,77.59,72.24,76.84,3.25,135.65,153.04,153.04,1,1315.7,183.52,3.5,3.255,4.29,1.035,2561.24,17.42,1860.25,3071.98,518.27,656.87,3684.68,-0.6,-0.6,-13.50454628,-13.50454628,13.50454628,13.50454628,13.50454628,1.6,1.6,1.6,1,1,1,450000,51.93,112.73,117.41,112.3,112.1,70,70,57573193,53122854,114.8,96,88.2,73.5,3086548,564472.1,1,118.2566667,511.77,4.29,77.87,132,131.7825333,134.535675,516.856,521.0405,4.296,4.327,77.534,77.0835,130.14,142.4075,3,0,0,0,0,0,0,0,0,1,0,0,0,-0.015931373
2024-01-10,2,TRUE,FALSE,77.99,76.8,71.37,78.06,3.25,133.5,148.37,148.37,1,1320.1,183.89,3.5,3.269,4.28,1.011,2541.98,16.79,1838.92,3038.43,517.36,662.29,3625.03,-1,-1,-13.90454628,-13.90454628,13.90454628,13.90454628,13.90454628,0,0,0,1,1,1,450000,51.93,112.73,117.41,112.3,112.1,70,70,57573193,53122854,114.8,96,88.2,73.5,3086548,564472.1,1,153.04,518.27,4.29,76.84,135.65,138.6173333,135.574175,516.756,520.448,4.292,4.3235,77.282,77.1755,131.72,141.7525,3,0,0,0,0,0,0,0,0,1,0,0,0,0.02739726
2024-01-11,2,TRUE,FALSE,77.3,77.41,72.02,77.32,3.15,130.75,147.61,147.61,1,1312.9,183.17,3.5,3.227,4.28,1.053,2540.27,17.14,1836.36,3043.13,511.11,658.14,3645.52,1.7,1.7,-11.20454628,-11.20454628,11.20454628,11.20454628,11.20454628,0,0,0,1,1,1,0,60,112.73,117.41,112.3,112.1,70,70,57573193,53122854,114.8,96,88.2,73.5,3086548,564472.1,1,148.37,517.36,4.28,78.06,133.5,139.2473333,136.212175,516.504,519.999,4.288,4.3195,77.838,77.2755,132.72,140.8775,3,0,0,0,0,0,0,0,0,1,0,0,0,0.025454545
2024-01-12,2,TRUE,FALSE,79.03,78.29,72.68,79.06,13.2,130.85,141.63,141.63,1,1313.5,183.18,3.5,3.204,4.28,1.076,2525.05,16.77,1813.67,2995.51,509.66,655.68,3593.6,0.9,0.9,-12.00454628,-12.00454628,12.00454628,12.00454628,12.00454628,0,0,0,1,1,1,0,60,112.73,117.41,112.3,112.1,70,70,57573193,53122854,114.8,96,88.2,73.5,3086548,564472.1,1,147.61,511.11,4.28,77.32,130.75,141.3113333,137.5003417,514.78,519.229,4.286,4.3155,77.574,77.31,132.69,139.79,3,0,0,0,0,0,0,0,0,1,0,0,0,0.026004728
2024-01-15,2,TRUE,FALSE,77.99,78.15,72.68,78.04,13.2,129.85,147.8,118.7133333,3,1320.2,183.72,3.5,3.191,4.28,1.089,2525.99,16.84,1800.87,2976.89,514.57,649.1,3571.61,-3.7,-1.3,-16.60454628,-14.20454628,16.60454628,14.20454628,16.60454628,0,1.033333333,3.1,3,0,1,0,60,112.73,117.41,112.3,112.1,70,70,57573193,53122854,114.8,96,88.2,73.5,3086548,564472.1,1,141.63,509.66,4.28,79.06,130.85,141.7813333,137.9678417,513.634,518.3945,4.284,4.3115,77.83,77.4515,132.55,139.02,3,0,0,0,0,0,0,0,0,1,0,0,0,-0.01843318
2024-01-16,2,TRUE,FALSE,77.83,78.29,72.4,77.83,3.25,129.5,148.42,148.42,1,1331.8,185.02,3.5,3.235,4.28,1.045,2497.59,17.18,1795.79,2944.04,515.25,645.91,3508.59,-2.1,-2.1,-15.00454628,-15.00454628,15.00454628,15.00454628,15.00454628,0,0,0,1,0,0,0,60,112.73,117.41,112.3,112.1,70,70,57573193,53122854,114.8,96,88.2,73.5,3086548,564472.1,1,118.7133333,514.57,4.28,78.04,129.85,141.8726667,137.0635083,514.194,518.055,4.282,4.3075,77.864,77.772,132.12,138.2,3,0,0,0,0,0,0,0,0,1,0,0,0,0.011737089
2024-01-17,2,TRUE,FALSE,76.77,77.88,72.56,76.85,2.86,129.5,152.17,152.17,1,1344.2,186.16,3.5,3.277,4.28,1.003,2435.9,19.31,1743.02,2830.78,505.54,630.9,3476.39,0.6,0.6,-12.30454628,-12.30454628,12.30454628,12.30454628,12.30454628,9.7,9.7,9.7,1,0,0,0,60,112.73,117.41,112.3,112.1,70,70,57573193,53122854,114.8,96,88.2,73.5,3086548,564472.1,1,148.42,515.25,4.28,77.83,129.5,140.9486667,137.6010083,513.59,517.6925,4.28,4.304,78.062,77.9445,130.89,137.4,3,0,0,0,0,0,0,0,0,1,0,0,0,0.035962877
2024-01-18,2,TRUE,FALSE,77.54,79.1,74.08,77.77,2.88,128.9,147.06,147.06,1,1339.7,185.83,3.5,3.285,4.28,0.995,2440.04,18.32,1736.54,2819.69,501.79,629.31,3559.59,4.5,4.5,-8.404546284,-8.404546284,8.404546284,8.404546284,8.404546284,0.5,0.5,0.5,1,0,0,0,60,112.73,117.41,112.3,112.1,70,70,57573193,53122854,114.8,96,88.2,73.5,3086548,564472.1,1,152.17,505.54,4.28,76.85,129.5,141.7086667,138.3735083,511.226,516.773,4.28,4.301,77.82,77.98,130.09,136.6125,3,0,0,0,0,0,0,0,0,1,0,0,0,0.007838746
2024-01-19,2,TRUE,FALSE,78.88,78.56,73.41,78.91,2.7,128,145.89,145.89,1,1339,185.62,3.5,3.307,4.28,0.973,2472.74,17.64,1736.4,2773.66,496.37,633.79,3699.15,5.4,5.4,-7.504546284,-7.504546284,7.504546284,7.504546284,7.504546284,0,0,0,1,0,0,0,60,112.73,117.41,112.3,112.1,70,70,57573193,53122854,114.8,96,88.2,73.5,3086548,564472.1,1,147.06,501.79,4.28,77.77,128.9,141.5986667,139.518675,509.362,515.762,4.28,4.2985,77.91,78.061,129.72,135.82,3,0,0,0,0,0,0,0,0,1,0,0,0,0.002222222
2024-01-22,2,TRUE,FALSE,77.76,80.06,75.19,77.76,2.35,127.45,148.7,122.2666667,3,1338.9,185.73,3.5,3.278,4.28,1.002,2464.35,18.01,1713.16,2672.16,501.01,623.73,3770.76,-8.7,-1.2,-21.60454628,-14.10454628,21.60454628,14.10454628,21.60454628,0.2,0.333333333,1,3,0,0,0,60,112.73,117.41,112.3,112.1,70,70,57573193,53122854,114.8,96,88.2,73.5,3086548,564472.1,1,145.89,496.37,4.28,78.91,128,142.4506667,139.864675,506.704,514.6935,4.28,4.2965,77.88,78.165,129.15,134.9575,3,0,0,0,0,0,0,0,0,1,0,0,0,0.005543237
2024-01-23,2,TRUE,FALSE,79.89,79.55,74.37,79.89,2.15,127.3,164.48,164.48,1,1333.4,185.98,3.5,3.286,4.28,0.994,2478.61,17.39,1725.99,2692.6,497.17,628.3,3755.98,-11.7,-11.7,-24.60454628,-24.60454628,24.60454628,24.60454628,24.60454628,0,0,0,1,0,0,0,60,112.73,117.56,112.3,112.1,70,70,57573193,53122854,114.8,96,88.2,73.5,3086548,564472.1,1,122.2666667,501.01,4.28,77.76,127.45,143.1613333,138.9715083,503.992,513.402,4.28,4.2945,77.824,78.1,128.67,134.1175,3,0,0,0,0,0,0,0,0,1,0,0,0,0
2024-01-24,2,TRUE,FALSE,79.57,80.04,75.09,79.67,2.45,127.2,163.39,163.39,1,1337,186.49,3.5,3.3,4.28,0.98,2469.69,17.07,1717.57,2724.05,492.57,623.79,3754.97,-8,-8,-20.90454628,-20.90454628,20.90454628,20.90454628,20.90454628,0,0,0,1,0,0,0,60,112.73,117.56,112.3,112.1,70,70,57573193,53122854,114.8,96,88.2,73.5,3086548,564472.1,1,164.48,497.17,4.28,79.89,127.3,146.3733333,139.9040083,500.376,512.2035,4.28,4.2925,78.236,78.1525,128.23,133.22,3,0,0,0,0,0,0,0,0,1,0,0,0,-0.008820287
2024-01-25,2,TRUE,FALSE,80.31,82.43,77.36,80.33,2.56,126.8,156.66,156.66,1,1335.8,186.45,3.5,3.313,4.28,0.967,2470.34,16.92,1725.04,2725.4,497.88,631.43,3727.4,-5.3,-5.3,-18.20454628,-18.20454628,18.20454628,18.20454628,18.20454628,0,0,0,1,0,0,0,60,112.73,117.56,112.3,112.1,71,67,57573193,53122854,114.8,96,88.2,73.5,3086548,589505.5,1,163.39,492.57,4.28,79.67,127.2,148.6173333,140.7365083,497.782,510.8495,4.28,4.2905,78.8,78.1805,127.77,132.305,3,0,0,0,0,0,0,0,0,1,0,0,0,-0.021134594
2024-01-26,2,TRUE,FALSE,81.67,83.55,78.01,81.68,2.36,127.1,155.69,155.69,1,1336.3,185.97,3.5,3.263,4.28,1.017,2478.56,16.96,1746.26,2791.21,499.03,643.24,3670.38,-1.7,-1.7,-14.60454628,-14.60454628,14.60454628,14.60454628,14.60454628,0,0,0,1,0,0,0,60,112.73,117.56,112.3,112.1,71,67,57573193,53122854,114.8,96,88.2,73.5,3086548,589505.5,1,156.66,497.88,4.28,80.33,126.8,150.5373333,142.3681333,497,509.8365,4.28,4.2885,79.312,78.264,127.35,131.37,3,0,0,0,0,0,0,0,0,1,0,0,0,0.021590909
2024-01-29,2,TRUE,FALSE,83.31,82.4,76.78,83.31,2.41,116.4,142.89,118.5933333,3,1335.7,185.71,3.5,3.304,4.28,0.976,2500.65,17.27,1792.86,2823.88,521.4,654.95,3640.39,-0.4,-0.8,-13.30454628,-13.70454628,13.30454628,13.70454628,14.40454628,0,0,0,3,0,0,0,60,112.73,117.56,112.3,112.1,71,67,57573193,53122854,114.8,96,88.2,73.5,3086548,589505.5,1,155.69,499.03,4.28,81.68,127.1,152.4973333,143.1026333,497.532,509.1285,4.28,4.2865,79.866,78.3385,127.17,130.425,3,0,0,0,0,0,0,0,0,1,0,0,0,-0.007786429
2024-01-30,2,TRUE,FALSE,81.9,82.87,77.82,81.9,2.26,119.55,150.7,150.7,1,1329.4,185.03,3.5,3.268,4.28,1.012,2498.81,17.11,1785.74,2808.89,522,651.46,3639.38,1.4,1.4,-11.50454628,-11.50454628,11.50454628,11.50454628,11.50454628,0,0,0,1,0,0,0,60,112.73,117.56,112.3,112.1,71,67,57573193,53122854,114.8,96,88.2,73.5,3086548,589505.5,1,118.5933333,521.4,4.28,83.31,116.4,151.7626667,142.1448,501.61,509.163,4.28,4.2845,80.976,78.5495,124.96,128.9725,3,0,0,0,0,0,0,0,0,1,0,0,0,0
2024-01-31,2,TRUE,FALSE,82.41,81.71,75.85,82.41,2.19,116.5,153.15,153.15,1,1334.6,185.57,3.5,3.261,4.28,1.019,2497.09,17.02,1774.9,2797.77,520.33,644.19,3547.05,4.7,4.7,-8.204546284,-8.204546284,8.204546284,8.204546284,8.204546284,0,0,0,1,0,0,0,60,112.73,117.56,112.8,112,71,67,57573193,53122854,116,96.2,89.2,71.6,3108053,589505.5,1,150.7,522,4.28,81.9,119.55,149.0066667,143.7365,506.576,509.3245,4.28,4.283,81.378,78.7395,123.41,128.5625,3,0,0,0,0,0,0,0,0,1,0,0,0,0.031390135
2024-02-01,2,TRUE,FALSE,80.31,78.7,73.82,80.31,2.15,116,134.02,134.02,1,1331.8,185.23,3.5,3.267,4.28,1.013,2542.46,16.79,1808.2,2865.43,535.34,656.9,3501.32,2.4,2.4,-10.50454628,-10.50454628,10.50454628,10.50454628,10.50454628,0,0,0,1,0,0,0,60,112.73,117.56,112.8,112,71,67,54709823,54474611,116,96.2,89.2,71.6,3108053,589505.5,1,153.15,520.33,4.28,82.41,116.5,146.9586667,144.133,512.128,509.41,4.28,4.282,81.926,79.096,121.27,127.9625,3,0,0,0,0,0,0,0,0,1,0,0,0,-0.005434783
2024-02-02,2,TRUE,FALSE,78.92,77.33,72.28,79.05,2.01,116.75,127,127,1,1322.6,183.94,3.5,3.248,4.28,1.032,2615.31,17.79,1841.05,2924.07,537.1,653.11,3583.35,3.1,3.1,-9.804546284,-9.804546284,9.804546284,9.804546284,9.804546284,0,0,0,1,0,0,0,60,113.17,117.56,112.8,112,71,67,54709823,54474611,116,96.2,89.2,71.6,3108053,589505.5,1,134.02,535.34,4.28,80.31,116,142.4306667,143.9695,519.62,510.1905,4.28,4.2815,81.922,79.1795,119.11,127.2175,3,0,0,0,0,0,0,0,0,1,0,0,0,-0.019672131
2024-02-05,2,TRUE,FALSE,77.4,77.99,72.78,77.49,2.12,119,144.12,111.1866667,3,1330.8,184.55,3.5,3.312,4.28,0.968,2591.31,18.06,1827.56,2932.29,535.7,656.14,3510.64,2.7,4.9,-10.20454628,-8.004546284,10.20454628,8.004546284,10.20454628,3.9,1.3,3.9,3,0,0,200000,60,113.17,117.56,112.8,112,71,67,54709823,54474611,116,96.2,89.2,71.6,3108053,589505.5,1,127,537.1,4.28,79.05,116.75,136.6926667,143.3555,527.234,511.276,4.28,4.281,81.396,79.243,117.04,126.4775,3,0,0,0,0,0,0,0,0,1,0,0,0,0.006688963
2024-02-06,2,TRUE,FALSE,77.98,78.59,73.31,77.98,2.1,119,137.69,137.69,1,1327.6,184.27,3.5,3.292,4.28,0.988,2576.2,17.59,1802.31,2898.79,529.77,645.59,3582.87,1.2,1.2,-11.70454628,-11.70454628,11.70454628,11.70454628,11.70454628,0.2,0.2,0.2,1,0,0,200000,60,113.17,117.56,112.8,112,71,67,54709823,54474611,116,96.2,89.2,71.6,3108053,589505.5,1,111.1866667,535.7,4.28,77.49,119,135.2113333,143.002,530.094,512.4725,4.28,4.2805,80.232,79.224,117.56,125.8275,3,0,0,0,0,0,0,0,0,1,0,0,0,0
2024-02-07,2,TRUE,FALSE,78.51,79.21,73.86,78.51,1.94,120.5,141.27,141.27,1,1327.8,184.41,3.5,3.286,4.28,0.994,2609.58,17.62,1850.62,2957.72,539.74,654.47,3548.1,0.6,0.6,-12.30454628,-12.30454628,12.30454628,12.30454628,12.30454628,0,0,0,1,0,1,200000,60,113.17,117.56,112.8,112,71,67,54709823,54474611,116,96.2,89.2,71.6,3108053,589505.5,1,137.69,529.77,4.28,77.98,119,132.6093333,142.2345,531.648,513.0475,4.28,4.28,79.448,79.281,117.45,124.995,3,0,0,0,0,0,0,0,0,1,0,0,0,0.008859358
2024-02-08,2,TRUE,FALSE,79.32,81.63,76.22,79.32,1.74,120.6,105.37,105.37,1,1328.2,184.21,3.5,3.305,4.28,0.975,2620.32,17.24,1842.48,3014.9,536.26,655.24,3671.73,0.6,0.6,-12.30454628,-12.30454628,12.30454628,12.30454628,12.30454628,0,0,0,1,1,1,200000,60,113.17,117.56,112.8,112,71,67,54709823,54474611,116,96.2,89.2,71.6,3108053,589505.5,1,141.27,539.74,4.28,78.51,120.5,130.2333333,141.8795,535.53,514.1665,4.28,4.28,78.668,79.3035,118.25,124.345,3,0,0,0,0,0,0,0,0,1,0,0,0,-0.001097695
2024-02-13,2,TRUE,FALSE,81.9,82.77,77.87,81.9,1.61,120.5,126.31,93.528,5,1328.1,184.06,3.5,3.353,4.28,0.927,2649.64,18.02,1845.28,3047.08,543.82,663.27,3812.08,8.2,3.1,-4.704546284,-9.804546284,4.704546284,9.804546284,11.90454628,0,0,0,5,1,1,200000,60,113.17,117.56,112.8,112,71,67,54709823,54474611,116,96.2,89.2,71.6,3108053,589505.5,1,105.37,536.26,4.28,79.32,120.6,124.5033333,139.7675,535.714,515.424,4.28,4.28,78.47,79.4035,119.17,123.8375,3,0,0,0,0,0,0,0,0,1,0,0,0,0
2024-02-14,2,TRUE,FALSE,82.45,81.6,76.64,82.45,1.51,119.75,130.38,130.38,1,1335.4,184.73,3.5,3.425,4.28,0.855,2620.42,17.98,1830.4,3020.11,539.69,659.74,3812.56,12.9,12.9,-0.004546284,-0.004546284,0.004546284,0.004546284,0.004546284,0,0,0,1,1,1,200000,60,113.17,117.56,112.8,112,71,67,54709823,54474611,116,96.2,89.2,71.6,3108053,589505.5,1,93.528,543.82,4.28,81.9,120.5,117.8089333,137.3624,537.058,517.132,4.28,4.28,79.04,79.5455,119.92,123.32,3,0,0,0,0,0,0,0,0,1,0,0,0,0.002197802
2024-02-15,2,TRUE,FALSE,80.57,82.86,78.03,80.57,1.53,119.25,120.68,120.68,1,1334,184.61,3.5,3.405,4.28,0.875,2613.8,17.79,1837.52,3075.51,532.43,660.63,3797.42,4.5,4.5,-8.404546284,-8.404546284,8.404546284,8.404546284,8.404546284,10.9,10.9,10.9,1,1,1,0,71.85,113.17,117.56,112.8,112,71,67,54709823,54474611,116,96.2,89.2,71.6,3108053,589505.5,1,130.38,539.69,4.28,82.45,119.75,121.6476,137.9457333,537.856,518.388,4.28,4.28,80.032,79.766,120.07,122.815,3,0,0,0,0,0,0,0,0,1,0,0,0,0.002192982
2024-02-16,2,TRUE,FALSE,82.07,83.47,79.19,82.08,1.55,119.25,123.82,123.82,1,1335.4,184.99,3.5,3.405,4.28,0.875,2648.76,17.41,1890.79,3141.28,539.25,672.59,3748.79,2.3,2.3,-10.60454628,-10.60454628,10.60454628,10.60454628,10.60454628,0,0,0,1,1,1,0,71.85,113.17,117.56,112.8,112,71,67,54709823,54474611,116,96.2,89.2,71.6,3108053,589505.5,1,120.68,532.43,4.28,80.57,119.25,118.2456,136.5587333,538.388,519.247,4.28,4.28,80.55,79.903,120.12,122.3025,3,0,0,0,0,0,0,0,0,1,0,0,0,-0.001094092
2024-02-19,2,TRUE,FALSE,82.26,83.56,79.19,82.26,1.55,119.6,122.33,102.5633333,3,1335.2,185.24,3.5,3.397,4.28,0.883,2680.26,18.02,1917.33,3152.64,577.48,677.61,3764.76,9.1,6.566666667,-3.804546284,-6.337879618,3.804546284,6.337879618,8.504546284,8.9,8.666666667,26,3,0,1,0,71.85,113.17,117.56,112.8,112,71,67,54709823,54474611,116,96.2,89.2,71.6,3108053,589505.5,1,123.82,539.25,4.28,82.08,119.25,114.7556,135.1412333,538.29,520.9325,4.28,4.28,81.264,80.1645,119.87,121.79,3,0,0,0,0,0,0,0,0,1,0,0,0,0.002190581
2024-02-20,2,TRUE,FALSE,82.76,82.34,78.18,82.76,1.5,119.6,129.37,129.37,1,1337.6,185.48,3.5,3.405,4.28,0.875,2657.79,18.09,1909.52,3155.12,572.48,670.71,3760.86,4.3,4.3,-8.604546284,-8.604546284,8.604546284,8.604546284,8.604546284,2.6,2.6,2.6,1,0,0,0,71.85,113.17,117.56,112.8,112,71,67,54709823,54474611,116,96.2,89.2,71.6,3108053,589505.5,1,102.5633333,577.48,4.28,82.26,119.6,114.1942667,132.9164,546.534,524.717,4.28,4.28,81.852,80.389,119.67,121.325,3,0,0,0,0,0,0,0,0,1,0,0,0,-0.003278689
2024-02-21,2,TRUE,FALSE,81.44,83.03,77.91,81.44,1.58,119.4,129.65,129.65,1,1334.7,185.65,3.5,3.402,4.28,0.878,2653.31,18.5,1921.55,3145.25,566.49,676.12,3746.37,1.9,1.9,-11.00454628,-11.00454628,11.00454628,11.00454628,11.00454628,17.8,17.8,17.8,1,0,0,0,71.85,113.17,118.19,112.8,112,70,67,54709823,54474611,116,96.2,89.2,71.6,3108053,589505.5,1,129.37,572.48,4.28,82.76,119.6,121.3626667,132.0904,552.266,528.5225,4.28,4.28,82.024,80.5815,119.49,120.905,3,0,0,0,0,0,0,0,0,1,0,0,0,0.001096491
2024-02-22,2,TRUE,FALSE,82.61,83.67,78.61,82.61,1.62,119.4,132.69,132.69,1,1328.7,184.65,3.5,3.342,4.28,0.938,2664.27,18.22,1908.87,3098.18,567.71,678.3,3847.55,0.2,0.2,-12.70454628,-12.70454628,12.70454628,12.70454628,12.70454628,8.8,8.8,8.8,1,0,0,0,71.85,113.17,118.19,112.8,112,70,67,54709823,54474611,116,96.2,89.2,71.6,3108053,589505.5,1,129.65,566.49,4.28,81.44,119.4,121.2166667,132.4595667,557.626,531.7965,4.28,4.28,81.822,80.7655,119.42,120.5025,3,0,0,0,0,0,0,0,0,1,0,0,0,0.00109529
2024-02-23,2,TRUE,FALSE,82.02,81.62,76.49,82.02,1.52,119.4,131.53,131.53,1,1331,184.63,3.5,3.374,4.28,0.906,2667.7,18.31,1907.62,3055.8,568.97,678.67,3844.25,1.8,1.8,-11.10454628,-11.10454628,11.10454628,11.10454628,11.10454628,0.4,0.4,0.4,1,0,0,0,71.85,113.17,118.19,112.8,112,70,67,54709823,54474611,116,96.2,89.2,71.6,3108053,589505.5,1,132.69,567.71,4.28,82.61,119.4,123.6186667,130.8700667,564.682,535.3235,4.28,4.28,82.23,80.9015,119.45,120.1075,3,0,0,0,0,0,0,0,0,1,0,0,0,-0.001094092
2024-02-26,2,TRUE,FALSE,80.42,82.53,77.58,80.42,1.65,127.75,135.17,113.8,3,1331.1,184.71,3.5,3.34,4.28,0.94,2647.08,17.94,1888.17,3053.42,570.6,674.38,3836.31,3.8,2.866666667,-9.104546284,-10.03787962,9.104546284,10.03787962,10.90454628,0,1.366666667,4.1,3,0,0,0,71.85,113.17,118.19,112.8,112,70,67,54709823,54474611,116,96.2,89.2,71.6,3108053,589505.5,1,131.53,568.97,4.28,82.02,119.4,125.1606667,129.2770667,570.626,539.1435,4.28,4.28,82.218,81.019,119.48,119.7175,3,0,0,0,0,0,0,0,0,1,0,0,0,0
2024-02-27,2,TRUE,FALSE,82.06,83.65,78.87,82.06,1.52,129.2,136.1,136.1,1,1331,184.64,3.5,3.364,4.28,0.916,2625.05,17.16,1876.7,3026.46,561.19,671.1,3777.3,5.3,5.3,-7.604546284,-7.604546284,7.604546284,7.604546284,7.604546284,0,0,0,1,0,0,0,71.85,113.17,118.19,112.8,112,70,67,54709823,54474611,116,96.2,89.2,71.6,3108053,589505.5,1,113.8,570.6,4.28,80.42,127.75,127.408,127.1340667,569.25,542.7795,4.28,4.28,81.85,81.0235,121.11,119.765,3,0,0,0,0,0,0,0,0,1,0,0,0,-0.003285871
2024-02-28,2,TRUE,FALSE,81.84,83.68,78.54,81.84,1.61,129.5,135.97,135.97,1,1333.6,184.98,3.5,3.359,4.28,0.921,2652.29,16.83,1883.45,3045.83,558.42,691.96,3878.2,6.4,6.4,-6.504546284,-6.504546284,6.504546284,6.504546284,6.504546284,0,0,0,1,0,0,0,71.85,113.17,118.19,112.8,112,70,67,54709823,54474611,116,96.2,89.2,71.6,3108053,589505.5,1,136.1,561.19,4.28,82.06,129.2,128.754,126.1545667,566.992,545.8875,4.28,4.28,81.71,81.0425,123.03,119.87,3,0,0,0,0,0,0,0,0,1,0,0,0,0.004395604
2024-02-29,2,TRUE,FALSE,81.78,83.62,78.26,81.78,1.67,131,137.36,137.36,1,1331.5,184.76,3.5,3.385,4.28,0.895,2642.36,16.77,1871.35,3034.3,561.87,682.92,3860.18,4.8,4.8,-8.104546284,-8.104546284,8.104546284,8.104546284,8.104546284,0,0,0,1,0,0,0,71.85,113.17,118.19,112.8,112,70,67,54709823,54474611,116,96.2,89.2,71.6,3108053,589505.5,1,135.97,558.42,4.28,81.84,129.5,130.018,127.0234,565.378,547.7385,4.28,4.28,81.79,80.969,125.05,120.525,3,0,0,0,0,0,0,0,0,1,0,0,0,0
2024-03-04,2,TRUE,FALSE,83.1,82.8,78.74,83.13,1.48,136,130.21,108.3775,4,1331.3,184.66,3.5,3.36,4.28,0.92,2674.27,17.33,1871.03,3059.5,561.21,680.25,4032.9,5.4,1.2,-7.504546284,-11.70454628,7.504546284,11.70454628,17.00454628,0,0,0,4,0,0,0,71.85,113.17,118.19,113.2,112.4,70,67,52076390,48221860,108.1,103.8,92.4,72.4,2463210,589505.5,1,137.36,561.87,4.28,81.78,131,130.952,126.3564,564.21,549.732,4.28,4.28,81.624,80.963,127.37,121.0975,3,0,0,0,0,0,0,0,0,1,0,0,0,-0.00547046
2024-03-05,2,TRUE,FALSE,81.79,82.04,78.15,81.89,1.51,137.45,138.43,138.43,1,1334.5,185.01,3.5,3.349,4.28,0.931,2649.4,17.13,1846.26,3059.57,556.21,677.31,3993.7,8,8,-4.904546284,-4.904546284,4.904546284,4.904546284,4.904546284,0,0,0,1,0,0,0,71.85,113.17,118.19,113.2,112.4,70,67,52076390,48221860,108.1,103.8,92.4,72.4,2463210,589505.5,1,108.3775,561.21,4.28,83.13,136,126.3215,124.117775,562.658,551.776,4.28,4.28,81.846,80.999,130.69,122.0725,3,0,0,0,0,0,0,0,0,1,0,0,0,0.00110011
2024-03-06,2,TRUE,FALSE,82.02,82.96,79.13,82.13,1.67,136.75,142.25,142.25,1,1334.5,185.08,3.5,3.325,4.28,0.955,2641.49,17.25,1824.13,3027.45,559.97,676.87,4013.47,6.2,6.2,-6.704546284,-6.704546284,6.704546284,6.704546284,6.704546284,0,0,0,1,0,0,200000,71.85,113.78,118.19,113.2,112.4,70,67,52076390,48221860,108.1,103.8,92.4,72.4,2463210,589505.5,1,138.43,556.21,4.28,81.89,137.45,131.2475,124.338275,559.78,552.8195,4.28,4.28,82.14,81.078,132.63,123.145,3,0,0,0,0,0,0,0,0,1,0,0,0,0
2024-03-07,2,TRUE,FALSE,82.36,82.96,78.93,82.38,1.56,135.5,136.59,136.59,1,1330.9,184.52,3.5,3.321,4.28,0.959,2647.62,17.25,1837.09,3045.57,554.92,671.54,3986.51,3.9,3.9,-9.004546284,-9.004546284,9.004546284,9.004546284,9.004546284,2.1,2.1,2.1,1,0,0,200000,71.85,113.78,118.19,113.2,112.4,70,67,52076390,48221860,108.1,103.8,92.4,72.4,2463210,589505.5,1,142.25,559.97,4.28,82.13,136.75,132.4775,125.100775,559.536,553.963,4.28,4.28,82.154,81.232,134.14,124.145,3,0,0,0,0,0,0,0,0,1,0,0,0,-0.001098901
2024-03-08,2,TRUE,FALSE,83.35,82.08,78.01,83.35,1.54,134.4,134.51,134.51,1,1319.8,183.32,3.5,3.271,4.28,1.009,2680.35,17.25,1853.14,3053.85,551.46,681.9,4066.11,2.1,2.1,-10.80454628,-10.80454628,10.80454628,10.80454628,10.80454628,0,0,0,1,0,1,200000,71.85,113.78,118.19,113.2,112.4,70,67,52076390,48221860,108.1,103.8,92.4,72.4,2463210,589505.5,1,136.59,554.92,4.28,82.38,135.5,132.6015,126.3709417,558.836,554.924,4.28,4.28,82.262,81.4765,135.34,124.97,3,0,0,0,0,0,0,0,0,1,0,0,0,0
2024-03-11,2,TRUE,FALSE,82.1,82.21,77.93,82.14,1.54,133,138.49,130.6466667,3,1310.3,182.2,3.5,3.275,4.28,1.005,2659.84,18.05,1829.84,3049.5,552.25,677.81,4002.81,6.2,4.133333333,-6.704546284,-8.771212951,6.704546284,8.771212951,10.90454628,0,0,0,3,1,1,200000,71.85,113.78,118.19,113.2,112.4,70,67,52076390,48221860,108.1,103.8,92.4,72.4,2463210,589505.5,1,134.51,551.46,4.28,83.35,134.4,132.0315,126.2119417,556.754,556.0085,4.28,4.28,82.576,81.745,136.02,125.74,3,0,0,0,0,0,0,0,0,1,0,0,0,0.00110011
2024-03-12,2,TRUE,FALSE,82.84,81.92,77.56,82.84,1.57,130.65,150.47,150.47,1,1311,182.56,3.5,3.273,4.28,1.007,2681.81,17.8,1848.24,3103.82,545.02,677.25,4040.52,6.6,6.6,-6.304546284,-6.304546284,6.304546284,6.304546284,6.304546284,2.1,2.1,2.1,1,1,1,200000,71.85,113.78,118.19,113.2,112.4,70,67,52076390,48221860,108.1,103.8,92.4,72.4,2463210,589505.5,1,130.6466667,552.25,4.28,82.14,133,136.4853333,125.680775,554.962,556.634,4.28,4.28,82.378,81.9265,135.42,126.365,3,0,0,0,0,0,0,0,0,1,0,0,0,-0.001098901
2024-03-13,2,TRUE,FALSE,82.22,84.03,79.72,82.33,1.25,131.1,148.44,148.44,1,1314.5,182.68,3.5,3.251,4.28,1.029,2693.57,16.93,1827.25,3079.71,546.37,669.84,4024.8,6.5,6.5,-6.404546284,-6.404546284,6.404546284,6.404546284,6.404546284,0,0,0,1,1,1,200000,71.85,113.78,118.19,113.2,112.4,70,67,52076390,48221860,108.1,103.8,92.4,72.4,2463210,589505.5,1,150.47,545.02,4.28,82.84,130.65,138.8933333,127.935775,552.724,557.072,4.28,4.28,82.568,82.1025,134.06,126.8675,3,0,0,0,0,0,0,0,0,1,0,0,0,0.00110011
2024-03-14,2,TRUE,FALSE,84.09,85.42,81.26,84.2,1.26,131.5,143.28,143.28,1,1317.6,183.16,3.5,3.273,4.28,1.007,2718.76,16.51,1830.14,3086.31,556.33,680,3972.61,8.5,8.5,-4.404546284,-4.404546284,4.404546284,4.404546284,4.404546284,0,0,0,1,1,1,0,105.5,113.78,118.19,113.2,112.4,70,67,52076390,48221860,108.1,103.8,92.4,72.4,2463210,589505.5,1,148.44,546.37,4.28,82.33,131.1,140.1313333,130.681375,550.004,557.1995,4.28,4.28,82.608,82.124,132.93,127.3975,3,0,0,0,0,0,0,0,0,1,0,0,0,0
2024-03-15,2,TRUE,FALSE,84.81,85.34,81.04,84.8,1.38,131,135.84,135.84,1,1330.5,184.61,3.5,3.308,4.28,0.972,2666.84,16.83,1815.76,3063.51,555.31,679.81,3946.8,8.9,8.9,-4.004546284,-4.004546284,4.004546284,4.004546284,4.004546284,0,0,0,1,1,1,0,105.5,113.78,118.19,113.2,112.4,70,67,52076390,48221860,108.1,103.8,92.4,72.4,2463210,589505.5,1,143.28,556.33,4.28,84.2,131.5,141.4693333,131.326375,550.286,558.0315,4.28,4.28,82.972,82.2115,132.13,127.985,3,0,0,0,0,0,0,0,0,1,0,0,0,0
2024-03-18,2,TRUE,FALSE,85.65,86.89,82.72,85.65,1.54,129.75,137.26,130.84,3,1333.7,185.1,3.5,3.348,4.28,0.932,2685.84,17.12,1836.97,3131.04,548.49,680.18,3999.81,7.1,8.933333333,-5.804546284,-3.971212951,5.804546284,3.971212951,5.804546284,0,0.033333333,0.1,3,0,1,0,105.5,113.78,118.19,113.2,112.4,70,67,52076390,48221860,108.1,103.8,92.4,72.4,2463210,589505.5,1,135.84,555.31,4.28,84.8,131,141.7353333,132.084375,551.056,559.1755,4.28,4.28,83.262,82.423,131.45,128.5725,3,0,0,0,0,0,0,0,0,1,0,0,0,0
2024-03-19,2,TRUE,FALSE,86.43,87.38,83.47,86.43,1.55,129.4,139.72,139.72,1,1339.8,185.88,3.5,3.383,4.28,0.897,2656.17,16.78,1819.66,3109.54,528.05,672.26,3941.62,6.7,6.7,-6.204546284,-6.204546284,6.204546284,6.204546284,6.204546284,0.2,0.2,0.2,1,0,0,0,105.5,113.78,118.19,113.2,112.4,70,67,52076390,48221860,108.1,103.8,92.4,72.4,2463210,589505.5,1,130.84,548.49,4.28,85.65,129.75,141.774,132.435375,550.304,559.6375,4.28,4.28,83.964,82.6015,130.8,129.0975,3,0,0,0,0,0,0,0,0,1,0,0,0,-0.005494505
2024-03-20,2,TRUE,FALSE,86.51,85.95,81.68,86.51,1.58,128.9,132.18,132.18,1,1339.6,185.66,3.5,3.371,4.28,0.909,2690.14,16.92,1806.7,3090.11,527.74,671.36,3994.93,4.4,4.4,-8.504546284,-8.504546284,8.504546284,8.504546284,8.504546284,0,0,0,1,0,0,0,105.5,113.78,118.19,113.2,112.4,70,67,52076390,48221860,108.1,103.8,92.4,72.4,2463210,589505.5,1,139.72,528.05,4.28,86.43,129.4,139.624,134.2932083,546.91,557.166,4.28,4.28,84.682,82.81,130.55,129.5875,3,0,0,0,0,0,0,0,0,1,0,0,0,-0.002209945
2024-03-21,2,TRUE,FALSE,86,85.78,81.07,86,1.55,128.25,139.27,139.27,1,1322.4,183.36,3.5,3.306,4.26,0.954,2754.86,17.53,1828.72,3114.54,534.78,677.45,4132.67,5,5,-7.904546284,-7.904546284,7.904546284,7.904546284,7.904546284,0,0,0,1,0,0,0,105.5,113.78,118.19,113.2,112.4,70,67,52076390,48221860,108.1,103.8,92.4,72.4,2463210,589505.5,1,132.18,527.74,4.28,86.51,128.9,136.372,134.4337083,543.184,554.929,4.28,4.28,85.518,82.9975,130.11,130.0525,3,0,0,0,0,0,0,0,0,1,0,0,0,-0.00110742
2024-03-22,2,TRUE,FALSE,85.49,85.43,80.63,85.84,1.5,127.7,146.64,146.64,1,1338.4,184.33,3.5,3.284,4.26,0.976,2748.56,17.13,1819.94,3120.9,533.5,672.52,4098.78,10.4,10.4,-2.504546284,-2.504546284,2.504546284,2.504546284,2.504546284,5.4,5.4,5.4,1,0,0,0,105.5,113.78,118.55,113.2,112.4,70,67,52076390,48221860,108.1,103.8,92.4,72.4,2463210,589505.5,1,139.27,534.78,4.26,86,128.25,135.57,134.9147083,538.874,553.3435,4.276,4.279,85.878,83.2255,129.46,130.495,3,0,0,0,0,0,0,0,0,1,0,0,0,-0.012195122
2024-03-25,2,TRUE,FALSE,85.5,86.75,81.95,85.84,1.46,128.95,150,132.8566667,3,1342.1,185.17,3.5,3.29,4.26,0.97,2737.57,17.35,1829.3,3136.88,529.84,662.46,4080.35,10.6,13.26666667,-2.304546284,0.362120382,2.304546284,1.898484572,3.295453716,5.1,1.733333333,5.2,3,0,0,0,105.5,113.78,118.55,113.2,112.4,70,67,52076390,48221860,108.1,103.8,92.4,72.4,2463210,589505.5,1,146.64,533.5,4.26,85.84,127.7,137.73,135.6122083,534.512,551.633,4.272,4.278,86.086,83.387,128.8,130.91,3,0,0,0,0,0,0,0,0,1,0,0,0,-0.024691358
2024-03-26,2,TRUE,FALSE,86.18,86.25,81.62,86.22,1.48,128.9,149.27,149.27,1,1339.5,184.9,3.5,3.301,4.25,0.949,2757.09,17.34,1825.69,3118.17,527.34,661.14,4178.98,7.4,7.4,-5.504546284,-5.504546284,5.504546284,5.504546284,5.504546284,11.5,11.5,11.5,1,0,0,0,105.5,113.78,118.55,113.2,112.4,70,67,52076390,48221860,108.1,103.8,92.4,72.4,2463210,589505.5,1,132.8566667,529.84,4.26,85.84,128.95,138.1333333,135.6785417,530.782,549.6765,4.268,4.277,86.124,83.578,128.64,131.3875,3,0,0,0,0,0,0,0,0,1,0,0,0,-0.031070196
2024-03-27,2,TRUE,FALSE,85.22,86.09,81.35,85.22,1.43,129,149.86,149.86,1,1348.7,185.87,3.5,3.288,4.25,0.962,2755.11,17.14,1830.23,3136.44,526.04,664.26,4253.63,10.4,10.4,-2.504546284,-2.504546284,2.504546284,2.504546284,2.504546284,0,0,0,1,0,0,0,105.5,113.78,118.55,113.2,112.4,71,68,52076390,48221860,108.1,103.8,92.4,72.4,2463210,589505.5,1,149.27,527.34,4.25,86.22,128.9,140.0433333,137.4520417,530.64,547.5135,4.262,4.2755,86.082,83.868,128.54,131.445,3,0,0,0,0,0,0,0,0,1,0,0,0,-0.038004751
2024-03-28,2,TRUE,FALSE,86.31,87.48,83.17,86.31,1.54,129.1,147.72,147.72,1,1346.2,185.58,3.5,3.293,4.24,0.947,2745.82,16.88,1796.34,3111.9,524.98,666.1,4342.96,10.3,10.3,-2.604546284,-2.604546284,2.604546284,2.604546284,2.604546284,1.9,1.9,1.9,1,0,0,0,105.5,113.78,118.55,113.2,112.4,71,68,52076390,48221860,108.1,103.8,92.4,72.4,2463210,589505.5,1,149.86,526.04,4.25,85.22,129,143.5793333,138.1400417,530.3,545.756,4.256,4.274,85.824,84.026,128.56,131.435,3,0,0,0,0,0,0,0,0,1,0,0,0,0
2024-03-29,2,TRUE,FALSE,86.31,87.48,83.17,86.31,1.54,129.1,140.02,140.02,1,1347.2,185.68,3.5,3.322,4.24,0.918,2746.63,16.84,1783.49,3083.21,519.97,656.75,4414.92,7.6,7.6,-5.304546284,-5.304546284,5.304546284,5.304546284,5.304546284,1.4,1.4,1.4,1,0,0,0,105.5,113.78,118.55,113.7,112.6,71,68,52076390,48221860,99.2,92,83.1,73.6,2581740,589505.5,1,147.72,524.98,4.24,86.31,129.1,145.2693333,138.7275417,528.34,544.084,4.252,4.272,85.886,84.2495,128.73,131.415,3,0,0,0,0,0,0,0,0,1,0,0,0,0.003703704
2024-04-01,3,TRUE,FALSE,87.65,87.42,83.71,87.77,1.64,132,119.45,124.45,3,1349.4,186.06,3.5,3.291,4.24,0.949,2747.86,17.13,1789.93,3109.16,522,661.26,4453.16,12.2,10.53333333,-0.704546284,-2.371212951,0.704546284,2.371212951,4.104546284,0,0,0,3,0,0,0,105.5,113.78,118.55,113.7,112.6,71,68,56518309,52112905,99.2,92,83.1,73.6,2581740,589505.5,1,140.02,519.97,4.24,86.31,129.1,143.9453333,138.8605417,525.634,541.989,4.248,4.27,85.98,84.476,129.01,131.32,3,0,0,0,0,0,0,0,0,1,0,0,0,0.003690037
2024-04-02,3,TRUE,FALSE,89.04,88.92,85.15,89.04,1.65,132.25,133.07,133.07,1,1352.1,186.11,3.5,3.333,4.24,0.907,2753.16,17.1,1767.86,3078.6,516.56,655.44,4503.64,15.4,15.4,2.495453716,2.495453716,2.495453716,2.495453716,2.495453716,0,0,0,1,0,0,0,105.5,113.95,118.55,113.7,112.6,71,68,56518309,52112905,99.2,92,83.1,73.6,2581740,589505.5,1,124.45,522,4.24,87.77,132,142.264,139.6641667,524.066,540.0285,4.244,4.268,86.366,84.708,129.62,131.12,3,0,0,0,0,0,0,0,0,1,0,0,0,0.004901961
2024-04-03,3,TRUE,FALSE,89.48,89.35,85.43,89.48,1.86,129.65,140.41,140.41,1,1348.9,185.84,3.5,3.341,4.24,0.899,2706.97,17.63,1737.14,3030.64,510.42,661.07,4413.38,16.6,16.6,3.695453716,3.695453716,3.695453716,3.695453716,3.695453716,0,0,0,1,0,0,0,105.5,113.95,118.55,113.7,112.6,71,68,56518309,52112905,99.2,92,83.1,73.6,2581740,589505.5,1,133.07,516.56,4.24,89.04,132.25,139.024,139.3961667,521.91,538.046,4.242,4.266,86.93,85.0655,130.29,130.86,3,0,0,0,0,0,0,0,0,1,0,0,0,0.002439024
2024-04-04,3,TRUE,FALSE,89.63,90.65,86.59,89.63,1.78,128.2,141.69,141.69,1,1347.1,185.85,3.5,3.338,4.23,0.892,2742,17.2,1766.96,3051.96,514.6,659.83,4530.57,15.5,15.5,2.595453716,2.595453716,2.595453716,2.595453716,2.595453716,0,0,0,1,0,0,0,105.5,113.95,118.55,113.7,112.6,71,68,56518309,52112905,99.2,92,83.1,73.6,2581740,589505.5,1,140.41,510.42,4.24,89.48,129.65,137.134,139.3041667,518.786,535.5685,4.24,4.264,87.782,85.433,130.42,130.505,3,0,0,0,0,0,0,0,0,1,0,0,0,0.00243309
2024-04-05,3,TRUE,FALSE,90.89,91.17,86.91,90.9,1.58,129.1,133.99,133.99,1,1352.8,186.7,3.5,3.329,4.23,0.901,2714.21,18.12,1746.66,3043.07,515.2,659.51,4466.31,14,14,1.095453716,1.095453716,1.095453716,1.095453716,1.095453716,0,0,0,1,0,0,0,105.5,113.95,118.55,113.7,112.6,71,68,56518309,52112905,99.2,92,83.1,73.6,2581740,589505.5,1,141.69,514.6,4.23,89.63,128.2,135.928,139.5591667,516.71,533.5525,4.238,4.2615,88.446,85.7955,130.24,130.14,3,0,0,0,0,0,0,0,0,1,0,0,0,0.030339806
2024-04-08,3,TRUE,FALSE,90.03,90.38,86.43,90.03,1.73,128.2,128.6,112.59,3,1353.2,186.81,3.5,3.383,4.23,0.847,2717.65,18.16,1753.19,2998.26,517.04,652.34,4374.64,16.2,14.56666667,3.295453716,1.662120382,3.295453716,1.798484572,3.295453716,0,0,0,3,0,0,0,105.5,113.95,118.55,113.7,112.6,71,68,56518309,52112905,99.2,92,83.1,73.6,2581740,589505.5,1,133.99,515.2,4.23,90.9,129.1,134.722,139.5331667,515.756,531.7395,4.236,4.259,89.364,86.173,130.24,129.875,3,0,0,0,0,0,0,0,0,1,0,0,0,0.008244994
2024-04-09,3,TRUE,FALSE,90.74,89.42,85.23,90.74,1.83,127.75,124.5,124.5,1,1354.9,187.06,3.5,3.391,4.23,0.839,2705.16,18.09,1778.54,2987.36,520.79,650.89,4381.74,15.3,15.3,2.395453716,2.395453716,2.395453716,2.395453716,2.395453716,0,0,0,1,0,0,0,105.5,113.95,118.55,113.7,112.6,71,68,56518309,52112905,99.2,92,83.1,73.6,2581740,589505.5,1,112.59,517.04,4.23,90.03,128.2,132.35,138.6303333,514.764,529.979,4.234,4.2565,89.816,86.5675,129.48,129.635,3,0,0,0,0,0,0,0,0,1,0,0,0,0.01635514
2024-04-11,3,TRUE,FALSE,90.88,89.74,85.02,90.88,1.62,128.75,123.75,126.545,2,1364.1,188.04,3.5,3.466,4.23,0.764,2706.96,18.03,1776.5,2943.15,508.48,644.78,4467.18,15.5,14.65,2.595453716,1.745453716,2.595453716,1.745453716,2.595453716,0,0,0,2,0,0,0,105.5,113.95,118.55,113.7,112.6,71,68,56518309,52112905,99.2,92,83.1,73.6,2581740,589505.5,1,124.5,520.79,4.23,90.74,127.75,130.636,137.3318333,515.61,528.7675,4.232,4.254,90.156,86.9625,128.58,129.49,3,0,0,0,0,0,0,0,0,1,0,0,0,0.017241379
2024-04-12,3,TRUE,FALSE,90.48,90.45,85.66,90.49,1.36,129.25,109.42,109.42,1,1375.4,189.45,3.5,3.403,4.22,0.817,2681.82,17.59,1761.9,2903.94,496.04,635.75,4487.97,17.2,17.2,4.295453716,4.295453716,4.295453716,4.295453716,4.295453716,0,0,0,1,0,0,0,105.5,113.95,118.55,113.7,112.6,71,68,56518309,52112905,99.2,92,83.1,73.6,2581740,589505.5,1,126.545,508.48,4.23,90.88,128.75,127.863,136.2370833,515.222,526.873,4.23,4.2515,90.436,87.39,128.4,129.3725,3,0,0,0,0,0,0,0,0,1,0,0,0,0.028248588
2024-04-15,3,TRUE,FALSE,89.53,90.1,85.41,89.53,1.41,129.75,132.87,112.1366667,3,1384,190.64,3.5,3.44,4.22,0.78,2670.43,18.45,1764.58,2853.63,508.76,638.36,4488.96,16,18.63333333,3.095453716,5.728787049,3.095453716,5.728787049,7.895453716,17.1,5.7,17.1,3,0,0,0,105.5,113.95,118.55,113.7,112.6,71,68,56518309,52112905,99.2,92,83.1,73.6,2581740,589505.5,1,109.42,496.04,4.22,90.49,129.25,121.409,134.5440833,511.51,523.8585,4.228,4.2485,90.608,87.7045,128.61,129.26,3,0,0,0,0,0,0,0,0,1,0,0,0,-0.012087912
2024-04-16,3,TRUE,FALSE,90.26,90.02,85.36,90.31,1.38,129.25,133.54,133.54,1,1394.5,191.64,3.5,3.469,4.22,0.751,2609.63,19.95,1729.97,2794.6,496.81,630.2,4317.03,13.3,13.3,0.395453716,0.395453716,0.395453716,0.395453716,0.395453716,2.3,2.3,2.3,1,0,0,0,105.5,113.95,118.55,113.7,112.6,71,68,56518309,52112905,99.2,92,83.1,73.6,2581740,589505.5,1,112.1366667,508.76,4.22,89.53,129.75,117.0383333,133.3589167,510.222,521.531,4.226,4.2455,90.334,87.941,128.74,129.1975,3,0,0,0,0,0,0,0,0,1,0,0,0,0.001112347
2024-04-17,3,TRUE,FALSE,90.07,87.29,82.69,90.07,1.5,129.6,131.11,131.11,1,1386.8,191.07,3.5,3.475,4.22,0.745,2584.18,20.02,1711.66,2753.01,487.76,617.8,4311.87,15,15,2.095453716,2.095453716,2.095453716,2.095453716,2.095453716,0,0,0,1,0,0,0,105.5,113.95,118.55,113.7,112.6,71,68,56518309,52112905,99.2,92,83.1,73.6,2581740,589505.5,1,133.54,496.81,4.22,90.31,129.25,121.2283333,133.4939167,506.176,518.947,4.224,4.2425,90.39,88.174,128.95,129.1725,3,0,0,0,0,0,0,0,0,1,0,0,0,-0.011111111
2024-04-18,3,TRUE,FALSE,87.43,87.11,82.73,87.43,1.59,129.6,127.61,127.61,1,1372.9,189.62,3.5,3.427,4.22,0.793,2634.7,19.42,1763.12,2801.17,496.38,632.66,4395.67,17.3,17.3,4.395453716,4.395453716,4.395453716,4.395453716,4.395453716,0,0,0,1,0,0,0,105.5,113.95,118.55,113.7,112.6,71,68,56518309,52112905,99.2,92,83.1,73.6,2581740,589505.5,1,131.11,487.76,4.22,90.07,129.6,122.5503333,133.0634167,499.57,516.9325,4.222,4.2395,90.256,88.356,129.32,129.1825,3,0,0,0,0,0,0,0,0,1,0,0,0,-0.016853933
2024-04-19,3,TRUE,FALSE,87.72,87.29,83.14,87.7,1.43,130.6,109.91,109.91,1,1382.2,190.51,3.5,3.468,4.22,0.752,2591.86,21.22,1751.05,2751.61,493.09,628.43,4234.88,17.6,17.6,4.695453716,4.695453716,4.695453716,4.695453716,4.695453716,0,0,0,1,0,0,0,105.5,113.95,118.55,113.7,112.6,71,68,56518309,52112905,99.2,92,83.1,73.6,2581740,589505.5,1,127.61,496.38,4.22,87.43,129.6,122.7633333,132.8349167,497.15,515.3645,4.22,4.2365,89.566,88.402,129.49,129.2175,3,0,0,0,0,0,0,0,0,1,0,0,0,0
2024-04-22,3,TRUE,FALSE,86.41,87,82.85,86.41,1.64,129.5,129.13,118.1533333,3,1379.2,190.26,3.5,3.512,4.22,0.708,2629.44,19.8,1761.15,2795.46,503.04,647.16,4120.96,18.8,16.96666667,5.895453716,4.062120382,5.895453716,4.062120382,5.895453716,0,1.6,4.8,3,0,0,0,105.5,113.95,118.55,113.7,112.6,71,68,56518309,52112905,99.2,92,83.1,73.6,2581740,589505.5,1,109.91,493.09,4.22,87.7,130.6,122.8613333,131.3669167,496.56,513.28,4.22,4.2345,89.008,88.487,129.76,129.335,3,0,0,0,0,0,0,0,0,1,0,0,0,-0.011428571
2024-04-23,3,TRUE,FALSE,88.47,88.42,83.36,88.73,1.59,129.75,140.39,140.39,1,1378.3,189.92,3.5,3.489,4.22,0.731,2623.02,18.93,1748.8,2777.39,517.35,646.94,4092.51,17.3,17.3,4.395453716,4.395453716,4.395453716,4.395453716,4.395453716,0,0,0,1,0,0,0,105.5,113.95,118.82,113.7,112.6,71,68,56518309,52112905,99.2,92,83.1,73.6,2581740,589505.5,1,118.1533333,503.04,4.22,86.41,129.5,124.0646667,129.9425833,495.416,511.757,4.22,4.2325,88.384,88.5155,129.71,129.425,3,0,0,0,0,0,0,0,0,1,0,0,0,0
2024-04-24,3,TRUE,FALSE,88.86,88.02,82.81,88.86,1.6,129,139.08,139.08,1,1369.2,188.59,3.5,3.509,4.22,0.711,2675.75,18.02,1759.23,2811.24,518.1,654.49,4276.47,13.2,13.2,0.295453716,0.295453716,0.295453716,0.295453716,0.295453716,9,9,9,1,0,0,0,105.5,113.95,118.82,113.7,112.6,71,68,56518309,52112905,99.2,92,83.1,73.6,2581740,589505.5,1,140.39,517.35,4.22,88.73,129.75,125.4346667,130.31925,499.524,511.1325,4.22,4.2305,88.068,88.66,129.81,129.465,3,0,0,0,0,0,0,0,0,1,0,0,0,-0.013872832
2024-04-25,3,TRUE,FALSE,88.62,89.01,83.57,88.62,1.46,129.25,139.22,139.22,1,1375,189.2,3.5,3.543,4.22,0.677,2628.62,18.82,1740.69,2798.85,516.7,653.38,4158.92,14.4,14.4,1.495453716,1.495453716,1.495453716,1.495453716,1.495453716,0,0,0,1,0,0,0,105.5,113.95,118.82,113.7,112.6,73,69,56518309,52112905,99.2,92,83.1,73.6,2581740,550377.7,1,139.08,518.1,4.22,88.86,129,127.0286667,129.80975,505.592,510.6705,4.22,4.229,87.826,88.792,129.69,129.47,3,0,0,0,0,0,0,0,0,1,0,0,0,-0.001172333
2024-04-26,3,TRUE,FALSE,88.99,89.5,83.85,88.99,1.4,129.75,138.37,138.37,1,1375.3,189.45,3.5,3.531,4.22,0.689,2656.33,18.32,1747.48,2786.44,521.87,658.1,4238.81,17.8,17.8,4.895453716,4.895453716,4.895453716,4.895453716,4.895453716,0,0,0,1,0,0,0,105.5,113.95,118.82,113.7,112.6,73,69,56518309,52112905,99.2,92,83.1,73.6,2581740,550377.7,1,139.22,516.7,4.22,88.62,129.25,129.3506667,129.27775,509.656,510.2035,4.22,4.2275,88.064,88.962,129.62,129.4825,3,0,0,0,0,0,0,0,0,1,0,0,0,0.016431925
2024-04-29,3,TRUE,FALSE,88.9,88.4,82.63,88.9,1.55,137.4,138.91,124.9866667,3,1377,189.76,3.5,3.552,4.22,0.668,2687.44,18.13,1804.45,2902.01,527.43,670.76,4250.56,20.9,19.93333333,7.995453716,7.028787049,7.995453716,7.028787049,7.995453716,0,0,0,3,0,0,100000,105.5,113.95,118.82,113.7,112.6,73,69,56518309,52112905,99.2,92,83.1,73.6,2581740,550377.7,1,138.37,521.87,4.22,88.99,129.75,135.0426667,128.81025,515.412,510.048,4.22,4.2265,88.322,89.096,129.45,129.515,3,0,0,0,0,0,0,0,0,1,0,0,0,0.005773672
2024-04-30,3,TRUE,FALSE,88.59,87.86,81.93,88.59,1.68,142.25,134.27,134.27,1,1382,190.47,3.5,3.529,4.22,0.691,2692.06,18.14,1790.7,2882.06,525.6,675.91,4219.1,18.6,18.6,5.695453716,5.695453716,5.695453716,5.695453716,5.695453716,0,0,0,1,0,0,100000,105.5,113.95,118.82,113.9,112.6,73,69,56518309,52112905,112,100,90.3,71.3,3118544,550377.7,1,124.9866667,527.43,4.22,88.9,137.4,136.4093333,128.0585833,520.29,510.421,4.22,4.2255,88.82,89.2255,131.03,129.93,3,0,0,0,0,0,0,0,0,1,0,0,0,0.005740528
2024-05-02,3,TRUE,FALSE,84.52,83.67,78.95,84.52,1.66,147.75,136.12,130.655,2,1375.9,190.53,3.5,3.509,4.22,0.711,2683.65,17.88,1781.52,2850.02,525.43,668.37,4227.25,18.1,18.3,5.195453716,5.395453716,5.195453716,5.395453716,5.595453716,0,0,0,2,0,1,100000,105.5,114.01,118.82,113.9,112.6,73,69,56148299,54821181,112,100,90.3,71.3,3118544,550377.7,1,134.27,525.6,4.22,88.59,142.25,135.1853333,128.5495833,521.94,510.601,4.22,4.2245,88.792,89.2665,133.53,130.4425,3,0,0,0,0,0,0,0,0,1,0,0,0,-0.001141553
2024-05-03,3,TRUE,FALSE,84.12,82.96,78.11,84.12,1.67,145.15,138.05,138.05,1,1362.8,189.32,3.5,3.5,4.22,0.72,2676.63,17.51,1799.01,2849.25,525.77,662.46,4207.22,19.7,19.7,6.795453716,6.795453716,6.795453716,6.795453716,6.795453716,0,0,0,1,1,1,100000,105.5,114.01,118.82,113.9,112.6,73,69,56148299,54821181,112,100,90.3,71.3,3118544,550377.7,1,130.655,525.43,4.22,84.52,147.75,133.5003333,128.4288333,523.406,511.0445,4.22,4.2235,87.924,89.0405,137.28,131.2175,3,0,0,0,0,0,0,0,0,1,0,0,0,-0.002285714
2024-05-07,3,TRUE,FALSE,84.12,83.16,78.38,84.12,1.95,146.4,133.22,130.375,4,1360.1,188.31,3.5,3.448,4.22,0.772,2734.36,17.21,1812.48,2873.83,531.46,666.7,4356.12,13.3,16.6,0.395453716,3.695453716,0.395453716,3.695453716,8.495453716,2.4,15.75,63,4,1,1,100000,105.5,114.01,118.82,113.9,112.6,73,69,56148299,54821181,112,100,90.3,71.3,3118544,550377.7,1,138.05,525.77,4.22,84.12,145.15,133.2663333,128.3108333,525.22,511.812,4.22,4.2225,87.024,88.7725,140.46,131.9925,3,0,0,0,0,0,0,0,0,1,0,0,0,0.005727377
2024-05-08,3,TRUE,FALSE,82.98,83.58,78.99,82.98,2.01,145.25,134.12,134.12,1,1361.5,188.58,3.5,3.439,4.22,0.781,2745.05,16.46,1823.36,2903.06,530.05,668.95,4365.67,14.7,14.7,1.795453716,1.795453716,1.795453716,1.795453716,1.795453716,0,0,0,1,1,1,100000,105.5,114.01,118.82,113.9,112.6,73,69,56148299,54821181,112,100,90.3,71.3,3118544,550377.7,1,130.375,531.46,4.22,84.12,146.4,131.6673333,127.7450833,527.138,512.655,4.22,4.222,86.05,88.497,143.79,132.9025,3,0,0,0,0,0,0,0,0,1,0,0,0,-0.005694761
2024-05-09,3,TRUE,FALSE,84.67,83.88,79.26,84.67,2.03,144.95,132.4,132.4,1,1370.1,189.45,3.5,3.453,4.22,0.767,2712.14,16.49,1806.62,2882.43,532.88,664.25,4302.8,16.1,16.1,3.195453716,3.195453716,3.195453716,3.195453716,3.195453716,0,0,0,1,1,1,0,120,114.01,118.82,113.9,112.6,73,69,56148299,54821181,112,100,90.3,71.3,3118544,550377.7,1,134.12,530.05,4.22,82.98,145.25,133.494,127.7515833,527.662,513.3975,4.22,4.2215,84.866,88.101,145.36,133.71,3,0,0,0,0,0,0,0,0,1,0,0,0,0.006872852
2024-05-10,3,TRUE,FALSE,84.86,82.79,78.26,84.87,2.14,144.4,127.23,127.23,1,1368.1,189.34,3.5,3.44,4.22,0.78,2727.63,16.29,1812.35,2862.77,527,664.8,4249.31,17.9,17.9,4.995453716,4.995453716,4.995453716,4.995453716,4.995453716,0,0,0,1,1,1,0,120,114.01,118.82,113.9,112.6,73,69,56148299,54821181,112,100,90.3,71.3,3118544,550377.7,1,132.4,532.88,4.22,84.67,144.95,133.12,128.7420833,529.118,514.1895,4.22,4.221,84.082,87.833,145.9,134.5475,3,0,0,0,0,0,0,0,0,1,0,0,0,0.004550626
2024-05-13,3,TRUE,FALSE,83.87,83.36,79.12,83.87,2.11,142.1,125.55,114.15,3,1368.2,188.98,3.5,3.452,4.22,0.768,2727.21,16.6,1807.76,2838.45,510.7,663.85,4259.91,18.3,17.3,5.395453716,4.395453716,5.395453716,4.395453716,5.395453716,0,10.56666667,31.7,3,0,1,0,120,114.01,118.82,113.9,112.6,73,69,56148299,54821181,112,100,90.3,71.3,3118544,550377.7,1,127.23,527,4.22,84.87,144.4,132.435,128.8785833,529.432,514.5,4.22,4.2205,84.152,87.5395,145.23,135.38,3,0,0,0,0,0,0,0,0,1,0,0,0,0.002265006
2024-05-14,3,TRUE,FALSE,83.91,82.38,78.02,83.93,2.14,142.65,130.07,130.07,1,1369.1,189.02,3.5,3.454,4.22,0.766,2730.34,16.73,1823.79,2875.05,518.82,663.42,4282.37,18.8,18.8,5.895453716,5.895453716,5.895453716,5.895453716,5.895453716,0,0,0,1,0,0,0,120,114.01,118.82,113.9,112.6,73,69,56148299,54821181,112,100,90.3,71.3,3118544,550377.7,1,114.15,510.7,4.22,83.87,142.1,127.655,128.2588333,526.418,514.611,4.22,4.22,84.102,87.189,144.62,136.0475,3,0,0,0,0,0,0,0,0,1,0,0,0,-0.004519774
2024-05-16,3,TRUE,FALSE,83.74,83.27,79.23,83.74,2.32,143.5,125.32,115.8,2,1345,186.39,3.5,3.375,4.22,0.845,2753,15.98,1853.37,2890.74,527.12,664.92,4360.8,13.7,13.15,0.795453716,0.245453716,0.795453716,0.55,0.795453716,0.1,10.35,20.7,2,0,0,0,120,114.01,118.82,113.9,112.6,73,69,56148299,54821181,112,100,90.3,71.3,3118544,550377.7,1,130.07,518.82,4.22,83.93,142.65,127.594,129.2913333,523.89,515.75,4.22,4.22,84.064,86.861,143.87,136.7175,3,0,0,0,0,0,0,0,0,1,0,0,0,0.006810443
2024-05-17,3,TRUE,FALSE,84.61,83.98,80.06,84.61,2.44,141.5,129.14,129.14,1,1354.9,187.51,3.5,3.379,4.22,0.841,2724.62,15.98,1821.79,2873.83,525.32,655.27,4295.27,18.3,18.3,5.395453716,5.395453716,5.395453716,5.395453716,5.395453716,0,0,0,1,0,0,0,120,114.01,118.82,113.9,112.6,73,69,56148299,54821181,112,100,90.3,71.3,3118544,550377.7,1,115.8,527.12,4.22,83.74,143.5,123.93,129.4745,523.304,516.668,4.22,4.22,84.216,86.5715,143.52,137.405,3,0,0,0,0,0,0,0,0,1,0,0,0,0.009019166
2024-05-20,3,TRUE,FALSE,85.14,83.71,79.8,85.2,2.52,141,128.7,121.29,3,1355.9,187.38,3.5,3.412,4.22,0.808,2742.14,15.95,1846.89,2889.05,524.11,653.95,4321.58,19.4,20.53333333,6.495453716,7.628787049,6.495453716,7.628787049,8.595453716,0,0,0,3,0,0,0,120,114.01,118.82,113.9,112.6,73,69,56148299,54821181,112,100,90.3,71.3,3118544,550377.7,1,129.14,525.32,4.22,84.61,141.5,123.278,129.2545,521.792,518.0935,4.22,4.22,84.204,86.2865,142.83,138.0175,3,0,0,0,0,0,0,0,0,1,0,0,0,-0.005586592
2024-05-21,3,TRUE,FALSE,84.18,82.88,79.26,84.24,2.52,142.05,130.23,130.23,1,1363.3,188.25,3.5,3.411,4.22,0.809,2724.18,15.85,1825.89,2833.77,521.6,648.1,4331.5,21.7,21.7,8.795453716,8.795453716,8.795453716,8.795453716,8.795453716,0,0,0,1,0,0,0,120,114.01,118.82,113.9,112.6,73,69,56148299,54821181,112,100,90.3,71.3,3118544,550377.7,1,121.29,524.11,4.22,85.2,141,122.09,128.7635,521.214,519.911,4.22,4.22,84.27,86.043,142.15,138.5875,3,0,0,0,0,0,0,0,0,1,0,0,0,-0.002247191
2024-05-22,3,TRUE,FALSE,84.18,81.9,77.57,84.24,2.51,142.4,130.77,130.77,1,1362.9,188.08,3.5,3.409,4.22,0.811,2723.46,15.71,1804.98,2845.77,527.34,648.43,4380.85,20.5,20.5,7.595453716,7.595453716,7.595453716,7.595453716,7.595453716,0,0,0,1,0,0,0,120,114.01,119.16,113.9,112.6,74,72,56148299,54821181,112,100,90.3,71.3,3118544,550377.7,1,130.23,521.6,4.22,84.24,142.05,125.306,128.8945,523.394,521.172,4.22,4.22,84.344,85.8835,142.14,139.21,3,0,0,0,0,0,0,0,0,1,0,0,0,-0.003378378
2024-05-23,3,TRUE,FALSE,83.25,81.36,76.87,83.25,2.64,142.75,128.64,128.64,1,1362.4,187.79,3.5,3.402,4.22,0.818,2721.81,15.22,1774.11,2855.74,533.63,649.44,4396.65,20.2,20.2,7.295453716,7.295453716,7.295453716,7.295453716,7.295453716,0,0,0,1,0,0,0,120,114.01,119.16,113.9,112.6,74,72,56148299,54821181,112,100,90.3,71.3,3118544,550377.7,1,130.77,527.34,4.22,84.24,142.4,125.446,129.9375,525.098,522.8845,4.22,4.22,84.406,85.7105,142.09,139.8,3,0,0,0,0,0,0,0,0,1,0,0,0,0.001129944
2024-05-24,3,TRUE,FALSE,82.48,82.12,77.72,82.46,2.22,142.8,129.68,129.68,1,1369.5,188.65,3.5,3.423,4.22,0.797,2687.6,15.43,1767.19,2808,529.64,642.81,4305.31,20.1,20.1,7.195453716,7.195453716,7.195453716,7.195453716,7.195453716,0,0,0,1,0,0,0,120,114.01,119.16,113.9,112.6,74,72,56148299,54821181,112,100,90.3,71.3,3118544,550377.7,1,128.64,533.63,4.22,83.25,142.75,128.014,130.4618333,526.4,524.414,4.22,4.22,84.308,85.5525,141.94,140.4625,3,0,0,0,0,0,0,0,0,1,0,0,0,0.001128668
2024-05-27,3,TRUE,FALSE,83.31,83.1,77.72,83.31,2.22,142.8,127.41,111.3233333,3,1363.8,187.95,3.5,3.413,4.22,0.807,2722.99,15.21,1794.1,2869.32,542.55,656.47,4389.98,18.5,19.93333333,5.595453716,7.028787049,5.595453716,7.028787049,8.495453716,0,2.9,8.7,3,0,0,0,120,114.01,119.16,113.9,112.6,74,72,56148299,54821181,112,100,90.3,71.3,3118544,550377.7,1,129.68,529.64,4.22,82.46,142.8,128.122,129.9263333,527.264,525.0285,4.22,4.22,83.878,85.239,142.2,141.115,3,0,0,0,0,0,0,0,0,1,0,0,0,0.001127396
2024-05-28,3,TRUE,FALSE,84.42,84.22,79.83,84.42,2.29,142.4,133.08,133.08,1,1358.5,187.05,3.5,3.394,4.22,0.826,2722.85,15.07,1768.69,2843.74,548.32,652.99,4461.5,20.4,20.4,7.495453716,7.495453716,7.495453716,7.495453716,7.495453716,0,0,0,1,0,0,0,120,114.01,119.16,113.9,112.6,74,72,56148299,54821181,112,100,90.3,71.3,3118544,550377.7,1,111.3233333,542.55,4.22,83.31,142.8,126.1286667,128.5385,530.952,526.251,4.22,4.22,83.5,84.9615,142.56,141.805,3,0,0,0,0,0,0,0,0,1,0,0,0,-0.001126126
2024-05-29,3,TRUE,FALSE,85.48,83.6,79.23,85.48,2.2,142.4,132.12,132.12,1,1365,187.85,3.5,3.425,4.22,0.795,2677.3,15.66,1759.79,2755.15,542.61,648.33,4427.13,21.2,21.2,8.295453716,8.295453716,8.295453716,8.295453716,8.295453716,0,0,0,1,0,0,0,120,114.01,119.16,113.9,112.6,74,72,56148299,54821181,112,100,90.3,71.3,3118544,550377.7,1,133.08,548.32,4.22,84.42,142.4,126.6986667,128.2315,536.296,527.832,4.22,4.22,83.536,84.7515,142.63,142.4625,3,0,0,0,0,0,0,0,0,1,0,0,0,-0.001127396
2024-05-30,3,TRUE,FALSE,84.27,81.86,77.91,84.27,1.87,142.4,137.41,137.41,1,1379.4,189.92,3.5,3.44,4.22,0.78,2635.44,16.82,1737.19,2717.7,531.34,638.89,4339.93,20.7,20.7,7.795453716,7.795453716,7.795453716,7.795453716,7.795453716,0,0,0,1,0,0,0,120,114.01,119.16,113.9,112.6,74,72,56148299,54821181,112,100,90.3,71.3,3118544,550377.7,1,132.12,542.61,4.22,85.48,142.4,126.9686667,127.919,539.35,528.869,4.22,4.22,83.784,84.576,142.63,143.095,3,0,0,0,0,0,0,0,0,1,0,0,0,0.004514673
2024-05-31,3,TRUE,FALSE,83.44,81.62,76.99,83.44,1.78,142.4,133.61,133.61,1,1384.5,190.76,3.5,3.452,4.22,0.768,2636.52,16.9,1753.73,2770.64,540.39,642.13,4273.25,20.4,20.4,7.495453716,7.495453716,7.495453716,7.495453716,7.495453716,1,1,1,1,0,0,0,120,114.01,119.16,114.5,112.6,74,72,56148299,54821181,111.4,97.1,92.9,73.9,3187164,550377.7,1,137.41,531.34,4.22,84.27,142.4,128.7226667,128.5401667,538.892,529.0645,4.22,4.22,83.988,84.3445,142.56,143.345,3,0,0,0,0,0,0,0,0,1,0,0,0,-0.001123596
2024-06-03,3,TRUE,FALSE,81.91,78.36,74.22,81.91,2.55,140.2,123.42,109.2666667,3,1376.1,189.56,3.5,3.434,4.22,0.786,2682.52,16.69,1743.32,2790.51,593.77,650.69,4292.24,22.2,21.1,9.295453716,8.195453716,9.295453716,8.195453716,9.295453716,0,0,0,3,0,0,0,120,114.01,119.16,114.5,112.6,74,72,58020557,53132937,111.4,97.1,92.9,73.9,3187164,550377.7,1,133.61,540.39,4.22,83.44,142.4,129.5086667,128.5071667,541.042,529.804,4.22,4.22,84.184,84.087,142.48,143.3525,3,0,0,0,0,0,0,0,0,1,0,0,0,-0.004499438
2024-06-04,3,TRUE,FALSE,77.9,77.52,73.25,77.9,2.58,137.95,130.72,130.72,1,1376,189.68,3.5,3.39,4.22,0.83,2662.1,16.64,1739.83,2790.54,588.24,643.3,4265.13,22.8,22.8,9.895453716,9.895453716,9.895453716,9.895453716,9.895453716,0,0,0,1,0,0,200000,120,114.1,119.16,114.5,112.6,74,72,58020557,53132937,111.4,97.1,92.9,73.9,3187164,550377.7,1,109.2666667,593.77,4.22,81.91,140.2,129.0973333,127.43775,551.286,533.221,4.22,4.22,83.904,83.9565,141.96,142.975,3,0,0,0,0,0,0,0,0,1,0,0,0,-0.023728814
2024-06-05,3,TRUE,FALSE,78.24,78.41,74.07,78.22,2.27,136,131.39,131.39,1,1373,189.3,3.5,3.345,4.22,0.875,2689.5,16.56,1752.79,2824.15,605.68,642.39,4323.76,23.6,23.6,10.69545372,10.69545372,10.69545372,10.69545372,10.69545372,0,0,0,1,0,0,200000,120,114.1,119.16,114.5,112.6,74,72,58020557,53132937,111.4,97.1,92.9,73.9,3187164,550377.7,1,130.72,588.24,4.22,77.9,137.95,128.6253333,127.07125,559.27,536.3445,4.22,4.22,82.6,83.6455,141.07,142.615,3,0,0,0,0,0,0,0,0,1,0,0,0,-0.00462963
2024-06-07,3,TRUE,FALSE,80.12,79.62,75.53,80.12,2.46,131.45,126.41,129.77,2,1365.3,188.26,3.5,3.308,4.22,0.912,2722.67,16.64,1760.55,2863.21,573.02,642.49,4434.57,23.1,23.6,10.19545372,10.69545372,10.19545372,10.69545372,11.19545372,0.8,0.4,0.8,2,0,1,200000,120,114.1,119.16,114.5,112.6,74,72,58020557,53132937,111.4,97.1,92.9,73.9,3187164,550377.7,1,131.39,605.68,4.22,78.22,136,128.4793333,127.122,571.884,540.0555,4.22,4.22,81.148,83.3505,139.79,142.095,3,0,0,0,0,0,0,0,0,1,0,0,0,0.004651163
2024-06-10,3,TRUE,FALSE,80.18,81.63,77.74,80.18,2.61,131.85,125.96,121.5966667,3,1376,189.34,3.5,3.353,4.22,0.867,2701.17,17.17,1745.97,2838,602.1,640.53,4427.29,24.7,22.63333333,11.79545372,9.728787049,11.79545372,9.728787049,11.79545372,0,5.633333333,16.9,3,1,1,200000,120,114.1,119.16,114.5,112.6,74,72,58020557,53132937,111.4,97.1,92.9,73.9,3187164,550377.7,1,129.77,573.02,4.22,80.12,131.45,126.9513333,126.9045,580.22,542.204,4.22,4.22,80.318,83.2075,137.6,141.405,3,0,0,0,0,0,0,0,0,1,0,0,0,0.001157407
2024-06-11,3,TRUE,FALSE,81.87,81.92,77.9,81.87,2.71,131.25,128.48,128.48,1,1378.4,189.69,3.5,3.341,4.22,0.879,2705.32,17.16,1767.57,2895.33,618.55,636.4,4422.87,25.4,25.4,12.49545372,12.49545372,12.49545372,12.49545372,12.49545372,0,0,0,1,1,1,200000,120,114.1,119.16,114.5,112.6,74,72,58020557,53132937,111.4,97.1,92.9,73.9,3187164,550377.7,1,121.5966667,602.1,4.22,80.18,131.85,124.5486667,126.3643333,592.562,545.665,4.22,4.22,79.666,82.983,135.49,140.75,3,0,0,0,0,0,0,0,0,1,0,0,0,0.003468208
2024-06-12,3,TRUE,FALSE,82.66,82.6,78.5,82.66,2.8,132.95,134.29,134.29,1,1376.2,189.27,3.5,3.307,4.22,0.913,2728.17,17.4,1752.87,2896.79,627.66,640.36,4522.47,24.8,24.8,11.89545372,11.89545372,11.89545372,11.89545372,11.89545372,0,0,0,1,1,1,200000,120,114.1,119.16,114.5,112.6,74,72,58020557,53132937,111.4,97.1,92.9,73.9,3187164,550377.7,1,128.48,618.55,4.22,81.87,131.25,128.3913333,126.4268333,597.518,550.2425,4.22,4.22,79.658,82.833,133.7,140.0925,3,0,0,0,0,0,0,0,0,1,0,0,0,-0.001152074
2024-06-13,3,TRUE,FALSE,82.09,82.75,78.62,82.09,2.79,134.7,130.53,130.53,1,1373.9,189.12,3.5,3.277,4.22,0.943,2754.89,16.52,1742.88,2874.74,653.08,640.48,4611.74,26.4,26.4,13.49545372,13.49545372,13.49545372,13.49545372,13.49545372,0,0,0,1,1,1,0,128.8,114.1,119.16,114.5,112.6,74,72,58020557,53132937,111.4,97.1,92.9,73.9,3187164,550377.7,1,134.29,627.66,4.22,82.66,132.95,129.1053333,127.4338333,605.402,556.0905,4.22,4.22,80.61,82.7725,132.7,139.635,3,0,0,0,0,0,0,0,0,1,0,0,0,0.00461361
2024-06-14,3,TRUE,FALSE,82.34,82.62,78.45,82.34,2.74,133.15,133.02,133.02,1,1379.3,189.63,3.5,3.252,4.22,0.968,2758.42,16.03,1728.09,2867.12,655.6,638.02,4571.51,26.3,26.3,13.39545372,13.39545372,13.39545372,13.39545372,13.39545372,0,0,0,1,1,1,0,128.8,114.1,119.16,114.5,112.6,74,72,58020557,53132937,111.4,97.1,92.9,73.9,3187164,550377.7,1,130.53,653.08,4.22,82.09,134.7,128.9333333,127.4568333,614.882,562.8035,4.22,4.22,81.384,82.6805,132.44,139.2375,3,0,0,0,0,0,0,0,0,1,0,0,0,0.005740528
2024-06-17,3,TRUE,FALSE,82.34,84.25,80.33,82.34,2.5,133.9,130.52,121.4266667,3,1381.2,189.76,3.5,3.212,4.22,1.008,2744.1,16.71,1719.6,2816.88,652.71,632.08,4578.24,24.8,24.43333333,11.89545372,11.52878705,11.89545372,11.52878705,11.89545372,0,2.033333333,6.1,3,0,1,0,128.8,114.1,119.16,114.5,112.6,74,72,58020557,53132937,111.4,97.1,92.9,73.9,3187164,550377.7,1,133.02,655.6,4.22,82.34,133.15,129.5833333,128.3178333,631.398,569.2275,4.22,4.22,81.828,82.6105,132.78,138.72,3,0,0,0,0,0,0,0,0,1,0,0,0,0.006849315
2024-06-18,3,TRUE,FALSE,83.35,85.33,81.57,83.35,2.43,133.9,135.69,135.69,1,1381.1,189.91,3.5,3.214,4.22,1.006,2763.92,16.34,1711.08,2765.13,674.27,626.15,4677.52,26,26,13.09545372,13.09545372,13.09545372,13.09545372,13.09545372,0,0,0,1,0,0,0,128.8,114.1,119.16,114.5,112.6,74,72,58020557,53132937,111.4,97.1,92.9,73.9,3187164,550377.7,1,121.4266667,652.71,4.22,82.34,133.9,129.5493333,127.9321667,641.52,575.597,4.22,4.22,82.26,82.497,133.19,138.34,3,0,0,0,0,0,0,0,0,1,0,0,0,0.003401361
2024-06-19,3,TRUE,FALSE,84.32,85.07,81.57,84.32,2.43,134.1,128.96,128.96,1,1381.8,189.91,3.5,3.162,4.22,1.058,2797.33,16.33,1730.65,2807.26,672.47,633.39,4684.55,28.8,28.8,15.89545372,15.89545372,15.89545372,15.89545372,15.89545372,0,0,0,1,0,0,0,128.8,114.1,119.16,114.5,112.6,74,72,58020557,53132937,111.4,97.1,92.9,73.9,3187164,550377.7,1,135.69,674.27,4.22,83.35,133.9,130.9913333,128.6521667,652.664,583.105,4.22,4.22,82.556,82.4045,133.72,137.985,3,0,0,0,0,0,0,0,0,1,0,0,0,0.006779661
2024-06-20,3,TRUE,FALSE,84.54,85.71,82.17,84.54,2.39,133.9,129.18,129.18,1,1384.7,190.12,3.5,3.196,4.22,1.024,2807.63,16.56,1738.74,2846.3,704.76,639.83,4724.11,29.4,29.4,16.49545372,16.49545372,16.49545372,16.49545372,16.49545372,0,0,0,1,0,0,0,128.8,114.1,119.16,114.5,112.6,74,72,58020557,53132937,111.4,97.1,92.9,73.9,3187164,550377.7,1,128.96,672.47,4.22,84.32,134.1,129.9253333,128.5886667,661.626,590.6485,4.22,4.22,82.888,82.4085,133.95,137.5875,3,0,0,0,0,0,0,0,0,1,0,0,0,-0.001122334
2024-06-21,3,TRUE,FALSE,84.82,85.24,80.73,84.82,2.44,132.05,133.63,133.63,1,1388.3,190.55,3.5,3.176,4.22,1.044,2784.26,16.52,1741.51,2791.17,693.42,637.55,4647.86,28.1,28.1,15.19545372,15.19545372,15.19545372,15.19545372,15.19545372,0,0,0,1,0,0,0,128.8,114.1,119.25,114.5,112.6,74,72,58020557,53132937,111.4,97.1,92.9,73.9,3187164,550377.7,1,129.18,704.76,4.22,84.54,133.9,129.6553333,128.5091667,671.962,599.5195,4.22,4.22,83.378,82.4235,133.79,137.1625,3,0,0,0,0,0,0,0,0,1,0,0,0,0.004494382
2024-06-24,3,TRUE,FALSE,84.56,86.01,81.63,84.56,2.58,132.95,127.68,123.94,3,1389,190.61,3.5,3.194,4.22,1.026,2764.73,17.02,1718.38,2734.28,696.7,633.66,4549.71,24.3,24.53333333,11.39545372,11.62878705,11.39545372,11.62878705,12.19545372,0,7.2,21.6,3,0,0,0,128.8,114.1,119.25,114.5,112.6,74,72,58020557,53132937,111.4,97.1,92.9,73.9,3187164,550377.7,1,133.63,693.42,4.22,84.82,132.05,129.7773333,128.7586667,679.526,607.509,4.22,4.22,83.874,82.502,133.57,136.6275,3,0,0,0,0,0,0,0,0,1,0,0,0,-0.002237136
2024-06-25,3,TRUE,FALSE,85.28,85.01,80.83,85.28,2.61,134.1,136.07,136.07,1,1387.5,190.45,3.5,3.201,4.22,1.019,2774.39,16.98,1727.65,2717.77,675.17,639.38,4542.61,22.9,22.9,9.995453716,9.995453716,9.995453716,9.995453716,9.995453716,0,0,0,1,0,0,0,128.8,114.1,119.25,114.5,112.6,74,72,58020557,53132937,111.4,97.1,92.9,73.9,3187164,550377.7,1,123.94,696.7,4.22,84.56,132.95,130.28,128.4716667,688.324,615.862,4.22,4.22,84.318,82.607,133.38,136.135,3,0,0,0,0,0,0,0,0,1,0,0,0,0.001121076
2024-06-26,3,TRUE,FALSE,84.49,85.25,80.9,84.49,2.45,132,123.62,123.62,1,1388.7,190.38,3.5,3.215,4.22,1.005,2792.05,16.74,1733.26,2702.46,661.97,634.4,4656.8,24.9,24.9,11.99545372,11.99545372,11.99545372,11.99545372,11.99545372,0,0,0,1,0,0,0,128.8,114.1,119.25,114.5,112.6,74,72,58020557,53132937,111.4,97.1,92.9,73.9,3187164,550377.7,1,136.07,675.17,4.22,85.28,134.1,130.356,129.709,688.504,622.493,4.22,4.22,84.704,82.7055,133.42,135.7,3,0,0,0,0,0,0,0,0,1,0,0,0,0.002239642
2024-06-27,3,TRUE,FALSE,84.93,86.39,81.74,84.93,2.55,132.75,125.41,125.41,1,1385.8,189.97,3.5,3.22,4.2,0.98,2784.06,16.57,1726.59,2690.71,644.59,630.17,4624,26.3,26.3,13.39545372,13.39545372,13.39545372,13.39545372,13.39545372,0,0,0,1,0,0,0,128.8,114.1,119.25,114.5,112.6,78,71,58020557,53132937,111.4,97.1,92.9,73.9,3187164,550377.7,1,123.62,661.97,4.22,84.49,132,129.288,129.236,686.404,628.1755,4.22,4.22,84.738,82.709,133,135.18,3,0,0,0,0,0,0,0,0,1,0,0,0,0
2024-06-28,3,TRUE,FALSE,85.77,86.41,81.54,85.77,2.42,133.45,126.96,126.96,1,1376.7,188.7,3.5,3.182,4.17,0.988,2797.82,16.1,1728.41,2738.89,644.67,638.17,4649.66,26.6,26.6,13.69545372,13.69545372,13.69545372,13.69545372,13.69545372,0,0,0,1,0,0,0,128.8,114.1,119.25,114.8,112.4,78,71,58020557,53132937,113.7,93.2,93.4,73.4,2709197,550377.7,1,125.41,644.59,4.2,84.93,132.75,128.534,128.9005,674.37,633.2745,4.216,4.219,84.816,82.6815,132.77,134.6975,3,0,0,0,0,0,0,0,0,1,0,0,0,0
2024-07-01,4,TRUE,FALSE,85.65,86.6,83.38,85.65,2.21,132.1,131.95,126.23,3,1379.3,189.09,3.5,3.21,4.17,0.96,2804.31,16.05,1741.75,2755.96,637.01,642.93,4637.97,26.3,25.5,13.39545372,12.59545372,13.39545372,12.59545372,13.79545372,0,23.5,70.5,3,0,0,0,128.8,114.1,119.25,114.8,112.4,78,71,57341634,49090193,113.7,93.2,93.4,73.4,2709197,550377.7,1,126.96,644.67,4.17,85.77,133.45,127.2,128.378,664.62,638.941,4.206,4.2165,85.006,82.7565,133.05,134.25,3,0,0,0,0,0,0,0,0,1,0,0,0,0
2024-07-02,4,TRUE,FALSE,87.08,86.24,82.81,87.08,2.06,132.25,133.31,133.31,1,1388.2,190.06,3.5,3.169,4.16,0.991,2780.86,15.88,1714.81,2706.43,602.05,629.26,4565.56,23.2,23.2,10.29545372,10.29545372,10.29545372,10.29545372,10.29545372,65.1,65.1,65.1,1,0,0,0,128.8,113.84,119.25,114.8,112.4,78,71,57341634,49090193,113.7,93.2,93.4,73.4,2709197,550377.7,1,126.23,637.01,4.17,85.65,132.1,127.658,128.009,652.682,643.772,4.196,4.214,85.224,82.867,132.88,133.735,3,0,0,0,0,0,0,0,0,1,0,0,0,0.002234637
2024-07-03,4,TRUE,FALSE,86.6,87.34,83.88,86.6,2.02,135,129.1,129.1,1,1390.6,190.31,3.5,3.16,4.16,1,2794.01,15.55,1718.93,2742.55,595.01,628.62,4555.03,24.7,24.7,11.79545372,11.79545372,11.79545372,11.79545372,11.79545372,0.8,0.8,0.8,1,0,0,1000000,128.8,113.84,119.25,114.8,112.4,78,71,57341634,49090193,113.7,93.2,93.4,73.4,2709197,550377.7,1,133.31,602.05,4.16,87.08,132.25,127.106,129.2111667,638.058,644.186,4.184,4.211,85.584,83.1255,132.51,133.3375,3,0,0,0,0,0,0,0,0,1,0,0,0,0.002229654
2024-07-04,4,TRUE,FALSE,86.79,87.43,83.88,86.79,2.02,136.5,128.74,128.74,1,1380.4,189.07,3.5,3.128,4.15,1.022,2824.94,16.36,1751.72,2773.86,595.49,628.98,4601.01,26.8,26.8,13.89545372,13.89545372,13.89545372,13.89545372,13.89545372,3.6,3.6,3.6,1,0,0,1000000,128.8,113.84,119.25,114.8,112.4,78,71,57341634,49090193,113.7,93.2,93.4,73.4,2709197,550377.7,1,129.1,595.01,4.16,86.6,135,128.202,129.1301667,624.666,644.5245,4.172,4.208,86.006,83.5605,133.11,133.19,3,0,0,0,0,0,0,0,0,1,0,0,0,-0.001112347
2024-07-05,4,TRUE,FALSE,87.64,86.54,83.16,87.64,2.02,135.75,131.28,131.28,1,1380.3,189.46,3.5,3.115,4.14,1.025,2862.23,16.72,1738.01,2756.34,605.14,628.75,4653.03,23.4,23.4,10.49545372,10.49545372,10.49545372,10.49545372,10.49545372,4.1,4.1,4.1,1,0,1,1000000,128.8,113.84,119.25,114.8,112.4,78,71,57341634,49090193,113.7,93.2,93.4,73.4,2709197,550377.7,1,128.74,595.49,4.15,86.79,136.5,128.868,128.9976667,614.846,644.015,4.162,4.2045,86.378,83.989,133.86,133.215,3,0,0,0,0,0,0,0,0,1,0,0,0,0
2024-07-08,4,TRUE,FALSE,86.2,85.75,82.33,86.2,2.1,135.05,135.96,130.9166667,3,1383.3,189.84,3.5,3.119,4.13,1.011,2857.76,16.81,1741.38,2780.45,614.55,633.46,4653.02,23.8,24.43333333,10.89545372,11.52878705,10.89545372,11.52878705,12.19545372,21.1,17.53333333,52.6,3,1,1,1000000,128.8,113.84,119.25,114.8,112.4,78,71,57341634,49090193,113.7,93.2,93.4,73.4,2709197,550377.7,1,131.28,605.14,4.14,87.64,135.75,129.732,129.0731667,606.94,645.621,4.156,4.2005,86.752,84.365,134.32,133.43,3,0,0,0,0,0,0,0,0,1,0,0,0,0
2024-07-09,4,TRUE,FALSE,85.64,84.66,81.41,85.64,2.42,135.25,134.6,134.6,1,1381.6,189.76,3.5,3.114,4.12,1.006,2867.38,16.28,1740.81,2773.09,627.51,640.2,4713.78,24.5,24.5,11.59545372,11.59545372,11.59545372,11.59545372,11.59545372,0.3,0.3,0.3,1,1,1,1000000,128.8,113.84,119.25,114.8,112.4,78,71,57341634,49090193,113.7,93.2,93.4,73.4,2709197,550377.7,1,130.9166667,614.55,4.13,86.2,135.05,130.6693333,129.5391667,602.448,646.2435,4.148,4.196,86.862,84.666,134.91,133.59,3,0,0,0,0,0,0,0,0,1,0,0,0,-0.001113586
2024-07-10,4,TRUE,FALSE,84.59,85.08,82.1,84.6,2.4,133.75,133.78,133.78,1,1384.7,189.88,3.5,3.12,4.11,0.99,2867.99,16.08,1727.78,2736.82,631.36,632.86,4684.41,26.6,26.6,13.69545372,13.69545372,13.69545372,13.69545372,13.69545372,1.4,1.4,1.4,1,1,1,1000000,128.8,113.84,119.25,114.8,112.4,78,71,57341634,49090193,113.7,93.2,93.4,73.4,2709197,550377.7,1,134.6,627.51,4.12,85.64,135.25,130.9273333,129.8451667,607.54,646.6915,4.14,4.191,86.574,84.8545,135.51,133.79,3,0,0,0,0,0,0,0,0,1,0,0,0,0.001114827
2024-07-11,4,TRUE,FALSE,85.45,85.4,82.62,85.45,2.23,133.75,130.18,130.18,1,1378.8,189.21,3.5,3.163,4.1,0.937,2891.35,16.12,1764.28,2750.24,635.91,633.6,4708.04,25.7,25.7,12.79545372,12.79545372,12.79545372,12.79545372,12.79545372,0,0,0,1,1,1,0,120,113.84,119.25,114.8,112.4,78,71,57341634,49090193,113.7,93.2,93.4,73.4,2709197,550377.7,1,133.78,631.36,4.11,84.6,133.75,131.8633333,129.8196667,614.81,646.8765,4.13,4.1855,86.174,84.9515,135.26,133.83,3,0,0,0,0,0,0,0,0,1,0,0,0,0.001113586
2024-07-12,4,TRUE,FALSE,85.65,85.03,82.21,85.65,2.17,133.85,131.24,131.24,1,1379.6,189.58,3.5,3.101,4.09,0.989,2857,16.44,1761.49,2760.46,612.58,643.6,4594.61,25.6,25.6,12.69545372,12.69545372,12.69545372,12.69545372,12.69545372,0,0,0,1,1,1,0,120,113.84,119.25,114.8,112.4,78,71,57341634,49090193,113.7,93.2,93.4,73.4,2709197,550377.7,1,130.18,635.91,4.1,85.45,133.75,132.1513333,129.8021667,622.894,646.018,4.12,4.1795,85.906,85.1195,134.71,133.7825,3,0,0,0,0,0,0,0,0,1,0,0,0,0
2024-07-15,4,TRUE,FALSE,84.69,84.85,81.91,84.69,2.12,134.95,130.78,127.6766667,3,1382.8,190.08,3.5,3.076,4.08,1.004,2860.92,16.47,1752.04,2743.99,619.68,667.22,4599.79,28.4,28.3,15.49545372,15.39545372,15.49545372,15.39545372,15.49545372,0,0.133333333,0.4,3,0,1,0,120,113.84,119.25,114.8,112.4,78,71,57341634,49090193,113.7,93.2,93.4,73.4,2709197,550377.7,1,131.24,612.58,4.09,85.65,133.85,132.1433333,129.7131667,624.382,643.867,4.11,4.173,85.508,85.285,134.33,133.8175,3,0,0,0,0,0,0,0,0,1,0,0,0,0
2024-07-16,4,TRUE,FALSE,83.83,83.73,80.76,83.83,2.1,134.4,131.76,131.76,1,1384.9,190.26,3.5,3.035,4.07,1.035,2866.09,16.34,1724.36,2684.88,605.85,668.95,4662.4,27,27,14.09545372,14.09545372,14.09545372,14.09545372,14.09545372,17,17,17,1,0,0,0,120,113.84,119.25,114.8,112.4,78,71,57341634,49090193,113.7,93.2,93.4,73.4,2709197,550377.7,1,127.6766667,619.68,4.08,84.69,134.95,131.4953333,130.0256667,625.408,642.2155,4.1,4.166,85.206,85.4025,134.31,133.87,3,0,0,0,0,0,0,0,0,1,0,0,0,0
2024-07-17,4,TRUE,FALSE,83.68,85.08,82.85,83.68,1.98,134.75,131.45,131.45,1,1381.5,189.62,3.5,3.05,4.07,1.02,2843.29,16.53,1713.26,2675.83,603.27,689.4,4464.45,25.4,25.4,12.49545372,12.49545372,12.49545372,12.49545372,12.49545372,98.8,98.8,98.8,1,0,0,0,120,113.84,119.25,114.8,112.4,78,71,57341634,49090193,113.7,93.2,93.4,73.4,2709197,550377.7,1,131.76,605.85,4.07,83.83,134.4,130.9273333,129.8291667,621.076,638.7945,4.09,4.1585,84.844,85.4265,134.14,133.895,3,0,0,0,0,0,0,0,0,1,0,0,0,0.001112347
2024-07-18,4,TRUE,FALSE,84.78,85.11,82.82,84.78,2,135,133.49,133.49,1,1381.7,190.08,3.5,3.058,4.07,1.012,2824.35,16.79,1685.51,2668.26,628.44,687.99,4389.25,24.3,24.3,11.39545372,11.39545372,11.39545372,11.39545372,11.39545372,128.8,128.8,128.8,1,0,0,0,120,113.84,119.25,114.8,112.4,78,71,57341634,49090193,113.7,93.2,93.4,73.4,2709197,550377.7,1,131.45,603.27,4.07,83.68,134.75,130.4613333,129.9536667,615.458,635.3345,4.082,4.151,84.66,85.3945,134.34,133.9275,3,0,0,0,0,0,0,0,0,1,0,0,0,0
2024-07-19,4,TRUE,FALSE,84.49,82.63,80.13,84.47,1.88,135.1,138.25,138.25,1,1386.7,190.53,3.5,3.074,4.07,0.996,2795.46,17.27,1684.97,2673.85,618.92,671.07,4335.63,27,27,14.09545372,14.09545372,14.09545372,14.09545372,14.09545372,0.1,0.1,0.1,1,0,0,0,120,113.84,119.25,114.8,112.4,78,71,57341634,49090193,113.7,93.2,93.4,73.4,2709197,550377.7,1,133.49,628.44,4.07,84.78,135,131.1233333,130.1691667,613.964,631.5185,4.076,4.1435,84.526,85.4065,134.59,133.9825,3,0,0,0,0,0,0,0,0,1,0,0,0,0
2024-07-22,4,TRUE,FALSE,82.37,82.4,79.78,82.37,2.19,135,131.19,129.8533333,3,1388.2,190.35,3.5,3.071,4.06,0.989,2763.51,18.39,1649.35,2584.22,615.74,674.75,4202.83,26.6,26.76666667,13.69545372,13.86212038,13.69545372,13.86212038,14.29545372,79.9,34.43333333,103.3,3,0,0,0,120,113.84,119.25,114.8,112.4,78,71,57341634,49090193,113.7,93.2,93.4,73.4,2709197,550377.7,1,138.25,618.92,4.07,84.47,135.1,132.5253333,130.4001667,615.232,627.7935,4.072,4.136,84.29,85.389,134.84,134.135,3,0,0,0,0,0,0,0,0,1,0,0,0,0
2024-07-23,4,TRUE,FALSE,81.93,81.01,76.96,81.93,2.13,134.7,137.1,137.1,1,1386.2,190.1,3.5,3.084,4.05,0.966,2774.29,17.47,1629.84,2549.68,611.83,664.51,4198.98,26.4,26.4,13.49545372,13.49545372,13.49545372,13.49545372,13.49545372,2,2,2,1,0,0,0,120,113.84,119.23,114.8,112.4,78,71,57341634,49090193,113.7,93.2,93.4,73.4,2709197,550377.7,1,129.8533333,615.74,4.06,82.37,135,132.9606667,130.6958333,614.444,623.7455,4.068,4.128,83.826,85.2795,134.85,134.2375,3,0,0,0,0,0,0,0,0,1,0,0,0,0.001111111
2024-07-24,4,TRUE,FALSE,80.66,81.71,77.59,80.66,2,134.75,135.76,135.76,1,1383.8,190.01,3.5,3.046,4.04,0.994,2758.71,17.42,1594.58,2527.41,609.06,661.82,4198.58,28.1,28.1,15.19545372,15.19545372,15.19545372,15.19545372,15.19545372,14.7,14.7,14.7,1,0,0,0,120,113.84,119.23,114.8,112.4,78,71,57341634,49090193,113.7,93.2,93.4,73.4,2709197,550377.7,1,137.1,611.83,4.05,81.93,134.7,134.0286667,130.7473333,615.64,620.5785,4.064,4.1195,83.446,85.112,134.91,134.2675,3,0,0,0,0,0,0,0,0,1,0,0,0,0.001109878
2024-07-25,4,TRUE,FALSE,80.69,82.37,78.28,80.69,2,134.75,134.78,134.78,1,1385.4,191.12,3.5,3.024,4.02,0.996,2710.65,18.77,1585.48,2526.04,590.72,660.59,3988.45,28.8,28.8,15.89545372,15.89545372,15.89545372,15.89545372,15.89545372,25.3,25.3,25.3,1,0,0,0,120,113.84,119.23,114.8,112.4,73,71,57341634,49090193,113.7,93.2,93.4,73.4,2709197,573463.8,1,135.76,609.06,4.04,80.66,134.75,134.8906667,131.3543333,616.798,617.933,4.058,4.1105,82.842,84.9205,134.91,134.405,3,0,0,0,0,0,0,0,0,1,0,0,0,0.031042129
2024-07-26,4,TRUE,FALSE,81.35,81.13,77.16,81.39,1.98,134.8,143.25,143.25,1,1385.8,190.91,3.5,3.024,4,0.976,2731.9,17.98,1595.07,2500.66,601.62,691.84,4009.05,28.7,28.7,15.79545372,15.79545372,15.79545372,15.79545372,15.79545372,5.5,5.5,5.5,1,0,0,0,120,113.84,119.23,114.8,112.4,73,71,57341634,49090193,113.7,93.2,93.4,73.4,2709197,573463.8,1,134.78,590.72,4.02,80.69,134.75,135.1486667,131.8228333,609.254,615.2395,4.048,4.1015,82.024,84.7085,134.86,134.505,3,0,0,0,0,0,0,0,0,1,0,0,0,-0.010752688
2024-07-29,4,TRUE,FALSE,79.81,79.78,75.81,79.79,1.9,140.1,131.92,132.7733333,3,1381.9,190.25,3.5,2.978,3.97,0.992,2765.53,17.51,1603.76,2511.28,624.94,701.93,4037.2,27.4,28.5,14.49545372,15.59545372,14.49545372,15.59545372,16.29545372,0,11.16666667,33.5,3,0,0,0,120,113.84,119.23,114.8,112.4,73,71,57341634,49090193,113.7,93.2,93.4,73.4,2709197,573463.8,1,143.25,601.62,4,81.39,134.8,136.1486667,132.6373333,605.794,613.087,4.034,4.093,81.408,84.4895,134.8,134.5725,3,0,0,0,0,0,0,0,0,1,0,0,0,-0.005434783
2024-07-30,4,TRUE,FALSE,78.96,78.63,74.73,78.96,1.81,139.25,131.9,131.9,1,1385.3,190.49,3.5,2.994,3.95,0.956,2738.19,17.78,1582.15,2493.96,612.68,697.96,3934.44,28.6,28.6,15.69545372,15.69545372,15.69545372,15.69545372,15.69545372,0,0,0,1,0,0,0,120,113.84,119.23,114.8,112.4,73,71,57341634,49090193,113.7,93.2,93.4,73.4,2709197,573463.8,1,132.7733333,624.94,3.97,79.79,140.1,136.7326667,132.9645,607.634,612.4835,4.016,4.083,80.892,84.1965,135.82,134.9725,3,0,0,0,0,0,0,0,0,1,0,0,0,0
2024-07-31,4,TRUE,FALSE,79.57,80.72,77.91,79.57,1.94,140.1,134.37,134.37,1,1376.5,190.17,3.5,3.004,3.92,0.916,2770.69,17.51,1578.39,2494.74,629.22,704.36,4063.2,29.4,29.4,16.49545372,16.49545372,16.49545372,16.49545372,16.49545372,0,0,0,1,0,0,0,120,113.84,119.23,115.2,112.6,73,71,57341634,49090193,112.9,93.7,89.2,72.7,2655699,573463.8,1,131.9,612.68,3.95,78.96,139.25,135.6926667,132.894,607.804,613.015,3.996,4.0725,80.298,83.7905,136.73,135.3225,3,0,0,0,0,0,0,0,0,1,0,0,0,-0.001092896
2024-08-01,4,TRUE,FALSE,80.53,79.52,76.31,80.53,1.95,142.55,138.22,138.22,1,1366.2,188.71,3.5,2.976,3.88,0.904,2777.68,17.12,1599.48,2550.92,627.35,702.89,4045.64,29.9,29.9,16.99545372,16.99545372,16.99545372,16.99545372,16.99545372,0.3,0.3,0.3,1,0,0,0,120,113.84,119.23,115.2,112.6,73,71,57458788,53838742,112.9,93.7,89.2,72.7,2655699,573463.8,1,134.37,629.22,3.92,79.57,140.1,135.4146667,133.1575,611.836,614.7255,3.972,4.0605,80.08,83.439,137.8,135.5775,3,0,0,0,0,0,0,0,0,1,0,0,0,0.001094092
2024-08-02,4,TRUE,FALSE,79.2,76.81,73.52,79.2,1.89,144.1,144.66,144.66,1,1371.2,190.1,3.5,2.939,3.85,0.911,2676.19,21.77,1554.06,2474.12,603.96,676.82,3732.59,29.6,29.6,16.69545372,16.69545372,16.69545372,16.69545372,16.69545372,0,0,0,1,0,0,0,120,114.13,119.23,115.2,112.6,73,71,57458788,53838742,112.9,93.7,89.2,72.7,2655699,573463.8,1,138.22,627.35,3.88,80.53,142.55,136.1026667,133.6315,619.162,616.3185,3.944,4.047,80.048,83.126,139.36,135.88,3,0,0,0,0,0,0,0,0,1,0,0,0,0
2024-08-05,4,TRUE,FALSE,74.5,76.3,72.94,74.5,1.83,143.7,146.46,141.6866667,3,1374.8,192.5,3.5,2.806,3.81,1.004,2441.55,45.86,1408.79,2197.84,555.4,607,3298.09,30,30.66666667,17.09545372,17.76212038,17.09545372,17.76212038,18.89545372,1.3,0.433333333,1.3,3,0,0,0,120,114.13,119.23,115.2,112.6,73,71,57458788,53838742,112.9,93.7,89.2,72.7,2655699,573463.8,1,144.66,603.96,3.85,79.2,144.1,136.3846667,134.3005,619.63,616.2595,3.914,4.0325,79.61,82.704,141.22,136.2975,3,0,0,0,0,0,0,0,0,1,0,0,0,0
2024-08-06,4,TRUE,FALSE,75.06,76.48,73.2,75.06,1.83,145.5,153.32,153.32,1,1375.6,192.44,3.5,2.935,3.78,0.845,2522.15,43.08,1462.7,2348.29,585.87,623.31,3457.83,29.5,29.5,16.59545372,16.59545372,16.59545372,16.59545372,16.59545372,0,0,0,1,0,0,0,120,114.13,119.23,115.2,112.6,73,71,57458788,53838742,112.9,93.7,89.2,72.7,2655699,573463.8,1,141.6866667,555.4,3.81,74.5,143.7,138.1673333,134.839,605.722,613.302,3.882,4.0165,78.552,82.119,141.94,136.73,3,0,0,0,0,0,0,0,0,1,0,0,0,0
2024-08-07,4,TRUE,FALSE,75.48,78.33,75.23,75.48,1.96,145,147.66,147.66,1,1376.8,191.64,3.5,2.929,3.75,0.821,2568.41,30.17,1493.03,2325.6,601.63,625.14,3532.73,29.6,29.6,16.69545372,16.69545372,16.69545372,16.69545372,16.69545372,3.4,3.4,3.4,1,0,0,1000000,120,114.13,119.23,115.2,112.6,73,71,57458788,53838742,112.9,93.7,89.2,72.7,2655699,573463.8,1,153.32,585.87,3.78,75.06,145.5,142.4513333,135.775,600.36,611.22,3.848,3.9995,77.772,81.59,143.19,137.2425,3,0,0,0,0,0,0,0,0,1,0,0,0,0
2024-08-08,4,TRUE,FALSE,77.12,79.16,76.19,77.12,1.85,145.5,148.91,148.91,1,1377.2,192.26,3.5,2.911,3.73,0.819,2556.73,29.02,1484.21,2270.47,592.2,649.71,3471.26,28.5,28.5,15.59545372,15.59545372,15.59545372,15.59545372,15.59545372,0,0,0,1,0,0,1000000,120,114.13,119.23,115.2,112.6,73,71,57458788,53838742,112.9,93.7,89.2,72.7,2655699,573463.8,1,147.66,601.63,3.75,75.48,145,145.1093333,136.469,594.842,609.7335,3.814,3.9815,76.954,81.134,144.17,137.805,3,0,0,0,0,0,0,0,0,1,0,0,0,-0.006557377
2024-08-09,4,TRUE,FALSE,77.12,79.66,76.84,77.12,1.94,146,149.06,149.06,1,1364.6,190.4,3.5,2.941,3.7,0.759,2588.43,26.53,1505.05,2343.52,592.53,654.03,3582.17,29.3,29.3,16.39545372,16.39545372,16.39545372,16.39545372,16.39545372,0,0,0,1,0,1,1000000,120,114.13,119.23,115.2,112.6,73,71,57458788,53838742,112.9,93.7,89.2,72.7,2655699,573463.8,1,148.91,592.2,3.73,77.12,145.5,147.2473333,137.4055,587.812,607.548,3.784,3.963,76.272,80.7175,144.76,138.3925,3,0,0,0,0,0,0,0,0,1,0,0,0,0.00440044
2024-08-12,4,TRUE,FALSE,78.66,82.3,80.06,78.66,2.1,146.75,148.62,143.5766667,3,1372,191.1,3.5,2.946,3.69,0.744,2618.3,24.49,1519.33,2372.79,619.94,670.45,3670.98,31.1,30.63333333,18.19545372,17.72878705,18.19545372,17.72878705,18.19545372,0,0,0,3,1,1,1000000,120,114.13,119.23,115.2,112.6,73,71,57458788,53838742,112.9,93.7,89.2,72.7,2655699,573463.8,1,149.06,592.53,3.7,77.12,146,148.1273333,138.2965,585.526,606.5455,3.754,3.9435,75.856,80.291,145.14,139,3,0,0,0,0,0,0,0,0,1,0,0,0,0
2024-08-13,4,TRUE,FALSE,80,80.69,78.35,80,2.16,146.9,152.18,152.18,1,1370.4,190.96,3.5,2.918,3.67,0.752,2621.5,23.64,1508.05,2371.62,621.83,655.87,3700.77,31.3,31.3,18.39545372,18.39545372,18.39545372,18.39545372,18.39545372,0,0,0,1,1,1,1000000,120,114.13,119.23,115.2,112.6,73,71,57458788,53838742,112.9,93.7,89.2,72.7,2655699,573463.8,1,143.5766667,619.94,3.69,78.66,146.75,148.5053333,139.0915,598.434,606.5585,3.73,3.924,76.688,79.9895,145.75,139.59,3,0,0,0,0,0,0,0,0,1,0,0,0,-0.00109529
2024-08-14,4,TRUE,FALSE,79.23,79.76,76.98,79.3,2.18,145.75,149.66,149.66,1,1360.6,190.3,3.5,2.888,3.65,0.762,2644.5,22.1,1532.43,2419.7,625.04,657.32,3805.24,30,30,17.09545372,17.09545372,17.09545372,17.09545372,17.09545372,3,3,3,1,1,1,1000000,120,114.13,119.23,115.2,112.6,73,71,57458788,53838742,112.9,93.7,89.2,72.7,2655699,573463.8,1,152.18,621.83,3.67,80,146.9,148.2773333,140.1125,605.626,607.3575,3.708,3.904,77.676,79.798,146.03,140.215,3,0,0,0,0,0,0,0,0,1,0,0,0,-0.002192982
2024-08-16,4,TRUE,FALSE,79.06,79.68,76.65,79.06,2.01,146.75,147.72,147.185,2,1357.6,189.24,3.5,2.928,3.64,0.712,2697.23,19.9,1538.21,2418.83,636.93,657.64,3975.58,29.8,29.5,16.89545372,16.59545372,16.89545372,16.59545372,16.89545372,0,3.2,6.4,2,1,1,0,61,114.13,119.23,115.2,112.6,73,71,57458788,53838742,112.9,93.7,89.2,72.7,2655699,573463.8,1,149.66,625.04,3.65,79.3,145.75,148.6773333,141.023,610.308,608.446,3.688,3.883,78.44,79.579,146.18,140.765,3,0,0,0,0,0,0,0,0,1,0,0,0,0.010989011
2024-08-19,4,TRUE,FALSE,77.8,77.66,74.37,77.8,2.12,146.5,150.47,145.7433333,3,1334,186.94,3.5,2.927,3.63,0.703,2674.36,23.22,1531.43,2377.39,615,659.87,3879.39,29.7,29.66666667,16.79545372,16.76212038,16.79545372,16.76212038,16.89545372,2.3,4.433333333,13.3,3,1,1,0,61,114.13,119.23,115.2,112.6,73,71,57458788,53838742,112.9,93.7,89.2,72.7,2655699,573463.8,1,147.185,636.93,3.64,79.06,146.75,148.3323333,141.70775,619.254,608.8705,3.67,3.8615,78.828,79.293,146.43,141.3525,3,0,0,0,0,0,0,0,0,1,0,0,0,-0.007608696
2024-08-20,4,TRUE,FALSE,75.67,77.2,74.04,75.7,2.18,146,159.76,159.76,1,1333.2,186.65,3.5,2.944,3.62,0.676,2696.63,21.03,1543.86,2417.99,619.05,675.59,3948.92,31.4,31.4,18.49545372,18.49545372,18.49545372,18.49545372,18.49545372,0,0,0,1,0,1,0,61,114.13,119.23,115.2,112.6,73,71,57458788,53838742,112.9,93.7,89.2,72.7,2655699,573463.8,1,145.7433333,615,3.63,77.8,146.5,147.669,142.0824167,623.748,608.6745,3.656,3.8395,78.964,78.9595,146.53,141.9225,3,0,0,0,0,0,0,0,0,1,0,0,0,-0.003285871
2024-08-21,4,TRUE,FALSE,76.16,76.05,71.93,76.2,2.14,145.9,156.62,156.62,1,1336.6,187.39,3.5,2.94,3.62,0.68,2701.13,21.18,1549.98,2428.95,630.3,687.84,3891,28.4,28.4,15.49545372,15.49545372,15.49545372,15.49545372,15.49545372,42.2,42.2,42.2,1,0,0,0,61,114.13,119.56,115.2,112.6,71,70,57458788,53838742,112.9,93.7,89.2,72.7,2655699,573463.8,1,159.76,619.05,3.62,75.7,146,150.9056667,143.57775,623.57,608.84,3.642,3.8175,78.372,78.626,146.38,142.4725,3,0,0,0,0,0,0,0,0,1,0,0,0,0.010989011
2024-08-22,4,TRUE,FALSE,75.14,77.22,73.01,75.18,1.93,146.75,149.24,149.24,1,1334.7,187.25,3.5,2.907,3.62,0.713,2707.67,21.16,1568.54,2453.64,626.46,672,3839.38,28.6,28.6,15.69545372,15.69545372,15.69545372,15.69545372,15.69545372,0.6,0.6,0.6,1,0,0,0,61,114.13,119.56,115.2,112.6,71,70,57458788,53838742,112.9,93.7,89.2,72.7,2655699,573463.8,1,156.62,630.3,3.62,76.2,145.9,151.7936667,144.55375,625.264,609.7635,3.632,3.796,77.612,78.3395,146.18,143.0325,3,0,0,0,0,0,0,0,0,1,0,0,0,0.009782609
2024-08-23,4,TRUE,FALSE,76.7,79.02,74.83,76.71,1.82,145.2,146.23,146.23,1,1338.8,187.59,3.5,2.92,3.62,0.7,2701.69,21.28,1557.96,2423.28,634.84,679.99,3778.64,28.4,28.4,15.49545372,15.49545372,15.49545372,15.49545372,15.49545372,0,0,0,1,0,0,0,61,114.13,119.56,115.2,112.6,71,70,57458788,53838742,112.9,93.7,89.2,72.7,2655699,573463.8,1,149.24,626.46,3.62,75.18,146.75,151.7096667,145.22775,625.548,610.6335,3.626,3.775,76.788,78.0655,146.38,143.6325,3,0,0,0,0,0,0,0,0,1,0,0,0,0.011840689
2024-08-26,4,TRUE,FALSE,78.54,81.43,77.42,78.71,2.13,145.7,145.96,140.02,3,1326.8,186.42,3.5,2.89,3.62,0.73,2698.01,20.96,1577.4,2429.52,641.85,683.02,3684,28.1,28.06666667,15.19545372,15.16212038,15.19545372,15.16212038,15.59545372,0,0.666666667,2,3,0,0,0,61,114.13,119.56,115.2,112.6,71,70,57458788,53838742,112.9,93.7,89.2,72.7,2655699,573463.8,1,146.23,634.84,3.62,76.71,145.2,151.5186667,145.80025,625.13,612.8395,3.622,3.755,76.318,77.8665,146.07,144.155,3,0,0,0,0,0,0,0,0,1,0,0,0,0.095744681
2024-08-27,4,TRUE,FALSE,79.2,79.55,75.53,79.35,1.91,146,147.92,147.92,1,1331,186.93,3.5,2.94,3.62,0.68,2689.25,19.76,1590.96,2438.43,654.34,685.48,3637.91,26.5,26.5,13.59545372,13.59545372,13.59545372,13.59545372,13.59545372,0.3,0.3,0.3,1,0,0,0,61,114.13,119.56,115.2,112.6,71,70,57458788,53838742,112.9,93.7,89.2,72.7,2655699,573463.8,1,140.02,641.85,3.62,78.71,145.7,150.374,145.63875,630.5,614.851,3.62,3.736,76.5,77.7325,145.91,144.7,3,0,0,0,0,0,0,0,0,1,0,0,0,0.097087379
2024-08-28,4,TRUE,FALSE,77.69,78.65,74.52,77.74,1.89,145,142.69,142.69,1,1339,187.62,3.5,2.919,3.62,0.701,2689.83,19.38,1565.53,2382.38,642.69,670.4,3729.88,28.2,28.2,15.29545372,15.29545372,15.29545372,15.29545372,15.29545372,0,0,0,1,0,0,0,61,114.13,119.56,115.2,112.6,71,70,57458788,53838742,112.9,93.7,89.2,72.7,2655699,573463.8,1,147.92,654.34,3.62,79.35,146,148.006,146.3960833,637.558,616.321,3.62,3.7185,77.23,77.7105,145.91,144.995,3,0,0,0,0,0,0,0,0,1,0,0,0,-0.075221239
2024-08-29,4,TRUE,FALSE,76.67,79.94,75.91,76.72,1.85,145,137.12,137.12,1,1333.2,187.58,3.5,2.939,3.62,0.681,2662.28,19.8,1582.62,2407.11,638.66,667.66,3565.58,28.4,28.4,15.49545372,15.49545372,15.49545372,15.49545372,15.49545372,0,0,0,1,0,0,0,61,114.13,119.56,115.2,112.6,71,70,57458788,53838742,112.9,93.7,89.2,72.7,2655699,573463.8,1,142.69,642.69,3.62,77.74,145,145.22,146.9355833,640.036,617.8215,3.62,3.702,77.538,77.6495,145.73,145.2825,3,0,0,0,0,0,0,0,0,1,0,0,0,-0.045933014
2024-08-30,4,TRUE,FALSE,78.42,78.8,73.55,78.42,1.93,146.2,138.9,138.9,1,1336,188.41,3.5,2.953,3.62,0.667,2674.31,18.81,1573.65,2422.42,648.84,667.94,3620.23,28,28,15.09545372,15.09545372,15.09545372,15.09545372,15.09545372,0,0,0,1,0,0,0,61,114.13,119.56,115.4,112.2,71,70,57458788,53838742,108.9,95.4,92,70.4,3887078,573463.8,1,137.12,638.66,3.62,76.72,145,142.796,147.0730833,642.476,618.2935,3.62,3.687,77.846,77.507,145.38,145.5275,3,0,0,0,0,0,0,0,0,1,0,0,0,-0.002006018
2024-09-02,1,TRUE,TRUE,76.48,77.52,73.55,76.48,1.93,143.9,145.05,139.57,3,1338.4,188.4,3.5,2.989,3.62,0.631,2681,19.34,1618.72,2469.09,641.94,666.35,3582.37,24.5,26.4,11.59545372,13.49545372,11.59545372,13.49545372,14.69545372,2.7,0.9,2.7,3,0,0,0,61,114.13,119.56,115.4,112.2,71,70,57642924,54054894,108.9,95.4,92,70.4,3887078,573463.8,1,138.9,648.84,3.62,78.42,146.2,141.33,147.1070833,645.276,619.368,3.62,3.674,78.188,77.4015,145.58,145.71,3,0,0,0,0,0,0,0,0,0,1,0,0,-0.025125628
2024-09-03,1,TRUE,FALSE,76.62,73.75,70.34,76.65,1.93,142,139.8,139.8,1,1341.4,188.39,3.5,2.981,3.62,0.639,2664.63,19.73,1631.05,2455.14,655.51,668.73,3495.1,27,27,14.09545372,14.09545372,14.09545372,14.09545372,14.09545372,0,0,0,1,0,0,0,61,114.54,119.56,115.4,112.2,71,70,57642924,54054894,108.9,95.4,92,70.4,3887078,573463.8,1,139.57,641.94,3.62,76.48,143.9,141.24,146.8525833,645.294,621.267,3.62,3.6625,77.742,77.2655,145.22,145.7,3,0,0,0,0,0,0,0,0,0,1,0,1,0.019587629
2024-09-04,1,TRUE,FALSE,73.4,72.7,69.2,73.4,2.05,139.5,138.95,138.95,1,1342.2,188.68,3.5,2.931,3.62,0.689,2580.8,26.04,1572.33,2372.14,651.76,648.04,3287.35,27.9,27.9,14.99545372,14.99545372,14.99545372,14.99545372,14.99545372,0,0,0,1,0,0,3500000,61,114.54,119.56,115.4,112.2,71,70,57642924,54054894,108.9,95.4,92,70.4,3887078,573463.8,1,139.8,655.51,3.62,76.65,142,139.616,146.75825,645.528,626.2725,3.62,3.653,77.202,77.373,144.42,145.615,3,0,0,0,0,0,0,0,0,0,1,0,0,-0.009100101
2024-09-05,1,TRUE,FALSE,73.41,72.69,69.15,73.43,2.02,141,138.86,138.86,1,1335.9,188.14,3.5,2.905,3.62,0.715,2575.5,25.5,1561.41,2347.31,636.55,633.38,3279.39,26.3,26.3,13.39545372,13.39545372,13.39545372,13.39545372,13.39545372,6.9,6.9,6.9,1,0,0,3500000,61,114.54,119.56,115.4,112.2,71,70,57642924,54054894,108.9,95.4,92,70.4,3887078,573463.8,1,138.95,651.76,3.62,73.4,139.5,138.868,146.03975,647.342,629.567,3.62,3.645,76.334,77.29,143.32,145.315,3,0,0,0,0,0,0,0,0,0,1,0,0,-0.020408163
2024-09-06,1,TRUE,FALSE,73.43,71.06,67.67,73.47,2.09,141.5,141.55,141.55,1,1327.6,187.53,3.5,2.881,3.62,0.739,2544.28,26.81,1522.4,2270.54,617.97,624.98,3213.85,24,24,11.09545372,11.09545372,11.09545372,11.09545372,11.09545372,0.7,0.7,0.7,1,0,1,3500000,61,114.54,119.56,115.4,112.2,71,70,57642924,54054894,108.9,95.4,92,70.4,3887078,573463.8,1,138.86,636.55,3.62,73.43,141,139.216,145.59975,646.92,631.313,3.62,3.6385,75.676,77.1875,142.52,145.115,3,0,0,0,0,0,0,0,0,0,1,0,0,0
2024-09-09,1,TRUE,FALSE,72.27,71.84,68.71,72.32,2.03,141.65,142.75,140.09,3,1339.8,188.4,3.5,2.897,3.62,0.723,2535.93,25.61,1505.04,2251.46,623.38,628.88,3220.01,28.5,27.4,15.59545372,14.49545372,15.59545372,14.49545372,15.59545372,0,0,0,3,1,1,3500000,61,114.54,119.56,115.4,112.2,71,70,57642924,54054894,108.9,95.4,92,70.4,3887078,573463.8,1,141.55,617.97,3.62,73.47,141.5,139.746,145.23175,640.746,632.6015,3.62,3.633,74.686,77.005,141.58,144.915,3,0,0,0,0,0,0,0,0,0,1,0,0,0
2024-09-10,1,TRUE,FALSE,71.87,69.19,65.75,71.87,2.13,138.75,149.94,149.94,1,1343.7,188.68,3.5,2.877,3.62,0.743,2523.43,23.84,1506.26,2238.88,616.58,624.02,3170.52,29.4,29.4,16.49545372,16.49545372,16.49545372,16.49545372,16.49545372,0,0,0,1,1,1,3500000,61,114.54,119.56,115.4,112.2,71,70,57642924,54054894,108.9,95.4,92,70.4,3887078,573463.8,1,140.09,623.38,3.62,72.32,141.65,139.85,144.78325,637.034,634.144,3.62,3.629,73.854,76.765,141.13,144.6975,3,0,0,0,0,0,0,0,0,0,1,0,0,0
2024-09-11,1,TRUE,FALSE,70.96,70.61,67.31,71.02,2.13,139,151.46,151.46,1,1339,188.11,3.5,2.82,3.62,0.8,2513.37,24.06,1531.58,2290.22,617.98,621.59,3163.25,29,29,16.09545372,16.09545372,16.09545372,16.09545372,16.09545372,0.4,0.4,0.4,1,1,1,3500000,61,114.54,119.56,115.4,112.2,71,70,57642924,54054894,108.9,95.4,92,70.4,3887078,573463.8,1,149.94,616.58,3.62,71.87,138.75,141.878,145.1014167,629.248,633.976,3.62,3.6255,72.898,76.4255,140.48,144.2975,3,0,0,0,0,0,0,0,0,0,1,0,0,-0.002083333
2024-09-12,1,TRUE,FALSE,71.88,71.97,68.97,71.9,2.13,138.15,153.33,153.33,1,1338.7,187.91,3.5,2.866,3.62,0.754,2572.09,21.73,1563.89,2328.69,635.12,637.52,3321.6,25.4,25.4,12.49545372,12.49545372,12.49545372,12.49545372,12.49545372,32.7,32.7,32.7,1,1,1,0,135.32,114.54,119.56,115.4,112.2,71,70,57642924,54054894,108.9,95.4,92,70.4,3887078,573463.8,1,151.46,617.98,3.62,71.02,139,144.38,145.0654167,622.492,633.7835,3.62,3.623,72.422,75.9765,140.38,143.9025,3,0,0,0,0,0,0,0,0,0,1,0,0,0.012526096
2024-09-13,1,TRUE,FALSE,72.8,71.61,68.65,72.84,2.25,137.9,145.53,145.53,1,1329.5,187.24,3.5,2.822,3.62,0.798,2575.41,21.68,1661.03,2327.31,641.47,648.31,3250.11,25.9,25.9,12.99545372,12.99545372,12.99545372,12.99545372,12.99545372,7.6,7.6,7.6,1,1,1,0,135.32,114.54,119.56,115.4,112.2,71,70,57642924,54054894,108.9,95.4,92,70.4,3887078,573463.8,1,153.33,635.12,3.62,71.9,138.15,147.274,145.2489167,622.206,634.2875,3.62,3.6215,72.116,75.6065,139.81,143.5225,3,0,0,0,0,0,0,0,0,0,1,0,0,0.029896907
2024-09-19,1,TRUE,FALSE,74.85,74.88,71.95,74.86,2.24,139.5,138.92,132.5916667,6,1329,188.04,3.5,2.843,3.62,0.777,2580.8,22.16,1688.44,2332.01,649.19,648.32,3167.45,29.1,28.23333333,16.19545372,15.32878705,16.19545372,15.32878705,16.49545372,0,1.7,10.2,6,0,1,0,135.32,114.54,119.56,115.4,112.2,71,70,57642924,54054894,108.9,95.4,92,70.4,3887078,573463.8,1,145.53,641.47,3.62,72.84,137.9,148.07,145.1661667,626.906,634.5145,3.62,3.6205,71.99,75.2955,139.09,143.08,3,0,0,0,0,0,0,0,0,0,1,0,0,0
2024-09-20,1,TRUE,FALSE,74.22,74.49,71.92,74.22,2.2,139.5,156.19,156.19,1,1329.1,188.75,3.5,2.838,3.62,0.782,2593.37,21,1721.47,2327.04,647.44,641.4,3195.3,25,25,12.09545372,12.09545372,12.09545372,12.09545372,12.09545372,54.5,54.5,54.5,1,0,0,0,135.32,114.54,119.56,115.4,112.2,71,70,57642924,54054894,108.9,95.4,92,70.4,3887078,573463.8,1,132.5916667,649.19,3.62,74.86,139.5,146.5703333,144.5085833,632.068,636.224,3.62,3.62,72.498,75.1485,138.66,142.73,3,0,0,0,0,0,0,0,0,0,1,0,0,0
2024-09-23,1,TRUE,FALSE,74.28,73.9,70.37,74.28,2.4,139.5,139.5,138.4666667,3,1335.9,189.3,3.5,2.864,3.62,0.756,2602.01,21.49,1706.46,2356.75,626.63,633.83,3255.47,20.8,20.36666667,7.895453716,7.462120382,7.895453716,7.462120382,8.095453716,0,9,27,3,0,0,0,135.32,114.54,119.56,115.4,112.2,71,70,57642924,54054894,108.9,95.4,92,70.4,3887078,573463.8,1,156.19,647.44,3.62,74.22,139.5,147.8203333,144.3300833,638.24,637.6435,3.62,3.62,72.968,75.0745,138.81,142.405,3,0,0,0,0,0,0,0,0,0,1,0,0,-0.003003003
2024-09-24,1,TRUE,FALSE,74.87,75.17,71.56,74.87,2.61,139.5,133.5,133.5,1,1334.9,189.62,3.5,2.854,3.62,0.766,2631.68,22.26,1736.82,2488.68,623.5,644.64,3319.96,21,21,8.095453716,8.095453716,8.095453716,8.095453716,8.095453716,0,0,0,1,0,0,0,135.32,114.54,119.38,115.4,112.2,71,70,57642924,54054894,108.9,95.4,92,70.4,3887078,573463.8,1,138.4666667,626.63,3.62,74.28,139.5,145.2216667,143.4224167,639.97,637.46,3.62,3.62,73.62,74.9785,138.91,142.085,3,0,0,0,0,0,0,0,0,0,1,0,0,-0.016064257
2024-09-25,1,TRUE,FALSE,74.97,73.46,69.69,74.97,2.62,139.75,132.81,132.81,1,1331,189.67,3.5,2.812,3.62,0.808,2596.32,23.91,1741.84,2489.08,610.3,632.88,3316.28,23.3,23.3,10.39545372,10.39545372,10.39545372,10.39545372,10.39545372,0,0,0,1,0,0,0,135.32,114.54,119.38,115.4,112.2,71,70,57642924,54054894,108.9,95.4,92,70.4,3887078,573463.8,1,133.5,623.5,3.62,74.87,139.5,141.2556667,142.6354167,637.646,637.312,3.62,3.62,74.214,74.963,139.18,141.7225,3,0,0,0,0,0,0,0,0,0,1,0,0,0.006122449
2024-09-26,1,TRUE,FALSE,72.31,71.6,67.67,72.31,2.64,139.6,135.7,135.7,1,1327.2,189.31,3.5,2.807,3.62,0.813,2671.57,25.63,1775.76,2550.03,622.42,643.01,3508.67,23.6,23.6,10.69545372,10.69545372,10.69545372,10.69545372,10.69545372,1.2,1.2,1.2,1,0,0,0,135.32,114.54,119.38,115.4,112.2,71,70,57642924,54054894,108.9,95.4,92,70.4,3887078,573463.8,1,132.81,610.3,3.62,74.97,139.75,138.7116667,141.9644167,631.412,636.085,3.62,3.62,74.64,74.876,139.55,141.45,3,0,0,0,0,0,0,0,0,0,1,0,0,0.014198783
2024-09-27,1,TRUE,FALSE,72.73,71.98,68.18,72.73,2.53,139.75,137.22,137.22,1,1318.6,188.27,3.5,2.826,3.62,0.794,2649.78,25.4,1796.75,2552.89,615.07,625.5,3487.27,22.7,22.7,9.795453716,9.795453716,9.795453716,9.795453716,9.795453716,0,0,0,1,0,0,0,135.32,114.54,119.38,115.4,112.2,69,70,57642924,54054894,108.9,95.4,92,70.4,3887078,573463.8,1,135.7,622.42,3.62,72.31,139.6,139.3333333,141.7484167,626.058,635.1135,3.62,3.62,74.13,74.556,139.57,141.145,3,0,0,0,0,0,0,0,0,0,1,0,0,-0.001
2024-09-30,1,TRUE,FALSE,73.34,71.77,68.17,73.32,2.65,145.1,131.12,124.0966667,3,1307.8,186.7,3.5,2.811,3.62,0.809,2593.27,25.44,1767.08,2503.01,609.99,620.01,3379.9,23,23.23333333,10.09545372,10.32878705,10.09545372,10.32878705,10.59545372,0,0,0,3,0,0,0,135.32,114.54,119.38,115.6,112.4,69,70,57642924,54054894,110.2,96.5,89.1,73.2,2831284,573463.8,1,137.22,615.07,3.62,72.73,139.75,135.5393333,141.2134167,619.584,633.15,3.62,3.62,73.832,74.225,139.62,140.8325,3,0,0,0,0,0,0,0,0,0,1,0,0,-0.004004004
2024-10-02,1,TRUE,FALSE,75.17,73.9,70.1,75.17,2.77,140.25,128.73,127.84,2,1319.3,187.84,3.5,2.78,3.62,0.84,2561.69,25.89,1772.63,2488.82,592.81,610.7,3348.04,14.9,16.6,1.995453716,3.695453716,1.995453716,3.695453716,5.395453716,0,1.25,2.5,2,0,0,0,135.32,114.65,119.38,115.6,112.4,69,70,58544693,52102925,110.2,96.5,89.1,73.2,2831284,573463.8,1,124.0966667,609.99,3.62,73.32,145.1,132.6653333,140.28375,616.256,631.515,3.62,3.62,73.64,74.004,140.74,140.8375,3,0,0,0,0,0,0,0,0,0,1,0,0,-0.00201005
2024-10-04,1,TRUE,FALSE,77.89,78.05,74.38,77.89,2.49,148.2,114.36,114.24,2,1333.7,189,3.5,2.824,3.62,0.796,2569.71,25.84,1800.06,2482.42,597.63,612.42,3380.28,17.6,17,4.695453716,4.095453716,4.695453716,4.095453716,4.695453716,0,0,0,2,0,0,0,135.32,114.65,119.38,115.6,112.4,69,70,58544693,52102925,110.2,96.5,89.1,73.2,2831284,573463.8,1,127.84,592.81,3.62,75.17,140.25,131.5333333,139.81975,610.118,629.2225,3.62,3.62,73.7,73.9265,140.89,140.6,3,0,0,0,0,0,0,0,0,0,1,0,0,0.017119839
2024-10-07,1,TRUE,FALSE,78.13,80.93,77.14,78.22,2.51,148.5,126.62,106.1733333,3,1346.7,190.25,3.5,2.96,3.62,0.66,2610.38,25.41,1871.08,2541.79,602.16,616.74,3482.19,16.9,16.6,3.995453716,3.695453716,3.995453716,3.695453716,4.595453716,0,0,0,3,0,0,0,135.32,114.65,119.38,115.6,112.4,69,70,58544693,52102925,110.2,96.5,89.1,73.2,2831284,573463.8,1,114.24,597.63,3.62,77.89,148.2,127.8193333,138.58675,607.584,626.662,3.62,3.62,74.284,73.9,142.58,140.7,3,0,0,0,0,0,0,0,0,0,1,0,0,-0.004950495
2024-10-08,1,TRUE,FALSE,78.98,77.18,73.57,78.98,2.51,147.8,125.44,125.44,1,1349.7,191.06,3.5,2.932,3.62,0.688,2594.36,25.62,1871.86,2520.81,597.94,620.07,3407.44,17.7,17.7,4.795453716,4.795453716,4.795453716,4.795453716,4.795453716,0,0,0,1,0,0,0,135.32,114.65,119.38,115.6,112.4,69,70,58544693,52102925,110.2,96.5,89.1,73.2,2831284,573463.8,1,106.1733333,602.16,3.62,78.22,148.5,121.914,136.9169167,603.532,624.673,3.62,3.62,75.466,73.987,144.36,140.93,3,0,0,0,0,0,0,0,0,0,1,0,0,0.004975124
2024-10-10,1,TRUE,FALSE,77.15,79.4,75.85,77.15,2.26,148,122.49,123.13,2,1350.2,190.75,3.5,2.962,3.62,0.658,2599.16,23.27,1867.83,2531.64,590.03,619.09,3419.38,18.8,18.8,5.895453716,5.895453716,5.895453716,5.895453716,5.895453716,0,0,0,2,0,0,0,135.32,114.65,119.38,115.6,112.4,69,70,58544693,52102925,110.2,96.5,89.1,73.2,2831284,573463.8,1,125.44,597.94,3.62,78.98,147.8,119.558,136.1989167,600.106,621.7945,3.62,3.62,76.716,74.1035,145.97,141.22,3,0,0,0,0,0,0,0,0,0,1,0,0,0.004950495
2024-10-11,1,TRUE,FALSE,78.6,79.04,75.56,78.6,2.31,146.7,127.74,127.74,1,1349.5,190.49,3.25,2.947,3.53,0.583,2596.91,21.99,1848.54,2490.77,586.08,619.07,3438.92,18.6,18.6,5.695453716,5.695453716,5.695453716,5.695453716,5.695453716,0,0,0,1,0,0,0,135.32,114.65,119.38,115.6,112.4,69,70,58544693,52102925,110.2,96.5,89.1,73.2,2831284,573463.8,1,123.13,590.03,3.62,77.15,148,119.3646667,135.4079167,596.114,618.708,3.62,3.62,77.482,74.291,146.55,141.645,3,0,0,0,0,0,0,0,0,0,1,0,0,0.004926108
2024-10-14,1,TRUE,FALSE,77.63,77.46,73.83,77.65,2.31,148.2,126.37,109.8466667,3,1355.9,191.33,3.25,2.938,3.53,0.592,2623.29,21.81,1840.85,2481.24,592.78,616.72,3502.18,19.3,18.63333333,6.395453716,5.728787049,6.395453716,5.728787049,6.395453716,0,0,0,3,0,0,0,135.32,114.65,119.38,115.6,112.4,69,70,58544693,52102925,110.2,96.5,89.1,73.2,2831284,573463.8,1,127.74,586.08,3.53,78.6,146.7,119.3446667,134.8519167,594.768,616.1845,3.602,3.6155,78.168,74.5495,147.84,141.93,3,0,0,0,0,0,0,0,0,0,1,0,0,0.009803922
2024-10-15,1,TRUE,FALSE,74.3,74.25,70.58,74.32,2.37,146.05,128.48,128.48,1,1361.3,191.05,3.25,2.906,3.53,0.624,2633.45,21.24,1832.59,2431.39,596.96,619.28,3530.57,19.2,19.2,6.295453716,6.295453716,6.295453716,6.295453716,6.295453716,0.5,0.5,0.5,1,0,0,0,135.32,114.65,119.38,115.6,112.4,69,70,58544693,52102925,110.2,96.5,89.1,73.2,2831284,573463.8,1,109.8466667,592.78,3.53,77.65,148.2,118.466,133.26675,593.798,614.925,3.584,3.611,78.12,74.7585,147.84,142.265,3,0,0,0,0,0,0,0,0,0,1,0,0,0.063106796
2024-10-16,1,TRUE,FALSE,74,74.22,70.39,74.04,2.21,145.95,126.25,126.25,1,1362.6,191.05,3.25,2.88,3.53,0.65,2610.36,21.65,1821.19,2391.96,594.75,614.66,3432.91,18.2,18.2,5.295453716,5.295453716,5.295453716,5.295453716,5.295453716,0,0,0,1,0,0,0,135.32,114.65,119.38,115.6,112.4,69,70,58544693,52102925,110.2,96.5,89.1,73.2,2831284,573463.8,1,128.48,596.96,3.53,74.32,146.05,122.9273333,132.68625,592.758,613.604,3.566,3.6065,77.34,74.8585,147.35,142.485,3,0,0,0,0,0,0,0,0,0,1,0,0,-0.01826484
2024-10-17,1,TRUE,FALSE,74.06,74.45,70.67,74.1,2.19,145.75,124.86,124.86,1,1368.6,191.81,3.25,2.897,3.53,0.633,2609.3,21.09,1796.28,2371.83,592.73,624.22,3498.89,19,19,6.095453716,6.095453716,6.095453716,6.095453716,6.095453716,0,0,0,1,0,0,0,135.32,114.65,119.38,115.6,112.4,69,70,58544693,52102925,110.2,96.5,89.1,73.2,2831284,573463.8,1,126.25,594.75,3.53,74.04,145.95,123.0893333,131.50175,592.12,612.5125,3.548,3.602,76.352,74.967,146.98,142.845,3,0,0,0,0,0,0,0,0,0,1,0,0,0.013953488
2024-10-18,1,TRUE,FALSE,74.18,73.06,69.22,74.2,1.82,145.4,126.98,126.98,1,1369.7,192.47,3.25,2.908,3.53,0.622,2593.82,20.75,1816.16,2352.66,588.07,617.78,3354.02,17.4,17.4,4.495453716,4.495453716,4.495453716,4.495453716,4.495453716,47.1,47.1,47.1,1,0,0,0,135.32,114.65,119.38,115.6,112.4,69,70,58544693,52102925,110.2,96.5,89.1,73.2,2831284,573463.8,1,124.86,592.73,3.53,74.1,145.75,123.4353333,130.17175,592.66,611.25,3.53,3.5975,75.742,75.121,146.53,143.1825,3,0,0,0,0,0,0,0,0,0,1,0,0,0
2024-10-21,1,TRUE,FALSE,73.55,74.29,70.56,73.55,1.76,145.6,122.47,107.3033333,3,1375.2,193.12,3.25,2.902,3.53,0.628,2604.92,20.9,1858.02,2360.68,587.46,617.76,3372.61,14.8,14.93333333,1.895453716,2.028787049,1.895453716,2.028787049,3.695453716,0,0.333333333,1,3,0,0,0,135.32,114.65,119.38,115.6,112.4,69,70,58544693,52102925,110.2,96.5,89.1,73.2,2831284,573463.8,1,126.98,588.07,3.53,74.2,145.4,123.2833333,128.85425,593.058,608.8975,3.53,3.593,74.862,75.236,146.27,143.545,3,0,0,0,0,0,0,0,0,0,1,0,0,0.004587156
2024-10-22,1,TRUE,FALSE,73.57,76.04,72.09,73.57,1.76,144.7,124.78,124.78,1,1380.1,193.49,3.25,2.943,3.54,0.597,2570.7,21.7,1839.53,2302.49,590.51,607.88,3292.02,15.5,15.5,2.595453716,2.595453716,2.595453716,2.595453716,2.595453716,20.6,20.6,20.6,1,0,0,0,135.32,114.65,119.16,115.6,112.4,69,70,58544693,52102925,110.2,96.5,89.1,73.2,2831284,573463.8,1,107.3033333,587.46,3.53,73.55,145.6,122.7746667,126.9429167,591.994,606.197,3.53,3.5885,74.042,75.2715,145.75,143.93,3,0,0,0,0,0,0,0,0,0,1,0,0,0
2024-10-23,1,TRUE,FALSE,75.04,74.96,70.77,75.04,1.9,145.25,119.94,119.94,1,1382.2,193.54,3.25,2.936,3.54,0.604,2599.62,21.54,1851.41,2338.17,590.11,603.93,3412.53,12.7,12.7,-0.204546284,-0.204546284,0.204546284,0.204546284,0.204546284,2.3,2.3,2.3,1,0,0,0,135.32,114.65,119.16,115.6,112.4,69,70,58544693,52102925,110.2,96.5,89.1,73.2,2831284,573463.8,1,124.78,590.51,3.54,73.57,144.7,122.0346667,126.5523333,590.704,603.263,3.532,3.5845,73.892,75.207,145.48,144.19,3,0,0,0,0,0,0,0,0,0,1,0,0,0
2024-10-24,1,TRUE,FALSE,75.39,74.38,70.19,75.39,2.04,145.5,116.12,116.12,1,1380.2,193.8,3.25,2.891,3.54,0.649,2581.03,22.09,2016.81,2328.31,595.26,600.55,3348.83,12.5,12.5,-0.404546284,-0.404546284,0.404546284,0.404546284,0.404546284,0,0,0,1,0,0,0,135.32,114.65,119.16,115.6,112.4,69,70,58544693,52102925,110.2,96.5,89.1,73.2,2831284,572424.9,1,119.94,590.11,3.54,75.04,145.25,120.7726667,124.7398333,589.776,600.3965,3.534,3.5805,74.092,75.248,145.34,144.4775,3,0,0,0,0,0,0,0,0,0,1,0,0,0.02739726
2024-10-25,1,TRUE,FALSE,73.56,76.05,71.78,73.58,1.93,144.9,121.9,121.9,1,1388.7,194.67,3.25,2.882,3.54,0.658,2583.27,22.12,2077.31,2309.17,587.25,590.66,3345.59,14.9,14.9,1.995453716,1.995453716,1.995453716,1.995453716,1.995453716,0,0,0,1,0,0,0,135.32,114.65,119.16,115.6,112.4,69,70,58544693,52102925,110.2,96.5,89.1,73.2,2831284,572424.9,1,116.12,595.26,3.54,75.39,145.5,119.0246667,123.6225,590.282,598.828,3.536,3.5765,74.35,75.3035,145.29,144.7775,3,0,0,0,0,0,0,0,0,0,1,0,0,0.008888889
2024-10-28,1,TRUE,FALSE,71.99,71.42,67.38,71.99,2.03,144.5,122.79,105.0266667,3,1385,193.9,3.25,2.932,3.54,0.608,2612.43,21.92,2139.67,2405.75,598.21,597.5,3367.67,15.7,16.23333333,2.795453716,3.328787049,2.795453716,3.328787049,4.095453716,0,0,0,3,0,0,0,135.32,114.65,119.16,115.6,112.4,69,70,58544693,52102925,110.2,96.5,89.1,73.2,2831284,572424.9,1,121.9,587.25,3.54,73.58,144.9,118.0086667,123.0425,590.118,597.0155,3.538,3.5725,74.226,75.239,145.19,145.0475,3,0,0,0,0,0,0,0,0,0,1,0,0,0.017621145
2024-10-29,1,TRUE,FALSE,70.83,71.12,67.21,70.83,1.82,145.25,125.49,125.49,1,1386.5,193.66,3.25,2.936,3.54,0.604,2617.8,21.44,2247.49,2357.62,593.29,594.27,3360.02,15,15,2.095453716,2.095453716,2.095453716,2.095453716,2.095453716,0,0,0,1,0,0,0,135.32,114.65,119.16,115.6,112.4,69,70,58544693,52102925,110.2,96.5,89.1,73.2,2831284,572424.9,1,105.0266667,598.21,3.54,71.99,144.5,117.5533333,121.6533333,592.268,596.411,3.54,3.5685,73.914,75.09,144.97,145.285,3,0,0,0,0,0,0,0,0,0,1,0,0,0.034632035
2024-10-30,1,TRUE,FALSE,72.02,72.55,68.61,72.02,2.03,145,107.08,107.08,1,1382.4,193.48,3.25,2.937,3.54,0.603,2593.79,21.55,2004.74,2324.04,588.1,588.04,3360.57,15.7,15.7,2.795453716,2.795453716,2.795453716,2.795453716,2.795453716,0,0,0,1,0,0,0,135.32,114.65,119.16,115.6,112.4,69,70,58544693,52102925,110.2,96.5,89.1,73.2,2831284,572424.9,1,125.49,593.29,3.54,70.83,145.25,117.6953333,121.1428333,592.824,594.9545,3.54,3.5645,73.366,75.016,145.08,145.5675,3,0,0,0,0,0,0,0,0,0,1,0,0,0.046025105
2024-10-31,1,TRUE,FALSE,72.02,73.16,69.26,72.02,1.82,144.05,121.21,121.21,1,1379.9,193.58,3.25,2.936,3.54,0.604,2556.15,22.65,1967.79,2337.73,581.56,582.42,3361.7,15.9,15.9,2.995453716,2.995453716,2.995453716,2.995453716,2.995453716,0,0,0,1,0,0,0,135.32,114.65,119.16,115.9,112.6,69,70,58544693,52102925,108.4,90.7,88.3,72.6,2429115,572424.9,1,107.08,588.1,3.54,72.02,145,115.1233333,119.6358333,592.422,593.606,3.54,3.5605,72.762,74.9805,145.03,145.83,3,0,0,0,0,0,0,0,0,0,1,0,0,0.004
2024-11-01,1,TRUE,FALSE,73.56,73.1,69.49,73.56,1.42,143.95,117.9,117.9,1,1379.4,193.44,3.25,2.939,3.54,0.601,2542.36,22.95,1950.65,2322.36,579.06,580.2,3312.74,15.3,15.3,2.395453716,2.395453716,2.395453716,2.395453716,2.395453716,0,0,0,1,0,0,0,135.32,114.65,119.16,115.9,112.6,69,70,57500192,54331589,108.4,90.7,88.3,72.6,2429115,572424.9,1,121.21,581.56,3.54,72.02,144.05,116.1413333,119.4915,589.682,592.1845,3.54,3.5565,72.088,74.9155,144.74,145.7775,3,0,0,0,0,0,0,0,0,0,1,0,0,-0.035856574
2024-11-04,1,TRUE,FALSE,73.5,75.08,71.47,73.5,1.35,143.9,116.79,107.3733333,3,1370.9,193.34,3.25,2.935,3.54,0.605,2588.97,22.83,2014.66,2339.96,588.81,584.07,3407.35,14.8,16.83333333,1.895453716,3.928787049,1.895453716,3.928787049,5.195453716,0.1,0.033333333,0.1,3,0,0,0,135.32,114.65,119.16,115.9,112.6,69,70,57500192,54331589,108.4,90.7,88.3,72.6,2429115,572424.9,1,117.9,579.06,3.54,73.56,143.95,115.3413333,118.9945,588.044,591.497,3.54,3.5525,72.084,74.835,144.55,145.9625,3,0,0,0,0,0,0,0,0,0,1,0,0,-0.012396694
2024-11-05,1,TRUE,FALSE,74.15,75.53,71.99,74.18,1.62,142.9,118.98,118.98,1,1378.6,193.98,3.25,2.918,3.54,0.622,2576.88,22.52,2083.91,2332.84,590.13,593.4,3365.78,9.1,9.1,-3.804546284,-3.804546284,3.804546284,3.804546284,3.804546284,0,0,0,1,0,0,0,135.32,114.69,119.16,115.9,112.6,69,70,57500192,54331589,108.4,90.7,88.3,72.6,2429115,572424.9,1,107.3733333,588.81,3.54,73.5,143.9,115.8106667,118.6511667,586.164,591.056,3.54,3.5485,72.386,74.6155,144.43,145.7475,3,0,0,0,0,0,0,0,0,0,1,0,0,-0.0041841
2024-11-06,1,TRUE,FALSE,73.27,74.92,71.69,73.28,1.8,141.1,114.81,114.81,1,1396.2,194.2,3.25,2.96,3.54,0.58,2563.51,20.72,2032.48,2250.41,582.17,603.09,3334.98,7.5,7.5,-5.404546284,-5.404546284,5.404546284,5.404546284,5.404546284,0,0,0,1,0,0,5000000,135.32,114.69,119.16,115.9,112.6,69,70,57500192,54331589,108.4,90.7,88.3,72.6,2429115,572424.9,1,118.98,590.13,3.54,74.18,142.9,114.5086667,119.2915,585.532,590.4545,3.54,3.5445,73.056,74.4135,143.96,145.4675,3,0,0,0,0,0,0,0,0,0,1,0,0,0.008403361
2024-11-07,1,TRUE,FALSE,74.02,75.63,72.36,74.02,1.49,142.2,115.89,115.89,1,1396.6,194.2,3.25,2.922,3.54,0.618,2564.63,19.77,2035.57,2211.16,583.77,597.5,3326.87,7.8,7.8,-5.104546284,-5.104546284,5.104546284,5.104546284,5.104546284,0,0,0,1,0,0,5000000,135.32,114.69,119.16,115.9,112.6,69,70,57500192,54331589,108.4,90.7,88.3,72.6,2429115,572424.9,1,114.81,582.17,3.54,73.28,141.1,116.0546667,118.76,584.346,589.666,3.54,3.5405,73.308,74.1285,143.18,145.1325,3,0,0,0,0,0,0,0,0,0,1,0,0,0
2024-11-08,1,TRUE,FALSE,73.83,73.87,70.38,73.83,1.21,143.35,118.9,118.9,1,1386.4,193.58,3.25,2.889,3.54,0.651,2561.15,19.03,1989.43,2194.8,578.13,599.08,3330.94,10.2,10.2,-2.704546284,-2.704546284,2.704546284,2.704546284,2.704546284,0,0,0,1,0,1,5000000,135.32,114.69,119.16,115.9,112.6,69,70,57500192,54331589,108.4,90.7,88.3,72.6,2429115,572424.9,1,115.89,583.77,3.54,74.02,142.2,114.9906667,118.398,584.788,589.353,3.54,3.5365,73.708,73.972,142.81,144.8425,3,0,0,0,0,0,0,0,0,0,1,0,0,0.004166667
2024-11-11,1,TRUE,FALSE,73.08,71.83,68.04,73.08,1.21,142.25,114.95,103.7466667,3,1394.7,193.69,3.25,2.901,3.54,0.639,2531.66,19.82,1942.4,2141.26,573.11,587.93,3176.53,14.6,13.96666667,1.695453716,1.062120382,1.695453716,1.065151239,1.695453716,0,0,0,3,1,1,5000000,135.32,114.69,119.16,115.9,112.6,69,70,57500192,54331589,108.4,90.7,88.3,72.6,2429115,572424.9,1,118.9,578.13,3.54,73.83,143.35,115.1906667,117.956,584.602,588.9555,3.54,3.537,73.762,73.7335,142.69,144.675,3,0,0,0,0,0,0,0,0,0,1,0,0,-0.008298755
2024-11-12,1,TRUE,FALSE,71.06,71.89,68.12,71.06,1.92,142.25,113.49,113.49,1,1403.5,193.6,3.25,2.9,3.54,0.64,2482.57,21.62,1905.47,2112.91,556.2,580.6,3060.44,14.3,14.3,1.395453716,1.395453716,1.395453716,1.395453716,1.395453716,0,0,0,1,1,1,5000000,135.32,114.69,119.16,115.9,112.6,69,70,57500192,54331589,108.4,90.7,88.3,72.6,2429115,572424.9,1,103.7466667,573.11,3.54,73.08,142.25,114.4653333,117.651,581.462,587.972,3.54,3.5375,73.678,73.505,142.36,144.3775,3,0,0,0,0,0,0,0,0,0,1,0,0,-0.041841004
2024-11-13,1,TRUE,FALSE,71.15,72.28,68.43,71.16,2.06,141.5,119.85,119.85,1,1406.6,194.45,3.25,2.939,3.55,0.611,2417.08,24.86,1777.34,2039.05,554.81,564.18,2977.92,14.2,14.2,1.295453716,1.295453716,1.295453716,1.295453716,1.295453716,0,0,0,1,1,1,5000000,135.32,114.69,119.16,115.9,112.6,69,70,57500192,54331589,108.4,90.7,88.3,72.6,2429115,572424.9,1,113.49,556.2,3.54,71.06,142.25,113.3673333,116.9015,574.676,585.934,3.54,3.538,73.054,73.342,142.23,144.1875,3,0,0,0,0,0,0,0,0,0,1,0,0,0
2024-11-14,1,TRUE,FALSE,71.4,72.56,68.7,71.4,2.11,141.5,122.38,122.38,1,1405.1,193.8,3.25,2.929,3.56,0.631,2418.86,23.41,1800.86,2004.7,564.65,571.21,2894.89,14.8,14.8,1.895453716,1.895453716,1.895453716,1.895453716,1.895453716,0.1,0.1,0.1,1,1,1,0,107.44,114.69,119.16,115.9,112.6,69,70,57500192,54331589,108.4,90.7,88.3,72.6,2429115,572424.9,1,119.85,554.81,3.55,71.16,141.5,114.3753333,116.5815,569.204,583.937,3.542,3.539,72.63,73.198,142.31,143.965,3,0,0,0,0,0,0,0,0,0,1,0,0,0.021834061
2024-11-15,1,TRUE,FALSE,70.75,71.04,67.02,70.73,1.65,141.75,110.43,110.43,1,1398.8,192.99,3.25,2.941,3.56,0.619,2416.86,21.74,1756.36,1958.84,559.43,569.61,2999.57,17,17,4.095453716,4.095453716,4.095453716,4.095453716,4.095453716,0,0,0,1,1,1,0,107.44,114.69,119.16,115.9,112.6,69,70,57500192,54331589,108.4,90.7,88.3,72.6,2429115,572424.9,1,122.38,564.65,3.56,71.4,141.5,115.6733333,116.4575,565.38,582.533,3.546,3.5405,72.106,73.063,142.17,143.7525,3,0,0,0,0,0,0,0,0,0,1,0,0,0.004273504
2024-11-18,1,TRUE,FALSE,70.53,73.3,69.16,70.52,2.08,141.75,105.96,98.12,3,1395.2,192.52,3.25,2.915,3.56,0.645,2469.07,21.09,1782.68,2007.13,581.41,577.18,2959.15,2.8,8.933333333,-10.10454628,-3.971212951,10.10454628,6.701515428,10.10454628,0,2.166666667,6.5,3,0,1,0,107.44,114.69,119.16,115.9,112.6,69,70,57500192,54331589,108.4,90.7,88.3,72.6,2429115,572424.9,1,110.43,559.43,3.56,70.73,141.75,113.9793333,115.63,561.64,581.101,3.55,3.542,71.486,72.8895,141.85,143.57,3,0,0,0,0,0,0,0,0,0,1,0,0,-0.008510638
2024-11-19,1,TRUE,FALSE,72.27,73.31,69.39,72.27,2.1,141.25,118.77,118.77,1,1390.9,192.16,3.25,2.889,3.56,0.671,2471.95,20.01,1777.97,2042.07,596.58,577.01,2949.08,5.7,5.7,-7.204546284,-7.204546284,7.204546284,7.204546284,7.204546284,0,0,0,1,0,0,0,107.44,114.69,119.16,115.9,112.6,69,70,57500192,54331589,108.4,90.7,88.3,72.6,2429115,572424.9,1,98.12,581.41,3.56,70.52,141.75,112.854,115.1708333,563.3,580.7985,3.554,3.5435,70.974,72.738,141.75,143.3775,3,0,0,0,0,0,0,0,0,0,1,0,0,-0.004291845
2024-11-20,1,TRUE,FALSE,72.83,72.81,68.87,72.83,2.32,141.5,118.99,118.99,1,1390.9,192.02,3.25,2.873,3.56,0.687,2482.29,19.93,1785.85,2045.07,590.81,576.42,2940.97,6.5,6.5,-6.404546284,-6.404546284,6.404546284,6.404546284,6.404546284,0,0,0,1,0,0,0,107.44,114.69,119.01,115.9,112.6,69,70,57500192,54331589,108.4,90.7,88.3,72.6,2429115,572424.9,1,118.77,596.58,3.56,72.27,141.25,113.91,114.8703333,571.376,581.102,3.558,3.5445,71.216,72.673,141.55,143.205,3,0,0,0,0,0,0,0,0,0,1,0,0,-0.00862069
2024-11-21,1,TRUE,FALSE,72.82,74.23,70.1,72.82,2.84,141.5,115.92,115.92,1,1397.5,192.88,3.25,2.829,3.56,0.731,2480.63,19.46,1766.61,2070.01,591.41,579.69,2943.92,9.7,9.7,-3.204546284,-3.204546284,3.204546284,3.204546284,3.204546284,0,0,0,1,0,0,0,107.44,114.69,119.01,115.9,112.6,69,70,57500192,54331589,108.4,90.7,88.3,72.6,2429115,572424.9,1,118.99,590.81,3.56,72.83,141.5,113.738,114.8228333,578.576,581.137,3.56,3.5455,71.55,72.5625,141.55,143.0175,3,0,0,0,0,0,0,0,0,0,1,0,0,-0.008695652
2024-11-22,1,TRUE,FALSE,74.17,75.17,71.24,74.16,2.41,141.25,110.38,110.38,1,1401.8,193.23,3.25,2.816,3.56,0.744,2501.24,18.91,1760.22,2075.57,592.07,587.93,2995.28,6.2,6.2,-6.704546284,-6.704546284,6.704546284,6.704546284,6.704546284,0,0,0,1,0,0,0,107.44,114.69,119.01,115.9,112.6,69,70,57500192,54331589,108.4,90.7,88.3,72.6,2429115,572424.9,1,115.92,591.41,3.56,72.82,141.5,112.446,114.8128333,583.928,580.9445,3.56,3.5465,71.834,72.434,141.55,142.8175,3,0,0,0,0,0,0,0,0,0,1,0,0,-0.00877193
2024-11-25,1,TRUE,FALSE,73.52,73.01,68.94,73.52,2.78,141,109.32,101.11,3,1402.2,193.33,3.25,2.773,3.56,0.787,2534.34,18.59,1749.27,2115.44,600.22,598.54,3052.85,10.1,7.966666667,-2.804546284,-4.937879618,2.804546284,4.937879618,6.504546284,0,0,0,3,0,0,0,107.44,114.69,119.01,115.9,112.6,69,70,57500192,54331589,108.4,90.7,88.3,72.6,2429115,572424.9,1,110.38,592.07,3.56,74.16,141.25,112.436,114.2368333,590.456,581.1855,3.56,3.5475,72.52,72.463,141.45,142.635,3,0,0,0,0,0,0,0,0,0,1,0,0,-0.004424779
2024-11-26,1,TRUE,FALSE,72.5,72.81,68.77,72.5,3.19,141,122.76,122.76,1,1398.2,192.52,3.25,2.773,3.56,0.787,2520.36,18.5,1758.88,2099.99,601.39,604.18,3048.26,5.8,5.8,-7.104546284,-7.104546284,7.104546284,7.104546284,7.104546284,26,26,26,1,0,0,0,107.44,114.69,119.01,115.9,112.6,69,70,57500192,54331589,108.4,90.7,88.3,72.6,2429115,572424.9,1,101.11,600.22,3.56,73.52,141,113.034,114.041,594.218,581.286,3.56,3.5485,73.12,72.5395,141.3,142.46,3,0,0,0,0,0,0,0,0,0,1,0,0,-0.022222222
2024-11-27,1,TRUE,FALSE,72.23,72.83,68.72,72.23,3.39,140.7,121.68,121.68,1,1397,192.24,3.25,2.741,3.56,0.819,2503.06,18.2,1789.54,2059.18,594.74,602.37,2922.15,-0.4,-0.4,-13.30454628,-13.30454628,13.30454628,13.30454628,13.30454628,22.4,22.4,22.4,1,0,0,0,107.44,114.69,119.01,115.9,112.6,68,69,57500192,54331589,108.4,90.7,88.3,72.6,2429115,572424.9,1,122.76,601.39,3.56,72.5,141,113.832,113.9045,595.18,581.691,3.56,3.5495,73.166,72.623,141.25,142.2475,3,0,0,0,0,0,0,0,0,0,1,0,0,0.009090909
2024-11-28,1,TRUE,FALSE,71.86,73.28,68.72,71.86,3.39,140.7,126.14,126.14,1,1395.6,192.42,3,2.638,3.38,0.742,2504.67,17.72,1859.09,2089.79,593.87,602.88,2881.36,0.8,0.8,-12.10454628,-12.10454628,12.10454628,12.10454628,12.10454628,4.9,4.9,4.9,1,0,0,0,107.44,114.69,119.01,115.9,112.6,68,69,57500192,54331589,108.4,90.7,88.3,72.6,2429115,572424.9,1,121.68,594.74,3.56,72.23,140.7,114.37,114.6345,595.966,582.023,3.56,3.5505,73.046,72.6335,141.09,142.0325,3,0,0,0,0,0,0,0,0,0,1,0,0,-0.036036036
2024-11-29,1,TRUE,FALSE,72.34,72.94,68,72.34,3.39,141.5,125.17,125.17,1,1394.7,192.7,3,2.607,3.39,0.783,2455.91,19.34,1827.98,2003.82,585.48,593.69,2823.16,0.2,0.2,-12.70454628,-12.70454628,12.70454628,12.70454628,12.70454628,0,0,0,1,0,0,0,107.44,114.69,119.01,116.2,113.2,68,69,57500192,54331589,116.5,96.3,90.8,73.1,2527233,572424.9,1,126.14,593.87,3.38,71.86,140.7,116.414,114.881,596.458,582.6385,3.524,3.5425,72.854,72.6255,140.93,141.865,3,0,0,0,0,0,0,0,0,0,1,0,0,0.065420561
2024-12-02,1,TRUE,FALSE,72.11,71.83,68.1,72.11,3.05,135,124.32,109.62,3,1401.3,192.74,3,2.567,3.4,0.833,2454.48,19.94,1930.08,1995.17,565.1,591.24,2774.26,6.4,4.7,-6.504546284,-8.204546284,6.504546284,8.204546284,10.40454628,0,0.166666667,0.5,3,0,0,0,107.44,114.69,119.01,116.2,113.2,68,69,56288629,50718992,116.5,96.3,90.8,73.1,2527233,572424.9,1,125.17,585.48,3.39,72.34,141.5,119.372,115.2445,595.14,582.9595,3.49,3.535,72.49,72.5645,140.98,141.7425,3,0,0,0,0,0,0,0,0,0,1,0,0,-0.026315789
2024-12-03,1,TRUE,FALSE,71.88,73.62,69.94,71.9,2.94,134.8,115.59,115.59,1,1402.9,192.24,3,2.585,3.41,0.825,2500.1,19.07,2020.23,2053.6,573.73,606.75,2844.45,1.3,1.3,-11.60454628,-11.60454628,11.60454628,11.60454628,11.60454628,0,0,0,1,0,0,0,107.44,114.4,119.01,116.2,113.2,68,69,56288629,50718992,116.5,96.3,90.8,73.1,2527233,572424.9,1,109.62,565.1,3.4,72.11,135,121.074,115.3568333,588.116,581.774,3.458,3.528,72.208,72.495,139.78,141.2975,3,0,0,0,0,0,0,0,0,0,1,0,0,-0.009009009
2024-12-04,1,TRUE,FALSE,73.37,72.31,68.54,73.37,2.75,133.4,124.86,124.86,1,1410.1,193.61,3,2.626,3.42,0.794,2464,21.34,2051.97,2004.83,530.58,577.78,2832.49,3.1,3.1,-9.804546284,-9.804546284,9.804546284,9.804546284,9.804546284,0,0,0,1,0,0,5000000,107.44,114.4,119.01,116.2,113.2,68,69,56288629,50718992,116.5,96.3,90.8,73.1,2527233,572424.9,1,115.59,573.73,3.41,71.9,134.8,119.64,115.1873333,582.584,580.954,3.428,3.5215,72.088,72.381,138.54,140.8925,3,0,0,0,0,0,0,0,0,0,1,0,0,0
2024-12-05,1,TRUE,FALSE,72.11,72.09,68.3,72.11,2.95,133.25,123,123,1,1415.1,194.45,3,2.603,3.42,0.817,2441.85,20.73,2169.01,1950.98,529.02,567.33,2907.91,3.9,3.9,-9.004546284,-9.004546284,9.004546284,9.004546284,9.004546284,1.8,1.8,1.8,1,0,0,5000000,107.44,114.4,119.01,116.2,113.2,68,69,56288629,50718992,116.5,96.3,90.8,73.1,2527233,572424.9,1,124.86,530.58,3.42,73.37,133.4,120.276,115.6898333,569.752,578.3745,3.4,3.5155,72.316,72.3855,137.08,140.5075,3,0,0,0,0,0,0,0,0,0,1,0,0,-0.027272727
2024-12-06,1,TRUE,FALSE,71.74,71.12,67.2,71.75,2.83,133.25,117.24,117.24,1,1419.2,195.41,3,2.62,3.42,0.8,2428.16,22,2081.01,1951.87,512.44,557.83,2847.59,2.1,2.1,-10.80454628,-10.80454628,10.80454628,10.80454628,10.80454628,0,0,0,1,0,1,5000000,107.44,114.4,119.01,116.2,113.2,68,69,56288629,50718992,116.5,96.3,90.8,73.1,2527233,572424.9,1,123,529.02,3.42,72.11,133.25,119.648,116.0453333,556.782,575.637,3.408,3.5095,72.366,72.29,135.59,140.06,3,0,0,0,0,0,0,0,0,0,1,0,0,-0.009345794
2024-12-09,1,TRUE,FALSE,71.77,72.14,68.37,71.77,3.05,133.75,123.25,102.85,3,1437,197.14,3,2.579,3.42,0.841,2360.58,23.45,1897.04,1840.79,493.35,525.28,2764.3,1,0.333333333,-11.90454628,-12.57121295,11.90454628,12.57121295,13.10454628,0,0,0,3,1,1,5000000,107.44,114.4,119.01,116.2,113.2,68,69,56288629,50718992,116.5,96.3,90.8,73.1,2527233,572424.9,1,117.24,512.44,3.42,71.75,133.25,118.062,115.9623333,542.174,572.3525,3.414,3.5035,72.248,72.186,133.94,139.555,3,0,0,0,0,0,0,0,0,0,1,0,0,-0.014150943
2024-12-10,1,TRUE,FALSE,71.65,72.19,68.59,71.69,2.9,133.45,129.2,129.2,1,1426.9,197,3,2.524,3.42,0.896,2417.84,21.62,2010.12,1965.29,510.27,547.14,2810.79,2.6,2.6,-10.30454628,-10.30454628,10.30454628,10.30454628,10.30454628,0,0,0,1,1,1,5000000,107.44,114.4,119.01,116.2,113.2,68,69,56288629,50718992,116.5,96.3,90.8,73.1,2527233,572424.9,1,102.85,493.35,3.42,71.77,133.75,116.708,115.9175,527.824,568.3645,3.418,3.4975,72.18,72.1205,133.69,139.13,3,0,0,0,0,0,0,0,0,0,1,0,0,-0.004784689
2024-12-11,1,TRUE,FALSE,72.24,73.52,70.29,72.26,2.9,133.75,128.36,128.36,1,1432.2,197.42,3,2.536,3.43,0.894,2442.51,20.6,1968.93,1976.5,518.34,558.2,2882.26,3,3,-9.904546284,-9.904546284,9.904546284,9.904546284,9.904546284,0,0,0,1,1,1,5000000,107.44,114.4,119.01,116.2,113.2,68,69,56288629,50718992,116.5,96.3,90.8,73.1,2527233,572424.9,1,129.2,510.27,3.42,71.69,133.45,119.43,116.703,515.132,566.068,3.42,3.4915,72.138,72.152,133.42,138.69,3,0,0,0,0,0,0,0,0,0,1,0,0,0
2024-12-12,1,TRUE,FALSE,73.68,73.41,70.02,73.68,3.12,132.5,129.52,129.52,1,1431.9,197.03,3,2.549,3.45,0.901,2482.12,19.91,1966.81,2000.75,518.56,560.15,2970.58,0.5,0.5,-12.40454628,-12.40454628,12.40454628,12.40454628,12.40454628,0,0,0,1,1,1,0,70.89,114.4,119.01,116.2,113.2,68,69,56288629,50718992,116.5,96.3,90.8,73.1,2527233,572424.9,1,128.36,518.34,3.43,72.26,133.75,120.13,117.1285,512.684,564.2445,3.422,3.4855,71.916,72.207,133.49,138.3025,3,0,0,0,0,0,0,0,0,0,1,0,0,-0.028846154
2024-12-13,1,TRUE,FALSE,73.47,74.49,71.29,73.47,3.15,130.75,129.67,129.67,1,1433,196.63,3,2.541,3.47,0.929,2494.46,19.49,1927.51,2005.58,522.08,571.17,2985.08,1,1,-11.90454628,-11.90454628,11.90454628,11.90454628,11.90454628,0,0,0,1,1,1,0,70.89,114.4,119.01,116.2,113.2,68,69,56288629,50718992,116.5,96.3,90.8,73.1,2527233,572424.9,1,129.52,518.56,3.45,73.68,132.5,121.434,117.4855,510.592,561.94,3.428,3.48,72.23,72.321,133.34,137.8525,3,0,0,0,0,0,0,0,0,0,1,0,0,-0.00990099
2024-12-16,1,TRUE,FALSE,74.14,73.91,70.71,74.14,2.87,129.25,131.87,112.67,3,1435,196.9,3,2.553,3.49,0.937,2488.97,18.88,1914.67,2026.07,530.03,568.79,3008.31,-0.2,0.066666667,-13.10454628,-12.83787962,13.10454628,12.83787962,13.70454628,0,0,0,3,0,1,0,70.89,114.4,119.01,116.2,113.2,68,69,56288629,50718992,116.5,96.3,90.8,73.1,2527233,572424.9,1,129.67,522.08,3.47,73.47,130.75,123.92,118.4475,512.52,560.0725,3.438,3.4755,72.574,72.458,132.84,137.3025,3,0,0,0,0,0,0,0,0,0,1,0,0,-0.005
2024-12-17,1,TRUE,FALSE,73.54,73.19,70.08,73.54,2.85,129,124.52,124.52,1,1438.9,197.24,3,2.621,3.5,0.879,2456.81,18.36,1875.53,1983,531.62,569.44,3068.06,-0.8,-0.8,-13.70454628,-13.70454628,13.70454628,13.70454628,13.70454628,0,0,0,1,0,0,0,70.89,114.4,119.01,116.2,113.2,68,69,56288629,50718992,116.5,96.3,90.8,73.1,2527233,572424.9,1,112.67,530.03,3.49,74.14,129.25,125.884,119.175,519.856,557.5035,3.452,3.472,73.048,72.639,131.94,136.6775,3,0,0,0,0,0,0,0,0,0,1,0,0,-0.010050251
2024-12-18,1,TRUE,FALSE,73.59,73.39,70.58,73.59,3.01,128.25,129.39,129.39,1,1435.5,196.98,3,2.536,3.52,0.984,2484.43,17.96,1887.4,1999.88,532.78,572.69,3093.67,-3.4,-3.4,-16.30454628,-16.30454628,16.30454628,16.30454628,16.30454628,0,0,0,1,0,0,0,70.89,114.4,119.01,116.2,113.2,68,69,56288629,50718992,116.5,96.3,90.8,73.1,2527233,572424.9,1,124.52,531.62,3.5,73.54,129,124.948,119.4625,524.126,554.2555,3.468,3.469,73.418,72.7025,131.05,136.065,3,0,0,0,0,0,0,0,0,0,1,0,0,-0.015228426
2024-12-19,1,TRUE,FALSE,72.84,72.88,69.91,72.84,3.15,127.1,128.02,128.02,1,1451.9,198.57,3,2.603,3.54,0.937,2435.93,20.3,1861.87,1960.55,521.99,566.29,2991.29,-1.4,-1.4,-14.30454628,-14.30454628,14.30454628,14.30454628,14.30454628,0,0,0,1,0,0,0,70.89,114.4,119.01,116.2,113.2,68,69,56288629,50718992,116.5,96.3,90.8,73.1,2527233,572424.9,1,129.39,532.78,3.52,73.59,128.25,125.154,119.9825,527.014,551.354,3.486,3.467,73.684,72.7405,129.95,135.4025,3,0,0,0,0,0,0,0,0,0,1,0,0,-0.057731959
2024-12-20,1,TRUE,FALSE,72.64,72.94,69.46,72.64,3.1,127.4,128.94,128.94,1,1451.4,198.6,3,2.629,3.55,0.921,2404.15,21.45,1807.8,1936.82,517.82,560.35,2908.63,1.4,1.4,-11.50454628,-11.50454628,11.50454628,11.50454628,11.50454628,0.4,0.4,0.4,1,0,0,0,70.89,114.4,119.1,116.2,113.2,68,69,56288629,50718992,116.5,96.3,90.8,73.1,2527233,572424.9,1,128.02,521.99,3.54,72.84,127.1,124.854,120.5875,527.7,547.883,3.504,3.466,73.516,72.7415,128.87,134.6825,3,0,0,0,0,0,0,0,0,0,1,0,0,0.090809628
2024-12-23,1,TRUE,FALSE,73.33,72.63,69.24,73.33,2.89,126.75,129.42,109.5466667,3,1452,198.79,3,2.616,3.56,0.944,2442.01,20.07,1864.1,1960.75,530.68,570.52,2996.41,0.3,-1.266666667,-12.60454628,-14.17121295,12.60454628,14.17121295,16.30454628,0,0.966666667,2.9,3,0,0,0,70.89,114.4,119.1,116.2,113.2,68,69,56288629,50718992,116.5,96.3,90.8,73.1,2527233,572424.9,1,128.94,517.82,3.55,72.64,127.4,124.708,121.5155,526.848,544.1705,3.52,3.4655,73.35,72.6655,128.2,133.99,3,0,0,0,0,0,0,0,0,0,1,0,0,-0.06218656
2024-12-24,1,TRUE,FALSE,73.26,73.58,70.1,73.27,2.95,126.75,126.51,126.51,1,1456.4,199.34,3,2.626,3.57,0.944,2440.52,20.02,1871.55,1935.13,527.18,567.7,3003.4,-0.4,-0.4,-13.30454628,-13.30454628,13.30454628,13.30454628,13.30454628,0,0,0,1,0,0,0,70.89,114.4,119.1,116.2,113.2,68,69,56288629,50718992,116.5,96.3,90.8,73.1,2527233,572424.9,1,109.5466667,530.68,3.56,73.33,126.75,124.0833333,121.9373333,526.978,540.6935,3.534,3.4655,73.188,72.656,127.7,133.2775,3,0,0,0,0,0,0,0,0,0,1,0,0,-0.049197861
2024-12-26,1,TRUE,FALSE,74.56,73.26,69.62,74.75,2.96,126.75,121.42,116.15,2,1464.8,200.67,3,2.648,3.58,0.932,2429.67,20.49,1867.66,1917.84,520.21,558.43,2960.76,0.1,1.4,-12.80454628,-11.50454628,12.80454628,11.50454628,12.80454628,0,0.05,0.1,2,0,0,0,70.89,114.4,119.1,116.2,113.2,68,69,56288629,50718992,116.5,96.3,90.8,73.1,2527233,572424.9,1,126.51,527.18,3.57,73.27,126.75,124.4813333,122.1248333,526.09,536.983,3.548,3.466,73.134,72.6945,127.25,132.565,3,0,0,0,0,0,0,0,0,0,1,0,0,-0.05511811
2024-12-27,1,TRUE,FALSE,74.65,74.17,70.6,74.67,2.91,126.75,116.57,116.57,1,1467.5,201,3,2.634,3.58,0.946,2404.77,20.88,1792.39,1883.66,502.51,550.64,2978.66,-2.6,-2.6,-15.50454628,-15.50454628,15.50454628,15.50454628,15.50454628,0,0,0,1,0,0,0,70.89,114.4,119.1,116.2,113.2,62,65,56288629,50718992,116.5,96.3,90.8,73.1,2527233,572424.9,1,116.15,520.21,3.58,74.75,126.75,121.8333333,121.8483333,523.576,533.2565,3.56,3.467,73.366,72.8205,126.95,131.8675,3,0,0,0,0,0,0,0,0,0,1,0,0,0.095238095
2024-12-30,1,TRUE,FALSE,75.32,74.39,70.99,75.32,3.39,124.55,118.73,98.81,3,1472.5,201.35,3,2.597,3.58,0.983,2399.49,21.14,1789.78,1902.64,503.67,548.77,2979.08,5.5,1.2,-7.404546284,-11.70454628,7.404546284,11.70454628,15.90454628,0,0,0,3,0,0,0,70.89,114.4,119.1,116.5,113.1,62,65,56288629,50718992,115.1,95.4,89.2,71.4,2557400,572424.9,1,116.57,502.51,3.58,74.67,126.75,119.5433333,121.3698333,519.68,528.6885,3.568,3.477,73.732,72.961,126.88,131.17,3,0,0,0,0,0,0,0,0,0,1,0,0,0.031521739
2025-01-02,2,TRUE,FALSE,75.18,75.93,73.13,75.18,3.65,124.6,115.76,100.8633333,3,1466.6,200.3,3,2.507,3.54,1.033,2398.94,20.7,1771.72,1893.08,499.98,549.25,3004.33,0.5,1.233333333,-12.40454628,-11.67121295,12.40454628,11.67121295,12.40454628,0,0,0,3,0,0,0,70.89,114.91,119.1,116.5,113.1,62,65,61359250,54866380,115.1,95.4,89.2,71.4,2557400,572424.9,1,98.81,503.67,3.58,75.32,124.55,113.5173333,120.0518333,516.85,524.598,3.574,3.4865,74.268,73.11,126.31,130.3225,3,0,0,0,0,0,0,0,0,0,1,0,0,-0.022128556
2025-01-03,2,TRUE,FALSE,76.54,76.51,73.96,76.54,3.4,123.5,116.2,116.2,1,1468.4,200.1,3,2.482,3.46,0.978,2441.92,20.31,1817.84,1990.14,509.31,557.42,3153.06,-1.1,-1.1,-14.00454628,-14.00454628,14.00454628,14.00454628,14.00454628,0,0,0,1,0,0,0,70.89,114.91,119.1,116.5,113.1,62,65,61359250,54866380,115.1,95.4,89.2,71.4,2557400,572424.9,1,100.8633333,499.98,3.54,75.18,124.6,111.7806667,119.614,510.71,521.342,3.57,3.4935,74.638,73.2635,125.88,129.8025,3,0,0,0,0,0,0,0,0,0,1,0,0,-0.014008621
2025-01-06,2,TRUE,FALSE,76.55,76.3,73.56,76.56,4.05,119.75,109.44,94.12666667,3,1469.7,199.72,3,2.524,3.45,0.926,2488.64,20.71,1827.16,2015.9,513.59,565.78,3323.44,1,0.7,-11.90454628,-12.20454628,11.90454628,12.20454628,13.00454628,3,3.233333333,9.7,3,0,0,0,70.89,114.91,119.1,116.5,113.1,62,65,61359250,54866380,115.1,95.4,89.2,71.4,2557400,572424.9,1,116.2,509.31,3.46,76.54,123.5,109.7186667,119.6445,507.136,518.121,3.548,3.496,75.292,73.4955,125.23,129.2375,3,0,0,0,0,0,0,0,0,0,1,0,0,0.016393443
2025-01-07,2,TRUE,FALSE,76.3,77.05,74.25,76.3,3.8,118.3,115.69,115.69,1,1453.5,198.07,3,2.508,3.44,0.932,2492.1,20.24,1851.95,2025.47,520.12,573.89,3272.6,-2.6,-2.6,-15.50454628,-15.50454628,15.50454628,15.50454628,15.50454628,0.1,0.1,0.1,1,0,0,0,70.89,114.91,119.1,116.5,113.1,62,65,61359250,54866380,115.1,95.4,89.2,71.4,2557400,572424.9,1,94.12666667,513.59,3.45,76.56,119.75,105.314,118.1078333,505.812,517.2715,3.522,3.4975,75.654,73.655,123.83,128.555,3,0,0,0,0,0,0,0,0,0,1,0,0,0.002150538
2025-01-08,2,TRUE,FALSE,77.68,76.16,73.32,77.73,3.75,117.45,122.01,122.01,1,1455,198,3,2.505,3.43,0.925,2521.05,20.2,1834.18,2054.11,517.56,569.64,3398.39,-3.4,-3.4,-16.30454628,-16.30454628,16.30454628,16.30454628,16.30454628,0,0,0,1,0,0,0,70.89,114.91,119.1,116.5,113.1,62,65,61359250,54866380,115.1,95.4,89.2,71.4,2557400,572424.9,1,115.69,520.12,3.44,76.3,118.3,105.138,117.7423333,509.334,516.8265,3.494,3.4985,75.98,73.8645,122.14,127.8075,3,0,0,0,0,0,0,0,0,0,1,0,0,0.002145923
2025-01-09,2,TRUE,FALSE,76.43,76.92,73.92,76.44,3.94,115.75,132.78,132.78,1,1460.5,198.66,3,2.5,3.42,0.92,2521.9,19.9,1841.81,2081.47,516.46,565.97,3417.53,-9.7,-9.7,-22.60454628,-22.60454628,22.60454628,22.60454628,22.60454628,0,0,0,1,0,0,0,70.89,114.91,119.1,116.5,113.1,62,65,61359250,54866380,115.1,95.4,89.2,71.4,2557400,572424.9,1,122.01,517.56,3.43,77.73,117.45,109.778,117.9808333,512.112,517.0825,3.464,3.499,76.462,74.1635,120.72,127.0175,3,0,0,0,0,0,0,0,0,0,1,0,0,0.005353319
2025-01-10,2,TRUE,FALSE,77.93,79.76,76.57,77.93,4.13,113.5,134.73,134.73,1,1465,199.18,3,2.561,3.4,0.839,2515.78,19.92,1842.01,2062.08,521.09,579.78,3389.09,-7.3,-7.3,-20.20454628,-20.20454628,20.20454628,20.20454628,20.20454628,0,0,0,1,0,0,0,70.89,114.91,119.1,116.5,113.1,62,65,61359250,54866380,115.1,95.4,89.2,71.4,2557400,572424.9,1,132.78,516.46,3.42,76.44,115.75,116.1613333,119.4773333,515.408,518.238,3.44,3.499,76.714,74.397,118.95,126.1175,3,0,0,0,0,0,0,0,0,0,1,0,0,0
2025-01-13,2,TRUE,FALSE,82.41,81.01,78.82,82.48,4.4,114.5,131.27,122.0433333,3,1470.8,200.02,3,2.664,3.39,0.726,2489.56,20.49,1800.95,2044.7,517.71,572.76,3279.36,-0.4,-2.966666667,-13.30454628,-15.87121295,13.30454628,15.87121295,18.00454628,1.3,0.433333333,1.3,3,0,0,0,70.89,114.91,119.1,116.5,113.1,62,65,61359250,54866380,115.1,95.4,89.2,71.4,2557400,572424.9,1,134.73,521.09,3.4,77.93,113.5,119.8673333,119.7538333,517.764,518.779,3.428,3.498,76.992,74.709,116.95,125.12,3,0,0,0,0,0,0,0,0,0,1,0,0,0.001064963
2025-01-14,2,TRUE,FALSE,82.23,79.92,77.5,82.23,4.32,115.4,130.31,130.31,1,1463.2,199.17,3,2.646,3.35,0.704,2497.4,19.25,1823.66,2067.47,516.23,571.28,3295.2,2.3,2.3,-10.60454628,-10.60454628,10.60454628,10.60454628,10.60454628,0.1,0.1,0.1,1,0,0,0,70.89,114.91,119.1,116.5,113.1,62,65,61359250,54866380,115.1,95.4,89.2,71.4,2557400,572424.9,1,122.0433333,517.71,3.39,82.48,114.5,125.4506667,119.438,518.588,518.7475,3.416,3.496,78.176,75.22,115.9,124.1575,3,0,0,0,0,0,0,0,0,0,1,0,0,-0.00106383
2025-01-15,2,TRUE,FALSE,82.24,82.03,80.04,82.25,4.45,114.45,129.35,129.35,1,1461.2,198.89,3,2.675,3.34,0.665,2496.81,19.26,1804.29,2048.99,515.63,568.74,3315.4,-3.5,-3.5,-16.40454628,-16.40454628,16.40454628,16.40454628,16.40454628,0,0,0,1,0,0,0,70.89,114.91,119.1,116.5,113.1,62,65,61359250,54866380,115.1,95.4,89.2,71.4,2557400,572424.9,1,130.31,516.23,3.35,82.23,115.4,128.3746667,119.4775,517.81,518.631,3.398,3.491,79.362,75.6475,115.32,123.3025,3,0,0,0,0,0,0,0,0,0,1,0,0,0.005324814
2025-01-16,2,TRUE,FALSE,84.54,81.29,78.68,84.54,4.3,114.7,130.51,130.51,1,1456.7,198.23,3,2.626,3.32,0.694,2527.49,18.14,1830.58,2090.2,517.68,579.16,3390.84,-0.5,-0.5,-13.40454628,-13.40454628,13.40454628,13.40454628,13.40454628,0,0,0,1,0,0,0,70.89,114.91,119.1,116.5,113.1,62,65,61359250,54866380,115.1,95.4,89.2,71.4,2557400,572424.9,1,129.35,515.63,3.34,82.25,114.45,129.8426667,119.4615,517.424,518.3085,3.38,3.4845,80.266,76.0865,114.72,122.4875,3,0,0,0,0,0,0,0,0,0,1,0,0,-0.003177966
2025-01-17,2,TRUE,FALSE,84.61,80.79,77.88,84.61,9.86,117.25,129.79,129.79,1,1458.3,198.55,3,2.588,3.31,0.722,2523.55,17.68,1837,2109.2,535.06,582.47,3467.14,-0.5,-0.5,-13.40454628,-13.40454628,13.40454628,13.40454628,13.40454628,0,0,0,1,0,0,0,70.89,114.91,119.1,116.5,113.1,62,65,61359250,54866380,115.1,95.4,89.2,71.4,2557400,572424.9,1,130.51,517.68,3.32,84.54,114.7,129.3886667,120.3535,517.668,517.691,3.36,3.476,81.886,76.6065,114.51,121.76,3,0,0,0,0,0,0,0,0,0,1,0,0,-0.002125399
2025-01-20,2,TRUE,FALSE,83.53,80.15,77.88,83.66,9.86,118.15,127.33,116.4566667,3,1451.7,198.23,3,2.623,3.28,0.657,2520.05,18.45,1875.78,2129.85,544.11,578.86,3454.5,3.9,2.9,-9.004546284,-10.00454628,9.004546284,10.00454628,11.90454628,0,0,0,3,0,0,0,70.89,114.91,119.1,116.5,113.1,62,65,61359250,54866380,115.1,95.4,89.2,71.4,2557400,572424.9,1,129.79,535.06,3.31,84.61,117.25,128.4006667,120.617,520.462,517.863,3.342,3.4665,83.222,77.16,115.26,121.1725,3,0,0,0,0,0,0,0,0,0,1,0,0,-0.001064963
2025-01-21,2,TRUE,FALSE,83.09,79.29,75.89,83.09,4.4,117.75,130.53,130.53,1,1439.5,197.74,3,2.579,3.27,0.691,2518.03,18.3,1832.04,2076.34,543.71,584.57,3524.14,2.4,2.4,-10.50454628,-10.50454628,10.50454628,10.50454628,10.50454628,0,0,0,1,0,0,0,70.89,114.91,119.52,116.5,113.1,62,65,61359250,54866380,115.1,95.4,89.2,71.4,2557400,572424.9,1,116.4566667,544.11,3.28,83.66,118.15,127.2833333,119.9703333,525.742,518.4295,3.32,3.4545,83.458,77.6635,115.99,120.6675,3,0,0,0,0,0,0,0,0,0,1,0,0,0.002132196
2025-01-22,2,TRUE,FALSE,82.21,79,75.44,82.21,3.91,116.75,129.85,129.85,1,1437.6,197.15,3,2.577,3.27,0.693,2547.06,17.67,1852.35,2092.81,542.45,595.73,3624.78,3.6,3.6,-9.304546284,-9.304546284,9.304546284,9.304546284,9.304546284,0,0,0,1,0,0,0,70.89,114.91,119.52,116.5,113.1,62,65,61359250,54866380,115.1,95.4,89.2,71.4,2557400,572424.9,1,130.53,543.71,3.27,83.09,117.75,127.3273333,120.0958333,531.238,519.5155,3.304,3.441,83.63,78.176,116.46,120.2,3,0,0,0,0,0,0,0,0,0,1,0,0,-0.00212766
2025-01-23,2,TRUE,FALSE,82.11,78.29,74.62,82.11,3.91,116.5,126.56,126.56,1,1437.3,197.34,3,2.578,3.26,0.682,2515.49,17.79,1820.34,2046.64,528.88,592.62,3541.04,2,2,-10.90454628,-10.90454628,10.90454628,10.90454628,10.90454628,0,0,0,1,0,0,0,70.89,114.91,119.52,116.5,113.1,63,64,61359250,54866380,115.1,95.4,89.2,71.4,2557400,595936,1,129.85,542.45,3.27,82.21,116.75,127.4273333,120.1413333,536.602,520.747,3.29,3.427,83.622,78.6545,116.92,119.6675,3,0,0,0,0,0,0,0,0,0,1,0,0,0
2025-01-24,2,TRUE,FALSE,81.82,78.5,74.66,81.83,3.84,116.35,127.78,127.78,1,1431.3,197.52,3,2.57,3.25,0.68,2536.8,17.96,1859.22,2054.07,534.1,602.39,3560.11,3.1,3.1,-9.804546284,-9.804546284,9.804546284,9.804546284,9.804546284,0,0,0,1,0,0,0,70.89,114.91,119.52,116.5,113.1,63,64,61359250,54866380,115.1,95.4,89.2,71.4,2557400,595936,1,126.56,528.88,3.26,82.11,116.5,126.6373333,120.992,538.842,520.657,3.278,3.412,83.136,79.0935,117.28,119.155,3,0,0,0,0,0,0,0,0,0,1,0,0,0.012793177
2025-01-31,2,TRUE,FALSE,79.9,76.76,72.53,79.91,2.93,115.5,123.8,105.2028571,7,1452.7,198.91,3,2.573,3.25,0.677,2517.37,18.79,1833.95,2036.81,525.77,592.7,3356.44,-0.8,-0.442857143,-13.70454628,-13.34740343,13.70454628,13.34740343,17.50454628,2.4,1.185714286,8.3,7,0,0,0,70.89,114.91,119.52,116.5,113.1,63,64,61359250,54866380,115.1,95.4,89.2,71.4,2557400,595936,1,127.78,534.1,3.25,81.83,116.35,126.2353333,121.0555,538.65,521.003,3.266,3.396,82.58,79.5215,117.1,118.635,3,0,0,0,0,0,0,0,0,0,1,0,0,0.015789474
2025-02-03,2,TRUE,FALSE,79.04,75.96,73.16,79.04,3.3,115.65,118.04,105.3833333,3,1467.2,199.89,3,2.572,3.25,0.678,2453.95,22.08,1757.97,1951.73,522.92,583.48,3189.47,-4.1,-0.333333333,-17.00454628,-13.23787962,17.00454628,13.23787962,17.00454628,0,0,0,3,0,0,0,70.89,114.91,119.52,116.5,113.1,63,64,49176984,51172292,122.3,95.8,91.3,73,3064945,595936,1,105.2028571,525.77,3.25,79.91,115.5,123.9845714,120.5081429,534.982,521.281,3.26,3.3795,81.83,79.7795,116.57,118.0725,3,0,0,0,0,0,0,0,0,0,1,0,0,-0.005181347
2025-02-04,2,TRUE,FALSE,77.45,76.2,72.7,77.55,3.25,112.5,129.28,129.28,1,1462.9,199.97,3,2.584,3.25,0.666,2481.69,20.91,1764.19,1947.21,519.27,591.7,3221.25,-4.1,-0.333333333,-17.00454628,-13.23787962,17.00454628,13.23787962,17.00454628,0,0,0,1,0,0,0,70.89,114.91,119.52,116.5,113.1,63,64,49176984,51172292,122.3,95.8,91.3,73,3064945,595936,1,105.3833333,522.92,3.25,79.04,115.65,118.9552381,119.9488095,530.824,522.3015,3.256,3.363,81.02,79.998,116.15,117.5175,3,0,0,0,0,0,0,0,0,0,1,0,0,0
2025-02-05,2,TRUE,FALSE,78.39,74.61,71.03,78.39,3.22,111.25,121.72,121.72,1,1444.3,198.32,3,2.578,3.25,0.672,2509.27,20.06,1772.39,1991.07,528.28,585.68,3295.95,-8.6,-8.6,-21.50454628,-21.50454628,21.50454628,21.50454628,21.50454628,0,0,0,1,0,0,0,70.89,115.71,119.52,116.5,113.1,63,64,49176984,51172292,122.3,95.8,91.3,73,3064945,595936,1,129.28,519.27,3.25,77.55,112.5,118.8412381,121.4723095,526.188,523.0815,3.252,3.3465,80.088,80.1095,115.3,116.915,3,0,0,0,0,0,0,0,0,0,1,0,0,0.004166667
2025-02-06,2,TRUE,FALSE,77.45,74.29,70.61,77.45,3.31,108.95,122.95,122.95,1,1447.7,198.58,3,2.582,3.25,0.668,2536.75,19.12,1781.8,2014.56,528.65,598.81,3395.29,-5.6,-5.6,-18.50454628,-18.50454628,18.50454628,18.50454628,18.50454628,2.3,2.3,2.3,1,0,0,0,70.89,115.71,119.52,116.5,113.1,63,64,49176984,51172292,122.3,95.8,91.3,73,3064945,595936,1,121.72,528.28,3.25,78.39,111.25,117.8732381,122.5151429,526.068,524.4965,3.25,3.332,79.344,80.27,114.25,116.2475,3,0,0,0,0,0,0,0,0,0,1,0,0,-0.001037344
2025-02-07,2,TRUE,FALSE,77.78,74.66,71,77.8,3.32,107.25,127.86,127.86,1,1447.8,198.5,3,2.635,3.25,0.615,2521.92,19.29,1765.87,1972.77,506.69,600.43,3447.4,-8,-8,-20.90454628,-20.90454628,20.90454628,20.90454628,20.90454628,0.4,0.4,0.4,1,0,0,0,70.89,115.71,119.52,116.5,113.1,63,64,49176984,51172292,122.3,95.8,91.3,73,3064945,595936,1,122.95,528.65,3.25,77.45,108.95,116.9072381,122.8526429,524.978,525.4635,3.25,3.3215,78.468,80.3155,112.77,115.52,3,0,0,0,0,0,0,0,0,0,1,0,0,0.002076843
2025-02-10,2,TRUE,FALSE,77.96,75.87,72.32,77.96,3.48,105.65,121.71,114.0533333,3,1451.2,198.37,3,2.638,3.25,0.612,2521.27,19.95,1749.09,2001.56,504.51,601.12,3490.87,-2.6,-5.066666667,-15.50454628,-17.97121295,15.50454628,17.97121295,20.80454628,0,0,0,3,0,0,0,70.89,115.71,119.52,116.5,113.1,63,64,49176984,51172292,122.3,95.8,91.3,73,3064945,595936,1,127.86,506.69,3.25,77.8,107.25,121.4386667,124.5393095,521.162,525.1185,3.25,3.3115,78.046,80.3775,111.12,114.895,3,0,0,0,0,0,0,0,0,0,1,0,0,0.002072539
2025-02-11,2,TRUE,FALSE,79.3,77,73.32,79.3,3.65,104.75,122.95,122.95,1,1452.6,198.77,3,2.633,3.25,0.617,2539.05,19.28,1741.28,1996.36,509.51,612.22,3493.86,0.5,0.5,-12.40454628,-12.40454628,12.40454628,12.40454628,12.40454628,0,0,0,1,0,0,0,70.89,115.71,119.52,116.5,113.1,63,64,49176984,51172292,122.3,95.8,91.3,73,3064945,595936,1,114.0533333,504.51,3.25,77.96,105.65,123.1726667,124.4574762,517.48,524.338,3.25,3.302,77.83,80.4605,109.12,114.2625,3,0,0,0,0,0,0,0,0,0,1,0,0,0.002068252
2025-02-12,2,TRUE,FALSE,79.02,75.18,71.37,79.02,3.97,104.5,126.6,126.6,1,1453.4,198.69,3,2.651,3.25,0.599,2548.39,18.8,1736.41,1999.72,513.99,606.7,3473.12,0.5,0.5,-12.40454628,-12.40454628,12.40454628,12.40454628,12.40454628,2.5,2.5,2.5,1,0,0,0,70.89,115.71,119.52,116.5,113.1,63,64,49176984,51172292,122.3,95.8,91.3,73,3064945,595936,1,122.95,509.51,3.25,79.3,104.75,121.9066667,124.5044762,515.528,523.9355,3.25,3.293,78.18,80.539,107.57,113.6275,3,0,0,0,0,0,0,0,0,0,1,0,0,-0.001031992
2025-02-13,2,TRUE,FALSE,76.98,75.02,71.29,76.98,4.43,104.3,125.27,125.27,1,1447.5,198.66,3,2.631,3.25,0.619,2583.17,18.03,1801.44,2055.93,517.46,624.61,3537.41,0.2,0.2,-12.70454628,-12.70454628,12.70454628,12.70454628,12.70454628,0,0,0,1,0,0,0,70.89,115.71,119.52,116.5,113.1,63,64,49176984,51172292,122.3,95.8,91.3,73,3064945,595936,1,126.6,513.99,3.25,79.02,104.5,122.8826667,124.1954762,512.67,523.812,3.25,3.2845,78.306,80.668,106.22,113.065,3,0,0,0,0,0,0,0,0,0,1,0,0,-0.001033058
2025-02-14,2,TRUE,FALSE,77.78,74.74,70.74,77.76,4.6,102.75,120.69,120.69,1,1443.5,198.31,3,2.611,3.25,0.639,2591.05,17.7,1815.36,2034.28,526.97,629.12,3574.32,3.7,3.7,-9.204546284,-9.204546284,9.204546284,9.204546284,9.204546284,0,0,0,1,0,0,0,70.89,115.71,119.52,116.5,113.1,63,64,49176984,51172292,122.3,95.8,91.3,73,3064945,595936,1,125.27,517.46,3.25,76.98,104.3,123.3466667,123.7224762,510.432,523.6305,3.25,3.277,78.212,80.6205,105.29,112.605,3,0,0,0,0,0,0,0,0,0,1,0,0,-0.004136505
2025-02-17,2,TRUE,FALSE,77.56,75.22,70.74,77.56,4.6,102,124.6,114.8533333,3,1441.7,198.85,3,2.623,3.25,0.627,2610.42,18.06,1851.94,2093.85,532.97,627.05,3609.12,-0.3,2.7,-13.20454628,-10.20454628,13.20454628,10.20454628,13.20454628,0,0,0,3,0,0,0,70.89,115.71,119.52,116.5,113.1,63,64,49176984,51172292,122.3,95.8,91.3,73,3064945,595936,1,120.69,526.97,3.25,77.76,102.75,121.9126667,123.6548095,514.488,524.0935,3.25,3.27,78.204,80.3845,104.39,112.0175,3,0,0,0,0,0,0,0,0,0,1,0,0,-0.001038422
2025-02-18,2,TRUE,FALSE,77.88,75.84,71.85,77.93,6.4,100.85,125.42,125.42,1,1443.7,198.24,3,2.641,3.25,0.609,2626.81,17.88,1851.36,2107.38,541.61,645.27,3622.08,-2.3,-2.3,-15.20454628,-15.20454628,15.20454628,15.20454628,15.20454628,0,0,0,1,0,0,0,70.89,115.71,119.52,116.5,113.1,63,64,49176984,51172292,122.3,95.8,91.3,73,3064945,595936,1,114.8533333,532.97,3.25,77.56,102,122.0726667,122.8819762,520.18,524.9305,3.25,3.265,78.124,80.151,103.66,111.3475,3,0,0,0,0,0,0,0,0,0,1,0,0,-0.002079002
2025-02-19,2,TRUE,FALSE,79.41,76.04,72.25,79.41,7.15,103.5,126.04,126.04,1,1438.5,197.6,3,2.63,3.25,0.62,2671.52,18.49,1886.19,2146.54,544.53,640.88,3748.41,-3,-3,-15.90454628,-15.90454628,15.90454628,15.90454628,15.90454628,0,0,0,1,0,0,0,70.89,115.71,119.52,116.5,113.1,63,64,49176984,51172292,122.3,95.8,91.3,73,3064945,595936,1,125.42,541.61,3.25,77.93,100.85,122.5666667,122.6854762,526.6,526.2295,3.25,3.2605,77.85,79.935,102.88,110.6675,3,0,0,0,0,0,0,0,0,0,1,0,0,0
2025-02-20,2,TRUE,FALSE,78.93,76.48,72.57,78.94,5.62,103.5,122.73,122.73,1,1437.9,198,3,2.628,3.25,0.622,2654.06,18.64,1939.91,2149.62,545.92,629.52,3674.35,-2.9,-2.9,-15.80454628,-15.80454628,15.80454628,15.80454628,15.80454628,0,0,0,1,0,0,0,70.89,115.71,120.27,116.5,113.1,63,64,49176984,51172292,122.3,95.8,91.3,73,3064945,595936,1,126.04,544.53,3.25,79.41,103.5,122.4546667,122.4619762,532.708,527.572,3.25,3.257,77.928,79.6785,102.68,110.1075,3,0,0,0,0,0,0,0,0,0,1,0,0,-0.001041667
2025-02-21,2,TRUE,FALSE,78.83,74.43,70.4,78.83,4.43,102,122.57,122.57,1,1434.3,197.83,3,2.618,3.21,0.592,2654.58,18.64,1991.78,2169.63,544.89,629.75,3658.79,-2.5,-2.5,-15.40454628,-15.40454628,15.40454628,15.40454628,15.40454628,0,0,0,1,0,0,0,70.89,115.71,120.27,116.5,113.1,65,61,49176984,51172292,122.3,95.8,91.3,73,3064945,595936,1,122.73,545.92,3.25,78.94,103.5,121.9466667,122.1089762,538.4,528.115,3.25,3.254,78.32,79.395,102.52,109.42,3,0,0,0,0,0,0,0,0,0,1,0,0,-0.003128259
2025-02-24,2,TRUE,FALSE,77.02,74.78,70.7,77.02,3.86,102.25,115.32,99.46666667,3,1427.4,197.1,3,2.61,3.19,0.58,2645.27,19.48,1989.44,2174.32,549.96,626.45,3581.94,-1.3,-2.4,-14.20454628,-15.30454628,14.20454628,15.30454628,16.50454628,0,0,0,3,0,0,0,70.89,115.71,120.27,116.5,113.1,65,61,49176984,51172292,122.3,95.8,91.3,73,3064945,595936,1,122.57,544.89,3.21,78.83,102,122.3226667,122.4146429,541.984,528.154,3.242,3.2505,78.534,79.1535,102.37,108.6125,3,0,0,0,0,0,0,0,0,0,1,0,0,-0.00209205
2025-02-25,2,TRUE,FALSE,77.81,73.02,68.93,77.82,3.88,102,115.62,115.62,1,1430.4,197.05,2.75,2.596,3.12,0.524,2630.29,19.6,1950.51,2117.65,564.49,624.12,3537.68,2.1,2.1,-10.80454628,-10.80454628,10.80454628,10.80454628,10.80454628,0,0,0,1,0,0,0,70.89,115.71,120.27,116.5,113.1,65,61,49176984,51172292,122.3,95.8,91.3,73,3064945,595936,1,99.46666667,549.96,3.19,77.02,102.25,119.2453333,120.8614762,545.382,528.4665,3.23,3.2465,78.426,78.85,102.42,107.8375,3,0,0,0,0,0,0,0,0,0,1,0,0,-0.00524109
2025-02-26,2,TRUE,FALSE,76.27,72.53,68.62,76.27,3.9,102.4,115.13,115.13,1,1433.1,197.34,2.75,2.591,3.09,0.499,2641.09,19.93,1985.93,2152.26,567.37,635.72,3531.64,3.7,3.7,-9.204546284,-9.204546284,9.204546284,9.204546284,9.204546284,0,0,0,1,0,0,0,70.89,115.71,120.27,116.5,113.1,65,61,49176984,51172292,122.3,95.8,91.3,73,3064945,595936,1,115.62,564.49,3.12,77.82,102,117.2853333,120.1499762,549.958,529.5685,3.204,3.239,78.404,78.6305,102.65,107.1,3,0,0,0,0,0,0,0,0,0,1,0,0,0
2025-02-27,2,TRUE,FALSE,76.01,74.04,70.35,76.01,3.91,102.4,106.34,106.34,1,1443,198.37,2.75,2.592,3.07,0.478,2621.75,19.32,1984.08,2154.11,564.8,630.87,3470.44,5.8,5.8,-7.104546284,-7.104546284,7.104546284,7.104546284,7.104546284,0,0,0,1,0,0,0,70.89,115.71,120.27,116.5,113.1,65,61,49176984,51172292,122.3,95.8,91.3,73,3064945,595936,1,115.13,567.37,3.09,76.27,102.4,115.1033333,119.5784762,554.526,531.493,3.172,3.2305,77.776,78.3385,102.43,106.395,3,0,0,0,0,0,0,0,0,0,1,0,0,-0.004214963
2025-02-28,2,TRUE,FALSE,77.52,73.18,69.76,77.52,3.91,102.05,103.89,103.89,1,1463.4,200.57,2.75,2.566,3.05,0.484,2532.78,22.86,1927.94,2048.39,541.54,599.92,3312.64,7.8,7.8,-5.104546284,-5.104546284,5.104546284,5.104546284,5.104546284,0,0,0,1,0,0,0,70.89,115.71,120.27,116.5,113.1,65,61,49176984,51172292,122.3,95.8,91.3,73,3064945,595936,1,106.34,564.8,3.07,76.01,102.4,111.8253333,118.5064762,558.302,533.028,3.136,3.2215,77.19,78.0475,102.21,105.6975,3,0,0,0,0,0,0,0,0,0,1,0,0,0.004232804
2025-03-04,2,TRUE,FALSE,70.44,71.04,68.26,70.44,4.39,101.5,113.37,97.2775,4,1461.8,200.45,2.75,2.541,3.03,0.489,2528.92,23.47,1926.38,1996.4,541.47,599.04,3271.63,2.5,5.6,-10.40454628,-7.304546284,10.40454628,7.304546284,10.40454628,4,6.7,26.8,4,0,0,0,70.89,115.71,120.27,116.5,112.9,65,61,52294560,48329049,103.7,93.6,88,72.2,3264442,595936,1,103.89,541.54,3.05,77.52,102.05,108.0893333,118.4408333,557.632,533.8165,3.104,3.2115,76.928,77.928,102.22,105.025,3,0,0,0,0,0,0,0,0,0,1,0,0,-0.002107482
2025-03-05,2,TRUE,FALSE,71.41,69.3,66.31,71.47,4.4,104.1,116.93,116.93,1,1454.5,200.3,2.75,2.565,3.02,0.455,2558.13,22.17,1971.29,2047.28,565.05,625.2,3312.9,4.8,4.8,-8.104546284,-8.104546284,8.104546284,8.104546284,8.104546284,0,0,0,1,0,0,1250000,70.89,115.71,120.27,116.5,112.9,65,61,52294560,48329049,103.7,93.6,88,72.2,3264442,595936,1,97.2775,541.47,3.03,70.44,101.5,107.6515,118.0355417,555.934,534.744,3.072,3.2005,75.612,77.498,102.07,104.3175,3,0,0,0,0,0,0,0,0,0,1,0,0,0
2025-03-06,2,TRUE,FALSE,70.23,69.46,66.36,70.25,4.39,104.7,106.88,106.88,1,1442.4,199.16,2.75,2.594,3.02,0.426,2576.16,21.27,2062.42,2035.29,561.23,630.43,3230.37,4.8,4.8,-8.104546284,-8.104546284,8.104546284,8.104546284,8.104546284,0,0,0,1,0,0,1250000,70.89,116.08,120.27,116.5,112.9,65,61,52294560,48329049,103.7,93.6,88,72.2,3264442,595936,1,116.93,565.05,3.02,71.47,104.1,107.9135,117.4180417,556.046,537.033,3.052,3.189,74.342,77.194,102.49,103.8975,3,0,0,0,0,0,0,0,0,0,1,0,0,-0.017951426
2025-03-07,2,TRUE,FALSE,70.84,70.36,67.04,70.84,4.39,103.25,111.02,111.02,1,1446.8,199.7,2.75,2.565,3.01,0.445,2563.48,21.97,2160.36,2075.79,556.07,632.85,3246.92,5.3,5.3,-7.604546284,-7.604546284,7.604546284,7.604546284,7.604546284,0,0,0,1,0,1,1250000,70.89,116.08,120.27,116.5,112.9,65,61,52294560,48329049,103.7,93.6,88,72.2,3264442,595936,1,106.88,561.23,3.02,70.25,104.7,106.2635,116.6760417,554.818,538.6805,3.038,3.1775,73.138,76.787,102.95,103.57,3,0,0,0,0,0,0,0,0,0,1,0,0,-0.007526882
2025-03-10,2,TRUE,FALSE,71.38,69.28,66.03,71.39,4.23,104.6,115.68,110.7666667,3,1452.3,200.05,2.75,2.596,3.01,0.414,2570.39,22.13,2146.95,2105.44,556.78,631.97,3222.83,8,6.9,-4.904546284,-6.004546284,4.904546284,6.004546284,7.104546284,0,0,0,3,1,1,1250000,70.89,116.08,120.27,116.5,112.9,65,61,52294560,48329049,103.7,93.6,88,72.2,3264442,595936,1,111.02,556.07,3.01,70.84,103.25,107.1995,116.0795417,553.072,540.0515,3.026,3.1655,72.104,76.4565,103.12,103.285,3,0,0,0,0,0,0,0,0,0,1,0,0,-0.005417118
2025-03-11,2,TRUE,FALSE,70.53,69.56,66.25,70.54,4.57,104.9,114.57,114.57,1,1458.2,201.24,2.75,2.56,3,0.44,2537.6,24.08,2091.25,2056.77,546.89,618.59,3206.05,9.4,9.4,-3.504546284,-3.504546284,3.504546284,3.504546284,3.504546284,0,0,0,1,1,1,1250000,70.89,116.08,120.27,116.5,112.9,65,61,52294560,48329049,103.7,93.6,88,72.2,3264442,595936,1,110.7666667,556.78,3.01,71.39,104.6,108.5748333,115.224875,556.12,542.556,3.018,3.1535,70.878,76.136,103.63,103.1525,3,0,0,0,0,0,0,0,0,0,1,0,0,-0.002178649
2025-03-12,2,TRUE,FALSE,70.64,70.95,67.68,70.66,4.18,101.5,118.88,118.88,1,1451,200.34,2.75,2.55,3,0.45,2574.82,23.08,2173.57,2102.58,544.59,621.13,3360.4,8.5,8.5,-4.404546284,-4.404546284,4.404546284,4.404546284,4.404546284,0,0,0,1,1,1,1250000,70.89,116.08,120.27,116.5,112.9,65,61,52294560,48329049,103.7,93.6,88,72.2,3264442,595936,1,114.57,546.89,3,70.54,104.9,112.0333333,115.2507083,557.204,544.675,3.012,3.141,70.898,75.765,104.31,103.115,3,0,0,0,0,0,0,0,0,0,1,0,0,-0.001091703
2025-03-13,2,TRUE,FALSE,72.07,69.88,66.55,72.1,3.89,101.05,104.73,104.73,1,1453.8,200.77,2.75,2.57,3,0.43,2573.64,23.11,2164.54,2087.89,545.05,617.78,3335.22,8.9,8.9,-4.004546284,-4.004546284,4.004546284,4.004546284,4.004546284,0,0,0,1,1,1,0,112.9,116.08,120.27,116.5,112.9,65,61,52294560,48329049,103.7,93.6,88,72.2,3264442,595936,1,118.88,544.59,3,70.66,101.5,112.4233333,115.0472083,553.112,546.429,3.008,3.1285,70.736,75.333,103.79,102.9525,3,0,0,0,0,0,0,0,0,0,1,0,0,-0.012021858
2025-03-14,2,TRUE,FALSE,71.54,70.58,67.18,71.56,3.89,100.75,110.77,110.77,1,1453.8,200.74,2.75,2.596,3,0.404,2566.36,22,2118.2,2064.94,549.83,614.66,3404.51,12.4,12.4,-0.504546284,-0.504546284,0.504546284,0.504546284,0.504546284,0,0,0,1,1,1,0,112.9,116.08,120.27,116.5,112.9,65,61,52294560,48329049,103.7,93.6,88,72.2,3264442,595936,1,104.73,545.05,3,72.1,101.05,111.9933333,113.9537083,549.876,547.982,3.004,3.116,71.106,74.987,103.06,102.78,3,0,0,0,0,0,0,0,0,0,1,0,0,-0.004424779
2025-03-17,2,TRUE,FALSE,72.22,71.07,67.58,72.25,4.15,98.75,112.12,99.52666667,3,1447.9,199.89,2.75,2.601,3,0.399,2610.69,20.85,2122.54,2051.06,546.22,619.47,3486.05,2.5,6.666666667,-10.40454628,-6.237879618,10.40454628,6.237879618,10.40454628,0.4,0.4,1.2,3,0,1,0,112.9,116.08,120.27,116.5,112.9,65,61,52294560,48329049,103.7,93.6,88,72.2,3264442,595936,1,110.77,549.83,3,71.56,100.75,111.9433333,113.2287083,548.628,549.6005,3.002,3.1035,71.25,74.716,102.56,102.6025,3,0,0,0,0,0,0,0,0,0,1,0,0,-0.002222222
2025-03-18,2,TRUE,FALSE,73.04,70.56,66.9,73.04,4.17,97.1,124.82,124.82,1,1452.9,200.7,2.75,2.598,3,0.402,2612.34,20.41,2115.96,2037.72,543.18,630.53,3454.19,2.1,2.1,-10.80454628,-10.80454628,10.80454628,10.80454628,10.80454628,9.9,9.9,9.9,1,0,0,0,112.9,116.08,120.27,116.5,112.9,65,61,52294560,48329049,103.7,93.6,88,72.2,3264442,595936,1,99.52666667,546.22,3,72.25,98.75,109.6953333,112.1705417,546.516,550.563,3,3.091,71.422,74.4405,101.39,102.4025,3,0,0,0,0,0,0,0,0,0,1,0,0,-0.0077951
2025-03-19,2,TRUE,FALSE,71.88,70.78,67.16,71.88,4.21,97.5,123.22,123.22,1,1453.4,200.77,2.75,2.621,3,0.379,2628.62,20.33,2121.06,2065.68,545.7,623.57,3495.79,2.4,2.4,-10.50454628,-10.50454628,10.50454628,10.50454628,10.50454628,0,0,0,1,0,0,0,112.9,116.08,120.27,116.5,112.9,65,61,52294560,48329049,103.7,93.6,88,72.2,3264442,595936,1,124.82,543.18,3,73.04,97.1,111.7453333,112.668875,545.774,551.0735,3,3.0785,71.922,74.2145,99.83,102.1575,3,0,0,0,0,0,0,0,0,0,1,0,0,-0.006734007
2025-03-20,2,TRUE,FALSE,72.94,72,68.26,72.94,4.23,97.75,124.94,124.94,1,1458.9,201.59,2.75,2.598,3,0.402,2637.1,19.6,2162.27,2075.28,541.38,617.79,3545.18,8.2,8.2,-4.704546284,-4.704546284,4.704546284,4.704546284,4.704546284,0,0,0,1,0,0,0,112.9,116.08,120.27,116.5,112.9,65,61,52294560,48329049,103.7,93.6,88,72.2,3264442,595936,1,123.22,545.7,3,71.88,97.5,112.6133333,112.558875,545.996,551.278,3,3.066,72.166,73.912,99.03,101.99,3,0,0,0,0,0,0,0,0,0,1,0,0,-0.007909605
2025-03-21,2,TRUE,FALSE,73.81,72.16,68.28,73.83,3.93,97,121.81,121.81,1,1462.7,201.76,2.75,2.597,3,0.403,2643.13,19.66,2129.73,2063.45,543.73,619.23,3607.92,11.6,11.6,-1.304546284,-1.304546284,1.304546284,1.304546284,1.304546284,0,0,0,1,0,0,0,112.9,116.08,120.33,116.5,112.9,65,61,52294560,48329049,103.7,93.6,88,72.2,3264442,595936,1,124.94,541.38,3,72.94,97.75,116.6553333,112.503875,545.262,551.1205,3,3.0535,72.334,73.5885,98.37,101.7025,3,0,0,0,0,0,0,0,0,0,1,0,0,-0.011389522
2025-03-24,2,TRUE,FALSE,73.43,73,69.11,73.43,4.03,96.9,112.38,118.0666667,3,1467.7,202.19,2.75,2.604,3,0.396,2632.07,19.68,2104.69,2062.39,543.98,612.1,3553.56,15.5,14.5,2.595453716,1.595453716,2.595453716,1.665151239,2.595453716,0,0,0,3,0,0,0,112.9,116.08,120.33,116.5,112.9,65,61,52294560,48329049,103.7,93.6,88,72.2,3264442,595936,1,121.81,543.73,3,73.83,97,118.8633333,112.457875,544.042,551.011,3,3.041,72.788,73.333,97.62,101.3775,3,0,0,0,0,0,0,0,0,0,1,0,0,-0.005760369
2025-03-25,2,TRUE,FALSE,74.69,73.02,69,74.69,3.94,96.4,115.58,115.58,1,1469.2,202.15,2.75,2.612,3,0.388,2615.81,19.64,2037.25,2027.21,543.31,614.39,3454.46,12.7,12.7,-0.204546284,-0.204546284,0.204546284,0.204546284,0.204546284,0,0,0,1,0,0,0,112.9,116.08,120.33,116.5,112.9,65,61,52294560,48329049,103.7,93.6,88,72.2,3264442,595936,1,118.0666667,543.98,3,73.43,96.9,122.5713333,112.2327083,543.594,550.9655,3,3.0305,73.024,73.063,97.25,101.1225,3,0,0,0,0,0,0,0,0,0,1,0,0,0.019698725
2025-03-26,2,TRUE,FALSE,74.7,73.79,69.65,74.7,3.85,96.75,120.25,120.25,1,1466.3,201.61,2.75,2.618,3,0.382,2643.94,19.67,2066.97,2069.53,545.62,615.83,3519.22,15.5,15.5,2.595453716,2.595453716,2.595453716,2.595453716,2.595453716,0,0,0,1,0,0,0,112.9,116.08,120.33,116.5,112.9,68,63,52294560,48329049,103.7,93.6,88,72.2,3264442,595936,1,115.58,543.31,3,74.69,96.4,120.7233333,113.038375,543.62,550.633,3,3.021,73.354,72.9465,97.11,100.83,3,0,0,0,0,0,0,0,0,0,1,0,0,0.027272727
2025-03-27,2,TRUE,FALSE,74.8,74.03,69.92,74.8,3.88,96.75,121.33,121.33,1,1465.3,201.55,2.75,2.622,3,0.378,2607.15,20.44,2009.23,2036.83,535.91,614.62,3434.09,13.7,13.7,0.795453716,0.795453716,0.795453716,0.795453716,0.795453716,0.3,0.3,0.3,1,0,0,0,112.9,116.08,120.33,116.5,112.9,68,63,52294560,48329049,103.7,93.6,88,72.2,3264442,595936,1,120.25,545.62,3,74.7,96.75,120.1293333,113.269875,543.604,549.6895,3,3.015,73.918,72.7905,96.96,100.5675,3,0,0,0,0,0,0,0,0,0,1,0,0,-0.006637168
2025-03-28,2,TRUE,FALSE,75.88,73.63,69.36,75.88,3.89,96.55,125.83,125.83,1,1466.5,201.72,2.75,2.629,3,0.371,2557.98,21.18,1935.42,1989.06,527.61,611.13,3320.6,6.5,6.5,-6.404546284,-6.404546284,6.404546284,6.404546284,6.404546284,0,0,0,1,0,0,0,112.9,116.08,120.33,116.5,112.9,68,63,52294560,48329049,103.7,93.6,88,72.2,3264442,595936,1,121.33,535.91,3,74.8,96.75,119.4073333,113.579875,542.51,548.1165,3,3.0105,74.29,72.717,96.76,100.285,3,0,0,0,0,0,0,0,0,0,1,0,0,0
2025-03-31,2,TRUE,FALSE,75.88,74.74,71.48,75.88,4.11,103,120.5,121.4533333,3,1472.9,202.78,2.75,2.569,3,0.431,2481.12,25.35,1881.89,1893.58,517.33,606.85,3165,7.7,4.766666667,-5.204546284,-8.137879618,5.204546284,8.137879618,9.604546284,0,0,0,3,0,0,0,112.9,116.08,120.33,116.9,113.2,68,63,52294560,48329049,105.7,85,85.9,72.5,2407797,595936,1,125.83,527.61,3,75.88,96.55,120.2113333,114.554375,539.286,546.257,3,3.007,74.7,72.7105,96.67,99.9925,3,0,0,0,0,0,0,0,0,0,1,0,0,0.003340757
2025-04-01,3,TRUE,FALSE,75.97,74.49,71.2,76.02,3.96,102.65,128.85,128.85,1,1471.9,202.19,2.75,2.581,2.99,0.409,2521.39,24.21,1881.1,1909.63,525.79,614.83,3248.23,10.1,10.1,-2.804546284,-2.804546284,2.804546284,2.804546284,2.804546284,0,0,0,1,0,0,0,112.9,116.08,120.33,116.9,113.2,68,63,58064562,53341032,105.7,85,85.9,72.5,2407797,595936,1,121.4533333,517.33,3,75.88,103,120.8886667,115.4325417,533.956,545.0465,3,3.0045,75.19,72.6285,97.89,100.04,3,0,0,0,0,0,0,0,0,0,1,0,0,-0.003329634
2025-04-02,3,TRUE,FALSE,76.15,74.95,71.71,76.15,4.04,101,123.12,123.12,1,1466.6,201.55,2.75,2.584,2.98,0.396,2505.86,24.5,1832.94,1862.74,519.34,609.29,3227.97,8.9,8.9,-4.004546284,-4.004546284,4.004546284,4.004546284,4.004546284,0,0,0,1,0,0,0,112.9,116.29,120.33,116.9,113.2,68,63,58064562,53341032,105.7,85,85.9,72.5,2407797,595936,1,128.85,525.79,2.99,76.02,102.65,123.5426667,117.0111667,530.452,544.2625,2.998,3.0025,75.456,72.9075,99.14,100.0975,3,0,0,0,0,0,0,0,0,0,1,0,0,-0.011135857
2025-04-03,3,TRUE,FALSE,75.08,70.14,66.95,75.08,4.21,99.4,135.42,135.42,1,1467,200.67,2.75,2.529,2.96,0.431,2486.7,26.09,1825.55,1823.97,525.06,609.49,3180.09,9.8,9.8,-3.104546284,-3.104546284,3.104546284,3.104546284,3.104546284,0,0,0,1,0,0,0,112.9,116.29,120.33,116.9,113.2,68,63,58064562,53341032,105.7,85,85.9,72.5,2407797,595936,1,123.12,519.34,2.98,76.15,101,124.1166667,117.3206667,525.196,541.977,2.994,3.0005,75.746,73.1415,99.99,99.9425,3,0,0,0,0,0,0,0,0,0,1,0,0,-0.015765766
2025-04-04,3,TRUE,FALSE,70.48,65.58,61.99,70.48,4.04,97,133.65,133.65,1,1434.1,197.73,2.75,2.461,2.95,0.489,2465.42,26.8,1815.79,1844.86,527.9,605.03,3054.38,10.6,10.6,-2.304546284,-2.304546284,2.304546284,2.304546284,2.304546284,0,0,0,1,0,0,0,112.9,116.29,120.33,116.9,113.2,68,63,58064562,53341032,105.7,85,85.9,72.5,2407797,595936,1,135.42,525.06,2.96,75.08,99.4,126.9346667,118.7476667,523.026,540.1685,2.986,2.9975,75.802,73.383,100.52,99.6775,3,0,0,0,0,0,0,0,0,0,1,0,0,0.006864989
2025-04-07,3,TRUE,FALSE,64.57,64.21,60.7,64.57,3.97,97.5,128.14,114.3266667,3,1467.8,200.36,2.75,2.405,2.94,0.535,2328.2,44.23,1690.32,1719.63,511.6,573.26,2819.19,13.5,10.6,0.595453716,-2.304546284,0.595453716,2.701515428,4.904546284,0,7.6,22.8,3,0,0,0,112.9,116.29,120.33,116.9,113.2,68,63,58064562,53341032,105.7,85,85.9,72.5,2407797,595936,1,133.65,527.9,2.95,70.48,97,128.4986667,119.8791667,523.084,538.76,2.976,2.9945,74.722,73.365,100.61,99.365,3,0,0,0,0,0,0,0,0,0,1,0,0,-0.003409091
2025-04-08,3,TRUE,FALSE,65.21,62.82,59.58,65.21,3.85,98,135.99,135.99,1,1473.2,200.55,2.75,2.413,2.94,0.527,2334.23,37.83,1681.69,1714.04,510.56,581.54,2850.54,13.8,13.8,0.895453716,0.895453716,0.895453716,0.895453716,0.895453716,0,0,0,1,0,0,0,112.9,116.29,120.33,116.9,113.2,68,63,58064562,53341032,105.7,85,85.9,72.5,2407797,595936,1,114.3266667,511.6,2.94,64.57,97.5,127.0733333,120.0571667,521.938,536.501,2.964,2.991,72.46,73.024,99.51,99.01,3,0,0,0,0,0,0,0,0,0,1,0,0,-0.007981756
2025-04-09,3,TRUE,FALSE,61.88,65.48,62.35,61.93,3.42,96.5,135.54,135.54,1,1484.1,200.9,2.75,2.434,2.94,0.506,2293.7,40.97,1655.13,1656.22,509.15,573.92,2789.44,12.7,12.7,-0.204546284,-0.204546284,0.204546284,0.204546284,0.204546284,0.8,0.8,0.8,1,0,0,0,112.9,116.29,120.33,116.9,113.2,68,63,58064562,53341032,105.7,85,85.9,72.5,2407797,595936,1,135.99,510.56,2.94,65.21,98,128.5013333,121.1281667,518.892,534.6845,2.954,2.988,70.298,72.7575,98.58,98.665,3,0,0,0,0,0,0,0,0,0,1,0,0,-0.004597701
2025-04-10,3,TRUE,FALSE,65.41,63.33,60.07,65.41,3.7,96.25,131.79,131.79,1,1456.4,198.21,2.75,2.437,2.94,0.503,2445.06,28.2,1754.83,1795.9,529.77,606.33,3010.85,13.2,13.2,0.295453716,0.295453716,0.295453716,0.295453716,0.295453716,0,0,0,1,0,0,0,112.9,116.29,120.33,116.9,113.2,68,63,58064562,53341032,105.7,85,85.9,72.5,2407797,595936,1,135.54,509.15,2.94,61.93,96.5,130.9853333,121.9611667,516.854,532.9125,2.946,2.985,67.454,72.321,97.68,98.415,3,0,0,0,0,0,0,0,0,0,1,0,0,0
2025-04-11,3,TRUE,FALSE,64.91,64.76,61.5,64.99,3.44,94.85,129.53,129.53,1,1449.9,197.96,2.75,2.411,2.94,0.529,2432.72,31.47,1731.54,1794.38,536.33,612.56,3008.48,16.2,16.2,3.295453716,3.295453716,3.295453716,3.295453716,3.295453716,0,0,0,1,0,0,0,112.9,116.29,120.33,116.9,113.2,68,63,58064562,53341032,105.7,85,85.9,72.5,2407797,595936,1,131.79,529.77,2.94,65.41,96.25,130.2593333,123.3141667,517.796,532.1485,2.942,2.982,65.52,71.9865,97.05,98.175,3,0,0,0,0,0,0,0,0,0,1,0,0,0.015011547
2025-04-14,3,TRUE,FALSE,66.24,64.88,61.53,66.23,3.57,95.5,133.77,120.5966667,3,1424.1,194.9,2.75,2.408,2.94,0.532,2455.89,28.32,1747.66,1804.75,542,614.21,3038.59,4.4,7.6,-8.504546284,-5.304546284,8.504546284,5.304546284,8.504546284,7.4,9,27,3,0,0,0,112.9,116.29,120.33,116.9,113.2,68,63,58064562,53341032,105.7,85,85.9,72.5,2407797,595936,1,129.53,536.33,2.94,64.99,94.85,129.4353333,124.2521667,519.482,531.4735,2.94,2.979,64.422,71.658,96.62,97.88,3,0,0,0,0,0,0,0,0,0,1,0,0,-0.002275313
2025-04-15,3,TRUE,FALSE,66.61,64.67,61.33,66.6,3.27,95.5,136,136,1,1425.5,194.96,2.75,2.399,2.94,0.541,2477.41,24.48,1777.94,1816.98,553.85,625.87,3060.47,8.2,8.2,-4.704546284,-4.704546284,4.704546284,4.704546284,4.704546284,0,0,0,1,0,0,0,112.9,116.29,120.33,116.9,113.2,68,63,58064562,53341032,105.7,85,85.9,72.5,2407797,595936,1,120.5966667,542,2.94,66.23,95.5,130.6893333,125.3056667,525.562,531.2625,2.94,2.976,64.754,71.357,96.22,97.7175,3,0,0,0,0,0,0,0,0,0,1,0,0,-0.003420753
2025-04-16,3,TRUE,FALSE,66.63,65.85,62.47,66.62,3.25,94.25,137.75,137.75,1,1426.7,194.65,2.75,2.351,2.93,0.579,2447.43,26.62,1748.48,1777.66,548.58,618.63,2950.52,14.6,14.6,1.695453716,1.695453716,1.695453716,1.695453716,1.695453716,0,0,0,1,0,0,0,112.9,116.29,120.33,116.9,113.2,68,63,58064562,53341032,105.7,85,85.9,72.5,2407797,595936,1,136,553.85,2.94,66.6,95.5,130.6913333,125.8646667,534.22,531.796,2.94,2.973,65.032,71.035,95.72,97.6375,3,0,0,0,0,0,0,0,0,0,1,0,0,-0.00228833
2025-04-17,3,TRUE,FALSE,68.14,67.96,64.68,68.13,2.94,95.05,130.26,130.26,1,1418.9,194.19,2.75,2.385,2.93,0.545,2470.41,24.59,1755.09,1800.24,555.36,622.3,2995.53,19.7,19.7,6.795453716,6.795453716,6.795453716,6.795453716,6.795453716,0,0,0,1,0,0,0,112.9,116.29,120.33,116.9,113.2,68,63,58064562,53341032,105.7,85,85.9,72.5,2407797,595936,1,137.75,548.58,2.93,66.62,94.25,131.1333333,126.5911667,542.106,531.94,2.938,2.9695,65.97,70.772,95.27,97.475,3,0,0,0,0,0,0,0,0,0,1,0,0,-0.001146789
2025-04-18,3,TRUE,FALSE,68.14,67.96,64.68,68.13,2.94,95.05,131.13,131.13,1,1423.3,195.01,2.75,2.362,2.93,0.568,2483.42,23.66,1753.07,1804.88,559.26,631.85,3021.42,18.6,18.6,5.695453716,5.695453716,5.695453716,5.695453716,5.695453716,0,0,0,1,0,0,0,112.9,116.29,120.33,116.9,113.2,68,63,58064562,53341032,105.7,85,85.9,72.5,2407797,595936,1,130.26,555.36,2.93,68.13,95.05,130.8273333,126.8571667,547.224,532.639,2.936,2.966,66.514,70.5315,95.03,97.34,3,0,0,0,0,0,0,0,0,0,1,0,0,0
2025-04-21,3,TRUE,FALSE,68.41,66.26,63.08,68.4,3.16,95.05,126.13,108.7,3,1419.1,194.75,2.75,2.331,2.93,0.599,2488.42,25.08,1747.51,1805.48,565.73,629.75,3044.5,20.7,17.56666667,7.795453716,4.662120382,7.795453716,4.662120382,7.795453716,0,3.066666667,9.2,3,0,0,0,112.9,116.29,120.33,116.9,113.2,68,63,58064562,53341032,105.7,85,85.9,72.5,2407797,595936,1,131.13,559.26,2.93,68.13,95.05,131.1473333,127.3231667,551.81,533.4155,2.934,2.9625,67.142,70.2465,95.07,97.2425,3,0,0,0,0,0,0,0,0,0,1,0,0,-0.004592423
2025-04-22,3,TRUE,FALSE,68.52,67.44,64.31,68.51,3.12,93.9,129.93,129.93,1,1420.6,194.22,2.75,2.33,2.93,0.6,2486.64,24.85,1763.91,1800.22,583.86,624.92,3007.9,17.8,17.8,4.895453716,4.895453716,4.895453716,4.895453716,4.895453716,34.8,34.8,34.8,1,0,0,0,112.9,116.29,120.36,116.9,113.2,68,63,58064562,53341032,105.7,85,85.9,72.5,2407797,595936,1,108.7,565.73,2.93,68.4,95.05,128.768,126.8548333,556.556,534.503,2.932,2.959,67.576,69.995,94.98,97.15,3,0,0,0,0,0,0,0,0,0,1,0,0,0.00461361
2025-04-23,3,TRUE,FALSE,69.47,66.12,62.27,69.47,3.12,93.7,129.93,129.93,1,1420.6,194.79,2.75,2.337,2.93,0.593,2525.56,22.74,1804.88,1856.37,591.36,633.29,3139.72,16.8,16.8,3.895453716,3.895453716,3.895453716,3.895453716,3.895453716,0,0,0,1,0,0,0,112.9,116.29,120.36,116.9,113.2,68,63,58064562,53341032,105.7,85,85.9,72.5,2407797,595936,1,129.93,583.86,2.93,68.51,93.9,127.554,127.5723333,562.558,536.5305,2.93,2.9555,67.958,69.686,94.66,97.025,3,0,0,0,0,0,0,0,0,0,1,0,0,-0.001148106
2025-04-24,3,TRUE,FALSE,67.6,66.55,62.79,67.59,2.87,93.8,129.54,129.54,1,1435,196.48,2.75,2.341,2.93,0.589,2522.33,22.79,1807.59,1871.08,588.43,643.26,3110.51,14.7,14.7,1.795453716,1.795453716,1.795453716,1.795453716,1.795453716,0,0,0,1,0,0,0,112.9,116.29,120.36,116.9,113.2,68,64,58064562,53341032,105.7,85,85.9,72.5,2407797,550232.4,1,129.93,591.36,2.93,69.47,93.7,125.99,128.0563333,571.114,538.8175,2.93,2.952,68.528,69.4245,94.55,96.8725,3,0,0,0,0,0,0,0,0,0,1,0,0,0.002298851
2025-04-25,3,TRUE,FALSE,67.23,66.87,63.02,67.23,2.71,93.75,125.74,125.74,1,1436.5,197.19,2.75,2.305,2.93,0.625,2546.3,21.43,1818.44,1903.84,594.91,643.34,3168.34,12.5,12.5,-0.404546284,-0.404546284,0.404546284,0.404546284,0.404546284,0,0,0,1,0,0,0,112.9,116.29,120.36,116.9,113.2,68,64,58064562,53341032,105.7,85,85.9,72.5,2407797,550232.4,1,129.54,588.43,2.93,67.59,93.8,125.846,128.4668333,577.728,541.4435,2.93,2.9485,68.42,69.064,94.3,96.725,3,0,0,0,0,0,0,0,0,0,1,0,0,0.001146789
2025-04-28,3,TRUE,FALSE,66.85,65.86,62.05,66.85,2.96,95.6,116.98,108.96,3,1442.6,197.61,2.75,2.316,2.93,0.614,2548.86,21.23,1836.26,1890.64,600.15,658.64,3081.31,15.1,14.6,2.195453716,1.695453716,2.195453716,1.695453716,2.195453716,0,0,0,3,0,0,0,112.9,116.29,120.36,116.9,113.2,68,64,58064562,53341032,105.7,85,85.9,72.5,2407797,550232.4,1,125.74,594.91,2.93,67.23,93.75,124.768,128.4623333,584.858,544.8085,2.93,2.945,68.24,68.6315,94.04,96.585,3,0,0,0,0,0,0,0,0,0,1,0,0,0.003436426
2025-04-29,3,TRUE,FALSE,64.61,64.25,60.42,64.61,3.17,97.25,124.4,124.4,1,1437.3,197.64,2.75,2.31,2.93,0.62,2565.42,20.7,1843.6,1909.82,604.89,659.98,3093.44,14.8,14.8,1.895453716,1.895453716,1.895453716,1.895453716,1.895453716,0,0,0,1,0,0,0,112.9,116.29,120.36,116.9,113.2,68,64,58064562,53341032,105.7,85,85.9,72.5,2407797,550232.4,1,108.96,600.15,2.93,66.85,95.6,124.82,127.8376667,591.742,548.9495,2.93,2.9415,67.93,68.18,94.15,96.215,3,0,0,0,0,0,0,0,0,0,1,0,0,0.003424658
2025-04-30,3,TRUE,FALSE,62.53,63.12,58.21,62.53,3.12,97.5,130.14,130.14,1,1421,195.62,2.75,2.267,2.93,0.663,2556.61,20.74,1843.04,1873.55,603.5,665.15,3046.65,18.4,18.4,5.495453716,5.495453716,5.495453716,5.495453716,5.495453716,0,0,0,1,0,0,0,112.9,116.29,120.36,117.6,113.6,68,64,58064562,53341032,118.7,93.1,92,73.9,3618655,550232.4,1,124.4,604.89,2.93,64.61,97.25,123.714,127.6151667,595.948,552.9045,2.93,2.9385,67.15,67.6095,94.82,95.945,3,0,0,0,0,0,0,0,0,0,1,0,0,0
2025-05-02,3,TRUE,FALSE,62,61.29,58.29,62,3.1,98,125.93,122.565,2,1405.3,193.99,2.75,2.282,2.93,0.648,2559.79,20.93,1832.32,1861.23,592.24,658.33,3087.98,13.4,14.05,0.495453716,1.145453716,0.495453716,1.145453716,1.795453716,0,10.55,21.1,2,0,0,0,112.9,116.38,120.36,117.6,113.6,68,64,58035745,53232716,118.7,93.1,92,73.9,3618655,550232.4,1,130.14,603.5,2.93,62.53,97.5,123.756,127.9661667,598.376,557.1125,2.93,2.936,65.762,66.9285,95.58,95.77,3,0,0,0,0,0,0,0,0,0,1,0,0,0.001137656
2025-05-07,3,TRUE,FALSE,63.62,61.12,58.07,63.62,3.18,98.75,122.31,120.912,5,1398,193.78,2.75,2.253,2.93,0.677,2573.8,21.01,1838.93,1863.06,597.95,671.81,3133.17,14.9,13.26,1.995453716,0.355453716,1.995453716,1.359090743,1.995453716,0,1.46,7.3,5,0,0,1000000,112.9,116.38,120.36,117.6,113.6,68,64,58035745,53232716,118.7,93.1,92,73.9,3618655,550232.4,1,122.565,592.24,2.93,62,98,122.361,127.3234167,599.138,560.4715,2.93,2.9345,64.644,66.2745,96.42,95.7,3,0,0,0,0,0,0,0,0,0,1,0,0,-0.003409091
2025-05-08,3,TRUE,FALSE,62.17,62.84,59.91,62.16,3.23,98.5,124.99,124.99,1,1396.6,193.01,2.75,2.281,2.93,0.649,2579.48,19.76,1850.92,1882.6,594.93,672.04,3149.19,17.4,17.4,4.495453716,4.495453716,4.495453716,4.495453716,4.495453716,0,0,0,1,0,0,1000000,112.9,116.38,120.36,117.6,113.6,68,64,58035745,53232716,118.7,93.1,92,73.9,3618655,550232.4,1,120.912,597.95,2.93,63.62,98.75,121.3954,126.6865167,599.746,563.974,2.93,2.9335,63.922,65.9315,97.42,95.7875,3,0,0,0,0,0,0,0,0,0,1,0,0,-0.001140251
2025-05-09,3,TRUE,FALSE,63.91,63.91,61.02,63.91,3.22,98.9,122.04,122.04,1,1400,193.24,2.75,2.331,2.93,0.599,2577.27,19.48,1858.53,1847.14,599.59,660.18,3122.94,15.1,15.1,2.195453716,2.195453716,2.195453716,2.195453716,2.195453716,17.6,17.6,17.6,1,0,1,1000000,112.9,116.38,120.36,117.6,113.6,68,64,58035745,53232716,118.7,93.1,92,73.9,3618655,550232.4,1,124.99,594.93,2.93,62.16,98.5,124.6014,127.2196833,598.702,568.1405,2.93,2.933,62.984,65.811,98,95.8375,3,0,0,0,0,0,0,0,0,0,1,0,0,0.00456621
2025-05-12,3,TRUE,FALSE,63.91,64.96,61.95,63.91,3.19,99.75,124.45,118.29,3,1402.4,194.29,2.75,2.33,2.93,0.6,2607.33,19.2,1890.26,1888.94,603.57,684.78,3255.16,17,14.66666667,4.095453716,1.762120382,4.095453716,2.165151239,4.095453716,0,4.7,14.1,3,1,1,1000000,112.9,116.38,120.36,117.6,113.6,68,64,58035745,53232716,118.7,93.1,92,73.9,3618655,550232.4,1,122.04,599.59,2.93,63.91,98.9,124.1294,126.5221833,597.642,572.592,2.93,2.9325,62.844,65.746,98.33,95.8825,3,0,0,0,0,0,0,0,0,0,1,0,0,0.001136364
2025-05-13,3,TRUE,FALSE,65.27,66.63,63.67,65.27,3.27,99.9,126.32,126.32,1,1416,197.05,2.75,2.37,2.93,0.56,2608.42,17.86,1859.36,1873.14,597.47,678.99,3277.82,19.9,19.9,6.995453716,6.995453716,6.995453716,6.995453716,6.995453716,0,0,0,1,1,1,1000000,112.9,116.38,120.36,117.6,113.6,68,64,58035745,53232716,118.7,93.1,92,73.9,3618655,550232.4,1,118.29,603.57,2.93,63.91,99.75,121.7594,125.6596833,597.656,577.313,2.93,2.932,63.12,65.845,98.78,96.045,3,0,0,0,0,0,0,0,0,0,1,0,0,0.010215664
2025-05-14,3,TRUE,FALSE,66.01,66.09,63.15,66.01,3.31,99,127.96,127.96,1,1420.2,197.02,2.75,2.351,2.93,0.579,2640.57,17.86,1850.77,1901.37,609.6,682.91,3353.16,21,21,8.095453716,8.095453716,8.095453716,8.095453716,8.095453716,0,0,0,1,1,1,1000000,112.9,116.38,120.36,117.6,113.6,68,64,58035745,53232716,118.7,93.1,92,73.9,3618655,550232.4,1,126.32,597.47,2.93,65.27,99.9,122.5104,125.3861833,598.702,580.698,2.93,2.9315,63.774,65.838,99.16,96.2275,3,0,0,0,0,0,0,0,0,0,1,0,0,0.001123596
2025-05-15,3,TRUE,FALSE,63.7,64.53,61.62,63.69,3.2,99,125.64,125.64,1,1394.5,193.5,2.75,2.362,2.93,0.568,2621.36,18.29,1837.82,1889.68,609.85,675.37,3277.29,19.5,19.5,6.595453716,6.595453716,6.595453716,6.595453716,6.595453716,1.1,1.1,1.1,1,1,1,0,143.4,116.38,120.36,117.6,113.6,68,64,58035745,53232716,118.7,93.1,92,73.9,3618655,550232.4,1,127.96,609.6,2.93,66.01,99,123.92,125.3076833,601.032,584.3615,2.93,2.931,64.252,65.889,99.21,96.435,3,0,0,0,0,0,0,0,0,0,1,0,0,0
2025-05-16,3,TRUE,FALSE,63.78,65.41,62.49,63.77,3.01,99,132.35,132.35,1,1389.6,193.08,2.75,2.319,2.93,0.611,2626.87,18.13,1813.63,1862.54,641.72,685.42,3316.63,19.4,19.4,6.495453716,6.495453716,6.495453716,6.495453716,6.495453716,51.3,51.3,51.3,1,1,1,0,143.4,116.38,120.36,117.6,113.6,68,64,58035745,53232716,118.7,93.1,92,73.9,3618655,550232.4,1,125.64,609.85,2.93,63.69,99,124.05,125.55985,604.016,587.754,2.93,2.9305,64.558,65.762,99.31,96.61,3,0,0,0,0,0,0,0,0,0,1,0,0,0
2025-05-19,3,TRUE,FALSE,64.24,65.54,62.69,64.23,2.96,99.25,123.81,118.7166667,3,1397.8,193.67,2.75,2.366,2.93,0.564,2603.42,19.69,1785.52,1864.98,658.53,679.97,3214.6,16.1,16.66666667,3.195453716,3.762120382,3.195453716,3.762120382,5.395453716,1.6,1.266666667,3.8,3,0,1,0,143.4,116.38,120.36,117.6,113.6,68,64,58035745,53232716,118.7,93.1,92,73.9,3618655,550232.4,1,132.35,641.72,2.93,63.77,99,126.112,125.37735,612.442,592.1475,2.93,2.93,64.53,65.6205,99.33,96.785,3,0,0,0,0,0,0,0,0,0,1,0,0,0.001122334
2025-05-20,3,TRUE,FALSE,64.99,65.38,62.56,64.98,3.15,100.55,130.49,130.49,1,1392.4,192.92,2.75,2.33,2.93,0.6,2601.8,19.18,1786.74,1815.55,680.47,690.6,3217.47,22.2,22.2,9.295453716,9.295453716,9.295453716,9.295453716,9.295453716,1,1,1,1,0,0,0,143.4,116.38,120.36,117.6,113.6,68,64,58035745,53232716,118.7,93.1,92,73.9,3618655,550232.4,1,118.7166667,658.53,2.93,64.23,99.25,126.1973333,124.4256833,623.434,597.645,2.93,2.93,64.594,65.501,99.23,97.035,3,0,0,0,0,0,0,0,0,0,1,0,0,0.002242152
2025-05-21,3,TRUE,FALSE,66.04,64.91,61.57,66.03,3.2,100.45,134.22,134.22,1,1387.2,192.54,2.75,2.345,2.93,0.585,2625.58,19.48,1783.7,1828.53,678.98,702.29,3217.7,25.5,25.5,12.59545372,12.59545372,12.59545372,12.59545372,12.59545372,0,0,0,1,0,0,0,143.4,116.38,120.36,117.6,113.6,68,64,58035745,53232716,118.7,93.1,92,73.9,3618655,550232.4,1,130.49,680.47,2.93,64.98,100.55,127.0313333,124.4371833,640.034,603.9005,2.93,2.93,64.536,65.3435,99.36,97.31,3,0,0,0,0,0,0,0,0,0,1,0,0,0.001118568
2025-05-22,3,TRUE,FALSE,63.75,64.44,61.2,63.73,3,100.1,139.54,139.54,1,1381.3,191.7,2.75,2.336,2.93,0.594,2593.67,19.95,1764.21,1791.29,671.84,692.52,3141.33,23.9,23.9,10.99545372,10.99545372,10.99545372,10.99545372,10.99545372,0.8,0.8,0.8,1,0,0,0,143.4,116.38,120.36,117.6,113.6,68,64,58035745,53232716,118.7,93.1,92,73.9,3618655,550232.4,1,134.22,678.98,2.93,66.03,100.45,128.2833333,124.5916833,653.91,609.8865,2.93,2.93,64.54,65.2385,99.65,97.58,3,0,0,0,0,0,0,0,0,0,1,0,0,0
2025-05-23,3,TRUE,FALSE,63.21,64.78,61.53,63.2,2.93,100.4,133.82,133.82,1,1375.6,191.14,2.75,2.338,2.93,0.592,2592.09,19.59,1762.33,1749.23,691.28,734.72,3131.72,19.4,19.4,6.495453716,6.495453716,6.495453716,6.495453716,6.495453716,1.2,1.2,1.2,1,0,0,0,143.4,116.38,120.14,117.6,113.6,68,64,58035745,53232716,118.7,93.1,92,73.9,3618655,550232.4,1,139.54,671.84,2.93,63.73,100.1,131.0633333,126.1336833,666.308,615.192,2.93,2.93,64.548,65.005,99.87,97.8325,3,0,0,0,0,0,0,0,0,0,1,0,0,0
2025-05-26,3,TRUE,FALSE,63.74,64.74,61.53,63.73,2.93,100.4,128.2,127.26,3,1364.4,190.27,2.75,2.348,2.93,0.582,2644.4,19.63,1817.15,1792.91,701.75,751.95,3206.85,19.7,17.56666667,6.795453716,4.662120382,6.795453716,4.662120382,6.795453716,0,1.433333333,4.3,3,0,0,0,143.4,116.38,120.14,117.6,113.6,68,64,58035745,53232716,118.7,93.1,92,73.9,3618655,550232.4,1,133.82,691.28,2.93,63.2,100.4,131.3573333,126.3281833,676.22,620.563,2.93,2.93,64.434,64.7395,100.15,98.1575,3,0,0,0,0,0,0,0,0,0,1,0,0,0
2025-05-27,3,TRUE,FALSE,64,64.09,60.89,64.01,3.2,100.9,131.31,131.31,1,1369.5,190.57,2.75,2.34,2.93,0.59,2637.22,20.01,1807.68,1780.6,689.42,770.28,3180.29,20.8,20.8,7.895453716,7.895453716,7.895453716,7.895453716,7.895453716,0,0,0,1,0,0,0,143.4,116.38,120.14,117.6,113.6,68,64,58035745,53232716,118.7,93.1,92,73.9,3618655,550232.4,1,127.26,701.75,2.93,63.73,100.4,133.066,126.1946833,684.864,626.0825,2.93,2.93,64.334,64.4525,100.38,98.4925,3,0,0,0,0,0,0,0,0,0,1,0,0,0
2025-05-28,3,TRUE,FALSE,63.8,64.9,61.84,63.79,3.09,100.9,131.93,131.93,1,1376.5,191.41,2.75,2.314,2.93,0.616,2670.15,20.67,1878.58,1857.22,685.98,765.78,3254.35,20.8,20.8,7.895453716,7.895453716,7.895453716,7.895453716,7.895453716,0,0,0,1,0,0,0,143.4,116.38,120.14,117.6,113.6,73,66,58035745,53232716,118.7,93.1,92,73.9,3618655,550232.4,1,131.31,689.42,2.93,64.01,100.9,133.23,126.2831833,686.654,631.132,2.93,2.93,64.14,64.2735,100.45,98.8475,3,0,0,0,0,0,0,0,0,0,1,0,0,0.001117318
2025-05-29,3,TRUE,FALSE,65.34,64.15,60.94,65.31,2.97,100.9,127.76,127.76,1,1375.9,191.17,2.5,2.341,2.92,0.579,2720.64,21.97,1905.85,1910.52,686.66,798.4,3285.19,21.2,21.2,8.295453716,8.295453716,8.295453716,8.295453716,8.295453716,0,0,0,1,0,0,0,143.4,116.38,120.14,117.6,113.6,73,66,58035745,53232716,118.7,93.1,92,73.9,3618655,550232.4,1,131.93,685.98,2.93,63.79,100.9,132.772,126.5926833,688.054,635.6855,2.93,2.93,63.692,64.1015,100.54,99.205,3,0,0,0,0,0,0,0,0,0,1,0,0,0
2025-05-30,3,TRUE,FALSE,63.83,63.9,60.79,63.82,2.86,100.8,128.71,128.71,1,1380.1,191.93,2.5,2.347,2.79,0.443,2697.67,22.55,1897.74,1910.49,700.19,778.6,3218.54,22.2,22.2,9.295453716,9.295453716,9.295453716,9.295453716,9.295453716,0,0,0,1,0,0,0,143.4,116.38,120.14,117.6,113.6,73,66,58035745,53232716,118.7,93.1,92,73.9,3618655,550232.4,1,127.76,686.66,2.92,65.31,100.9,130.416,127.5326833,691.018,640.011,2.928,2.9295,64.008,64.0245,100.7,99.47,3,0,0,0,0,0,0,0,0,0,1,0,0,-0.002232143
2025-06-02,3,TRUE,FALSE,63.93,64.63,62.52,63.94,3,105.35,115.11,113.0433333,3,1373.1,190.38,2.5,2.34,2.78,0.44,2698.97,22.71,1856.34,1901.12,700.19,783.49,3249.96,21,21.7,8.095453716,8.795453716,8.095453716,8.795453716,9.695453716,0,0,0,3,0,0,1000000,143.4,116.38,120.14,118.1,113.9,73,66,57261962,50304603,117.5,95.2,93.4,73.6,3481839,550232.4,1,128.71,700.19,2.79,63.82,100.8,129.394,127.7481833,692.8,644.776,2.9,2.9225,64.132,63.985,100.78,99.6475,3,0,0,0,0,0,0,0,0,0,1,0,0,-0.004474273
2025-06-04,3,TRUE,FALSE,64.62,64.86,62.85,64.66,2.8,104.45,117.08,116.895,2,1369.5,190.3,2.5,2.414,2.77,0.356,2770.84,22.03,1901.08,1965.88,707.22,808.06,3353.07,20.5,20.7,7.595453716,7.795453716,7.595453716,7.795453716,7.995453716,0,0,0,2,0,0,1000000,143.4,116.27,120.14,118.1,113.9,73,66,57261962,50304603,117.5,95.2,93.4,73.6,3481839,550232.4,1,113.0433333,700.19,2.78,63.94,105.35,126.5506667,126.89335,692.488,649.6105,2.87,2.915,64.174,64.0555,101.77,100.04,3,0,0,0,0,0,0,0,0,0,1,0,0,-0.004494382
2025-06-05,3,TRUE,FALSE,64.02,65.34,63.37,64.1,2.86,105,117.87,117.87,1,1358.4,189.31,2.5,2.412,2.76,0.348,2812.05,22.49,1927.01,1981.22,713.45,826.83,3449.12,21.7,21.7,8.795453716,8.795453716,8.795453716,8.795453716,8.795453716,0,0,0,1,0,1,1000000,143.4,116.27,120.14,118.1,113.9,73,66,57261962,50304603,117.5,95.2,93.4,73.6,3481839,550232.4,1,116.895,707.22,2.77,64.66,104.45,123.6676667,126.60985,696.048,655.3595,2.838,2.907,64.304,64.1885,102.48,100.3625,3,0,0,0,0,0,0,0,0,0,1,0,0,-0.003386005
2025-06-09,3,TRUE,FALSE,65.81,67.04,65.29,65.87,3.13,105.25,119.6,111.0875,4,1356.4,188.82,2.5,2.405,2.75,0.345,2855.77,24.84,1948.62,1985.87,738.9,830.34,3486.75,24.2,24.275,11.29545372,11.37045372,11.29545372,11.37045372,12.19545372,0,0.175,0.7,4,1,1,1000000,143.4,116.27,120.14,118.1,113.9,73,66,57261962,50304603,117.5,95.2,93.4,73.6,3481839,550232.4,1,117.87,713.45,2.76,64.1,105,120.8556667,126.45775,701.542,661.1345,2.804,2.8985,64.366,64.2125,103.3,100.675,3,0,0,0,0,0,0,0,0,0,1,0,0,0
2025-06-10,3,TRUE,FALSE,66.86,66.87,64.98,66.85,2.79,103.65,122.04,122.04,1,1364.3,189.79,2.5,2.385,2.75,0.365,2871.85,24.34,2033.23,2015.36,700.85,855.39,3474.57,21.7,21.7,8.795453716,8.795453716,8.795453716,8.795453716,8.795453716,0,0,0,1,1,1,1000000,143.4,116.27,120.14,118.1,113.9,73,66,57261962,50304603,117.5,95.2,93.4,73.6,3481839,550232.4,1,111.0875,738.9,2.75,65.87,105.25,117.5211667,125.762625,711.99,668.333,2.77,2.8895,64.478,64.398,104.17,101.0125,3,0,0,0,0,0,0,0,0,0,1,0,0,-0.004530011
2025-06-11,3,TRUE,FALSE,66.63,69.77,68.15,66.79,2.73,104.45,124.07,124.07,1,1375,191.26,2.5,2.419,2.75,0.331,2907.04,22.77,2075.02,2071.25,715.29,859.87,3601.78,22.7,22.7,9.795453716,9.795453716,9.795453716,9.795453716,9.795453716,0,0,0,1,1,1,1000000,143.4,116.27,120.14,118.1,113.9,73,66,57261962,50304603,117.5,95.2,93.4,73.6,3481839,550232.4,1,122.04,700.85,2.75,66.85,103.65,116.1871667,125.762625,712.122,673.396,2.762,2.8805,65.084,64.545,104.74,101.25,3,0,0,0,0,0,0,0,0,0,1,0,0,-0.006825939
2025-06-12,3,TRUE,FALSE,68.57,69.36,68.04,68.57,2.9,104.6,122.4,122.4,1,1358.7,189.07,2.5,2.429,2.75,0.321,2920.03,22.17,2072.92,2061.85,734.32,889.23,3574.58,25.5,25.5,12.59545372,12.59545372,12.59545372,12.59545372,12.59545372,0,0,0,1,1,1,0,120,116.27,120.14,118.1,113.9,73,66,57261962,50304603,117.5,95.2,93.4,73.6,3481839,550232.4,1,124.07,715.29,2.75,66.79,104.45,118.3925,126.051625,715.142,678.982,2.756,2.8715,65.654,64.689,104.56,101.485,3,0,0,0,0,0,0,0,0,0,1,0,0,0.004581901
2025-06-13,3,TRUE,FALSE,72.49,74.23,72.98,72.6,2.65,105.25,123.26,123.26,1,1369.6,190.54,2.5,2.462,2.75,0.288,2894.62,24.91,2120.27,2025.72,727.07,877.6,3516.6,24,24,11.09545372,11.09545372,11.09545372,11.09545372,11.09545372,1.5,1.5,1.5,1,1,1,0,120,116.27,120.14,118.1,113.9,73,66,57261962,50304603,117.5,95.2,93.4,73.6,3481839,550232.4,1,122.4,734.32,2.75,68.57,104.6,119.4935,125.855625,720.562,685.8245,2.752,2.8625,66.436,64.854,104.59,101.72,3,0,0,0,0,0,0,0,0,0,1,0,0,0.006841505
2025-06-16,3,TRUE,FALSE,72.9,73.23,71.77,72.95,2.9,106,116.88,113.3333333,3,1363.8,189.9,2.5,2.483,2.75,0.267,2946.66,24.77,2118.47,2054.42,736.55,914.75,3568.65,23,24.96666667,10.09545372,12.06212038,10.09545372,12.06212038,13.39545372,20,10.6,31.8,3,0,1,0,120,116.27,120.14,118.1,113.9,73,66,57261962,50304603,117.5,95.2,93.4,73.6,3481839,550232.4,1,123.26,727.07,2.75,72.6,105.25,120.5715,125.620625,723.286,691.698,2.75,2.8535,68.136,65.1835,104.64,102.0325,3,0,0,0,0,0,0,0,0,0,1,0,0,-0.001132503
2025-06-17,3,TRUE,FALSE,73.65,76.45,74.84,73.64,2.9,106.4,126.74,126.74,1,1362.7,189.6,2.5,2.448,2.74,0.292,2950.3,25.82,2096.75,2032.44,722.18,900.86,3598.55,24.8,24.8,11.89545372,11.89545372,11.89545372,11.89545372,11.89545372,0,0,0,1,0,0,0,120,116.27,120.14,118.1,113.9,73,66,57261962,50304603,117.5,95.2,93.4,73.6,3481839,550232.4,1,113.3333333,736.55,2.75,72.95,106,121.0206667,125.0052917,722.816,698.033,2.75,2.8445,69.552,65.6465,104.79,102.3825,3,0,0,0,0,0,0,0,0,0,1,0,0,-0.001133787
2025-06-18,3,TRUE,FALSE,75.51,76.7,75.14,75.65,3.43,106.7,120.91,120.91,1,1369.4,190.48,2.5,2.472,2.74,0.268,2972.19,25.78,2112.98,2044.62,721.13,895.01,3634.6,25.5,25.5,12.59545372,12.59545372,12.59545372,12.59545372,12.59545372,0,0,0,1,0,0,0,120,116.27,120.14,118.1,113.9,73,66,57261962,50304603,117.5,95.2,93.4,73.6,3481839,550232.4,1,126.74,722.18,2.74,73.64,106.4,121.9606667,124.7247917,727.082,702.056,2.748,2.835,70.91,66.14,105.34,102.7525,3,0,0,0,0,0,0,0,0,0,1,0,0,0.001135074
2025-06-19,3,TRUE,FALSE,76.89,78.85,75.14,77.06,3.43,107,125,125,1,1380.2,191.75,2.5,2.475,2.74,0.265,2977.74,24.69,2189.53,2059.31,721.21,901.88,3630.07,28.1,28.1,15.19545372,15.19545372,15.19545372,15.19545372,15.19545372,0.8,0.8,0.8,1,0,0,0,120,116.27,120.14,118.1,113.9,73,66,57261962,50304603,117.5,95.2,93.4,73.6,3481839,550232.4,1,120.91,721.13,2.74,75.65,106.7,121.3286667,124.8344583,728.25,705.186,2.746,2.8255,72.682,66.711,105.79,103.125,3,0,0,0,0,0,0,0,0,0,1,0,0,0.002267574
2025-06-20,3,TRUE,FALSE,76.84,77.01,74.93,77.37,3.09,106.6,127.2,127.2,1,1365.6,190.33,2.5,2.463,2.74,0.277,3021.84,23.97,2185.32,2083.46,723.52,880.1,3698.47,24.1,24.1,11.19545372,11.19545372,11.19545372,11.19545372,11.19545372,51.1,51.1,51.1,1,0,0,0,120,116.27,119.64,118.1,113.9,73,66,57261962,50304603,117.5,95.2,93.4,73.6,3481839,550232.4,1,125,721.21,2.74,77.06,107,121.8486667,124.5599583,725.628,707.223,2.744,2.816,74.38,67.315,106.27,103.4475,3,0,0,0,0,0,0,0,0,0,1,0,0,-0.001131222
2025-06-23,3,TRUE,FALSE,75.71,71.48,68.51,75.7,3.5,107.25,120.87,112.8333333,3,1384.3,192.36,2.5,2.498,2.74,0.242,3014.47,24.76,2202.84,2057.31,750.57,879.24,3638.62,26.1,23.8,13.19545372,10.89545372,13.19545372,10.89545372,13.19545372,0,0.066666667,0.2,3,0,0,0,120,116.27,119.64,118.1,113.9,73,66,57261962,50304603,117.5,95.2,93.4,73.6,3481839,550232.4,1,127.2,723.52,2.74,77.37,106.6,122.6366667,124.2089583,724.918,709.45,2.742,2.8065,75.334,67.882,106.54,103.755,3,0,0,0,0,0,0,0,0,0,1,0,0,-0.001132503
2025-06-24,3,TRUE,FALSE,68.75,67.14,64.37,68.74,3.3,106.6,121.75,121.75,1,1360.2,189.64,2.5,2.461,2.73,0.269,3103.64,25.76,2212.5,2102.17,797.83,896.69,3798.21,25,25,12.09545372,12.09545372,12.09545372,12.09545372,12.09545372,2.3,2.3,2.3,1,0,0,0,120,116.27,119.64,118.1,113.9,73,66,57261962,50304603,117.5,95.2,93.4,73.6,3481839,550232.4,1,112.8333333,750.57,2.74,75.7,107.25,122.5366667,122.873625,727.722,713.3865,2.74,2.797,75.884,68.4805,106.79,104.1125,3,0,0,0,0,0,0,0,0,0,1,0,0,-0.003401361
2025-06-25,3,TRUE,FALSE,67.82,67.68,64.92,67.82,3.26,106.6,122,122,1,1362.4,190.16,2.5,2.46,2.73,0.27,3108.25,25.69,2263.51,2101.63,812.85,924.87,3896.81,20.9,20.9,7.995453716,7.995453716,7.995453716,7.995453716,7.995453716,8,8,8,1,0,0,0,120,116.27,119.64,118.1,113.9,73,66,57261962,50304603,117.5,95.2,93.4,73.6,3481839,550232.4,1,121.75,797.83,2.73,68.74,106.6,121.5386667,122.270125,742.852,718.714,2.738,2.787,74.904,68.7575,106.83,104.4225,3,0,0,0,0,0,0,0,0,0,1,0,0,-0.009101251
2025-06-26,3,TRUE,FALSE,67.66,67.73,65.24,67.64,3.23,106.35,121.84,121.84,1,1356.9,189.24,2.5,2.454,2.73,0.276,3079.56,25.12,2256.3,2111.98,824.87,909.96,3922.97,22.2,22.2,9.295453716,9.295453716,9.295453716,9.295453716,9.295453716,1.1,1.1,1.1,1,0,0,0,120,116.27,119.64,118.1,113.9,70,67,57261962,50304603,117.5,95.2,93.4,73.6,3481839,550232.4,1,122,812.85,2.73,67.82,106.6,121.7566667,122.007125,761.196,724.269,2.736,2.777,73.338,68.962,106.81,104.7325,3,0,0,0,0,0,0,0,0,0,1,0,0,-0.004592423
2025-06-27,3,TRUE,FALSE,68.46,67.77,65.52,68.48,3.23,106.5,117.9,117.9,1,1357.4,189.3,2.5,2.453,2.73,0.277,3055.94,24.27,2255.21,2075.57,800.49,895.04,3866.76,25,25,12.09545372,12.09545372,12.09545372,12.09545372,12.09545372,0,0,0,1,0,0,0,120,116.27,119.64,118.1,113.9,70,67,57261962,50304603,117.5,95.2,93.4,73.6,3481839,550232.4,1,121.84,824.87,2.73,67.64,106.35,121.1246667,121.533625,781.928,731.0415,2.734,2.767,71.454,69.1435,106.68,105.005,3,0,0,0,0,0,0,0,0,0,1,0,0,0.001153403
2025-06-30,3,TRUE,FALSE,68.75,67.61,65.11,69.19,3.26,109.9,125.98,116.6333333,3,1350,188.4,2.5,2.452,2.73,0.278,3071.7,23.99,2218.37,2156.43,800.74,884,3879.62,28.2,27.16666667,15.29545372,14.26212038,15.29545372,14.26212038,15.29545372,0,0.2,0.6,3,0,0,0,120,116.27,119.64,118.1,113.9,70,67,57261962,50304603,117.5,95.2,93.4,73.6,3481839,550232.4,1,117.9,800.49,2.73,68.48,106.5,119.2646667,120.832125,797.322,736.767,2.732,2.757,69.676,69.378,106.66,105.285,3,0,0,0,0,0,0,0,0,0,1,0,0,0.002304147
2025-07-01,4,TRUE,FALSE,68.16,67.11,65.45,68.15,3.14,111.8,122.07,122.07,1,1355.9,189.29,2.5,2.454,2.73,0.276,3089.65,23.96,2249.49,2218.88,799.22,884.72,3835.28,28.6,28.6,15.69545372,15.69545372,15.69545372,15.69545372,15.69545372,0.9,0.9,0.9,1,0,0,0,120,116.27,119.64,118.6,113.7,70,67,59831183,50810101,114.8,95,89.9,71.9,2845772,550232.4,1,116.6333333,800.74,2.73,69.19,109.9,120.0246667,120.2757917,807.356,742.471,2.73,2.7475,68.374,69.572,107.19,105.735,3,0,0,0,0,0,0,0,0,0,1,0,0,-0.011494253
2025-07-02,4,TRUE,FALSE,68.59,69.11,67.45,68.61,3.1,112.5,124.21,124.21,1,1358.7,189.5,2.5,2.483,2.73,0.247,3075.06,23.95,2259.74,2223.59,786.52,871.99,3782.63,28.6,28.6,15.69545372,15.69545372,15.69545372,15.69545372,15.69545372,0,0,0,1,0,0,2000000,120,116.31,119.64,118.6,113.7,70,67,59831183,50810101,114.8,95,89.9,71.9,2845772,550232.4,1,122.07,799.22,2.73,68.15,111.8,120.0886667,119.9437917,807.634,747.4225,2.73,2.7445,68.256,69.7885,108.23,106.285,3,0,0,0,0,0,0,0,0,0,1,0,0,-0.009302326
2025-07-03,4,TRUE,FALSE,69.62,68.8,67,69.77,3.24,111.25,126.29,126.29,1,1359.4,189.96,2.5,2.449,2.73,0.281,3116.27,23.96,2413.25,2291.03,791.86,868.35,3897.56,28.3,28.3,15.39545372,15.39545372,15.39545372,15.39545372,15.39545372,0,0,0,1,0,0,2000000,120,116.31,119.64,118.6,113.7,70,67,59831183,50810101,114.8,95,89.9,71.9,2845772,550232.4,1,124.21,786.52,2.73,68.61,112.5,120.5306667,120.502125,802.368,751.739,2.73,2.742,68.414,70.022,109.41,106.6425,3,0,0,0,0,0,0,0,0,0,1,0,0,-0.004694836
2025-07-04,4,TRUE,FALSE,69.58,68.3,67,69.77,3.24,109.95,126.72,126.72,1,1362.3,190.05,2.5,2.467,2.73,0.263,3054.28,25.48,2369.92,2259.65,807.11,850.33,3820.05,27.2,27.2,14.29545372,14.29545372,14.29545372,14.29545372,14.29545372,0,0,0,1,0,1,2000000,120,116.31,119.64,118.6,113.7,70,67,59831183,50810101,114.8,95,89.9,71.9,2845772,550232.4,1,126.29,791.86,2.73,69.77,111.25,121.4206667,120.971875,795.766,755.971,2.73,2.74,68.84,70.2775,110.39,106.9825,3,0,0,0,0,0,0,0,0,0,1,0,0,-0.009433962
2025-07-07,4,TRUE,FALSE,69.45,69.58,67.93,69.74,3.24,109.5,123.71,120.3933333,3,1367.8,190.69,2.5,2.482,2.73,0.248,3059.47,24.87,2409.53,2228.77,795.7,846.5,3788.89,29.1,28.86666667,16.19545372,15.96212038,16.19545372,15.96212038,16.19545372,0,0,0,3,1,1,2000000,120,116.31,119.64,118.6,113.7,70,67,59831183,50810101,114.8,95,89.9,71.9,2845772,550232.4,1,126.72,807.11,2.73,69.77,109.95,123.1846667,121.414375,797.09,760.654,2.73,2.7385,69.098,70.561,111.08,107.23,3,0,0,0,0,0,0,0,0,0,1,0,0,-0.027380952
2025-07-08,4,TRUE,FALSE,70.45,70.15,68.33,70.59,3.2,109.6,129.24,129.24,1,1367.9,190.65,2.5,2.477,2.73,0.253,3114.95,23.52,2407.32,2249.96,815.96,861.53,3839.62,31.3,31.3,18.39545372,18.39545372,18.39545372,18.39545372,18.39545372,11.8,11.8,11.8,1,1,1,2000000,120,116.31,119.64,118.6,113.7,70,67,59831183,50810101,114.8,95,89.9,71.9,2845772,550232.4,1,120.3933333,795.7,2.73,69.74,109.5,123.9366667,121.8796667,796.082,763.494,2.73,2.7375,69.208,70.7545,111,107.4425,3,0,0,0,0,0,0,0,0,0,1,0,0,-0.004895961
2025-07-09,4,TRUE,FALSE,71.78,70.19,68.38,71.87,3.08,110.25,128.63,128.63,1,1375,191.39,2.5,2.478,2.73,0.252,3133.74,21.85,2419.05,2271.25,816.48,874.59,3797.79,31.9,31.9,18.99545372,18.99545372,18.99545372,18.99545372,18.99545372,0,0,0,1,1,1,2000000,120,116.31,119.64,118.6,113.7,70,67,59831183,50810101,114.8,95,89.9,71.9,2845772,550232.4,1,129.24,815.96,2.73,70.59,109.6,125.3706667,122.2396667,799.43,769.2495,2.73,2.7365,69.696,70.9415,110.56,107.74,3,0,0,0,0,0,0,0,0,0,1,0,0,0.001230012
2025-07-10,4,TRUE,FALSE,71.23,68.64,66.57,71.4,3.11,111,126.92,126.92,1,1370,191.06,2.5,2.433,2.73,0.297,3183.23,21.01,2435.26,2324.24,815.05,867.24,3885.97,31.4,31.4,18.49545372,18.49545372,18.49545372,18.49545372,18.49545372,0,0,0,1,1,1,0,120,116.31,119.64,118.6,113.7,70,67,59831183,50810101,114.8,95,89.9,71.9,2845772,550232.4,1,128.63,816.48,2.73,71.87,110.25,126.2546667,122.4676667,805.422,774.309,2.73,2.7355,70.348,71.1955,110.11,108.03,3,0,0,0,0,0,0,0,0,0,1,0,0,0.062653563
2025-07-11,4,TRUE,FALSE,70.06,70.36,68.45,70.26,3.22,112,120.76,120.76,1,1375.4,191.88,2.5,2.448,2.73,0.282,3175.77,21.66,2486.41,2325.06,822.05,864.84,3913.96,30.2,30.2,17.29545372,17.29545372,17.29545372,17.29545372,17.29545372,0,0,0,1,1,1,0,120,116.31,119.64,118.6,113.7,70,67,59831183,50810101,114.8,95,89.9,71.9,2845772,550232.4,1,126.92,815.05,2.73,71.4,111,126.3806667,122.6936667,810.06,778.3455,2.73,2.7345,70.674,71.337,110.06,108.35,3,0,0,0,0,0,0,0,0,0,1,0,0,-0.005780347
2025-07-14,4,TRUE,FALSE,72.2,69.21,66.98,72.24,3.21,111.1,120.43,119.3466667,3,1381.2,192.61,2.5,2.474,2.73,0.256,3202.03,22.56,2481.56,2318.41,821.16,863.42,3906.78,24.2,27.4,11.29545372,14.49545372,11.29545372,14.49545372,17.39545372,13.6,4.533333333,13.6,3,0,1,0,120,116.31,119.64,118.6,113.7,70,67,59831183,50810101,114.8,95,89.9,71.9,2845772,550232.4,1,120.76,822.05,2.73,70.26,112,125.1886667,122.5686667,813.048,783.0945,2.73,2.7335,70.772,71.22,110.47,108.6875,3,0,0,0,0,0,0,0,0,0,1,0,0,0
2025-07-15,4,TRUE,FALSE,70.11,68.71,66.52,70.21,3.31,110,120.04,120.04,1,1380.2,192.26,2.5,2.463,2.73,0.267,3215.28,22.47,2560.78,2330.17,818.7,872.2,3957.98,23.6,23.6,10.69545372,10.69545372,10.69545372,10.69545372,10.69545372,4,4,4,1,0,0,0,120,116.31,119.64,118.6,113.7,70,67,59831183,50810101,114.8,95,89.9,71.9,2845772,550232.4,1,119.3466667,821.16,2.73,72.24,111.1,124.9793333,122.8693333,818.14,787.325,2.73,2.7325,71.272,71.1845,110.79,108.9425,3,0,0,0,0,0,0,0,0,0,1,0,0,0
2025-07-16,4,TRUE,FALSE,69.9,68.52,66.38,69.93,3.42,110,120.97,120.97,1,1385.7,192.97,2.5,2.459,2.73,0.271,3186.38,22.27,2548.18,2294.93,809.89,858.67,3972.7,23.3,23.3,10.39545372,10.39545372,10.39545372,10.39545372,10.39545372,73.1,73.1,73.1,1,0,0,0,120,116.31,119.64,118.6,113.7,70,67,59831183,50810101,114.8,95,89.9,71.9,2845772,550232.4,1,120.04,818.7,2.73,70.21,110,123.1393333,122.5343333,818.688,792.151,2.73,2.732,71.196,71.013,110.87,109.1225,3,0,0,0,0,0,0,0,0,0,1,0,0,0
2025-07-17,4,TRUE,FALSE,69.56,69.52,67.54,69.66,3.52,110.5,118.83,118.83,1,1392.6,193.81,2.5,2.479,2.73,0.251,3192.29,21.74,2556.44,2298.12,805.51,858.95,3874.02,23.3,23.3,10.39545372,10.39545372,10.39545372,10.39545372,10.39545372,75.5,75.5,75.5,1,0,0,0,120,116.31,119.64,118.6,113.7,70,67,59831183,50810101,114.8,95,89.9,71.9,2845772,550232.4,1,120.97,809.89,2.73,69.93,110,121.6073333,122.5373333,817.37,796.589,2.73,2.7315,70.808,70.727,110.82,109.2875,3,0,0,0,0,0,0,0,0,0,1,0,0,0
2025-07-18,4,TRUE,FALSE,70.76,69.28,67.34,70.84,3.5,110.4,115.85,115.85,1,1393,193.87,2.5,2.474,2.73,0.256,3188.07,20.5,2547.71,2316.93,795.91,860.28,3860.32,24.7,24.7,11.79545372,11.79545372,11.79545372,11.79545372,11.79545372,16.1,16.1,16.1,1,0,0,0,120,116.31,119.64,118.6,113.7,70,67,59831183,50810101,114.8,95,89.9,71.9,2845772,550232.4,1,118.83,805.51,2.73,69.66,110.5,119.9893333,122.2288333,815.462,800.804,2.73,2.731,70.46,70.357,110.72,109.4625,3,0,0,0,0,0,0,0,0,0,1,0,0,0.006976744
2025-07-21,4,TRUE,FALSE,70.78,69.21,67.2,70.85,3.5,109.85,118.37,109.5666667,3,1388.2,193.37,2.5,2.456,2.73,0.274,3210.81,20.4,2623.65,2378.13,812.75,860.96,3885.23,28.5,26.7,15.59545372,13.79545372,15.59545372,13.79545372,15.59545372,0,32.93333333,98.8,3,0,0,0,120,116.31,119.64,118.6,113.7,70,67,59831183,50810101,114.8,95,89.9,71.9,2845772,550232.4,1,115.85,795.91,2.73,70.84,110.4,119.0073333,121.6613333,810.234,804.4235,2.73,2.7305,70.576,70.0305,110.4,109.6525,3,0,0,0,0,0,0,0,0,0,1,0,0,0.016166282
2025-07-22,4,TRUE,FALSE,70.53,68.59,66.21,70.72,3.16,110.1,123.06,123.06,1,1387.8,193.44,2.5,2.463,2.73,0.267,3169.94,21.22,2593.73,2366.65,803.06,841.33,3798.44,28.8,28.8,15.89545372,15.89545372,15.89545372,15.89545372,15.89545372,0.1,0.1,0.1,1,0,0,0,120,116.31,119.77,118.6,113.7,70,67,59831183,50810101,114.8,95,89.9,71.9,2845772,550232.4,1,109.5666667,812.75,2.73,70.85,109.85,117.0513333,121.498,808.552,807.5325,2.73,2.73,70.298,69.788,110.15,109.7825,3,0,0,0,0,0,0,0,0,0,1,0,0,0.009090909
2025-07-23,4,TRUE,FALSE,70.41,68.51,65.25,70.5,3.08,109.9,117.77,117.77,1,1379.8,192.68,2.5,2.458,2.73,0.272,3183.77,21.09,2666.37,2372.62,806.69,836.49,3785.75,28.9,28.9,15.99545372,15.99545372,15.99545372,15.99545372,15.99545372,0,0,0,1,0,0,0,120,116.31,119.77,118.6,113.7,70,67,59831183,50810101,114.8,95,89.9,71.9,2845772,550232.4,1,123.06,803.06,2.73,70.72,110.1,117.6553333,121.5635,805.424,807.794,2.73,2.73,70.4,69.887,110.17,109.9575,3,0,0,0,0,0,0,0,0,0,1,0,0,-0.002252252
2025-07-24,4,TRUE,FALSE,71.18,69.18,66.03,71.22,3.13,110.1,115.21,115.21,1,1367.2,191.15,2.5,2.467,2.73,0.263,3190.45,21.45,2626.97,2405.64,808.03,838.51,3765.28,29.8,29.8,16.89545372,16.89545372,16.89545372,16.89545372,16.89545372,0,0,0,1,0,0,0,120,116.31,119.77,118.6,113.7,68,68,59831183,50810101,114.8,95,89.9,71.9,2845772,576794.3,1,117.77,806.69,2.73,70.5,109.9,117.0153333,121.352,804.784,807.486,2.73,2.73,70.514,70.021,110.15,110.1225,3,0,0,0,0,0,0,0,0,0,1,0,0,-0.004514673
2025-07-25,4,TRUE,FALSE,71.8,68.44,65.16,71.85,3.1,110.2,116.49,116.49,1,1377.9,192.41,2.5,2.485,2.73,0.245,3196.05,21.68,2642.65,2418.7,814.9,831.73,3738,31.1,31.1,18.19545372,18.19545372,18.19545372,18.19545372,18.19545372,0,0,0,1,0,0,0,120,116.31,119.77,118.6,113.7,68,68,59831183,50810101,114.8,95,89.9,71.9,2845772,576794.3,1,115.21,808.03,2.73,71.22,110.1,116.2913333,121.0205,805.288,806.644,2.73,2.73,70.826,70.2,110.07,110.31,3,0,0,0,0,0,0,0,0,0,1,0,0,-0.002267574
2025-07-28,4,TRUE,FALSE,71.11,70.04,66.71,71.42,3.12,115.5,117.82,118.9666667,3,1382,192.72,2.5,2.464,2.73,0.266,3209.52,22.33,2623.58,2415.9,818.39,828.76,3847.16,32.2,32.43333333,19.29545372,19.52878705,19.29545372,19.52878705,19.89545372,0,0,0,3,0,0,0,120,116.31,119.77,118.6,113.7,68,68,59831183,50810101,114.8,95,89.9,71.9,2845772,576794.3,1,116.49,814.9,2.73,71.85,110.2,116.4193333,120.95,809.086,807.3645,2.73,2.73,71.028,70.3685,110.03,110.495,3,0,0,0,0,0,0,0,0,0,1,0,0,-0.005681818
2025-07-29,4,TRUE,FALSE,72.51,72.51,69.21,72.77,3.08,115.5,121.08,121.08,1,1391,193.74,2.5,2.46,2.73,0.27,3230.57,22.34,2630.3,2401.7,815.69,850.59,3838.14,32,32,19.09545372,19.09545372,19.09545372,19.09545372,19.09545372,0,0,0,1,0,0,0,120,116.31,119.77,118.6,113.7,68,68,59831183,50810101,114.8,95,89.9,71.9,2845772,576794.3,1,118.9666667,818.39,2.73,71.42,115.5,118.2993333,121.0666667,810.214,808.247,2.73,2.73,71.142,70.48,111.16,110.775,3,0,0,0,0,0,0,0,0,0,1,0,0,-0.013714286
2025-07-30,4,TRUE,FALSE,74.94,73.24,70,75.23,2.98,115.05,124.73,124.73,1,1383.1,192.62,2.5,2.454,2.73,0.276,3254.47,22.82,2578.8,2395.12,804.12,844.76,3892.11,32.1,32.1,19.19545372,19.19545372,19.19545372,19.19545372,19.19545372,0,0,0,1,0,0,0,120,116.31,119.77,118.6,113.7,68,68,59831183,50810101,114.8,95,89.9,71.9,2845772,576794.3,1,121.08,815.69,2.73,72.77,115.5,117.9033333,121.0171667,812.74,809.0705,2.73,2.73,71.552,70.711,112.24,110.96,3,0,0,0,0,0,0,0,0,0,1,0,0,-0.025492468
2025-07-31,4,TRUE,FALSE,75.23,72.53,69.26,75.53,2.99,115.15,120.54,120.54,1,1387,192.54,2.5,2.46,2.73,0.27,3245.44,21.85,2550.12,2343.02,798.04,850.84,3925.42,30.9,30.9,17.99545372,17.99545372,17.99545372,17.99545372,17.99545372,0,0,0,1,0,0,0,120,116.31,119.77,119.1,114.1,68,68,59831183,50810101,117.7,94.7,87.8,73.1,2747308,576794.3,1,124.73,804.12,2.73,75.23,115.05,119.2953333,121.0431667,812.226,809.9505,2.73,2.73,72.498,71.042,113.27,111.0875,3,0,0,0,0,0,0,0,0,0,1,0,0,0.001189061
2025-08-01,4,TRUE,FALSE,73.75,69.67,67.33,73.75,3,114.9,119.59,119.59,1,1401.4,194.09,2.5,2.478,2.73,0.252,3119.41,25.87,2361.69,2221.59,761.77,819.01,3732.58,31,31,18.09545372,18.09545372,18.09545372,18.09545372,18.09545372,0,0,0,1,0,0,0,120,116.31,119.77,119.1,114.1,68,68,60726504,54190714,117.7,94.7,87.8,73.1,2747308,576794.3,1,120.54,798.04,2.73,75.53,115.15,120.3613333,120.7556667,810.228,810.2595,2.73,2.73,73.36,71.33,114.28,111.2825,3,0,0,0,0,0,0,0,0,0,1,0,0,-0.004750594
2025-08-04,4,TRUE,FALSE,71.16,68.76,66.29,71.15,2.89,114.95,123.42,121.6766667,3,1385.2,192.96,2.5,2.421,2.73,0.309,3147.75,24.05,2330.99,2238.97,779.13,828.67,3755.39,28.1,29.36666667,15.19545372,16.46212038,15.19545372,16.46212038,18.29545372,1.9,1.066666667,3.2,3,0,0,0,120,116.31,119.77,119.1,114.1,68,68,60726504,54190714,117.7,94.7,87.8,73.1,2747308,576794.3,1,119.59,761.77,2.73,73.75,114.9,120.9813333,120.3991667,799.602,807.9925,2.73,2.73,73.74,71.529,115.22,111.53,3,0,0,0,0,0,0,0,0,0,1,0,0,0.005966587
2025-08-05,4,TRUE,FALSE,70.31,67.64,65.16,70.34,2.98,114.8,112.94,112.94,1,1388.3,193.22,2.5,2.425,2.73,0.305,3198,22.31,2355.98,2291.39,790.18,845.66,3804.52,29.1,29.1,16.19545372,16.19545372,16.19545372,16.19545372,16.19545372,0,0,0,1,0,0,0,120,116.52,119.77,119.1,114.1,68,68,60726504,54190714,117.7,94.7,87.8,73.1,2747308,576794.3,1,121.6766667,779.13,2.73,71.15,114.95,121.5233333,120.4633333,791.75,807.164,2.73,2.73,73.686,71.5995,115.11,111.8025,3,0,0,0,0,0,0,0,0,0,1,0,0,0.013048636
2025-08-06,4,TRUE,FALSE,70.36,66.89,64.35,70.38,3.02,114.5,114.66,114.66,1,1389.5,193.15,2.5,2.43,2.73,0.3,3198.14,21.93,2370.99,2320.25,817.09,873.11,3777.49,27.1,27.1,14.19545372,14.19545372,14.19545372,14.19545372,14.19545372,22,22,22,1,0,0,1500000,120,116.52,119.77,119.1,114.1,68,68,60726504,54190714,117.7,94.7,87.8,73.1,2747308,576794.3,1,112.94,790.18,2.73,70.34,114.8,119.8953333,119.6483333,786.648,805.875,2.73,2.73,73.2,71.587,114.97,112.0625,3,0,0,0,0,0,0,0,0,0,1,0,0,-0.004683841
2025-08-07,4,TRUE,FALSE,69.31,66.43,63.88,69.32,3.05,113.75,114.7,114.7,1,1381.2,192.31,2.5,2.408,2.73,0.322,3227.68,21.08,2364.59,2311.04,815.64,868.96,3838.34,28.2,28.2,15.29545372,15.29545372,15.29545372,15.29545372,15.29545372,0,0,0,1,0,0,1500000,120,116.52,119.77,119.1,114.1,68,68,60726504,54190714,117.7,94.7,87.8,73.1,2747308,576794.3,1,114.66,817.09,2.73,70.38,114.5,117.8813333,118.9498333,789.242,805.9055,2.73,2.73,72.23,71.5125,114.86,112.275,3,0,0,0,0,0,0,0,0,0,1,0,0,-0.010588235
2025-08-08,4,TRUE,FALSE,68.52,66.59,63.88,68.56,3.03,113.2,114.53,114.53,1,1389.6,193.42,2.5,2.409,2.73,0.321,3210.01,20.79,2317.81,2279.07,795.3,862.81,3865.95,26.6,26.6,13.69545372,13.69545372,13.69545372,13.69545372,13.69545372,6.3,6.3,6.3,1,0,1,1500000,120,116.52,119.77,119.1,114.1,68,68,60726504,54190714,117.7,94.7,87.8,73.1,2747308,576794.3,1,114.7,815.64,2.73,69.32,113.75,116.7133333,118.3388333,792.762,805.935,2.73,2.73,70.988,71.4085,114.58,112.4125,3,0,0,0,0,0,0,0,0,0,1,0,0,-0.013079667
2025-08-11,4,TRUE,FALSE,68.04,66.63,63.96,68.05,3.05,112.25,113.16,112.9466667,3,1388,193.19,2.5,2.42,2.73,0.31,3206.77,20.34,2344.55,2276.43,790.13,850.77,3924.95,27,26.4,14.09545372,13.49545372,14.09545372,13.49545372,14.39545372,0,1.166666667,3.5,3,1,1,1500000,120,116.52,119.77,119.1,114.1,68,68,60726504,54190714,117.7,94.7,87.8,73.1,2747308,576794.3,1,114.53,795.3,2.73,68.56,113.2,115.7013333,118.0273333,799.468,804.5975,2.73,2.73,69.95,71.3235,114.24,112.4725,3,0,0,0,0,0,0,0,0,0,1,0,0,0.001204819
2025-08-12,4,TRUE,FALSE,68.51,66.12,63.17,68.49,2.93,111.7,114.24,114.24,1,1389.9,193.07,2.5,2.431,2.73,0.299,3189.91,21.15,2334.45,2255.55,780.62,843.12,3917.94,28.6,28.6,15.69545372,15.69545372,15.69545372,15.69545372,15.69545372,0,0,0,1,1,1,1500000,120,116.52,119.77,119.1,114.1,68,68,60726504,54190714,117.7,94.7,87.8,73.1,2747308,576794.3,1,112.9466667,790.13,2.73,68.05,112.25,113.9553333,117.7073333,801.668,803.046,2.73,2.73,69.33,71.114,113.7,112.53,3,0,0,0,0,0,0,0,0,0,1,0,0,-0.003610108
2025-08-13,4,TRUE,FALSE,67.4,65.63,62.65,67.37,2.95,111.8,114.13,114.13,1,1381.7,192.51,2.5,2.417,2.73,0.313,3224.37,20.11,2350.69,2270.63,784.5,824.2,4028.98,25.1,25.1,12.19545372,12.19545372,12.19545372,12.19545372,12.19545372,126.7,126.7,126.7,1,1,1,1500000,120,116.52,119.77,119.1,114.1,68,68,60726504,54190714,117.7,94.7,87.8,73.1,2747308,576794.3,1,114.24,780.62,2.73,68.49,111.7,114.2153333,117.4173333,799.756,801.142,2.73,2.73,68.96,71.028,113.08,112.615,3,0,0,0,0,0,0,0,0,0,1,0,0,-0.004830918
2025-08-14,4,TRUE,FALSE,67.69,66.84,63.96,67.68,2.78,110.9,118.22,118.22,1,1382,192.71,2.5,2.404,2.73,0.326,3225.66,20.46,2350.77,2293.04,774.53,833.07,4012.77,25.5,25.5,12.59545372,12.59545372,12.59545372,12.59545372,12.59545372,47.8,47.8,47.8,1,1,1,0,133.33,116.52,119.77,119.1,114.1,68,68,60726504,54190714,117.7,94.7,87.8,73.1,2747308,576794.3,1,114.13,784.5,2.73,67.37,111.8,114.1093333,117.0753333,793.238,799.8725,2.73,2.73,68.358,70.9,112.54,112.705,3,0,0,0,0,0,0,0,0,0,1,0,0,0.029126214
2025-08-18,4,TRUE,FALSE,67.66,66.6,63.42,67.64,2.96,111,112.38,114.42,4,1385,192.73,2.5,2.426,2.73,0.304,3177.28,21.37,2302.67,2253.19,776.27,830.04,3888.95,28.9,28.15,15.99545372,15.24545372,15.99545372,15.24545372,15.99545372,2.2,0.55,2.2,4,1,1,0,133.33,116.52,119.77,119.1,114.1,68,68,60726504,54190714,117.7,94.7,87.8,73.1,2747308,576794.3,1,118.22,774.53,2.73,67.68,110.9,114.8133333,117.0448333,785.016,798.3235,2.73,2.73,68.03,70.801,111.97,112.725,3,0,0,0,0,0,0,0,0,0,1,0,0,-0.003537736
2025-08-19,4,TRUE,FALSE,68.05,65.79,62.35,68.03,2.87,111.1,123.13,123.13,1,1390.9,193.48,2.5,2.444,2.73,0.286,3151.56,21.5,2268.84,2244.56,749.69,812.95,3850.78,29.1,29.1,16.19545372,16.19545372,16.19545372,16.19545372,16.19545372,0,0,0,1,0,1,0,133.33,116.52,119.77,119.1,114.1,68,68,60726504,54190714,117.7,94.7,87.8,73.1,2747308,576794.3,1,114.42,776.27,2.73,67.64,111,114.7913333,116.9733333,781.21,797.3415,2.73,2.73,67.846,70.641,111.53,112.755,3,0,0,0,0,0,0,0,0,0,1,0,0,-0.007100592
2025-08-20,4,TRUE,FALSE,68.81,66.84,63.21,68.78,2.8,111.5,115.3,115.3,1,1398.4,194.6,2.5,2.441,2.73,0.289,3130.09,22.13,2250.75,2232.03,742.25,792.9,3780.74,29.4,29.4,16.49545372,16.49545372,16.49545372,16.49545372,16.49545372,0,0,0,1,0,0,0,133.33,116.52,119.77,119.1,114.1,68,68,60726504,54190714,117.7,94.7,87.8,73.1,2747308,576794.3,1,123.13,749.69,2.73,68.03,111.1,116.828,117.6515,773.122,794.1885,2.73,2.73,67.842,70.5,111.3,112.8175,3,0,0,0,0,0,0,0,0,0,1,0,0,0.001191895
2025-08-21,4,TRUE,FALSE,69.67,67.67,63.52,69.7,2.88,110.6,117.38,117.38,1,1398.4,194.85,2.5,2.438,2.73,0.292,3141.74,21.38,2272.78,2256.12,752.84,820.66,3727.19,29.8,29.8,16.89545372,16.89545372,16.89545372,16.89545372,16.89545372,0,0,0,1,0,0,0,133.33,116.52,120.19,119.1,114.1,68,68,60726504,54190714,117.7,94.7,87.8,73.1,2747308,576794.3,1,115.3,742.25,2.73,68.78,111.5,117.04,117.2635,765.448,791.148,2.73,2.73,67.9,70.403,111.26,112.8875,3,0,0,0,0,0,0,0,0,0,1,0,0,0.005952381
2025-08-22,4,TRUE,FALSE,69.92,67.73,63.66,69.95,2.76,111.3,120.79,120.79,1,1393.2,193.9,2.5,2.456,2.73,0.274,3168.73,21.09,2278.68,2224.29,760.67,827.81,3768.41,29.4,29.4,16.49545372,16.49545372,16.49545372,16.49545372,16.49545372,0,0,0,1,0,0,0,133.33,116.52,120.19,119.1,114.1,68,68,60726504,54190714,117.7,94.7,87.8,73.1,2747308,576794.3,1,117.38,752.84,2.73,69.7,110.6,117.69,117.244,759.116,788.4555,2.73,2.73,68.366,70.363,111.02,112.9225,3,0,0,0,0,0,0,0,0,0,1,0,0,0.01183432
2025-08-25,4,TRUE,FALSE,70.01,68.8,64.8,70.02,2.76,111.3,118.84,117.4066667,3,1384.7,193.72,2.5,2.434,2.73,0.296,3209.86,20.1,2299.25,2267.06,768.21,841.07,3857.09,28.7,29.4,15.79545372,16.49545372,15.79545372,16.49545372,17.29545372,17.1,5.7,17.1,3,0,0,0,133.33,116.52,120.19,119.1,114.1,68,68,60726504,54190714,117.7,94.7,87.8,73.1,2747308,576794.3,1,120.79,760.67,2.73,69.95,111.3,118.204,117.523,756.344,786.0875,2.73,2.73,68.82,70.2995,111.1,112.9825,3,0,0,0,0,0,0,0,0,0,1,0,0,0.011695906
2025-08-26,4,TRUE,FALSE,70.36,67.22,63.25,70.39,2.82,111.55,128.5,128.5,1,1395.8,195.14,2.5,2.422,2.73,0.308,3179.36,20.37,2278.38,2261.61,746.21,819.08,3875.99,27.6,27.6,14.69545372,14.69545372,14.69545372,14.69545372,14.69545372,5.4,5.4,5.4,1,0,0,0,133.33,116.52,120.19,119.1,114.1,68,68,60726504,54190714,117.7,94.7,87.8,73.1,2747308,576794.3,1,117.4066667,768.21,2.73,70.02,111.3,118.8013333,117.5688333,754.732,783.753,2.73,2.73,69.296,70.208,111.16,113.0375,3,0,0,0,0,0,0,0,0,0,1,0,0,0.002312139
2025-08-27,4,TRUE,FALSE,69.26,68.05,64.15,69.24,2.88,111.55,118.74,118.74,1,1396.3,194.95,2.5,2.402,2.73,0.328,3187.16,19.97,2257.21,2253.97,743.95,827.3,3891.86,26.7,26.7,13.79545372,13.79545372,13.79545372,13.79545372,13.79545372,0,0,0,1,0,0,0,133.33,116.52,120.19,119.1,114.1,70,69,60726504,54190714,117.7,94.7,87.8,73.1,2747308,576794.3,1,128.5,746.21,2.73,70.39,111.55,119.8753333,118.0455,754.036,780.144,2.73,2.73,69.768,70.1565,111.25,112.84,3,0,0,0,0,0,0,0,0,0,1,0,0,0.098039216
2025-08-28,4,TRUE,FALSE,69.71,68.62,64.6,69.69,2.9,111.55,120.97,120.97,1,1387.6,194.1,2.5,2.416,2.73,0.314,3196.32,19.31,2240.5,2239.17,742.62,820.91,3908.83,28.3,28.3,15.39545372,15.39545372,15.39545372,15.39545372,15.39545372,0,0,0,1,0,0,0,133.33,116.52,120.19,119.1,114.1,70,69,60726504,54190714,117.7,94.7,87.8,73.1,2747308,576794.3,1,118.74,743.95,2.73,69.24,111.55,120.5633333,117.9285,754.376,776.557,2.73,2.73,69.86,69.98,111.26,112.6425,3,0,0,0,0,0,0,0,0,0,1,0,0,-0.044117647
2025-08-29,4,TRUE,FALSE,70.48,68.12,64.01,70.48,2.88,111.5,123.5,123.5,1,1390.1,194.99,2.5,2.426,2.73,0.304,3186.01,19.52,2236.81,2224.26,734.9,817.79,3921.15,29,29,16.09545372,16.09545372,16.09545372,16.09545372,16.09545372,32.2,32.2,32.2,1,0,0,0,133.33,116.52,120.19,119.1,114.1,70,69,60726504,54190714,117.7,94.7,87.8,73.1,2747308,576794.3,1,120.97,742.62,2.73,69.69,111.55,121.2813333,117.7405,752.332,773.482,2.73,2.73,69.858,69.703,111.45,112.4675,3,0,0,0,0,0,0,0,0,0,1,0,0,0.042857143
2025-09-01,1,TRUE,TRUE,70.72,68.15,64.01,70.7,2.88,109.9,123.34,117.7,3,1393.7,195.55,2.5,2.435,2.73,0.295,3142.93,20.4,2204.58,2177.07,734.27,806.58,3780.05,26.1,27.66666667,13.19545372,14.76212038,13.19545372,14.76212038,15.59545372,20.4,14.76666667,44.3,3,0,0,0,133.33,116.52,120.19,120.1,114.3,70,69,58272144,51853002,116.5,96.5,92,72.2,2339805,576794.3,1,123.5,734.9,2.73,70.48,111.5,121.8233333,117.8885,747.178,770.325,2.73,2.73,69.964,69.4505,111.49,112.285,3,0,0,0,0,0,0,0,0,0,0,1,0,-0.020021075
2025-09-02,1,TRUE,FALSE,71.72,69.14,65.59,71.7,2.7,108.8,122.47,122.47,1,1391,194.81,2.5,2.45,2.73,0.28,3172.35,19.57,2204.08,2176.8,735.51,808.82,3811.49,26,26,13.09545372,13.09545372,13.09545372,13.09545372,13.09545372,0,0,0,1,0,0,0,133.33,116.45,120.19,120.1,114.3,70,69,58272144,51853002,116.5,96.5,92,72.2,2339805,576794.3,1,117.7,734.27,2.73,70.7,109.9,121.882,117.794,740.39,768.95,2.73,2.73,70.1,69.298,111.21,112.035,3,0,0,0,0,0,0,0,0,0,0,1,1,0.007526882
2025-09-03,1,TRUE,FALSE,71.52,67.6,63.97,71.51,3,108.5,124.6,124.6,1,1392.3,194.79,2.5,2.475,2.73,0.255,3184.42,19.74,2252.51,2186.97,737.14,806.31,3853.23,27.6,27.6,14.69545372,14.69545372,14.69545372,14.69545372,14.69545372,0,0,0,1,0,0,2000000,133.33,116.45,120.19,120.1,114.3,70,69,58272144,51853002,116.5,96.5,92,72.2,2339805,576794.3,1,122.47,735.51,2.73,71.7,108.8,120.676,117.8336667,738.25,766.769,2.73,2.73,70.362,69.3255,110.66,111.7275,3,0,0,0,0,0,0,0,0,0,0,1,0,-0.002134472
2025-09-04,1,TRUE,FALSE,69.49,66.99,63.48,69.47,3.11,107,123.92,123.92,1,1392.5,194.99,2.5,2.472,2.73,0.258,3200.83,19.26,2268.16,2230.23,743.48,813.15,3887.28,25.8,25.8,12.89545372,12.89545372,12.89545372,12.89545372,12.89545372,44.2,44.2,44.2,1,0,0,2000000,133.33,116.45,120.19,120.1,114.3,70,69,58272144,51853002,116.5,96.5,92,72.2,2339805,576794.3,1,124.6,737.14,2.73,71.51,108.5,121.848,118.4166667,736.888,764.117,2.73,2.73,70.816,69.384,110.05,111.4125,3,0,0,0,0,0,0,0,0,0,0,1,0,0
2025-09-05,1,TRUE,FALSE,69.23,65.5,61.87,69.21,3.05,107.55,126.17,126.17,1,1391,194.85,2.5,2.46,2.73,0.27,3205.12,18.43,2277.27,2247.05,740.38,812.87,3924.99,27.9,27.9,14.99545372,14.99545372,14.99545372,14.99545372,14.99545372,0,0,0,1,0,1,2000000,133.33,116.45,120.19,120.1,114.3,70,69,58272144,51853002,116.5,96.5,92,72.2,2339805,576794.3,1,123.92,743.48,2.73,69.47,107,122.438,118.8796667,737.06,760.4365,2.73,2.73,70.772,69.3385,109.14,111.0375,3,0,0,0,0,0,0,0,0,0,0,1,0,0
2025-09-08,1,TRUE,FALSE,69.24,66.02,62.26,69.33,3.1,105.8,119.58,119.17,3,1390.6,194.97,2.5,2.448,2.73,0.282,3219.59,18.36,2304.5,2257.48,754.74,820.27,3990.45,24.4,25.5,11.49545372,12.59545372,11.49545372,12.59545372,13.89545372,0,12.1,36.3,3,1,1,2000000,133.33,116.45,120.19,120.1,114.3,70,69,58272144,51853002,116.5,96.5,92,72.2,2339805,576794.3,1,126.17,740.38,2.73,69.21,107.55,122.972,119.4531667,738.156,756.6735,2.73,2.73,70.518,69.333,108.35,110.7275,3,0,0,0,0,0,0,0,0,0,0,1,0,0.013903743
2025-09-09,1,TRUE,FALSE,69.71,66.39,62.63,69.77,3.12,103.85,120.37,120.37,1,1387.9,194.83,2.5,2.425,2.73,0.305,3260.05,18.7,2326.72,2302.2,762.51,816.71,4104.4,23.7,23.7,10.79545372,10.79545372,10.79545372,10.79545372,10.79545372,0,0,0,1,1,1,2000000,133.33,116.45,120.19,120.1,114.3,70,69,58272144,51853002,116.5,96.5,92,72.2,2339805,576794.3,1,119.17,754.74,2.73,69.33,105.8,123.266,119.6851667,742.25,754.6455,2.73,2.73,70.244,69.3715,107.53,110.3575,3,0,0,0,0,0,0,0,0,0,0,1,0,0.025316456
2025-09-10,1,TRUE,FALSE,70.41,67.49,63.67,70.42,2.89,102.45,116.02,116.02,1,1386.6,194.83,2.5,2.43,2.73,0.3,3314.53,20.38,2356.55,2301.28,770.95,826.71,4228.68,24.8,24.8,11.89545372,11.89545372,11.89545372,11.89545372,11.89545372,0,0,0,1,1,1,2000000,133.33,116.45,120.19,120.1,114.3,70,69,58272144,51853002,116.5,96.5,92,72.2,2339805,576794.3,1,120.37,762.51,2.73,69.77,103.85,122.846,120.0563333,747.65,753.2645,2.73,2.73,69.858,69.4575,106.54,109.9375,3,0,0,0,0,0,0,0,0,0,0,1,0,0.008230453
2025-09-11,1,TRUE,FALSE,70.69,66.37,62.37,70.76,2.81,100.9,116.35,116.35,1,1391.8,195.45,2.5,2.42,2.73,0.31,3344.2,20.06,2347.17,2321.88,772.63,823.75,4271.64,25.8,25.8,12.89545372,12.89545372,12.89545372,12.89545372,12.89545372,0,0,0,1,1,1,0,133.17,116.45,120.19,120.1,114.3,70,69,58272144,51853002,116.5,96.5,92,72.2,2339805,576794.3,1,116.02,770.95,2.73,70.42,102.45,121.13,120.1453333,754.412,752.781,2.73,2.73,69.64,69.554,105.33,109.475,3,0,0,0,0,0,0,0,0,0,0,1,0,0.086734694
2025-09-12,1,TRUE,FALSE,69.5,66.99,62.69,69.6,2.86,100.7,120.49,120.49,1,1388.2,195.11,2.5,2.431,2.73,0.299,3395.54,20.61,2435.36,2335.51,770.1,819.96,4382.77,23.9,23.9,10.99545372,10.99545372,10.99545372,10.99545372,10.99545372,6.8,6.8,6.8,1,1,1,0,133.17,116.45,120.19,120.1,114.3,70,69,58272144,51853002,116.5,96.5,92,72.2,2339805,576794.3,1,116.35,772.63,2.73,70.76,100.9,119.616,120.2563333,760.242,752.1875,2.73,2.73,69.898,69.7235,104.11,108.93,3,0,0,0,0,0,0,0,0,0,0,1,0,-0.014084507
2025-09-15,1,TRUE,FALSE,70.9,67.44,63.3,70.92,3,101.5,116.99,106.1533333,3,1389,194.99,2.5,2.443,2.73,0.287,3407.31,20.71,2464.39,2386.27,769.69,821.55,4467.37,25.7,24.6,12.79545372,11.69545372,12.79545372,11.69545372,12.79545372,0,21.23333333,63.7,3,0,1,0,133.17,116.45,120.19,120.1,114.3,70,69,58272144,51853002,116.5,96.5,92,72.2,2339805,576794.3,1,120.49,770.1,2.73,69.6,100.7,118.48,120.3698333,766.186,751.966,2.73,2.73,69.976,69.8195,102.74,108.42,3,0,0,0,0,0,0,0,0,0,0,1,0,-0.038095238
2025-09-16,1,TRUE,FALSE,70.26,68.47,64.52,70.43,3.07,101.75,120.5,120.5,1,1378.9,193.9,2.5,2.417,2.73,0.313,3449.62,21.03,2448.12,2362.28,769.24,823.22,4601.99,23.7,23.7,10.79545372,10.79545372,10.79545372,10.79545372,10.79545372,17.5,17.5,17.5,1,0,0,0,133.17,116.45,120.19,120.1,114.3,70,69,58272144,51853002,116.5,96.5,92,72.2,2339805,576794.3,1,106.1533333,769.69,2.73,70.92,101.5,115.8766667,119.9565,769.176,751.637,2.73,2.73,70.294,69.9835,101.88,107.945,3,0,0,0,0,0,0,0,0,0,0,1,0,0.034653465
2025-09-17,1,TRUE,FALSE,70.68,67.95,64.05,70.94,3.19,102.9,120.4,120.4,1,1380.1,194.33,2.5,2.418,2.73,0.312,3413.4,21.1,2438.38,2370.92,764.31,805.39,4516.67,22.7,22.7,9.795453716,9.795453716,9.795453716,9.795453716,9.795453716,52.7,52.7,52.7,1,0,0,0,133.17,116.45,120.19,120.1,114.3,70,69,58272144,51853002,116.5,96.5,92,72.2,2339805,576794.3,1,120.5,769.24,2.73,70.43,101.75,115.9026667,119.825,770.522,752.6145,2.73,2.73,70.426,70.1035,101.46,107.4775,3,0,0,0,0,0,0,0,0,0,0,1,0,-0.033492823
2025-09-18,1,TRUE,FALSE,70.45,67.44,63.57,70.5,3.1,103.35,115.71,115.71,1,1387.8,195.22,2.5,2.403,2.73,0.327,3461.3,20.69,2404.37,2403.49,767.13,805.2,4686.05,22.1,22.1,9.195453716,9.195453716,9.195453716,9.195453716,9.195453716,0,0,0,1,0,0,0,133.17,116.45,120.19,120.1,114.3,70,69,58272144,51853002,116.5,96.5,92,72.2,2339805,576794.3,1,120.4,764.31,2.73,70.94,102.9,116.7786667,120.08,769.194,753.7175,2.73,2.73,70.53,70.2115,101.55,107.0475,3,0,0,0,0,0,0,0,0,0,0,1,0,0.014851485
2025-09-19,1,TRUE,FALSE,69.32,66.68,62.68,69.41,2.89,103.35,114.16,114.16,1,1393.6,196.02,2.5,2.441,2.73,0.289,3445.24,20.68,2387.36,2363.44,755.65,798.13,4718.69,19.4,19.4,6.495453716,6.495453716,6.495453716,6.495453716,6.495453716,13.8,13.8,13.8,1,0,0,0,133.17,116.45,120.19,120.1,114.3,70,69,58272144,51853002,116.5,96.5,92,72.2,2339805,576794.3,1,115.71,767.13,2.73,70.5,103.35,116.6506667,119.9965,768.094,754.432,2.73,2.73,70.478,70.2515,102.04,106.685,3,0,0,0,0,0,0,0,0,0,0,1,0,0.068292683
2025-09-22,1,TRUE,FALSE,68.61,66.57,62.64,68.9,2.9,103.9,108.18,96.72,3,1392.6,195.72,2.5,2.459,2.73,0.271,3468.65,20.94,2358.32,2367.3,758.83,792.07,4830.36,21.3,20.96666667,8.395453716,8.062120382,8.395453716,8.062120382,8.695453716,0,11.76666667,35.3,3,0,0,0,133.17,116.45,120.19,120.1,114.3,70,69,58272144,51853002,116.5,96.5,92,72.2,2339805,576794.3,1,114.16,755.65,2.73,69.41,103.35,115.3846667,119.665,765.204,754.181,2.73,2.73,70.44,70.2245,102.57,106.2875,3,0,0,0,0,0,0,0,0,0,0,1,0,-0.0456621
2025-09-23,1,TRUE,FALSE,68.23,67.63,63.41,68.34,2.86,103.6,112.49,112.49,1,1392.6,195.63,2.5,2.46,2.73,0.27,3486.19,20.98,2340.67,2370.83,764.35,793.14,4895.48,22.7,22.7,9.795453716,9.795453716,9.795453716,9.795453716,9.795453716,0,0,0,1,0,0,0,133.17,116.45,120.11,120.1,114.3,70,69,58272144,51853002,116.5,96.5,92,72.2,2339805,576794.3,1,96.72,758.83,2.73,68.9,103.9,113.498,118.6306667,763.032,753.712,2.73,2.73,70.036,70.1685,103.05,105.9175,3,0,0,0,0,0,0,0,0,0,0,1,0,-0.009569378
2025-09-24,1,TRUE,FALSE,69.86,69.31,64.99,69.86,2.88,103.6,109.01,109.01,1,1397.5,196.25,2.5,2.489,2.73,0.241,3472.14,21.2,2338.15,2325.43,764.81,791.58,4922.71,22,22,9.095453716,9.095453716,9.095453716,9.095453716,9.095453716,35.2,35.2,35.2,1,0,0,0,133.17,116.45,120.11,120.1,114.3,70,69,58272144,51853002,116.5,96.5,92,72.2,2339805,576794.3,1,112.49,764.35,2.73,68.34,103.6,111.896,117.8301667,762.054,754.619,2.73,2.73,69.618,70.066,103.42,105.52,3,0,0,0,0,0,0,0,0,0,0,1,0,0
2025-09-25,1,TRUE,FALSE,70.56,69.42,64.98,70.59,2.98,103.85,117.78,117.78,1,1400.6,196.45,2.5,2.528,2.73,0.202,3471.11,20.62,2358.81,2333.94,757.69,782.69,4868.17,22.5,22.5,9.595453716,9.595453716,9.595453716,9.595453716,9.595453716,0.3,0.3,0.3,1,0,0,0,133.17,116.45,120.11,120.1,114.3,70,69,58272144,51853002,116.5,96.5,92,72.2,2339805,576794.3,1,109.01,764.81,2.73,69.86,103.6,109.618,117.3436667,762.154,755.662,2.73,2.73,69.402,70.097,103.56,105.1225,3,0,0,0,0,0,0,0,0,0,0,1,0,0.014492754
2025-09-26,1,TRUE,FALSE,70.65,70.13,65.72,70.66,2.9,103.75,109.01,109.01,1,1412.4,197.64,2.5,2.562,2.73,0.168,3386.05,21.77,2297.37,2281.22,744.53,767.12,4713.27,21.7,21.7,8.795453716,8.795453716,8.795453716,8.795453716,8.795453716,0,0,0,1,0,0,0,133.17,116.45,120.11,120.1,114.3,70,68,58272144,51853002,116.5,96.5,92,72.2,2339805,576794.3,1,117.78,757.69,2.73,70.59,103.85,110.032,117.1841667,760.266,756.4155,2.73,2.73,69.42,70.142,103.66,104.7375,3,0,0,0,0,0,0,0,0,0,0,1,0,0.00952381
2025-09-29,1,TRUE,FALSE,69.24,67.97,63.45,69.24,2.93,106.75,95.88,93.84333333,3,1398.7,196.26,2.5,2.563,2.73,0.167,3431.21,20.96,2295.76,2293.99,747.7,772.11,4799.93,19.6,20.7,6.695453716,7.795453716,6.695453716,7.795453716,9.595453716,0,14.83333333,44.5,3,0,0,0,133.17,116.45,120.11,120.1,114.3,70,68,58272144,51853002,116.5,96.5,92,72.2,2339805,576794.3,1,109.01,744.53,2.73,70.66,103.75,109.002,116.4596667,758.042,756.897,2.73,2.73,69.67,70.151,103.74,104.35,3,0,0,0,0,0,0,0,0,0,0,1,0,-0.018867925
2025-09-30,1,TRUE,FALSE,69.33,67.02,62.37,69.33,3.12,106.2,95.09,95.09,1,1402.9,196.85,2.5,2.582,2.73,0.148,3424.6,20.62,2288.74,2288.48,742.82,768.06,4792.07,19.8,19.8,6.895453716,6.895453716,6.895453716,6.895453716,6.895453716,0,0,0,1,0,0,0,133.17,116.45,120.11,120.1,114.3,70,68,58272144,51853002,116.5,96.5,92,72.2,2339805,576794.3,1,93.84333333,747.7,2.73,69.24,106.75,108.4266667,115.2668333,755.816,757.5685,2.73,2.73,69.738,70.078,104.31,104.1925,3,0,0,0,0,0,0,0,0,0,0,1,0,0.009615385
2025-10-01,1,TRUE,FALSE,66.56,65.35,61.78,66.57,3.24,105.55,101.47,101.47,1,1403.2,196.82,2.5,2.596,2.73,0.134,3455.83,20.55,2297.24,2298.37,738.55,773.53,4911.72,20.5,20.5,7.595453716,7.595453716,7.595453716,7.595453716,7.595453716,0,0,0,1,0,0,2500000,133.17,116.45,120.11,120.9,114.7,70,68,65907865,56408389,112.7,92.7,87.8,73.7,2570172,576794.3,1,95.09,742.82,2.73,69.33,106.2,104.9466667,113.8978333,751.51,757.934,2.73,2.73,69.936,69.9595,104.83,104.0625,3,0,0,0,0,0,0,0,0,0,0,1,0,-0.014285714
2025-10-02,1,TRUE,FALSE,65.3,64.11,60.48,65.31,3.32,104.85,107.6,107.6,1,1400,196.48,2.5,2.581,2.73,0.149,3549.21,22.34,2293.1,2330.27,739.48,774.52,5140.5,21.4,21.4,8.495453716,8.495453716,8.495453716,8.495453716,8.495453716,0,0,0,1,0,0,2500000,133.17,117.06,120.11,120.9,114.7,70,68,65907865,56408389,112.7,92.7,87.8,73.7,2570172,576794.3,1,101.47,738.55,2.73,66.57,105.55,103.4386667,112.7413333,746.258,758.0045,2.73,2.73,69.278,69.7125,105.22,103.915,3,0,0,0,0,0,0,0,0,0,0,1,0,0.004830918
2025-10-10,1,TRUE,FALSE,64.86,62.73,58.9,65.23,2.9,104.55,107.05,82.03,8,1421,199.34,2.5,2.591,2.73,0.139,3610.6,23.9,2265.92,2325.01,745.75,788.26,5422.4,17,19.975,4.095453716,7.070453716,4.095453716,7.070453716,9.595453716,49.3,14.0125,112.1,8,0,1,2500000,133.17,117.06,120.11,120.9,114.7,70,68,65907865,56408389,112.7,92.7,87.8,73.7,2570172,576794.3,1,107.6,739.48,2.73,65.31,104.85,101.4026667,111.9253333,742.616,757.8045,2.73,2.73,68.222,69.5045,105.42,103.8075,3,0,0,0,0,0,0,0,0,0,0,1,0,-0.004807692
2025-10-13,1,TRUE,FALSE,63.44,63.32,59.49,63.81,2.9,104.4,114.16,93.67666667,3,1425.8,199.85,2.5,2.554,2.73,0.176,3584.55,28.03,2395.72,2334.34,745.47,786.46,5445.13,15.7,18.33333333,2.795453716,5.428787049,2.795453716,5.428787049,7.395453716,25.1,15.9,47.7,3,1,1,2500000,133.17,117.06,120.11,120.9,114.7,70,68,65907865,56408389,112.7,92.7,87.8,73.7,2570172,576794.3,1,82.03,745.75,2.73,65.23,104.55,96.00666667,109.7183333,742.86,758.073,2.73,2.73,67.136,69.3055,105.58,103.6575,3,0,0,0,0,0,0,0,0,0,0,1,0,-0.004830918
2025-10-14,1,TRUE,FALSE,62.51,62.39,58.7,62.8,2.83,103.8,117.46,117.46,1,1431,200.48,2.5,2.533,2.73,0.197,3561.81,30.45,2550.75,2356.7,750.86,788.96,5310.27,17.9,17.9,4.995453716,4.995453716,4.995453716,4.995453716,4.995453716,0.6,0.6,0.6,1,1,1,2500000,133.17,117.06,120.11,120.9,114.7,70,68,65907865,56408389,112.7,92.7,87.8,73.7,2570172,576794.3,1,93.67666667,745.47,2.73,63.81,104.4,95.97333333,108.4436667,742.414,757.6095,2.73,2.73,66.05,69.0295,105.11,103.5875,3,0,0,0,0,0,0,0,0,0,0,1,0,-0.004854369
2025-10-15,1,TRUE,FALSE,62.54,61.91,58.27,62.83,2.79,105.85,115.52,115.52,1,1421.3,199.46,2.5,2.52,2.73,0.21,3657.28,27.66,2578.96,2390.18,780.32,822.37,5521.04,20.2,20.2,7.295453716,7.295453716,7.295453716,7.295453716,7.295453716,1.5,1.5,1.5,1,1,1,2500000,133.17,117.06,120.11,120.9,114.7,70,68,65907865,56408389,112.7,92.7,87.8,73.7,2570172,576794.3,1,117.46,750.86,2.73,62.8,103.8,100.4473333,108.2981667,744.022,757.027,2.73,2.73,64.744,68.681,104.63,103.585,3,0,0,0,0,0,0,0,0,0,0,1,0,0.004878049
2025-10-16,1,TRUE,FALSE,62.45,61.06,57.46,63.06,2.82,104.6,118.44,118.44,1,1417.9,198.88,2.5,2.569,2.73,0.161,3748.37,29.89,2520.94,2482.5,784.08,813.93,5656.51,20.2,20.2,7.295453716,7.295453716,7.295453716,7.295453716,7.295453716,1.3,1.3,1.3,1,1,1,0,127.15,117.06,120.11,120.9,114.7,70,68,65907865,56408389,112.7,92.7,87.8,73.7,2570172,576794.3,1,115.52,780.32,2.73,62.83,105.85,103.2573333,108.2731667,752.376,757.4955,2.73,2.73,63.996,68.3015,104.69,103.755,3,0,0,0,0,0,0,0,0,0,0,1,0,0.004854369
2025-10-17,1,TRUE,FALSE,61.34,61.29,57.54,61.95,2.65,103.45,114.86,114.86,1,1421.2,199.45,2.5,2.555,2.73,0.175,3748.89,34.58,2470.53,2529.27,787.69,788.76,5629.44,19.9,19.9,6.995453716,6.995453716,6.995453716,6.995453716,6.995453716,11.3,11.3,11.3,1,1,1,0,127.15,117.06,120.11,120.9,114.7,70,68,65907865,56408389,112.7,92.7,87.8,73.7,2570172,576794.3,1,118.44,784.08,2.73,63.06,104.6,105.4253333,108.3776667,761.296,758.068,2.73,2.73,63.546,67.9165,104.64,103.94,3,0,0,0,0,0,0,0,0,0,0,1,0,0
2025-10-20,1,TRUE,FALSE,61.34,61.01,57.52,61.95,2.99,104,107.76,96.6,3,1419.2,199.18,2.5,2.569,2.73,0.161,3814.69,30.9,2485.62,2565.54,788.13,790.95,5754.79,10,13.43333333,-2.904546284,0.528787049,2.904546284,2.465151239,2.904546284,0,3.733333333,11.2,3,0,1,0,127.15,117.06,120.11,120.9,114.7,70,68,65907865,56408389,112.7,92.7,87.8,73.7,2570172,576794.3,1,114.86,787.69,2.73,61.95,103.45,111.9913333,108.0961667,769.684,758.9475,2.73,2.73,62.89,67.534,104.42,104.0775,3,0,0,0,0,0,0,0,0,0,0,1,0,-0.009661836
2025-10-21,1,TRUE,FALSE,61.82,61.32,57.82,62.31,3.28,104,107.48,107.48,1,1427.8,200.48,2.5,2.6,2.73,0.13,3823.84,30.62,2471.13,2590.81,786.18,806.65,5694.99,9.2,9.2,-3.704546284,-3.704546284,3.704546284,3.704546284,3.704546284,0,0,0,1,0,0,0,127.15,117.06,120.11,120.9,114.7,70,68,65907865,56408389,112.7,92.7,87.8,73.7,2570172,576794.3,1,96.6,788.13,2.73,61.95,104,112.576,107.6185,778.216,759.8695,2.73,2.73,62.518,67.0855,104.34,104.2025,3,0,0,0,0,0,0,0,0,0,0,1,0,0.004878049
2025-10-22,1,TRUE,FALSE,63.47,62.59,58.5,63.47,3.45,103.7,112.42,112.42,1,1429.8,200.68,2.5,2.572,2.73,0.158,3883.68,29.98,2508.08,2726.34,800.08,814.08,5736.79,13.1,13.1,0.195453716,0.195453716,0.195453716,0.195453716,0.195453716,0,0,0,1,0,0,0,127.15,117.06,120.54,120.9,114.7,70,68,65907865,56408389,112.7,92.7,87.8,73.7,2570172,576794.3,1,107.48,786.18,2.73,62.31,104,110.58,106.9675,785.28,760.7165,2.73,2.73,62.42,66.6795,104.38,104.315,3,0,0,0,0,0,0,0,0,0,0,1,0,-0.004854369
2025-10-23,1,TRUE,FALSE,67.74,65.99,61.79,67.83,3.34,104.2,109.76,109.76,1,1439.6,202.01,2.5,2.605,2.73,0.125,3845.56,30.63,2486.17,2695.76,786.62,819.59,5697.28,14.9,14.9,1.995453716,1.995453716,1.995453716,1.995453716,1.995453716,0,0,0,1,0,0,0,127.15,117.06,120.54,120.9,114.7,70,68,65907865,56408389,112.7,92.7,87.8,73.7,2570172,576794.3,1,112.42,800.08,2.73,63.47,103.7,109.96,106.5685,789.232,762.505,2.73,2.73,62.548,66.306,103.95,104.355,3,0,0,0,0,0,0,0,0,0,0,1,0,0
2025-10-24,1,TRUE,FALSE,68.82,65.94,61.5,68.82,3.21,104.1,107.76,107.76,1,1437.1,201.55,2.5,2.591,2.73,0.139,3941.59,31.29,2532.38,2805.33,800.58,847.39,5877.54,15.8,15.8,2.895453716,2.895453716,2.895453716,2.895453716,2.895453716,0,0,0,1,0,0,0,127.15,117.06,120.54,120.9,114.7,70,68,65907865,56408389,112.7,92.7,87.8,73.7,2570172,576794.3,1,109.76,786.62,2.73,67.83,104.2,108.224,106.271,789.74,763.4795,2.73,2.73,63.502,66.1725,103.87,104.3975,3,0,0,0,0,0,0,0,0,0,0,1,0,0
2025-10-27,1,TRUE,FALSE,67.67,65.62,61.31,67.67,3.3,104.25,111.97,98.56666667,3,1431.7,201.38,2.5,2.62,2.73,0.11,4042.83,32.94,2489.62,2871.36,798.21,849.25,6002.92,8.1,11.56666667,-4.804546284,-1.337879618,4.804546284,2.334848761,4.804546284,0,0.166666667,0.5,3,0,0,0,127.15,117.06,120.54,120.9,114.7,70,68,65907865,56408389,112.7,92.7,87.8,73.7,2570172,576794.3,1,107.76,800.58,2.73,68.82,104.1,106.804,105.951,792.318,765.726,2.73,2.73,64.876,66.143,104,104.435,3,0,0,0,0,0,0,0,0,0,0,1,0,0.004878049
2025-10-28,1,TRUE,FALSE,64.95,64.4,60.15,65.29,3.44,104.25,113.63,113.63,1,1437.7,202.47,2.5,2.633,2.73,0.097,4010.41,33.24,2466.74,2888.51,806.18,842.19,5871.13,8.5,8.5,-4.404546284,-4.404546284,4.404546284,4.404546284,4.404546284,0,0,0,1,0,0,0,127.15,117.06,120.54,120.9,114.7,70,68,65907865,56408389,112.7,92.7,87.8,73.7,2570172,582913.5,1,98.56666667,798.21,2.73,67.67,104.25,107.1973333,106.0433333,794.334,767.695,2.73,2.73,66.02,66.0815,104.05,104.4525,3,0,0,0,0,0,0,0,0,0,0,1,0,0.004854369
2025-10-29,1,TRUE,FALSE,64.15,64.92,60.48,64.49,3.36,103.9,111.63,111.63,1,1431.7,201.64,2.5,2.677,2.73,0.053,4081.15,32.63,2511.9,2914.29,812.73,861.92,6041.94,11.4,11.4,-1.504546284,-1.504546284,1.504546284,1.504546284,1.504546284,0,0,0,1,0,0,0,127.15,117.06,120.54,120.9,114.7,68,70,65907865,56408389,112.7,92.7,87.8,73.7,2570172,582913.5,1,113.63,806.18,2.73,65.29,104.25,108.4273333,106.1003333,798.334,769.7865,2.73,2.73,66.616,65.929,104.1,104.485,3,0,0,0,0,0,0,0,0,0,0,1,0,0
2025-10-30,1,TRUE,FALSE,66.43,65,60.57,66.43,3.46,104.15,119.08,119.08,1,1426.5,200.91,2.5,2.732,2.75,0.018,4086.89,31.89,2442.89,2852.87,789.59,831.74,6114.65,12.8,12.8,-0.104546284,-0.104546284,0.104546284,0.104546284,0.104546284,0,0,0,1,0,0,0,127.15,117.06,120.54,120.9,114.7,68,70,65907865,56408389,112.7,92.7,87.8,73.7,2570172,582913.5,1,111.63,812.73,2.73,64.49,103.9,108.2693333,106.2313333,800.864,772.1825,2.73,2.73,66.82,65.6605,104.14,104.5,3,0,0,0,0,0,0,0,0,0,0,1,0,0
2025-10-31,1,TRUE,FALSE,67.68,65.07,60.98,67.67,3.57,104.15,117.76,117.76,1,1424.4,200.34,2.5,2.716,2.76,0.044,4107.5,30.4,2366.67,2815.01,783.19,823.81,6131.68,15.1,15.1,2.195453716,2.195453716,2.195453716,2.195453716,2.195453716,0.1,0.1,0.1,1,0,0,0,127.15,117.06,120.54,121.2,114.9,68,70,65907865,56408389,124.9,95,92.1,73.4,2916182,582913.5,1,119.08,789.59,2.75,66.43,104.15,110.1333333,106.2963333,801.458,773.7775,2.734,2.731,66.54,65.4525,104.13,104.515,3,0,0,0,0,0,0,0,0,0,0,1,0,0.004830918
2025-11-03,1,TRUE,FALSE,66.69,64.89,61.05,66.69,3.37,109.6,102.73,106.75,3,1428.8,200.78,2.5,2.741,2.76,0.019,4221.87,32.89,2383.14,2858.5,802.44,816.36,6374.59,7.2,9.366666667,-5.704546284,-3.537879618,5.704546284,3.537879618,5.704546284,0,0.866666667,2.6,3,0,0,0,127.15,117.06,120.54,121.2,114.9,68,70,59517485,53500265,124.9,95,92.1,73.4,2916182,582913.5,1,117.76,783.19,2.76,67.67,104.15,112.1333333,106.7338333,797.98,775.7105,2.74,2.7325,66.31,65.303,104.14,104.535,3,0,0,0,0,0,0,0,0,0,0,1,0,0
2025-11-04,1,TRUE,FALSE,65.37,64.44,60.56,65.37,3.35,110.85,104.28,104.28,1,1437.9,201.9,2.5,2.729,2.76,0.031,4121.74,35.78,2345.6,2849.23,795.3,814,6279.4,10.2,10.2,-2.704546284,-2.704546284,2.704546284,2.704546284,2.704546284,0,0,0,1,0,0,0,127.15,117.42,120.54,121.2,114.9,68,70,59517485,53500265,124.9,95,92.1,73.4,2916182,582913.5,1,106.75,802.44,2.76,66.69,109.6,113.77,107.3791667,798.826,778.4475,2.746,2.734,66.114,65.1755,105.21,104.6775,3,0,0,0,0,0,0,0,0,0,0,1,0,-0.004807692
2025-11-05,1,TRUE,FALSE,65.61,63.52,59.6,65.62,3.51,109.95,107.39,107.39,1,1449.4,203.29,2.5,2.767,2.77,0.003,4004.42,40.51,2284.84,2727.65,773.25,786.1,6072.57,11.6,11.6,-1.304546284,-1.304546284,1.304546284,1.304546284,1.304546284,0,0,0,1,0,0,4000000,127.15,117.42,120.54,121.2,114.9,68,70,59517485,53500265,124.9,95,92.1,73.4,2916182,582913.5,1,104.28,795.3,2.76,65.37,110.85,111.9,107.8386667,796.65,781.0715,2.752,2.7355,66.13,64.9775,106.53,104.91,3,0,0,0,0,0,0,0,0,0,0,1,0,0.014492754
2025-11-06,1,TRUE,FALSE,64.64,63.38,59.43,64.64,3.71,110.65,104.66,104.66,1,1447.7,203.12,2.5,2.834,2.78,-0.054,4026.45,40.2,2281.8,2753.9,794,789.91,6141.8,12.5,12.5,-0.404546284,-0.404546284,0.404546284,0.404546284,0.404546284,0,0,0,1,0,0,4000000,127.15,117.42,120.54,121.2,114.9,68,70,59517485,53500265,124.9,95,92.1,73.4,2916182,582913.5,1,107.39,773.25,2.77,65.62,109.95,111.052,108.1346667,788.754,782.8065,2.76,2.7375,66.356,64.93,107.74,105.13,3,0,0,0,0,0,0,0,0,0,0,1,0,0
2025-11-07,1,TRUE,FALSE,64.97,63.63,59.75,65,3.76,110.45,103.16,103.16,1,1456.9,204.54,2.5,2.894,2.79,-0.104,3953.76,41.88,2255.65,2671.74,784.26,771.53,5986.78,13.9,13.9,0.995453716,0.995453716,0.995453716,0.995453716,0.995453716,0,0,0,1,0,1,4000000,127.15,117.42,120.54,121.2,114.9,68,70,59517485,53500265,124.9,95,92.1,73.4,2916182,582913.5,1,104.66,794,2.78,64.64,110.65,108.168,107.9876667,789.636,785.5325,2.766,2.74,65.998,64.8965,109.04,105.42,3,0,0,0,0,0,0,0,0,0,0,1,0,0
2025-11-10,1,TRUE,FALSE,65.36,64.06,60.13,65.41,3.8,109.45,101.84,88.35,3,1451.4,203.83,2.5,2.865,2.8,-0.065,4073.24,39.75,2312.64,2785.54,809.24,787.72,6124.73,8.3,12.1,-4.604546284,-0.804546284,4.604546284,2.265151239,4.604546284,0,0,0,3,1,1,4000000,127.15,117.42,120.54,121.2,114.9,68,70,59517485,53500265,124.9,95,92.1,73.4,2916182,582913.5,1,103.16,784.26,2.79,65,110.45,105.248,109.0441667,789.85,787.458,2.772,2.743,65.464,64.885,110.3,105.715,3,0,0,0,0,0,0,0,0,0,0,1,0,0
2025-11-11,1,TRUE,FALSE,64.94,65.16,61.04,64.95,3.8,107.85,109.07,109.07,1,1463.3,205.49,2.5,2.831,2.81,-0.021,4106.39,38.93,2313.21,2796.92,827.63,786.81,6243.09,8.9,8.9,-4.004546284,-4.004546284,4.004546284,4.004546284,4.004546284,0,0,0,1,1,1,4000000,127.15,117.42,120.54,121.2,114.9,68,70,59517485,53500265,124.9,95,92.1,73.4,2916182,582913.5,1,88.35,809.24,2.8,65.41,109.45,101.568,108.7778333,791.21,790.6465,2.78,2.7465,65.208,64.965,110.27,105.9675,3,0,0,0,0,0,0,0,0,0,0,1,0,-0.004761905
2025-11-12,1,TRUE,FALSE,65.83,62.71,58.49,65.85,3.6,109.5,104.02,104.02,1,1465.7,205.84,2.5,2.923,2.84,-0.083,4150.39,36.1,2411.39,2863.96,820.85,788.72,6234.9,10.8,10.8,-2.104546284,-2.104546284,2.104546284,2.104546284,2.104546284,0,0,0,1,1,1,4000000,127.15,117.42,120.54,121.2,114.9,68,70,59517485,53500265,124.9,95,92.1,73.4,2916182,582913.5,1,109.07,827.63,2.81,64.95,107.85,102.526,108.3583333,797.676,794.485,2.79,2.7505,65.124,65.0725,109.67,106.17,3,0,0,0,0,0,0,0,0,0,0,1,0,0.014354067
2025-11-13,1,TRUE,FALSE,63.58,63.01,58.69,63.58,3.6,109.55,101.47,101.47,1,1467.7,206.65,2.5,2.932,2.86,-0.072,4170.63,33.34,2471.49,2924.96,829.15,798.98,6227.27,11.1,11.1,-1.804546284,-1.804546284,1.804546284,1.804546284,1.804546284,0,0,0,1,1,1,0,90.28,117.42,120.54,121.2,114.9,68,70,59517485,53500265,124.9,95,92.1,73.4,2916182,582913.5,1,104.02,820.85,2.84,65.85,109.5,101.852,107.7833333,807.196,796.5115,2.804,2.756,65.17,65.2235,109.58,106.3525,3,0,0,0,0,0,0,0,0,0,0,1,0,-0.004716981
2025-11-14,1,TRUE,FALSE,64.76,64.39,60.09,64.8,3.49,110.6,100.25,100.25,1,1457,205.32,2.5,2.944,2.89,-0.054,4011.57,36.66,2402.85,2832.56,805.09,780.22,5845.77,9.1,9.1,-3.804546284,-3.804546284,3.804546284,3.804546284,3.804546284,0,0,0,1,1,1,0,90.28,117.42,120.54,121.2,114.9,68,70,59517485,53500265,124.9,95,92.1,73.4,2916182,582913.5,1,101.47,829.15,2.86,63.58,109.55,101.214,106.9348333,814.226,798.765,2.82,2.7625,64.958,65.2495,109.36,106.6,3,0,0,0,0,0,0,0,0,0,0,1,0,0
2025-11-17,1,TRUE,FALSE,64.63,64.2,59.91,64.76,3.71,110.2,103.36,88.19,3,1458,205.22,2.5,2.914,2.92,0.006,4089.25,34.36,2384.93,2847.97,812.58,786.34,6113.74,3.2,8.2,-9.704546284,-4.704546284,9.704546284,4.704546284,9.704546284,0,0.1,0.3,3,0,1,0,90.28,117.42,120.54,121.2,114.9,68,70,59517485,53500265,124.9,95,92.1,73.4,2916182,582913.5,1,100.25,805.09,2.89,64.8,110.6,100.632,106.2043333,818.392,799.635,2.84,2.7705,64.918,65.392,109.39,106.9575,3,0,0,0,0,0,0,0,0,0,0,1,0,-0.004739336
2025-11-18,1,TRUE,FALSE,64.48,64.89,60.74,64.52,3.7,111.5,105.77,105.77,1,1465.3,205.95,2.5,2.872,2.94,0.068,3953.62,39.26,2307.97,2733.86,797.41,757.62,5844.85,1.6,1.6,-11.30454628,-11.30454628,11.30454628,11.30454628,11.30454628,0,0,0,1,0,0,0,90.28,117.42,120.54,121.2,114.9,68,70,59517485,53500265,124.9,95,92.1,73.4,2916182,582913.5,1,88.19,812.58,2.92,64.76,110.2,100.6,105.7838333,819.06,800.8575,2.864,2.78,64.788,65.5325,109.54,107.2675,3,0,0,0,0,0,0,0,0,0,0,1,0,0
2025-11-19,1,TRUE,FALSE,64.73,63.51,59.44,64.74,3.94,111,100.68,100.68,1,1465.6,206.09,2.5,2.869,2.95,0.081,3929.51,39.51,2349.76,2717.73,787.13,761.1,5759.01,3,3,-9.904546284,-9.904546284,9.904546284,9.904546284,9.904546284,0,0,0,1,0,0,0,90.28,117.42,120.54,121.2,114.9,68,70,59517485,53500265,124.9,95,92.1,73.4,2916182,582913.5,1,105.77,797.41,2.94,64.52,111.5,99.94,105.6983333,813.016,801.419,2.89,2.7905,64.702,65.643,110.27,107.6425,3,0,0,0,0,0,0,0,0,0,0,1,0,-0.004761905
2025-11-20,1,TRUE,FALSE,64.41,63.38,59.14,64.41,3.97,111,95.09,95.09,1,1467.9,206.25,2.5,2.908,2.96,0.052,4004.85,36.28,2372.66,2737.98,807.51,772.78,5863.37,7.4,7.4,-5.504546284,-5.504546284,5.504546284,5.504546284,5.504546284,0,0,0,1,0,0,0,90.28,117.42,120.54,121.2,114.9,68,70,59517485,53500265,124.9,95,92.1,73.4,2916182,582913.5,1,100.68,787.13,2.95,64.74,111,99.272,105.1113333,806.272,800.7715,2.912,2.8015,64.48,65.7065,110.57,108.0075,3,0,0,0,0,0,0,0,0,0,0,1,0,0
2025-11-21,1,TRUE,FALSE,62.68,62.56,58.06,62.73,4.13,110.9,87.91,87.91,1,1475.6,207.3,2.5,2.872,2.97,0.098,3853.26,41.38,2316.32,2625.9,788.68,759.32,5460.42,7.4,7.4,-5.504546284,-5.504546284,5.504546284,5.504546284,5.504546284,0,0,0,1,0,0,0,90.28,117.42,120.94,121.2,114.9,68,70,59517485,53500265,124.9,95,92.1,73.4,2916182,582913.5,1,95.09,807.51,2.96,64.41,111,97.996,104.3778333,801.944,801.816,2.932,2.813,64.646,65.5355,110.86,108.3475,3,0,0,0,0,0,0,0,0,0,0,1,0,0
2025-11-24,1,TRUE,FALSE,62.63,63.37,58.84,62.63,4.15,111.15,89.64,80.53666667,3,1477.1,207.8,2.5,2.904,2.98,0.076,3846.06,38.72,2260.62,2571.85,781.81,756.88,5504.82,12.4,10.96666667,-0.504546284,-1.937879618,0.504546284,1.937879618,3.304546284,0,0,0,3,0,0,0,90.28,117.42,120.94,121.2,114.9,68,70,59517485,53500265,124.9,95,92.1,73.4,2916182,582913.5,1,87.91,788.68,2.97,62.73,110.9,95.528,103.3853333,798.662,801.221,2.948,2.825,64.232,65.231,110.92,108.6875,3,0,0,0,0,0,0,0,0,0,0,1,0,0
2025-11-25,1,TRUE,FALSE,63.36,62.48,57.95,63.36,4.12,111.15,91.41,91.41,1,1472.4,207.45,2.5,2.902,2.99,0.088,3857.78,37.16,2296.44,2593.49,801.4,758.07,5594.9,7.4,7.4,-5.504546284,-5.504546284,5.504546284,5.504546284,5.504546284,7.8,7.8,7.8,1,0,0,0,90.28,117.42,120.94,121.2,114.9,68,70,59517485,53500265,124.9,95,92.1,73.4,2916182,582913.5,1,80.53666667,781.81,2.98,62.63,111.15,93.99733333,102.4838333,792.508,800.401,2.96,2.8375,63.806,64.979,111.11,109.0325,3,0,0,0,0,0,0,0,0,0,0,1,0,0
2025-11-26,1,TRUE,FALSE,62.84,63.13,58.65,62.84,4.59,111.15,85.1,85.1,1,1465.6,207.14,2.5,2.895,2.99,0.095,3960.87,33.06,2369,2708.42,818.76,787.14,5731.96,6.4,6.4,-6.504546284,-6.504546284,6.504546284,6.504546284,6.504546284,0,0,0,1,0,0,0,90.28,117.42,120.94,121.2,114.9,70,70,59517485,53500265,124.9,95,92.1,73.4,2916182,582913.5,1,91.41,801.4,2.99,63.36,111.15,91.12533333,101.3728333,793.306,800.162,2.97,2.8505,63.574,64.8825,111.04,109.3775,3,0,0,0,0,0,0,0,0,0,0,1,0,0
2025-11-27,1,TRUE,FALSE,63.75,63.34,58.65,63.75,4.59,111,92.16,92.16,1,1464.9,206.83,2.5,3.013,3.04,0.027,3986.91,30.79,2465.27,2697.26,821.83,783.77,5825.83,5.1,5.1,-7.804546284,-7.804546284,7.804546284,7.804546284,7.804546284,10,10,10,1,0,0,0,90.28,117.42,120.94,121.2,114.9,70,70,59517485,53500265,124.9,95,92.1,73.4,2916182,582913.5,1,85.1,818.76,2.99,62.84,111.15,88.00933333,100.0463333,799.632,800.4635,2.978,2.8635,63.194,64.8,111.07,109.74,3,0,0,0,0,0,0,0,0,0,0,1,0,0.004784689
2025-11-28,1,TRUE,FALSE,64.15,63.2,58.55,64.13,4.59,111.1,98.85,98.85,1,1470.6,207.88,2.5,2.991,3.07,0.079,3926.59,30.24,2473.88,2655.04,822.49,789.41,5805.84,2.3,2.3,-10.60454628,-10.60454628,10.60454628,10.60454628,10.60454628,0,0,0,1,0,0,0,90.28,117.42,120.94,121.2,114.9,70,70,59517485,53500265,124.9,95,92.1,73.4,2916182,582913.5,1,92.16,821.83,3.04,63.75,111,87.42333333,98.70033333,802.496,802.0755,2.994,2.878,63.062,64.666,111.07,110.0825,3,0,0,0,0,0,0,0,0,0,0,1,0,0.047619048
2025-12-01,1,TRUE,FALSE,64.26,63.17,59.32,64.27,5.08,108.35,96.01,81.90333333,3,1469.9,207.95,2.5,3.045,3.11,0.065,3920.37,31.55,2480.09,2646.89,806.13,776.06,5865.74,5.5,7.866666667,-7.404546284,-5.037879618,7.404546284,5.037879618,7.404546284,0,0.033333333,0.1,3,0,0,0,90.28,117.42,120.94,121.5,114.6,70,70,60752618,51284605,107.5,88.3,82.7,70.4,2240418,582913.5,1,98.85,822.49,3.07,64.13,111.1,89.61133333,97.75483333,809.258,804.0405,3.014,2.8935,63.342,64.489,111.11,110.43,3,0,0,0,0,0,0,0,0,0,0,1,0,-0.018181818
2025-12-02,1,TRUE,FALSE,63.75,62.45,58.64,63.77,4.83,108.8,99.97,99.97,1,1468.4,207.69,2.5,3.022,3.14,0.118,3994.93,29.73,2469.65,2666,814.24,785.34,5961.51,0.1,0.1,-12.80454628,-12.80454628,12.80454628,12.80454628,12.80454628,0,0,0,1,0,0,0,90.28,117.2,120.94,121.5,114.6,70,70,60752618,51284605,107.5,88.3,82.7,70.4,2240418,582913.5,1,81.90333333,806.13,3.11,64.27,108.35,89.88466667,96.5125,814.122,804.225,3.04,2.911,63.67,64.368,110.55,110.3675,3,0,0,0,0,0,0,0,0,0,0,1,0,-0.023148148
2025-12-03,1,TRUE,FALSE,63.39,62.67,58.95,63.42,4.86,108.5,101.57,101.57,1,1468,208.02,2.5,3.041,3.17,0.129,4036.3,29.36,2468.67,2710.89,828.5,809.35,6004.34,-5.9,-5.9,-18.80454628,-18.80454628,18.80454628,18.80454628,18.80454628,0,0,0,1,0,0,4000000,90.28,117.2,120.94,121.5,114.6,70,70,60752618,51284605,107.5,88.3,82.7,70.4,2240418,582913.5,1,99.97,814.24,3.14,63.77,108.8,91.59666667,96.297,816.69,805.172,3.07,2.93,63.752,64.288,110.08,110.265,3,0,0,0,0,0,0,0,0,0,0,1,0,-0.009478673
2025-12-04,1,TRUE,FALSE,63.51,63.26,59.67,63.58,4.89,108.5,96.66,96.66,1,1473.5,208.5,2.5,3.025,3.2,0.175,4028.51,28.4,2457.52,2688.51,824.99,799.81,5894.77,-3.2,-3.2,-16.10454628,-16.10454628,16.10454628,16.10454628,16.10454628,4,4,4,1,0,0,4000000,90.28,117.2,120.94,121.5,114.6,70,70,60752618,51284605,107.5,88.3,82.7,70.4,2240418,582913.5,1,101.57,828.5,3.17,63.42,108.5,94.89066667,96.006,818.638,807.9345,3.106,2.95,63.868,64.178,109.55,110.1925,3,0,0,0,0,0,0,0,0,0,0,1,0,-0.004784689
2025-12-05,1,TRUE,FALSE,63.88,63.75,60.08,63.94,5.19,110.25,98.26,98.26,1,1468.8,207.92,2.5,2.994,3.22,0.226,4100.05,26.95,2520.69,2701.58,836.13,836.32,5980.04,-2.6,-2.6,-15.50454628,-15.50454628,15.50454628,15.50454628,15.50454628,0,0,0,1,0,1,4000000,90.28,117.2,120.94,121.5,114.6,70,70,60752618,51284605,107.5,88.3,82.7,70.4,2240418,582913.5,1,96.66,824.99,3.2,63.58,108.5,95.79066667,95.606,819.27,809.484,3.138,2.971,63.834,64.125,109.05,110.085,3,0,0,0,0,0,0,0,0,0,0,1,0,0.004807692
2025-12-08,1,TRUE,FALSE,64.38,62.49,58.88,64.45,5.19,110.5,98.85,88.72,3,1466.9,207.63,2.5,3.034,3.23,0.196,4154.85,27.33,2576.71,2729.81,826.52,822.35,6085.78,3.4,4.6,-9.504546284,-8.304546284,9.504546284,8.304546284,10.80454628,0,0.2,0.6,3,1,1,4000000,90.28,117.2,120.94,121.5,114.6,70,70,60752618,51284605,107.5,88.3,82.7,70.4,2240418,582913.5,1,98.26,836.13,3.22,63.94,110.25,95.67266667,95.361,821.998,812.0775,3.168,2.9925,63.796,64.072,108.88,110.075,3,0,0,0,0,0,0,0,0,0,0,1,0,0.009569378
2025-12-09,1,TRUE,FALSE,62.67,61.94,58.25,62.76,4.76,110.1,95.55,95.55,1,1472.3,208.27,2.5,3.084,3.25,0.166,4143.55,27.87,2604.38,2753.26,829.83,815.1,6017,2.8,2.8,-10.10454628,-10.10454628,10.10454628,10.10454628,10.10454628,0,0,0,1,1,1,4000000,90.28,117.2,120.94,121.5,114.6,70,70,60752618,51284605,107.5,88.3,82.7,70.4,2240418,582913.5,1,88.72,826.52,3.23,64.45,110.5,97.036,95.3795,826.076,812.9415,3.192,3.014,63.832,64.024,109.31,110.1275,3,0,0,0,0,0,0,0,0,0,0,1,0,0
2025-12-10,1,TRUE,FALSE,62.21,62.21,58.46,62.26,4.62,109.4,93.06,93.06,1,1470.4,208.39,2.5,3.095,3.26,0.165,4135,27.64,2609.46,2721.09,816.2,812.28,6066.58,4.9,4.9,-8.004546284,-8.004546284,8.004546284,8.004546284,8.004546284,0,0,0,1,1,1,1000000,90.28,117.2,120.94,121.5,114.6,70,70,60752618,51284605,107.5,88.3,82.7,70.4,2240418,582913.5,1,95.55,829.83,3.25,62.76,110.1,96.152,94.7035,829.194,813.0515,3.214,3.036,63.63,63.9145,109.57,110.24,3,0,0,0,0,0,0,0,0,0,0,1,0,-0.004739336
2025-12-11,1,TRUE,FALSE,61.56,61.28,57.6,61.69,4.35,108.75,99.93,99.93,1,1473,208.7,2.5,3.101,3.27,0.169,4110.62,27.4,2616.2,2672.22,815.45,831.19,5988.68,4,4,-8.904546284,-8.904546284,8.904546284,8.904546284,8.904546284,12.9,12.9,12.9,1,1,1,1000000,119.8,117.2,120.94,121.5,114.6,70,70,60752618,51284605,107.5,88.3,82.7,70.4,2240418,582913.5,1,93.06,816.2,3.26,62.26,109.4,94.45,94.1555,826.734,812.819,3.232,3.057,63.398,63.735,109.75,110.235,3,0,0,0,0,0,0,0,0,0,0,1,0,0
2025-12-12,1,TRUE,FALSE,61.74,61.12,57.44,61.83,4.07,108.5,91.12,91.12,1,1473.7,209,2.5,3.093,3.28,0.187,4167.16,25.05,2677.15,2713.1,836.02,869.81,6006.49,2,2,-10.90454628,-10.90454628,10.90454628,10.90454628,10.90454628,0,0,0,1,1,1,1000000,119.8,117.2,120.94,121.5,114.6,70,70,60752618,51284605,107.5,88.3,82.7,70.4,2240418,582913.5,1,99.93,815.45,3.27,61.69,108.75,95.104,94.0785,824.826,812.134,3.246,3.0775,63.02,63.6405,109.8,110.195,3,0,0,0,0,0,0,0,0,0,0,1,0,-0.014285714
2025-12-15,1,TRUE,FALSE,61.27,60.56,56.82,61.34,3.9,108.6,92.71,84.39666667,3,1471,208.72,2.5,3,3.29,0.29,4090.59,26.92,2730.83,2702.62,838.82,839.68,5844.31,0.7,1.066666667,-12.20454628,-11.83787962,12.20454628,11.83787962,13.00454628,0,3.2,9.6,3,1,1,1000000,119.8,117.2,120.94,121.5,114.6,70,70,60752618,51284605,107.5,88.3,82.7,70.4,2240418,582913.5,1,91.12,836.02,3.28,61.83,108.5,93.676,93.622,824.804,813.6805,3.258,3.097,62.598,63.492,109.45,110.09,3,0,0,0,0,0,0,0,0,0,0,1,0,-0.009661836
2025-12-16,1,TRUE,FALSE,59.94,58.92,55.27,60.05,3.58,108.6,95.43,95.43,1,1477,209.94,2.5,2.999,3.3,0.301,3999.13,28.37,2528.92,2634.24,831.65,816.94,5656.26,3.8,3.8,-9.104546284,-9.104546284,9.104546284,9.104546284,9.104546284,2.1,2.1,2.1,1,1,1,1000000,119.8,117.2,120.94,121.5,114.6,70,70,60752618,51284605,107.5,88.3,82.7,70.4,2240418,582913.5,1,84.39666667,838.82,3.29,61.34,108.6,92.81133333,93.43233333,827.264,814.9925,3.27,3.1155,61.976,63.321,109.07,110.01,3,0,0,0,0,0,0,0,0,0,0,1,0,0
2025-12-17,1,TRUE,FALSE,59.71,59.68,55.94,59.8,3.66,108.6,96.9,96.9,1,1479.8,210.15,2.5,2.996,3.3,0.304,4056.41,26.78,2560.87,2668.38,833.34,830.52,5866.12,4.2,4.2,-8.704546284,-8.704546284,8.704546284,8.704546284,8.704546284,0,0,0,1,1,1,1000000,119.8,117.2,120.94,121.5,114.6,70,70,60752618,51284605,107.5,88.3,82.7,70.4,2240418,582913.5,1,95.43,831.65,3.3,60.05,108.6,92.78733333,92.91533333,827.628,816.7045,3.28,3.1335,61.434,63.0975,108.77,109.865,3,0,0,0,0,0,0,0,0,0,0,1,0,0.004878049
2025-12-18,1,TRUE,FALSE,60.31,59.82,56.15,60.42,3.87,108.3,92.49,92.49,1,1478.3,210.12,2.5,2.967,3.3,0.333,3994.51,27.86,2482.66,2539.87,810.48,819.46,5794.03,2.3,2.3,-10.60454628,-10.60454628,10.60454628,10.60454628,10.60454628,0,0,0,1,1,1,0,37.2,117.2,120.94,121.5,114.6,70,70,60752618,51284605,107.5,88.3,82.7,70.4,2240418,582913.5,1,96.9,833.34,3.3,59.8,108.6,93.55533333,92.72633333,831.056,819.015,3.288,3.151,60.942,62.8505,108.61,109.745,3,0,0,0,0,0,0,0,0,0,0,1,0,0
2025-12-19,1,TRUE,FALSE,60.03,60.47,56.66,60.19,3.58,108.4,94.35,94.35,1,1476.3,210.03,2.5,3.01,3.3,0.29,4020.55,27.27,2491.37,2582.16,819.77,820.6,5762.35,4.9,4.9,-8.004546284,-8.004546284,8.004546284,8.004546284,8.004546284,0,0,0,1,1,1,0,37.2,117.2,121.31,121.5,114.6,70,70,60752618,51284605,107.5,88.3,82.7,70.4,2240418,582913.5,1,92.49,810.48,3.3,60.42,108.3,92.06733333,92.59633333,830.062,819.1635,3.294,3.168,60.688,62.651,108.52,109.61,3,0,0,0,0,0,0,0,0,0,0,1,0,-0.009708738
2025-12-22,1,TRUE,FALSE,61.22,62.07,58.01,61.45,3.67,108.25,91.55,78.77333333,3,1480.1,210.48,2.5,2.999,3.3,0.301,4105.93,27.19,2585.11,2610.39,818.67,837.89,6063.8,-0.7,1.833333333,-13.60454628,-11.07121295,13.60454628,11.07121295,14.00454628,0,0.1,0.3,3,0,1,0,37.2,117.2,121.31,121.5,114.6,70,70,60752618,51284605,107.5,88.3,82.7,70.4,2240418,582913.5,1,94.35,819.77,3.3,60.19,108.4,92.71333333,92.91833333,826.812,820.718,3.298,3.1845,60.36,62.524,108.5,109.485,3,0,0,0,0,0,0,0,0,0,0,1,0,-0.004901961
2025-12-23,1,TRUE,FALSE,62.14,62.38,58.38,62.22,3.38,108.25,90.63,90.63,1,1483.6,211.35,2.5,2.963,3.3,0.337,4117.32,26.11,2543.14,2611.8,813.29,832.23,6077.62,2.6,2.6,-10.30454628,-10.30454628,10.30454628,10.30454628,10.30454628,10.8,10.8,10.8,1,0,0,0,37.2,117.2,121.31,121.5,114.6,70,70,60752618,51284605,107.5,88.3,82.7,70.4,2240418,582913.5,1,78.77333333,818.67,3.3,61.45,108.25,91.58866667,92.83016667,822.782,822.561,3.3,3.2005,60.382,62.465,108.43,109.34,3,0,0,0,0,0,0,0,0,0,0,1,0,-0.016748768
2025-12-24,1,TRUE,FALSE,62.36,62.24,58.35,62.38,3.31,108.25,94.04,94.04,1,1449.8,207.21,2.5,2.939,3.3,0.361,4108.62,25.99,2549.15,2600.32,810.14,833.39,6047.27,2.8,2.8,-10.10454628,-10.10454628,10.10454628,10.10454628,10.10454628,0,0,0,1,0,0,0,37.2,117.2,121.31,121.5,114.6,70,70,60752618,51284605,107.5,88.3,82.7,70.4,2240418,582913.5,1,90.63,813.29,3.3,62.22,108.25,90.62866667,92.79116667,819.11,823.1555,3.3,3.216,60.816,62.408,108.36,109.195,3,0,0,0,0,0,0,0,0,0,0,1,0,0.002004008
2025-12-26,1,TRUE,FALSE,62.2,60.64,56.74,62.29,3.31,109.05,92.54,87.285,2,1440.3,205.74,2.5,2.958,3.3,0.342,4129.68,26.2,2521.93,2548.36,806.63,821.56,6228.38,-8.2,-5.9,-21.10454628,-18.80454628,21.10454628,18.80454628,21.10454628,0,0,0,2,0,0,0,37.2,117.2,121.31,121.5,114.6,70,70,60752618,51284605,107.5,88.3,82.7,70.4,2240418,582913.5,1,94.04,810.14,3.3,62.38,108.25,90.05666667,93.23816667,814.47,822.7245,3.3,3.2315,61.332,62.385,108.29,109.05,3,0,0,0,0,0,0,0,0,0,0,1,0,-0.001
2025-12-29,1,TRUE,FALSE,61.26,61.94,58.08,61.26,4.35,107.95,87.31,79.05666667,3,1429.8,204.29,2.5,2.939,3.3,0.361,4220.56,27.48,2602.74,2544.36,789.03,824.6,6381.44,4.9,1.833333333,-8.004546284,-11.07121295,8.004546284,11.07121295,15.50454628,0.3,0.3,0.9,3,0,0,0,37.2,117.2,121.31,121.5,114.6,70,70,60752618,51284605,107.5,88.3,82.7,70.4,2240418,582913.5,1,87.285,806.63,3.3,62.29,109.05,89.01566667,92.99441667,813.7,821.9645,3.3,3.2445,61.706,62.312,108.44,108.9525,3,0,0,0,0,0,0,0,0,0,0,1,0,-0.001001001
2025-12-30,1,TRUE,FALSE,61.74,61.92,57.95,61.75,4.4,106.65,96.23,96.23,1,1439,206.03,2.5,2.952,3.3,0.348,4214.17,28.85,2532.98,2525.44,783.97,824.65,6422.88,-0.5,-0.5,-13.40454628,-13.40454628,13.40454628,13.40454628,13.40454628,0,0,0,1,0,0,0,37.2,117.2,121.31,121.5,114.6,70,71,60752618,51284605,107.5,88.3,82.7,70.4,2240418,582913.5,1,79.05666667,789.03,3.3,61.26,107.95,85.957,92.00475,807.552,820.2915,3.3,3.256,61.92,62.1685,108.35,108.795,3,0,0,0,0,0,0,0,0,0,0,1,0,0.042084168
2026-01-02,2,TRUE,FALSE,60.32,60.75,57.32,60.59,4.4,106.55,97.18,89.78,3,1441.8,206.98,2.5,2.935,3.3,0.365,4309.63,30.6,2513.08,2473.29,770.03,817.76,6859.1,-8,-7,-20.90454628,-19.90454628,20.90454628,19.90454628,20.90454628,0,0,0,3,0,0,0,37.2,117.57,121.31,122.2,114.5,70,71,69513624,57367684,115.2,87.5,84.2,70.9,2945548,582913.5,1,96.23,783.97,3.3,61.75,106.65,89.44833333,92.72108333,800.612,819.1835,3.3,3.2655,61.98,62.0425,108.03,108.71,4,0,0,0,0,0,0,0,0,0,0,1,0,-0.009615385
2026-01-05,2,TRUE,FALSE,58.26,61.76,58.32,58.3,2.82,106.2,96.57,85.58,3,1443.8,206.86,2.5,2.933,3.3,0.367,4457.52,33.03,2536.28,2540.94,792.95,846.33,7169,-1.9,-2.133333333,-14.80454628,-15.03787962,14.80454628,15.03787962,17.60454628,0,0,0,3,0,0,0,37.2,117.57,121.31,122.2,114.5,70,71,69513624,57367684,115.2,87.5,84.2,70.9,2945548,582913.5,1,89.78,770.03,3.3,60.59,106.55,89.27833333,92.21158333,791.96,816.973,3.3,3.2735,61.654,61.8835,107.69,108.5975,4,0,0,0,0,0,0,0,0,0,0,1,0,0.004854369
2026-01-06,2,TRUE,FALSE,59.41,60.7,57.13,59.69,2.85,107.25,103.38,103.38,1,1445.4,207.22,2.5,2.948,3.29,0.342,4525.48,34.33,2482.52,2564.46,797.59,852.34,7390.13,-0.9,-0.9,-13.80454628,-13.80454628,13.80454628,13.80454628,13.80454628,0,0,0,1,0,0,0,37.2,117.57,121.31,122.2,114.5,70,71,69513624,57367684,115.2,87.5,84.2,70.9,2945548,582913.5,1,85.58,792.95,3.3,58.3,106.2,87.58633333,91.41208333,788.522,815.1955,3.3,3.28,60.838,61.6275,107.28,108.4825,4,0,0,0,0,0,0,0,0,0,0,1,0,-0.009661836
2026-01-07,2,TRUE,FALSE,58.29,59.96,55.99,58.6,3.1,106.9,104.6,104.6,1,1445.8,207,2.5,2.91,3.28,0.37,4551.06,35.57,2495.61,2517.35,782.36,839.24,7368.73,-0.2,-0.2,-13.10454628,-13.10454628,13.10454628,13.10454628,13.10454628,0,0,0,1,0,0,1000000,37.2,117.57,121.31,122.2,114.5,70,71,69513624,57367684,115.2,87.5,84.2,70.9,2945548,582913.5,1,103.38,797.59,3.29,59.69,107.25,90.80533333,91.74808333,786.714,813.8255,3.298,3.2845,60.318,61.433,106.92,108.42,4,0,0,0,0,0,0,0,0,0,0,1,0,0.004878049
2026-01-08,2,TRUE,FALSE,58.33,61.99,57.76,58.58,2.92,107.4,114.71,114.71,1,1450.6,207.8,2.5,2.902,3.28,0.378,4552.37,35.21,2459.94,2498.86,772.97,830.46,7372.28,-5.1,-5.1,-18.00454628,-18.00454628,18.00454628,18.00454628,18.00454628,0,0,0,1,0,0,1000000,37.2,117.57,121.31,122.2,114.5,70,71,69513624,57367684,115.2,87.5,84.2,70.9,2945548,582913.5,1,104.6,782.36,3.28,58.6,106.9,95.914,92.06508333,785.38,811.137,3.294,3.2875,59.786,61.166,106.71,108.2525,4,0,0,0,0,0,0,0,0,0,0,1,0,0.004854369
2026-01-09,2,TRUE,FALSE,60.82,63.34,59.12,61.07,2.87,107.3,113.34,113.34,1,1457.6,208.86,2.5,2.942,3.23,0.288,4586.32,34.16,2459.12,2510.42,779.39,848.32,7240.78,-0.3,-0.3,-13.20454628,-13.20454628,13.20454628,13.20454628,13.20454628,0,0,0,1,0,1,1000000,37.2,117.57,121.31,122.2,114.5,70,71,69513624,57367684,115.2,87.5,84.2,70.9,2945548,582913.5,1,114.71,772.97,3.28,58.58,107.4,99.61,93.36458333,783.18,808.4595,3.29,3.29,59.152,60.8725,106.86,108.0975,4,0,0,0,0,0,0,0,0,0,0,1,0,0
2026-01-12,2,TRUE,FALSE,61.4,63.87,59.5,61.65,2.9,107.1,106.94,102.2166667,3,1468.4,210.73,2.5,2.98,3.19,0.21,4624.79,33.5,2556.38,2614.84,790.94,898.09,7240.26,-3.8,-2.833333333,-16.70454628,-15.73787962,16.70454628,15.73787962,19.60454628,2.7,1.466666667,4.4,3,1,1,1000000,37.2,117.57,121.31,122.2,114.5,70,71,69513624,57367684,115.2,87.5,84.2,70.9,2945548,582913.5,1,113.34,779.39,3.23,61.07,107.3,104.322,94.25408333,785.052,805.9375,3.276,3.289,59.248,60.788,107.01,107.9575,4,0,0,0,0,0,0,0,0,0,0,1,0,0.014492754
2026-01-13,2,TRUE,FALSE,61.75,65.47,61.15,62.16,3,107.65,107.35,107.35,1,1473.7,211.32,2.5,3.003,3.15,0.147,4692.64,32.52,2730.63,2692.85,816.94,905.82,7264.16,-3.3,-3.3,-16.20454628,-16.20454628,16.20454628,16.20454628,16.20454628,0,0,0,1,1,1,1000000,37.2,117.57,121.31,122.2,114.5,70,71,69513624,57367684,115.2,87.5,84.2,70.9,2945548,582913.5,1,102.2166667,790.94,3.19,61.65,107.1,107.6493333,94.71191667,784.65,804.6745,3.254,3.2855,59.918,60.7575,107.19,107.8425,4,0,0,0,0,0,0,0,0,0,0,1,0,0.00952381
2026-01-14,2,TRUE,FALSE,62.42,66.52,62.02,62.79,3.13,109,114.27,114.27,1,1477.5,211.91,2.5,2.996,3.14,0.144,4723.1,31.57,2684.42,2686.08,809.71,927.67,7363.05,-3.3,-3.3,-16.20454628,-16.20454628,16.20454628,16.20454628,16.20454628,0,0,0,1,1,1,1000000,37.2,117.57,121.31,122.2,114.5,70,71,69513624,57367684,115.2,87.5,84.2,70.9,2945548,582913.5,1,107.35,816.94,3.15,62.16,107.65,108.4433333,95.08291667,788.52,804.749,3.226,3.2795,60.412,60.781,107.27,107.7875,4,0,0,0,0,0,0,0,0,0,0,1,0,0.004716981
2026-01-15,2,TRUE,FALSE,62.54,63.76,59.19,62.94,2.92,108.4,108.65,108.65,1,1469.7,211.06,2.5,3.09,3.14,0.05,4797.55,32.39,2825.96,2732.01,811.34,944.98,7431.96,4.7,4.7,-8.204546284,-8.204546284,8.204546284,8.204546284,8.204546284,0,0,0,1,1,1,0,170.3,117.57,121.31,122.2,114.5,70,71,69513624,57367684,115.2,87.5,84.2,70.9,2945548,582913.5,1,114.27,809.71,3.14,62.79,109,110.3773333,96.24041667,793.99,803.4335,3.198,3.2725,61.25,60.829,107.69,107.8125,4,0,0,0,0,0,0,0,0,0,0,1,0,0.014084507
2026-01-16,2,TRUE,FALSE,62.31,64.13,59.44,62.7,3.06,108.85,106.81,106.81,1,1473.6,211.57,2.5,3.08,3.14,0.06,4840.74,31.62,2845.19,2702.43,816.15,976.82,7518.96,3.6,3.6,-9.304546284,-9.304546284,9.304546284,9.304546284,9.304546284,0,0,0,1,1,1,0,170.3,117.57,121.31,122.2,114.5,70,71,69513624,57367684,115.2,87.5,84.2,70.9,2945548,582913.5,1,108.65,811.34,3.14,62.94,108.4,109.1653333,97.45308333,801.664,802.0595,3.17,3.265,62.122,60.909,107.89,107.8025,4,0,0,0,0,0,0,0,0,0,0,1,0,-0.009259259
2026-01-19,2,TRUE,FALSE,61.96,63.94,59.44,62.29,3.06,109.1,108.26,98.42333333,3,1473.7,211.75,2.5,3.13,3.13,0,4904.66,32.99,2895.28,2753.34,820.38,1000.81,7564.94,-3.9,-1.1,-16.80454628,-14.00454628,16.80454628,14.00454628,16.80454628,1,0.333333333,1,3,0,1,0,170.3,117.57,121.31,122.2,114.5,70,71,69513624,57367684,115.2,87.5,84.2,70.9,2945548,582913.5,1,106.81,816.15,3.14,62.7,108.85,107.8593333,98.02208333,809.016,801.2845,3.152,3.257,62.448,61.0415,108.2,107.815,4,0,0,0,0,0,0,0,0,0,0,1,0,0.004672897
2026-01-20,2,TRUE,FALSE,61.82,64.92,60.34,62.26,4,109.95,109.11,109.11,1,1478.1,212.64,2.5,3.191,3.13,-0.061,4885.75,34.56,2958.66,2809.19,881.62,1031.46,7374.33,-8.4,-8.4,-21.30454628,-21.30454628,21.30454628,21.30454628,21.30454628,0,0,0,1,0,0,0,170.3,117.57,121.76,122.2,114.5,70,71,69513624,57367684,115.2,87.5,84.2,70.9,2945548,582913.5,1,98.42333333,820.38,3.13,62.29,109.1,107.1006667,98.09825,814.904,800.6365,3.14,3.2485,62.576,61.166,108.6,107.84,4,0,0,0,0,0,0,0,0,0,0,1,0,0.013953488
2026-01-21,2,TRUE,FALSE,62.33,65.24,60.62,62.53,4.96,109.35,108.8,108.8,1,1471.3,211.39,2.5,3.138,3.13,-0.008,4909.93,35.58,2963.19,2788.17,882.57,1030.9,7405.27,-9.7,-9.7,-22.60454628,-22.60454628,22.60454628,22.60454628,22.60454628,0,0,0,1,0,0,0,170.3,117.57,121.76,122.2,114.5,70,71,69513624,57367684,115.2,87.5,84.2,70.9,2945548,582913.5,1,109.11,881.62,3.13,62.26,109.95,107.4526667,98.92925,827.84,804.1935,3.136,3.24,62.596,61.258,109.06,107.9225,4,0,0,0,0,0,0,0,0,0,0,1,0,0.02293578
2026-01-22,2,TRUE,FALSE,63.22,64.06,59.36,63.37,8.42,109.55,112.86,112.86,1,1469.9,211.14,2.5,3.109,3.13,0.021,4952.53,36.36,2934.56,2878.89,880.18,1018.54,7511.49,-9.1,-9.1,-22.00454628,-22.00454628,22.00454628,22.00454628,22.00454628,0,0,0,1,0,0,0,170.3,117.57,121.76,122.2,114.5,70,71,69513624,57367684,115.2,87.5,84.2,70.9,2945548,605345.2,1,108.8,882.57,3.13,62.53,109.35,106.3586667,99.65175,842.412,807.3335,3.134,3.2315,62.544,61.375,109.13,107.97,4,0,0,0,0,0,0,0,0,0,0,1,0,0.013452915
2026-01-23,2,TRUE,FALSE,62.29,65.88,61.07,62.5,30.72,109,115.08,115.08,1,1465.8,210.76,2.5,3.137,3.13,-0.007,4990.07,34.09,2999.25,2917.85,862.03,1031.47,7571.73,-5,-5,-17.90454628,-17.90454628,17.90454628,17.90454628,17.90454628,2.2,2.2,2.2,1,0,0,0,170.3,117.57,121.76,122.2,114.5,70,71,69513624,57367684,115.2,87.5,84.2,70.9,2945548,605345.2,1,112.86,880.18,3.13,63.37,109.55,107.2006667,101.3560833,856.18,810.409,3.132,3.223,62.63,61.471,109.36,108.035,4,0,0,0,0,0,0,0,0,0,0,1,0,0.03539823
2026-01-26,2,TRUE,FALSE,63.54,65.59,60.63,63.55,25.01,108.65,106.47,96.97,3,1440.6,207.19,2.5,3.096,3.13,0.034,4949.59,34.35,3134.35,2915.06,858.55,1021.93,7679.18,-4.2,-5.166666667,-17.10454628,-18.07121295,17.10454628,18.07121295,18.90454628,0,0,0,3,0,0,0,170.3,117.57,121.76,122.2,114.5,70,71,69513624,57367684,115.2,87.5,84.2,70.9,2945548,605345.2,1,115.08,862.03,3.13,62.5,109,108.8546667,102.5785833,865.356,812.846,3.13,3.2145,62.59,61.485,109.39,108.0725,4,0,0,0,0,0,0,0,0,0,0,1,0,0.085470085
2026-01-27,2,TRUE,FALSE,62.89,67.57,62.39,62.89,17.19,108.8,104.6,104.6,1,1446.2,207.88,2.5,3.094,3.13,0.036,5084.85,34.81,3107.72,2908.97,870.57,1034.8,8159.18,-4.4,-4.4,-17.30454628,-17.30454628,17.30454628,17.30454628,17.30454628,0,0,0,1,0,0,0,170.3,117.57,121.76,122.2,114.5,73,71,69513624,57367684,115.2,87.5,84.2,70.9,2945548,605345.2,1,96.97,858.55,3.13,63.55,108.65,108.564,102.7250833,872.99,815.2665,3.13,3.206,62.842,61.5435,109.3,108.0925,4,0,0,0,0,0,0,0,0,0,0,1,0,0.007874016
2026-01-28,2,TRUE,FALSE,64.65,68.4,63.21,64.65,9.34,109.1,117.58,117.58,1,1422.5,205.04,2.5,3.067,3.13,0.063,5170.81,38.68,3135.57,2960.11,864.25,1059.83,8664.78,-5.4,-5.4,-18.30454628,-18.30454628,18.30454628,18.30454628,18.30454628,0,0,0,1,0,0,0,170.3,117.57,121.76,122.2,114.5,73,71,69513624,57367684,115.2,87.5,84.2,70.9,2945548,605345.2,1,104.6,870.57,3.13,62.89,108.8,107.662,103.5908333,870.78,818.4635,3.13,3.1975,62.968,61.5735,109.07,108.08,4,0,0,0,0,0,0,0,0,0,0,1,0,0.00390625
2026-01-29,2,TRUE,FALSE,66.34,70.71,65.42,66.34,10.25,108.6,103.61,103.61,1,1426.3,205.3,2.5,3.106,3.13,0.024,5221.25,38.92,3245.02,2976.44,881.92,1073.25,8836.25,-5.2,-5.2,-18.10454628,-18.10454628,18.10454628,18.10454628,18.10454628,0,0,0,1,0,0,0,170.3,117.57,121.76,122.2,114.5,73,71,69513624,57367684,115.2,87.5,84.2,70.9,2945548,605345.2,1,117.58,864.25,3.13,64.65,109.1,109.418,105.517,867.116,822.2245,3.13,3.189,63.392,61.743,109.02,108.1375,4,0,0,0,0,0,0,0,0,0,0,1,0,-0.023346304
2026-01-30,2,TRUE,FALSE,66.57,70.69,65.21,66.55,7.18,108.9,111.79,111.79,1,1439.5,207.19,2.5,3.138,3.13,-0.008,5224.36,39.58,3170.96,2927.25,866.5,1041.87,9209.97,-6.4,-6.4,-19.30454628,-19.30454628,19.30454628,19.30454628,19.30454628,0,0,0,1,0,0,0,170.3,117.57,121.76,123.1,114.5,73,71,69513624,57367684,124.4,91.1,92.3,72.8,3247193,605345.2,1,103.61,881.92,3.13,66.34,108.6,107.568,105.886,867.464,827.122,3.13,3.1805,63.986,61.9725,108.83,108.235,4,0,0,0,0,0,0,0,0,0,0,1,0,-0.011952191
2026-02-02,2,TRUE,FALSE,64.98,66.3,62.14,65.05,4.4,116,104.03,101.22,3,1464.3,210.66,2.5,3.152,3.13,-0.022,4949.67,47.37,2956.2,2783.88,840.72,1025.52,8493.21,-2.1,-2.733333333,-15.00454628,-15.63787962,15.00454628,15.63787962,17.00454628,2.4,0.8,2.4,3,0,0,0,170.3,117.57,121.76,123.1,114.5,73,71,65812871,57098343,124.4,91.1,92.3,72.8,3247193,605345.2,1,111.79,866.5,3.13,66.55,108.9,106.91,106.9865,868.358,831.9455,3.13,3.172,64.796,62.2705,108.81,108.3525,4,0,0,0,0,0,0,0,0,0,0,1,0,0
2026-02-03,2,TRUE,FALSE,65.1,67.33,63.21,65.13,4.11,114.7,106.17,106.17,1,1445.4,208.4,2.5,3.189,3.13,-0.059,5288.08,50.14,3088.88,2890.98,865.03,1086.69,9216.56,-0.9,-0.9,-13.80454628,-13.80454628,13.80454628,13.80454628,13.80454628,0,0,0,1,0,0,0,170.3,118.03,121.76,123.1,114.5,73,71,65812871,57098343,124.4,91.1,92.3,72.8,3247193,605345.2,1,101.22,840.72,3.13,65.05,116,107.76,107.7685,864.792,834.334,3.13,3.1635,65.096,62.608,110.28,108.8425,4,0,0,0,0,0,0,0,0,0,0,1,0,-0.008064516
2026-02-04,2,TRUE,FALSE,66.8,69.46,65.14,66.8,6.88,116.1,111.1,111.1,1,1450.2,209.3,2.5,3.212,3.13,-0.082,5371.1,50.7,3184.48,3013.89,922.18,1133.53,9223.63,2.8,2.8,-10.10454628,-10.10454628,10.10454628,10.10454628,10.10454628,0,0,0,1,0,0,1200000,170.3,118.03,121.76,123.1,114.5,73,71,65812871,57098343,124.4,91.1,92.3,72.8,3247193,605345.2,1,106.17,865.03,3.13,65.13,114.7,108.074,107.908,863.684,837.706,3.13,3.1555,65.544,62.88,111.46,109.215,4,0,0,0,0,0,0,0,0,0,0,1,0,0
2026-02-05,2,TRUE,FALSE,67.42,67.55,63.29,67.44,5.28,116,109.05,109.05,1,1469,211.52,2.5,3.204,3.13,-0.074,5163.57,52.21,3041.49,2933.51,930.29,1108.66,8790.99,3.6,3.6,-9.304546284,-9.304546284,9.304546284,9.304546284,9.304546284,0,0,0,1,0,0,1200000,170.3,118.03,121.76,123.1,114.5,73,71,65812871,57098343,124.4,91.1,92.3,72.8,3247193,605345.2,1,111.1,922.18,3.13,66.8,116.1,106.778,108.233,875.27,844.697,3.13,3.148,65.974,63.29,112.86,109.675,4,0,0,0,0,0,0,0,0,0,0,1,0,-0.012195122
2026-02-06,2,TRUE,FALSE,67.73,68.05,63.55,67.73,4.37,115.6,117.59,117.59,1,1469.5,211.73,2.5,3.233,3.13,-0.103,5089.14,51.48,3004.17,2901.37,913.29,1097.17,8815.69,-6,-6,-18.90454628,-18.90454628,18.90454628,18.90454628,18.90454628,0,0,0,1,0,1,1200000,170.3,118.03,121.76,123.1,114.5,73,71,65812871,57098343,124.4,91.1,92.3,72.8,3247193,605345.2,1,109.05,930.29,3.13,67.44,116,107.866,107.95,884.944,852.563,3.13,3.1405,66.194,63.733,114.34,110.105,4,0,0,0,0,0,0,0,0,0,0,1,0,-0.016460905
2026-02-09,2,TRUE,FALSE,66.81,69.04,64.36,66.81,3.25,115.75,115.47,116.2166667,3,1460.3,210.87,2.5,3.267,3.13,-0.137,5298.04,47.16,3089.77,3021.45,946.23,1142.1,9263,-3.1,-6.466666667,-16.00454628,-19.37121295,16.00454628,19.37121295,21.10454628,0,0,0,3,1,1,1200000,170.3,118.03,121.76,123.1,114.5,73,71,65812871,57098343,124.4,91.1,92.3,72.8,3247193,605345.2,1,117.59,913.29,3.13,67.73,115.6,109.026,108.1625,894.302,859.258,3.13,3.1355,66.43,64.066,115.68,110.52,4,0,0,0,0,0,0,0,0,0,0,1,0,0.0041841
2026-02-10,2,TRUE,FALSE,67.99,68.8,63.96,67.99,3.18,114.6,122.39,122.39,1,1459.1,211.15,2.5,3.224,3.13,-0.094,5301.69,42,3095.66,3024.17,945.16,1152.19,9034.63,1.4,1.4,-11.50454628,-11.50454628,11.50454628,11.50454628,11.50454628,0.8,0.8,0.8,1,1,1,1200000,170.3,118.03,121.76,123.1,114.5,73,71,65812871,57098343,124.4,91.1,92.3,72.8,3247193,605345.2,1,116.2166667,946.23,3.13,66.81,115.75,112.0253333,108.8625,915.404,867.0225,3.13,3.1325,66.782,64.324,115.63,110.9525,4,0,0,0,0,0,0,0,0,0,0,1,0,0.008333333
2026-02-11,2,TRUE,FALSE,68.59,69.4,64.63,68.59,3.25,114.9,118.66,118.66,1,1450.1,210,2.5,3.2,3.13,-0.07,5354.49,38.88,3109.73,3064.51,965.58,1166.64,8958.42,2.7,2.7,-10.20454628,-10.20454628,10.20454628,10.20454628,10.20454628,0,0,0,1,1,1,1200000,170.3,118.03,121.76,123.1,114.5,73,71,65812871,57098343,124.4,91.1,92.3,72.8,3247193,605345.2,1,122.39,945.16,3.13,67.99,114.6,115.2693333,109.6145,931.43,873.4335,3.13,3.1315,67.354,64.6155,115.61,111.3,4,0,0,0,0,0,0,0,0,0,0,1,0,0
2026-02-12,2,TRUE,FALSE,68.68,67.52,62.84,68.68,3.43,116.1,108.33,108.33,1,1440.2,208.55,2.5,3.154,3.13,-0.024,5522.27,40.51,3147.78,3152.46,961.35,1172.63,9387.27,2.8,2.8,-10.10454628,-10.10454628,10.10454628,10.10454628,10.10454628,0,0,0,1,1,1,0,191.33,118.03,121.76,123.1,114.5,73,71,65812871,57098343,124.4,91.1,92.3,72.8,3247193,605345.2,1,118.66,965.58,3.13,68.59,114.9,116.7813333,109.834,940.11,881.227,3.13,3.131,67.712,64.9055,115.37,111.595,4,0,0,0,0,0,0,0,0,0,0,1,0,0.053719008
2026-02-13,2,TRUE,FALSE,66.88,67.75,62.89,66.86,3.24,116.7,107.88,107.88,1,1444.9,209.37,2.5,3.142,3.13,-0.012,5507.01,41.57,3089.78,3087.66,1004,1166.73,9239.16,5.3,5.3,-7.604546284,-7.604546284,7.604546284,7.604546284,7.604546284,0,0,0,1,1,1,0,191.33,118.03,121.76,123.1,114.5,73,71,65812871,57098343,124.4,91.1,92.3,72.8,3247193,605345.2,1,108.33,961.35,3.13,68.68,116.1,116.6373333,109.818,946.322,888.7275,3.13,3.1305,67.96,65.1925,115.39,111.98,4,0,0,0,0,0,0,0,0,0,0,1,0,0
2026-02-19,2,TRUE,FALSE,70.14,71.66,66.43,70.14,3.09,116.15,110.89,93.96666667,6,1445.5,209.58,2.5,3.178,3.13,-0.048,5677.25,42.56,3143.18,3251.34,1037.12,1218.25,9583.57,2.1,3.833333333,-10.80454628,-9.071212951,10.80454628,9.071212951,11.20454628,0,0,0,6,0,1,0,191.33,118.03,121.76,123.1,114.5,73,71,65812871,57098343,124.4,91.1,92.3,72.8,3247193,605345.2,1,107.88,1004,3.13,66.86,116.7,114.6953333,109.8715,964.464,898.12,3.13,3.13,67.786,65.4005,115.61,112.3725,4,0,0,0,0,0,0,0,0,0,0,1,0,0.007843137
2026-02-20,2,TRUE,FALSE,70.71,71.76,66.39,70.73,3.15,116.2,112.54,112.54,1,1446.6,209.48,2.5,3.143,3.13,-0.013,5808.53,43.87,3249.32,3309.26,1080.15,1247.1,9724.8,6.3,6.3,-6.604546284,-6.604546284,6.604546284,6.604546284,6.604546284,0,0,0,1,0,0,0,191.33,118.03,121.76,123.1,114.5,73,71,65812871,57098343,124.4,91.1,92.3,72.8,3247193,605345.2,1,93.96666667,1037.12,3.13,70.14,116.15,110.2453333,109.6486667,982.642,908.957,3.13,3.13,68.452,65.793,115.69,112.725,4,0,0,0,0,0,0,0,0,0,0,1,0,0.003891051
2026-02-23,2,TRUE,FALSE,70.04,71.49,66.31,70.04,3.13,116.5,109.32,103.7733333,3,1440,209.14,2.5,3.154,3.13,-0.024,5846.09,46.34,3201.58,3279.06,1070.21,1262.29,9672.56,1.8,6.966666667,-11.10454628,-5.937879618,11.10454628,5.937879618,11.10454628,0,0,0,3,0,0,0,191.33,118.03,121.76,123.1,114.5,73,71,65812871,57098343,124.4,91.1,92.3,72.8,3247193,605345.2,1,112.54,1080.15,3.13,70.73,116.2,108.2753333,109.8201667,1009.64,918.8835,3.13,3.13,69,66.2165,116.01,113.0375,4,0,0,0,0,0,0,0,0,0,0,1,0,0
2026-02-24,2,TRUE,FALSE,70.47,70.77,65.63,70.47,2.99,117,117.23,117.23,1,1442.5,209.36,2.5,3.158,3.13,-0.028,5969.64,48.12,3281.65,3369.97,1073.44,1296.53,9994.16,2.8,2.8,-10.10454628,-10.10454628,10.10454628,10.10454628,10.10454628,0,0,0,1,0,0,0,191.33,118.03,122.56,123.1,114.5,73,71,65812871,57098343,124.4,91.1,92.3,72.8,3247193,605345.2,1,103.7733333,1070.21,3.13,70.04,116.5,105.298,109.5688333,1030.566,928.2655,3.13,3.13,69.29,66.592,116.33,113.395,4,0,0,0,0,0,0,0,0,0,0,1,0,0.027131783
2026-02-25,2,TRUE,FALSE,70.09,70.85,65.42,70.09,3.02,116.2,114.34,114.34,1,1429.4,208.21,2.5,3.124,3.13,0.006,6083.86,49.57,3422.02,3445.97,1078.24,1366.52,10041.49,7.4,7.4,-5.504546284,-5.504546284,5.504546284,5.504546284,5.504546284,0,0,0,1,0,0,0,191.33,118.03,122.56,123.1,114.5,72,71,65812871,57098343,124.4,91.1,92.3,72.8,3247193,605345.2,1,117.23,1073.44,3.13,70.47,117,107.078,109.7873333,1052.984,937.9285,3.13,3.13,69.648,66.947,116.51,113.7675,4,0,0,0,0,0,0,0,0,0,0,1,0,0
2026-02-26,2,TRUE,FALSE,70.53,70.75,65.21,70.53,2.94,115.8,117.01,117.01,1,1425.8,208.56,2.5,3.062,3.13,0.068,6307.27,54.67,3391.54,3452.53,1054.57,1398.84,10955.39,8.3,8.3,-4.604546284,-4.604546284,4.604546284,4.604546284,4.604546284,0,0,0,1,0,0,0,191.33,118.03,122.56,123.1,114.5,72,71,65812871,57098343,124.4,91.1,92.3,72.8,3247193,605345.2,1,114.34,1078.24,3.13,70.09,116.2,108.37,109.7503333,1067.832,948.739,3.13,3.13,70.294,67.3265,116.41,114.1275,4,0,0,0,0,0,0,0,0,0,0,1,0,0.01509434
2026-02-27,2,TRUE,FALSE,71.24,72.48,67.02,71.22,2.99,115.8,111,111,1,1439.7,209.94,2.5,3.041,3.13,0.089,6244.13,54.12,3519.2,3502.9,1027.8,1387.83,11008.22,9.6,9.6,-3.304546284,-3.304546284,3.304546284,3.304546284,3.304546284,0,0,0,1,0,0,0,191.33,118.03,122.56,123.1,114.5,72,71,65812871,57098343,124.4,91.1,92.3,72.8,3247193,605345.2,1,117.01,1054.57,3.13,70.53,115.8,112.9786667,110.7523333,1071.322,958.54,3.13,3.13,70.372,67.6755,116.34,114.485,4,0,0,0,0,0,0,0,0,0,0,1,0,0.022304833
2026-03-03,2,TRUE,FALSE,82.34,81.4,74.56,82.32,3.1,135,109.56,104.925,4,1466.1,212.51,2.5,3.18,3.13,-0.05,5791.91,62.98,3368.16,3356.82,958.65,1301.31,10160.98,5.9,7.3,-7.004546284,-5.604546284,7.004546284,5.604546284,8.004546284,1.3,3.375,13.5,4,0,0,0,191.33,118.03,122.56,124.2,114.7,72,71,67309506,51933659,110.8,98.6,93.8,70.8,3229358,605345.2,1,111,1027.8,3.13,71.22,115.8,112.6706667,111.0723333,1060.852,966.4015,3.13,3.13,70.47,68.092,116.26,114.835,4,0,0,0,0,0,0,0,0,0,0,1,0,-0.021818182
2026-03-04,2,TRUE,FALSE,86.34,81.4,74.66,86.34,2.87,131.65,113.48,113.48,1,1476.2,213.35,2.5,3.223,3.13,-0.093,5093.54,80.37,2841.94,2877.73,843.01,1111.81,9049.37,6,6,-6.904546284,-6.904546284,6.904546284,6.904546284,6.904546284,0,0,0,1,0,0,1200000,191.33,118.03,122.56,124.2,114.7,72,71,67309506,51933659,110.8,98.6,93.8,70.8,3229358,605345.2,1,104.925,958.65,3.13,82.32,135,112.901,110.4395833,1038.54,971.1215,3.13,3.13,72.926,68.9755,119.96,116.13,4,0,0,0,0,0,0,0,0,0,0,1,0,0.003717472
2026-03-05,2,TRUE,FALSE,94.93,85.41,81.01,94.93,2.9,134.25,112.3,112.3,1,1468.1,212.81,2.5,3.189,3.13,-0.059,5583.9,73.71,3056.06,3126.21,901.74,1222.55,10495.22,6,6,-6.904546284,-6.904546284,6.904546284,6.904546284,6.904546284,15.5,15.5,15.5,1,0,0,1200000,191.33,118.03,122.56,124.2,114.7,72,71,67309506,51933659,110.8,98.6,93.8,70.8,3229358,605345.2,1,113.48,843.01,3.13,86.34,131.65,112.151,110.9330833,992.454,969.176,3.13,3.13,76.1,69.9755,122.89,117.2825,4,0,0,0,0,0,0,0,0,0,0,1,0,0.022222222
2026-03-06,2,TRUE,FALSE,100.42,92.69,90.9,100.43,3.1,133.8,112.58,112.58,1,1476.4,213.59,2.5,3.227,3.13,-0.097,5584.87,62.72,3161.42,3210.07,934.07,1274.52,10669.21,1.9,1.9,-11.00454628,-11.00454628,11.00454628,11.00454628,11.00454628,0,0,0,1,0,1,1200000,191.33,118.4,122.56,124.2,114.7,72,71,67309506,51933659,110.8,98.6,93.8,70.8,3229358,605345.2,1,112.3,901.74,3.13,94.93,134.25,111.743,110.9585833,957.154,970.938,3.13,3.13,81.068,71.3945,126.5,118.55,4,0,0,0,0,0,0,0,0,0,0,1,0,0.007246377
2026-03-09,2,TRUE,FALSE,125,98.96,94.77,125,3.25,137.65,112.06,112.01,3,1495.5,216.18,2.5,3.42,3.13,-0.29,5251.87,71.82,2978.5,3037.05,916.73,1221.24,9738.14,4.5,2.5,-8.404546284,-10.40454628,8.404546284,10.40454628,11.90454628,0,0,0,3,1,1,1200000,191.33,118.4,122.56,124.2,114.7,72,71,67309506,51933659,110.8,98.6,93.8,70.8,3229358,605345.2,1,112.58,934.07,3.13,100.43,133.8,110.857,111.5265833,933.054,975.6055,3.13,3.13,87.048,73.1635,130.1,119.44,4,0,0,0,0,0,0,0,0,0,0,1,0,0.003597122
2026-03-10,2,TRUE,FALSE,115.2,87.8,83.45,115.2,3.08,131.55,112.27,112.27,1,1469.2,213.51,2.5,3.283,3.13,-0.153,5532.59,66.61,3017.98,3089.57,944.9,1253.47,10390,3.9,3.9,-9.004546284,-9.004546284,9.004546284,9.004546284,9.004546284,0,0,0,1,1,1,1200000,191.33,118.4,122.56,124.2,114.7,72,71,67309506,51933659,110.8,98.6,93.8,70.8,3229358,605345.2,1,112.01,916.73,3.13,125,137.65,111.059,111.8185833,910.84,978.1905,3.13,3.13,97.804,76.157,134.47,120.5875,4,0,0,0,0,0,0,0,0,0,0,1,0,0.021505376
2026-03-11,2,TRUE,FALSE,119.55,91.98,87.25,119.55,3.15,133.1,116.75,116.75,1,1466.5,213.65,2.5,3.253,3.13,-0.123,5609.95,63.19,3082.26,3137.69,949.45,1276.72,10314.79,4.5,4.5,-8.404546284,-8.404546284,8.404546284,8.404546284,8.404546284,0,0,0,1,1,1,1200000,191.33,118.4,122.56,124.2,114.7,72,71,67309506,51933659,110.8,98.6,93.8,70.8,3229358,605345.2,1,112.27,944.9,3.13,115.2,131.55,112.528,111.8770833,908.09,979.3265,3.13,3.13,104.38,78.577,133.78,121.36,4,0,0,0,0,0,0,0,0,0,0,1,0,0.010526316
2026-03-12,2,TRUE,FALSE,134.4,100.46,95.73,134.4,3.27,135,121.49,121.49,1,1481.2,215.27,2.5,3.271,3.13,-0.141,5583.25,65.35,3107.88,3138.71,1008.09,1314.2,10280.89,7.1,7.1,-5.804546284,-5.804546284,5.804546284,5.804546284,5.804546284,0,0,0,1,1,1,0,195.39,118.4,122.56,124.2,114.7,72,71,67309506,51933659,110.8,98.6,93.8,70.8,3229358,605345.2,1,116.75,949.45,3.13,119.55,133.1,113.182,112.2620833,929.378,980.2845,3.13,3.13,111.022,81.1825,134.07,122.215,4,0,0,0,0,0,0,0,0,0,0,1,0,0.052083333
2026-03-13,2,TRUE,FALSE,145.51,103.14,98.71,145.51,3.2,134.8,113.05,113.05,1,1493.7,216.84,2.5,3.338,3.13,-0.208,5487.24,60.76,3046.21,3007.2,1018.44,1373.06,10100.07,7.6,7.6,-5.304546284,-5.304546284,5.304546284,5.304546284,5.304546284,0,0,0,1,1,1,0,195.39,118.4,122.56,124.2,114.7,72,71,67309506,51933659,110.8,98.6,93.8,70.8,3229358,605345.2,1,121.49,1008.09,3.13,134.4,135,115.02,112.4570833,950.648,985.0245,3.13,3.13,118.916,84.516,134.22,123.185,4,0,0,0,0,0,0,0,0,0,0,1,0,0.01980198
2026-03-16,2,TRUE,FALSE,153.24,100.21,93.5,153.24,3.03,132.3,115.15,113.0466667,3,1497.5,216.6,2.5,3.3,3.13,-0.17,5549.85,54.67,2975.14,2951.39,990.32,1327.75,10404.89,7.4,7.633333333,-5.504546284,-5.271212951,5.504546284,5.271212951,5.504546284,0,0.033333333,0.1,3,0,1,0,195.39,118.4,122.56,124.2,114.7,72,71,67309506,51933659,110.8,98.6,93.8,70.8,3229358,605345.2,1,113.05,1018.44,3.13,145.51,134.8,115.114,112.29875,967.522,988.635,3.13,3.13,127.932,88.451,134.42,124.1375,4,0,0,0,0,0,0,0,0,0,0,1,0,0.038834951
2026-03-17,2,TRUE,FALSE,157.66,103.42,96.21,157.66,3.14,131.1,104.41,104.41,1,1493.6,216.71,2.5,3.324,3.13,-0.194,5640.48,52.6,3024.62,3036.22,1002.04,1333.41,10375.11,8.8,8.8,-4.104546284,-4.104546284,4.104546284,4.104546284,4.104546284,0,0,0,1,0,0,0,195.39,118.4,122.56,124.2,114.7,72,71,67309506,51933659,110.8,98.6,93.8,70.8,3229358,605345.2,1,113.0466667,990.32,3.13,153.24,132.3,115.3213333,111.8315833,982.24,990.893,3.13,3.13,133.58,92.7135,133.35,125.0225,4,0,0,0,0,0,0,0,0,0,0,1,0,0.021806854
2026-03-18,2,TRUE,FALSE,155.55,107.38,96.32,155.55,3.12,132.8,115.11,115.11,1,1483.1,215.81,2.5,3.261,3.13,-0.131,5925.03,54.18,3093.7,3162.08,1030.12,1418.3,11014.33,6.8,6.8,-6.104546284,-6.104546284,6.104546284,6.104546284,6.104546284,4.8,4.8,4.8,1,0,0,0,195.39,118.4,122.56,124.2,114.7,72,71,67309506,51933659,110.8,98.6,93.8,70.8,3229358,605345.2,1,104.41,1002.04,3.13,157.66,131.1,113.7493333,111.1190833,993.668,992.716,3.13,3.13,142.072,97.167,133.26,125.8325,4,0,0,0,0,0,0,0,0,0,0,1,0,0
2026-03-19,2,TRUE,FALSE,166.8,108.65,96.14,166.79,3.21,135.45,110.61,110.61,1,1501,217.3,2.5,3.329,3.13,-0.199,5763.22,55.47,2989.51,3065.97,1076.69,1417.05,10759.65,6.1,6.1,-6.804546284,-6.804546284,6.804546284,6.804546284,6.804546284,0,0,0,1,0,0,0,195.39,118.4,122.56,124.2,114.7,72,71,67309506,51933659,110.8,98.6,93.8,70.8,3229358,605345.2,1,115.11,1030.12,3.13,155.55,132.8,113.4213333,111.4580833,1009.802,996.1545,3.13,3.13,149.272,101.5105,133.2,126.6675,4,0,0,0,0,0,0,0,0,0,0,1,0,-0.024390244
2026-03-20,2,TRUE,FALSE,158.85,112.19,98.32,158.82,3.04,135.35,106.12,106.12,1,1500.6,217.61,2.5,3.41,3.13,-0.28,5781.2,55.64,3039.35,3125.11,1157.12,1514.7,10821.22,7.5,7.5,-5.404546284,-5.404546284,5.404546284,5.404546284,5.404546284,0,0,0,1,0,0,0,195.39,118.4,122.56,124.2,114.7,72,71,67309506,51933659,110.8,98.6,93.8,70.8,3229358,605345.2,1,110.61,1076.69,3.13,166.79,135.45,111.2453333,111.5945833,1023.522,999.789,3.13,3.13,155.75,106.507,133.29,127.605,4,0,0,0,0,0,0,0,0,0,0,1,0,-0.021875
2026-03-23,2,TRUE,FALSE,169.75,99.94,88.13,169.74,2.94,135.25,107.52,109.3333333,3,1517.3,219.46,2.5,3.617,3.13,-0.487,5405.75,62.8,2843.94,2910.34,1075.44,1444.87,10178.13,11.9,10.43333333,-1.004546284,-2.471212951,1.004546284,2.471212951,4.504546284,0,0,0,3,0,0,0,195.39,118.4,122.56,124.2,114.7,72,71,67309506,51933659,110.8,98.6,93.8,70.8,3229358,605345.2,1,106.12,1157.12,3.13,158.82,135.35,109.8593333,112.20225,1051.258,1005.789,3.13,3.13,158.412,110.941,133.4,128.565,4,0,0,0,0,0,0,0,0,0,0,1,0,-0.038338658
2026-03-24,2,TRUE,FALSE,157.03,104.49,92.35,157.02,2.9,136.5,113.43,113.43,1,1495.2,216.96,2.5,3.523,3.13,-0.393,5553.92,64.99,2964.06,3002.01,1077.87,1389.69,10463.43,12.9,12.9,-0.004546284,-0.004546284,0.004546284,0.004546284,0.004546284,0,0,0,1,0,0,0,195.39,118.4,123.25,124.2,114.7,72,71,67309506,51933659,110.8,98.6,93.8,70.8,3229358,605345.2,1,109.3333333,1075.44,3.13,169.74,135.25,109.1166667,112.0419167,1068.282,1005.5535,3.13,3.13,161.712,115.8915,133.99,129.5175,4,0,0,0,0,0,0,0,0,0,0,1,0,-0.009966777
2026-03-25,2,TRUE,FALSE,142.55,102.22,90.32,142.55,2.94,133.05,108.62,108.62,1,1499.7,217.3,2.5,3.558,3.13,-0.428,5642.21,61.5,3034.9,3068.87,1108.26,1432.6,10605.65,12.8,12.8,-0.104546284,-0.104546284,0.104546284,0.104546284,0.104546284,0,0,0,1,0,0,0,195.39,118.4,123.25,124.2,114.7,72,71,67309506,51933659,110.8,98.6,93.8,70.8,3229358,605345.2,1,113.43,1077.87,3.13,157.02,136.5,110.9206667,112.52475,1083.448,1005.9365,3.13,3.13,161.584,120.2405,135.07,130.5175,4,0,0,0,0,0,0,0,0,0,0,1,0,0.046979866
2026-03-26,2,TRUE,FALSE,113.04,108.01,94.48,113.04,2.99,135.1,99.17,99.17,1,1507,218.14,2.5,3.552,3.13,-0.422,5460.46,59.85,2957.58,3011.23,1078.29,1392.68,10003.24,12.1,12.1,-0.804546284,-0.804546284,0.804546284,0.804546284,0.804546284,0,0,0,1,0,0,0,195.39,118.4,123.25,124.2,114.7,72,71,67309506,51933659,110.8,98.6,93.8,70.8,3229358,605345.2,1,108.62,1108.26,3.13,142.55,133.05,109.6226667,112.09425,1099.076,1007.6775,3.13,3.13,158.984,123.8445,135.12,131.32,4,0,0,0,0,0,0,0,0,0,0,1,0,0.006410256
2026-03-27,2,TRUE,FALSE,122.14,112.57,99.64,122.15,2.99,135.6,101.51,101.51,1,1508.9,218.08,2.5,3.582,3.13,-0.452,5438.87,60.6,2914.37,2981.24,1053.93,1386.19,9969.09,11.4,11.4,-1.504546284,-1.504546284,1.504546284,1.504546284,1.504546284,0,0,0,1,0,0,0,195.39,118.4,123.25,124.2,114.7,71,70,67309506,51933659,110.8,98.6,93.8,70.8,3229358,605345.2,1,99.17,1078.29,3.13,113.04,135.1,107.3346667,111.33575,1099.396,1007.68,3.13,3.13,148.234,125.992,135.05,132.265,4,0,0,0,0,0,0,0,0,0,0,1,0,-0.006369427
2026-03-30,2,TRUE,FALSE,125.29,112.78,102.88,125.28,2.88,144.25,109.66,106.24,3,1515.7,219.21,2.5,3.542,3.13,-0.412,5277.3,61.43,2871.63,2958.14,1059.24,1378.65,9523.26,16,13.93333333,3.095453716,1.028787049,3.095453716,1.498484572,3.095453716,1.8,0.6,1.8,3,0,0,0,195.39,118.4,123.25,124.2,114.7,71,70,67309506,51933659,110.8,98.6,93.8,70.8,3229358,605345.2,1,101.51,1053.93,3.13,122.15,135.6,106.4126667,110.56075,1078.758,1007.648,3.13,3.13,140.9,128.573,135.1,133.255,4,0,0,0,0,0,0,0,0,0,0,1,0,-0.003205128
2026-03-31,2,TRUE,FALSE,121.1,118.35,101.38,121.12,2.88,142.45,113.25,113.25,1,1530.1,221.6,2.5,3.552,3.13,-0.422,5052.46,61.48,2786.25,2856.23,1020.5,1346.71,9033.98,14.2,14.2,1.295453716,1.295453716,1.295453716,1.295453716,1.295453716,8.2,8.2,8.2,1,0,0,0,195.39,118.4,123.25,125.2,115.7,71,70,67309506,51933659,103.8,86.8,84,74.4,2325934,605345.2,1,106.24,1059.24,3.13,125.28,144.25,105.794,110.32275,1075.518,1009.22,3.13,3.13,132.008,131.276,136.9,134.6775,4,0,0,0,0,0,0,0,0,0,0,1,0,0.003215434
2026-04-01,3,TRUE,FALSE,108.9,101.16,100.12,108.91,2.99,137.2,118.37,118.37,1,1501.3,218.16,2.5,3.37,3.13,-0.24,5478.7,61.65,2964.35,2994.72,1049.81,1487.65,10014.68,13.3,13.3,0.395453716,0.395453716,0.395453716,0.395453716,0.395453716,0,0,0,1,0,0,1200000,195.39,118.4,123.25,125.2,115.7,71,70,67309506,51933659,103.8,86.8,84,74.4,2325934,605345.2,1,113.25,1020.5,3.13,121.12,142.45,105.758,110.739,1064.044,1012.3125,3.13,3.13,124.828,133.216,138.09,135.05,4,0,0,0,0,0,0,0,0,0,0,1,0,0.019230769
2026-04-02,3,TRUE,FALSE,114.6,109.03,111.54,114.6,2.86,137.9,122.74,122.74,1,1519.7,220.31,2.5,3.477,3.13,-0.347,5234.05,58.91,2866.08,2897.74,1019.02,1383.82,9380.47,11.6,11.6,-1.304546284,-1.304546284,1.304546284,1.304546284,1.304546284,0,0,0,1,0,0,1200000,195.39,118.8,123.25,125.2,115.7,71,70,67309506,51933659,103.8,86.8,84,74.4,2325934,605345.2,1,118.37,1049.81,3.13,108.91,137.2,107.708,110.9835,1052.354,1022.6525,3.13,3.13,118.1,134.3445,138.92,135.3275,4,0,0,0,0,0,0,0,0,0,0,1,0,0.012578616
2026-04-03,3,TRUE,FALSE,114.6,109.03,111.54,114.6,2.86,137.9,120.54,120.54,1,1505.2,218.54,2.5,3.448,3.13,-0.318,5377.3,59.1,2949.29,2968.5,1098.18,1453.3,9714.09,14.7,14.7,1.795453716,1.795453716,1.795453716,1.795453716,1.795453716,0,0,0,1,0,1,1200000,195.39,118.8,123.25,125.2,115.7,71,70,67309506,51933659,103.8,86.8,84,74.4,2325934,605345.2,1,122.74,1019.02,3.13,114.6,137.9,112.422,111.5055,1040.5,1028.5165,3.13,3.13,118.412,135.328,139.48,135.51,4,0,0,0,0,0,0,0,0,0,0,1,0,0.02173913
2026-04-06,3,TRUE,FALSE,120.2,109.77,112.41,120.19,3.04,137.9,121.79,120.67,3,1506.3,218.71,2.5,3.432,3.13,-0.302,5450.33,59.64,2990.93,3017.41,1058.78,1496.41,9758.32,10.2,12,-2.704546284,-0.904546284,2.704546284,1.834848761,2.704546284,1.2,1.1,3.3,3,1,1,1200000,195.39,118.8,123.25,125.2,115.7,71,70,67309506,51933659,103.8,86.8,84,74.4,2325934,605345.2,1,120.54,1098.18,3.13,114.6,137.9,116.228,111.9035,1049.35,1036.722,3.13,3.13,116.902,136.0365,139.94,135.715,4,0,0,0,0,0,0,0,0,0,0,1,0,-0.009118541
2026-04-07,3,TRUE,FALSE,121.86,109.27,112.95,121.86,3.01,138.5,119.94,119.94,1,1504.2,218.65,2.5,3.451,3.12,-0.331,5494.78,59.49,2959.17,2985.71,1025.56,1511.83,9914.1,8.2,8.2,-4.704546284,-4.704546284,4.704546284,4.704546284,4.704546284,0,0,0,1,1,1,1200000,195.39,118.8,123.25,125.2,115.7,71,70,67309506,51933659,103.8,86.8,84,74.4,2325934,605345.2,1,120.67,1058.78,3.13,120.19,137.9,119.114,112.3365,1049.258,1043.8245,3.13,3.13,115.884,135.796,138.67,135.7275,4,0,0,0,0,0,0,0,0,0,0,1,0,0.009202454
2026-04-08,3,TRUE,FALSE,101.2,94.75,94.41,101.2,2.78,135.5,121.14,121.14,1,1470.6,215.56,2.5,3.315,3.11,-0.205,5872.34,57.7,3140.19,3112.14,1057.21,1752,10870.86,10.3,10.3,-2.604546284,-2.604546284,2.604546284,2.604546284,2.604546284,0,0,0,1,1,1,1200000,195.39,118.8,123.25,125.2,115.7,71,70,67309506,51933659,103.8,86.8,84,74.4,2325934,605345.2,1,119.94,1025.56,3.12,121.86,138.5,120.452,112.72,1050.27,1047.8575,3.128,3.1295,116.032,136.129,137.88,136.075,4,0,0,0,0,0,0,0,0,0,0,1,0,0.021276596
2026-04-09,3,TRUE,FALSE,102,95.92,97.87,101.99,2.78,135.5,132.58,132.58,1,1482.5,216.9,2.5,3.338,3.11,-0.228,5778.01,53.96,3157.9,3164.94,1056.87,1741.05,10635.15,10.6,10.6,-2.304546284,-2.304546284,2.304546284,2.304546284,2.304546284,18.9,18.9,18.9,1,1,1,0,188.94,118.8,123.25,125.2,115.7,71,70,67309506,51933659,103.8,86.8,84,74.4,2325934,605345.2,1,121.14,1057.21,3.11,101.2,135.5,121.006,112.9395,1051.75,1053.2455,3.124,3.1285,114.49,135.2115,137.54,136.195,4,0,0,0,0,0,0,0,0,0,0,1,0,0.035714286
2026-04-10,3,TRUE,FALSE,100.87,95.2,96.57,100.87,2.64,134.9,120.34,120.34,1,1482.5,216.91,2.5,3.36,3.11,-0.25,5858.87,49.58,3186.67,3179.63,1064.67,1750.25,10795.52,10.3,10.3,-2.604546284,-2.604546284,2.604546284,2.604546284,2.604546284,5.1,5.1,5.1,1,1,1,0,188.94,118.8,123.25,125.2,115.7,71,70,67309506,51933659,103.8,86.8,84,74.4,2325934,605345.2,1,132.58,1056.87,3.11,101.99,135.5,122.974,113.494,1059.32,1055.6845,3.12,3.1275,111.968,133.591,137.06,136.22,4,0,0,0,0,0,0,0,0,0,0,1,0,0
2026-04-13,3,TRUE,FALSE,106.5,99.36,99.08,106.5,2.79,135.45,121.06,113.4266667,3,1489.3,218,2.5,3.382,3.11,-0.272,5808.62,50.14,3185.4,3129.96,1050.39,1721.68,10726.64,18.7,14.83333333,5.795453716,1.928787049,5.795453716,3.265151239,5.795453716,0,0,0,3,0,1,0,188.94,118.8,123.25,125.2,115.7,71,70,67309506,51933659,103.8,86.8,84,74.4,2325934,605345.2,1,120.34,1064.67,3.11,100.87,134.9,122.934,113.8585,1052.618,1057.996,3.116,3.1265,109.222,131.359,136.46,136.225,4,0,0,0,0,0,0,0,0,0,0,1,0,-0.037356322
2026-04-14,3,TRUE,FALSE,103.18,94.79,91.28,103.18,2.79,134.95,117.03,117.03,1,1481.2,217.25,2.5,3.339,3.1,-0.239,5967.75,49.87,3220.57,3161.83,1047.59,1753.77,11051.27,20.7,20.7,7.795453716,7.795453716,7.795453716,7.795453716,7.795453716,0,0,0,1,0,0,0,188.94,118.8,123.25,125.2,115.7,71,70,67309506,51933659,103.8,86.8,84,74.4,2325934,605345.2,1,113.4266667,1050.39,3.11,106.5,135.45,121.4853333,113.8775,1050.94,1060.9995,3.112,3.1255,106.484,129.022,135.97,136.3825,4,0,0,0,0,0,0,0,0,0,0,1,0,-0.014925373
2026-04-15,3,TRUE,FALSE,101.09,94.93,91.29,101.08,2.79,133.75,117.15,117.15,1,1474.2,216.26,2.5,3.328,3.1,-0.228,6091.39,51.97,3229.56,3252.6,1039.51,1837.62,11336.58,19.7,19.7,6.795453716,6.795453716,6.795453716,6.795453716,6.795453716,0,0,0,1,0,0,0,188.94,118.8,123.25,125.2,115.7,71,70,67309506,51933659,103.8,86.8,84,74.4,2325934,605345.2,1,117.03,1047.59,3.1,103.18,134.95,120.9033333,114.5085,1055.346,1063.277,3.108,3.124,102.748,126.298,135.26,136.575,4,0,0,0,0,0,0,0,0,0,0,1,0,0.009090909
2026-04-16,3,TRUE,FALSE,101.8,99.39,94.69,101.8,2.79,133.55,115.94,115.94,1,1474.6,216.2,2.5,3.34,3.1,-0.24,6226.05,50.47,3257.74,3359.09,1055.99,1828.38,11557.69,19.8,19.8,6.895453716,6.895453716,6.895453716,6.895453716,6.895453716,0,0,0,1,0,0,0,188.94,118.8,123.25,125.2,115.7,71,70,67309506,51933659,103.8,86.8,84,74.4,2325934,605345.2,1,117.15,1039.51,3.1,101.08,133.75,120.1053333,114.6105,1051.806,1063.7465,3.106,3.1225,102.724,123.5745,134.91,136.6225,4,0,0,0,0,0,0,0,0,0,0,1,0,0.006006006
2026-04-17,3,TRUE,FALSE,102.2,90.38,83.85,102.2,2.79,132.3,124.15,124.15,1,1483.5,217.21,2.5,3.371,3.09,-0.281,6191.92,48.51,3298.66,3347.31,1050.77,1809.73,11483.77,17.4,17.4,4.495453716,4.495453716,4.495453716,4.495453716,4.495453716,0,0,0,1,0,0,0,188.94,118.8,123.25,125.2,115.7,71,70,67309506,51933659,103.8,86.8,84,74.4,2325934,605345.2,1,115.94,1055.99,3.1,101.8,133.55,116.7773333,114.877,1051.63,1062.7115,3.104,3.121,102.686,120.325,134.52,136.5275,4,0,0,0,0,0,0,0,0,0,0,1,0,0
