level_0,level_1,Negative,Positive,Statistics
IND_ORDER,1707538.0,4 (19.05%),17 (80.95%),"$\chi^2$=296.95, $p$=0.00"
IND_ORDER,1787772.0,8 (42.11%),11 (57.89%),
IND_ORDER,1792792.0,5 (25.00%),15 (75.00%),
IND_ORDER,1807674.0,3 (15.79%),16 (84.21%),
IND_ORDER,1814797.0,2 (9.52%),19 (90.48%),
IND_ORDER,1831528.0,14 (63.64%),8 (36.36%),
IND_ORDER,1891586.0,21 (95.45%),1 (4.55%),
IND_ORDER,1918183.0,14 (73.68%),5 (26.32%),
IND_ORDER,1938651.0,9 (42.86%),12 (57.14%),
IND_ORDER,1948171.0,12 (60.00%),8 (40.00%),
IND_ORDER,1948558.0,16 (76.19%),5 (23.81%),
IND_ORDER,1959069.0,19 (82.61%),4 (17.39%),
IND_ORDER,1968238.0,16 (72.73%),6 (27.27%),
IND_ORDER,2020515.0,17 (85.00%),3 (15.00%),
IND_ORDER,2040638.0,10 (50.00%),10 (50.00%),
IND_ORDER,2052941.0,17 (89.47%),2 (10.53%),
IND_ORDER,2099002.0,9 (42.86%),12 (57.14%),
IND_ORDER,2133967.0,11 (52.38%),10 (47.62%),
IND_ORDER,2210749.0,16 (84.21%),3 (15.79%),
IND_ORDER,2227827.0,13 (56.52%),10 (43.48%),
IND_ORDER,2237681.0,9 (45.00%),11 (55.00%),
IND_ORDER,2240081.0,14 (70.00%),6 (30.00%),
IND_ORDER,2240418.0,16 (76.19%),5 (23.81%),
IND_ORDER,2265611.0,12 (57.14%),9 (42.86%),
IND_ORDER,2273535.0,16 (84.21%),3 (15.79%),
IND_ORDER,2297404.0,21 (95.45%),1 (4.55%),
IND_ORDER,2318478.0,17 (77.27%),5 (22.73%),
IND_ORDER,2325934.0,5 (35.71%),9 (64.29%),
IND_ORDER,2339805.0,11 (50.00%),11 (50.00%),
IND_ORDER,2381082.0,8 (42.11%),11 (57.89%),
IND_ORDER,2396740.0,19 (86.36%),3 (13.64%),
IND_ORDER,2407797.0,14 (63.64%),8 (36.36%),
IND_ORDER,2413809.0,18 (85.71%),3 (14.29%),
IND_ORDER,2429115.0,15 (71.43%),6 (28.57%),
IND_ORDER,2434152.0,14 (70.00%),6 (30.00%),
IND_ORDER,2463210.0,16 (84.21%),3 (15.79%),
IND_ORDER,2483288.0,17 (80.95%),4 (19.05%),
IND_ORDER,2508721.0,13 (61.90%),8 (38.10%),
IND_ORDER,2517210.0,10 (52.63%),9 (47.37%),
IND_ORDER,2527233.0,17 (85.00%),3 (15.00%),
IND_ORDER,2529300.0,13 (76.47%),4 (23.53%),
IND_ORDER,2532465.0,12 (63.16%),7 (36.84%),
IND_ORDER,2538835.0,13 (59.09%),9 (40.91%),
IND_ORDER,2543197.0,14 (73.68%),5 (26.32%),
IND_ORDER,2556465.0,12 (60.00%),8 (40.00%),
IND_ORDER,2557400.0,9 (47.37%),10 (52.63%),
IND_ORDER,2570172.0,11 (64.71%),6 (35.29%),
IND_ORDER,2581740.0,8 (38.10%),13 (61.90%),
IND_ORDER,2630442.0,17 (80.95%),4 (19.05%),
IND_ORDER,2644690.0,5 (22.73%),17 (77.27%),
IND_ORDER,2655699.0,13 (61.90%),8 (38.10%),
IND_ORDER,2658482.0,13 (72.22%),5 (27.78%),
IND_ORDER,2681016.0,14 (70.00%),6 (30.00%),
IND_ORDER,2693165.0,11 (50.00%),11 (50.00%),
IND_ORDER,2705211.0,14 (66.67%),7 (33.33%),
IND_ORDER,2709197.0,15 (65.22%),8 (34.78%),
IND_ORDER,2739460.0,12 (63.16%),7 (36.84%),
IND_ORDER,2747308.0,9 (42.86%),12 (57.14%),
IND_ORDER,2754692.0,11 (55.00%),9 (45.00%),
IND_ORDER,2754869.0,6 (28.57%),15 (71.43%),
IND_ORDER,2813300.0,14 (70.00%),6 (30.00%),
IND_ORDER,2828374.0,9 (45.00%),11 (55.00%),
IND_ORDER,2831284.0,7 (35.00%),13 (65.00%),
IND_ORDER,2834172.0,13 (61.90%),8 (38.10%),
IND_ORDER,2845772.0,17 (77.27%),5 (22.73%),
IND_ORDER,2864391.0,6 (30.00%),14 (70.00%),
IND_ORDER,2882596.0,15 (75.00%),5 (25.00%),
IND_ORDER,2916182.0,16 (76.19%),5 (23.81%),
IND_ORDER,2916412.0,18 (81.82%),4 (18.18%),
IND_ORDER,2923789.0,10 (52.63%),9 (47.37%),
IND_ORDER,2924860.0,11 (50.00%),11 (50.00%),
IND_ORDER,2945548.0,5 (25.00%),15 (75.00%),
IND_ORDER,2984921.0,16 (80.00%),4 (20.00%),
IND_ORDER,3026934.0,11 (57.89%),8 (42.11%),
IND_ORDER,3038391.0,12 (54.55%),10 (45.45%),
IND_ORDER,3064945.0,15 (75.00%),5 (25.00%),
IND_ORDER,3086548.0,10 (45.45%),12 (54.55%),
IND_ORDER,3099670.0,13 (61.90%),8 (38.10%),
IND_ORDER,3108053.0,11 (55.00%),9 (45.00%),
IND_ORDER,3118544.0,9 (45.00%),11 (55.00%),
IND_ORDER,3155685.0,6 (27.27%),16 (72.73%),
IND_ORDER,3159737.0,10 (47.62%),11 (52.38%),
IND_ORDER,3187164.0,8 (42.11%),11 (57.89%),
IND_ORDER,3202526.0,11 (55.00%),9 (45.00%),
IND_ORDER,3202647.0,17 (73.91%),6 (26.09%),
IND_ORDER,3206422.0,11 (50.00%),11 (50.00%),
IND_ORDER,3229358.0,8 (40.00%),12 (60.00%),
IND_ORDER,3231673.0,11 (55.00%),9 (45.00%),
IND_ORDER,3247193.0,10 (55.56%),8 (44.44%),
IND_ORDER,3264442.0,17 (89.47%),2 (10.53%),
IND_ORDER,3319294.0,15 (78.95%),4 (21.05%),
IND_ORDER,3334591.0,17 (80.95%),4 (19.05%),
IND_ORDER,3463030.0,12 (63.16%),7 (36.84%),
IND_ORDER,3481839.0,13 (68.42%),6 (31.58%),
IND_ORDER,3522043.0,11 (55.00%),9 (45.00%),
IND_ORDER,3618655.0,11 (55.00%),9 (45.00%),
IND_ORDER,3868488.0,11 (52.38%),10 (47.62%),
IND_ORDER,3887078.0,13 (72.22%),5 (27.78%),
IND_ORDER,3906650.0,14 (73.68%),5 (26.32%),
IMPORT,34661974.0,17 (77.27%),5 (22.73%),"$\chi^2$=283.12, $p$=0.00"
EXPORT,34854511.0,17 (77.27%),5 (22.73%),"$\chi^2$=283.12, $p$=0.00"
IMPORT,35794860.0,19 (82.61%),4 (17.39%),
IMPORT,35817929.0,9 (42.86%),12 (57.14%),
EXPORT,36270183.0,12 (63.16%),7 (36.84%),
IMPORT,36651437.0,18 (90.00%),2 (10.00%),
IMPORT,36977247.0,12 (54.55%),10 (45.45%),
IMPORT,37932611.0,12 (63.16%),7 (36.84%),
IMPORT,38741473.0,3 (14.29%),18 (85.71%),
IMPORT,38849185.0,9 (45.00%),11 (55.00%),
IMPORT,39093795.0,12 (57.14%),9 (42.86%),
EXPORT,39214071.0,19 (82.61%),4 (17.39%),
IMPORT,39400190.0,7 (36.84%),12 (63.16%),
EXPORT,39469231.0,9 (42.86%),12 (57.14%),
EXPORT,39481803.0,18 (90.00%),2 (10.00%),
IMPORT,39944763.0,12 (57.14%),9 (42.86%),
IMPORT,40104812.0,13 (56.52%),10 (43.48%),
IMPORT,40729215.0,5 (25.00%),15 (75.00%),
EXPORT,40911819.0,12 (54.55%),10 (45.45%),
IMPORT,41032928.0,16 (76.19%),5 (23.81%),
IMPORT,41396517.0,2 (9.52%),19 (90.48%),
IMPORT,41722154.0,17 (80.95%),4 (19.05%),
IMPORT,41803860.0,15 (75.00%),5 (25.00%),
IMPORT,41992349.0,13 (59.09%),9 (40.91%),
IMPORT,42404636.0,14 (63.64%),8 (36.36%),
IMPORT,42457250.0,4 (21.05%),15 (78.95%),
IMPORT,42718100.0,12 (60.00%),8 (40.00%),
EXPORT,42785144.0,9 (45.00%),11 (55.00%),
EXPORT,43103061.0,12 (60.00%),8 (40.00%),
IMPORT,43529066.0,18 (81.82%),4 (18.18%),
IMPORT,43619667.0,9 (47.37%),10 (52.63%),
IMPORT,43687430.0,10 (50.00%),10 (50.00%),
IMPORT,43693963.0,9 (45.00%),11 (55.00%),
IMPORT,43762245.0,8 (38.10%),13 (61.90%),
EXPORT,44008404.0,13 (56.52%),10 (43.48%),
EXPORT,44020065.0,4 (21.05%),15 (78.95%),
IMPORT,44024694.0,21 (95.45%),1 (4.55%),
EXPORT,44040722.0,5 (25.00%),15 (75.00%),
IMPORT,44360778.0,14 (82.35%),3 (17.65%),
IMPORT,44456822.0,13 (72.22%),5 (27.78%),
IMPORT,44458729.0,12 (63.16%),7 (36.84%),
EXPORT,44523530.0,17 (80.95%),4 (19.05%),
EXPORT,44629053.0,3 (14.29%),18 (85.71%),
IMPORT,44638246.0,12 (60.00%),8 (40.00%),
EXPORT,44706907.0,14 (63.64%),8 (36.36%),
EXPORT,44818534.0,12 (57.14%),9 (42.86%),
IMPORT,44897838.0,15 (71.43%),6 (28.57%),
IMPORT,45047164.0,13 (61.90%),8 (38.10%),
IMPORT,45153389.0,12 (70.59%),5 (29.41%),
EXPORT,45668341.0,10 (50.00%),10 (50.00%),
EXPORT,45703948.0,9 (47.37%),10 (52.63%),
EXPORT,45751883.0,12 (57.14%),9 (42.86%),
IMPORT,45805322.0,16 (88.89%),2 (11.11%),
EXPORT,46078221.0,8 (38.10%),13 (61.90%),
EXPORT,46167204.0,15 (75.00%),5 (25.00%),
EXPORT,46168934.0,12 (70.59%),5 (29.41%),
EXPORT,46339145.0,16 (80.00%),4 (20.00%),
EXPORT,46648756.0,2 (9.52%),19 (90.48%),
IMPORT,46808199.0,17 (89.47%),2 (10.53%),
EXPORT,47003206.0,13 (59.09%),9 (40.91%),
EXPORT,47819948.0,7 (36.84%),12 (63.16%),
IMPORT,47910522.0,12 (54.55%),10 (45.45%),
EXPORT,48006974.0,13 (72.22%),5 (27.78%),
EXPORT,48206793.0,21 (95.45%),1 (4.55%),
IMPORT,48221860.0,16 (80.00%),4 (20.00%),
IMPORT,48329049.0,17 (85.00%),3 (15.00%),
IMPORT,48480618.0,16 (72.73%),6 (27.27%),
IMPORT,48738114.0,16 (72.73%),6 (27.27%),
EXPORT,48781156.0,13 (61.90%),8 (38.10%),
EXPORT,49040139.0,18 (81.82%),4 (18.18%),
IMPORT,49090193.0,15 (65.22%),8 (34.78%),
EXPORT,49176984.0,15 (75.00%),5 (25.00%),
EXPORT,49221291.0,16 (88.89%),2 (11.11%),
EXPORT,49430879.0,10 (50.00%),10 (50.00%),
IMPORT,49742555.0,11 (50.00%),11 (50.00%),
EXPORT,49850235.0,9 (45.00%),11 (55.00%),
EXPORT,49994593.0,6 (27.27%),16 (72.73%),
IMPORT,50304603.0,13 (68.42%),6 (31.58%),
IMPORT,50429027.0,6 (27.27%),16 (72.73%),
EXPORT,50457776.0,16 (72.73%),6 (27.27%),
EXPORT,50650208.0,16 (76.19%),5 (23.81%),
EXPORT,50687750.0,12 (63.16%),7 (36.84%),
IMPORT,50718992.0,17 (85.00%),3 (15.00%),
EXPORT,50725161.0,12 (54.55%),10 (45.45%),
IMPORT,50810101.0,17 (73.91%),6 (26.09%),
IMPORT,50891152.0,14 (73.68%),5 (26.32%),
IMPORT,50972525.0,14 (73.68%),5 (26.32%),
IMPORT,51009758.0,6 (31.58%),13 (68.42%),
IMPORT,51172292.0,15 (75.00%),5 (25.00%),
EXPORT,51180449.0,14 (82.35%),3 (17.65%),
EXPORT,51225991.0,14 (73.68%),5 (26.32%),
IMPORT,51284605.0,16 (76.19%),5 (23.81%),
EXPORT,51309932.0,15 (71.43%),6 (28.57%),
EXPORT,51332449.0,12 (60.00%),8 (40.00%),
EXPORT,51479530.0,17 (89.47%),2 (10.53%),
IMPORT,51581093.0,10 (52.63%),9 (47.37%),
IMPORT,51636341.0,10 (52.63%),9 (47.37%),
EXPORT,51771855.0,17 (80.95%),4 (19.05%),
IMPORT,51853002.0,11 (50.00%),11 (50.00%),
IMPORT,51933659.0,13 (38.24%),21 (61.76%),
IMPORT,51940137.0,10 (50.00%),10 (50.00%),
EXPORT,51994074.0,6 (31.58%),13 (68.42%),
IMPORT,51997805.0,10 (52.63%),9 (47.37%),
EXPORT,52054195.0,18 (85.71%),3 (14.29%),
EXPORT,52076390.0,16 (80.00%),4 (20.00%),
IMPORT,52102925.0,6 (30.00%),14 (70.00%),
IMPORT,52112905.0,8 (38.10%),13 (61.90%),
EXPORT,52294560.0,17 (85.00%),3 (15.00%),
EXPORT,52428092.0,18 (81.82%),4 (18.18%),
IMPORT,53055480.0,14 (66.67%),7 (33.33%),
IMPORT,53122854.0,10 (45.45%),12 (54.55%),
IMPORT,53132937.0,8 (42.11%),11 (57.89%),
EXPORT,53165104.0,10 (52.63%),9 (47.37%),
IMPORT,53232716.0,10 (52.63%),9 (47.37%),
IMPORT,53341032.0,15 (68.18%),7 (31.82%),
IMPORT,53440582.0,18 (81.82%),4 (18.18%),
IMPORT,53482054.0,15 (71.43%),6 (28.57%),
IMPORT,53500265.0,16 (80.00%),4 (20.00%),
IMPORT,53676256.0,11 (52.38%),10 (47.62%),
EXPORT,53690914.0,11 (50.00%),11 (50.00%),
IMPORT,53838742.0,13 (61.90%),8 (38.10%),
IMPORT,53847824.0,5 (22.73%),17 (77.27%),
IMPORT,54054894.0,13 (72.22%),5 (27.78%),
EXPORT,54155835.0,15 (71.43%),6 (28.57%),
IMPORT,54190714.0,9 (45.00%),11 (55.00%),
IMPORT,54251194.0,18 (85.71%),3 (14.29%),
EXPORT,54297754.0,14 (66.67%),7 (33.33%),
IMPORT,54331589.0,15 (71.43%),6 (28.57%),
IMPORT,54474611.0,11 (57.89%),8 (42.11%),
EXPORT,54650691.0,14 (73.68%),5 (26.32%),
EXPORT,54709823.0,11 (57.89%),8 (42.11%),
EXPORT,54778905.0,6 (27.27%),16 (72.73%),
IMPORT,54821181.0,10 (50.00%),10 (50.00%),
EXPORT,54848666.0,11 (55.00%),9 (45.00%),
EXPORT,54860310.0,16 (72.73%),6 (27.27%),
IMPORT,54866380.0,9 (50.00%),9 (50.00%),
EXPORT,54882484.0,13 (65.00%),7 (35.00%),
EXPORT,54989950.0,18 (81.82%),4 (18.18%),
IMPORT,55370498.0,6 (27.27%),16 (72.73%),
EXPORT,55455376.0,14 (77.78%),4 (22.22%),
EXPORT,55461518.0,11 (52.38%),10 (47.62%),
EXPORT,55561090.0,10 (52.63%),9 (47.37%),
EXPORT,55660373.0,5 (22.73%),17 (77.27%),
EXPORT,55913862.0,10 (52.63%),9 (47.37%),
EXPORT,56148299.0,10 (50.00%),10 (50.00%),
EXPORT,56288629.0,17 (85.00%),3 (15.00%),
IMPORT,56408389.0,11 (61.11%),7 (38.89%),
EXPORT,56518309.0,8 (38.10%),13 (61.90%),
EXPORT,56605950.0,15 (75.00%),5 (25.00%),
IMPORT,57098343.0,9 (52.94%),8 (47.06%),
EXPORT,57176300.0,13 (68.42%),6 (31.58%),
EXPORT,57261962.0,13 (68.42%),6 (31.58%),
EXPORT,57341634.0,15 (65.22%),8 (34.78%),
IMPORT,57357549.0,11 (50.00%),11 (50.00%),
IMPORT,57367684.0,6 (28.57%),15 (71.43%),
EXPORT,57458788.0,13 (61.90%),8 (38.10%),
EXPORT,57500192.0,15 (71.43%),6 (28.57%),
EXPORT,57573193.0,10 (45.45%),12 (54.55%),
EXPORT,57642924.0,13 (72.22%),5 (27.78%),
EXPORT,57679934.0,13 (61.90%),8 (38.10%),
EXPORT,57842816.0,12 (57.14%),9 (42.86%),
EXPORT,58020557.0,8 (42.11%),11 (57.89%),
EXPORT,58035745.0,10 (52.63%),9 (47.37%),
EXPORT,58064562.0,15 (68.18%),7 (31.82%),
EXPORT,58272144.0,11 (50.00%),11 (50.00%),
EXPORT,58544693.0,6 (30.00%),14 (70.00%),
IMPORT,58847655.0,17 (80.95%),4 (19.05%),
IMPORT,59037259.0,16 (80.00%),4 (20.00%),
IMPORT,59167185.0,18 (81.82%),4 (18.18%),
EXPORT,59517485.0,16 (80.00%),4 (20.00%),
IMPORT,59623062.0,11 (55.00%),9 (45.00%),
IMPORT,59635920.0,13 (65.00%),7 (35.00%),
EXPORT,59831183.0,17 (73.91%),6 (26.09%),
IMPORT,60149906.0,13 (61.90%),8 (38.10%),
IMPORT,60213185.0,12 (57.14%),9 (42.86%),
EXPORT,60241774.0,11 (50.00%),11 (50.00%),
EXPORT,60330542.0,11 (50.00%),11 (50.00%),
IMPORT,60606721.0,14 (77.78%),4 (22.22%),
EXPORT,60726504.0,9 (45.00%),11 (55.00%),
EXPORT,60734117.0,14 (70.00%),6 (30.00%),
EXPORT,60752618.0,16 (76.19%),5 (23.81%),
IMPORT,61012837.0,13 (68.42%),6 (31.58%),
IMPORT,61159671.0,14 (70.00%),6 (30.00%),
EXPORT,61359250.0,9 (50.00%),9 (50.00%),
EXPORT,61591326.0,10 (50.00%),10 (50.00%),
IMPORT,63168380.0,10 (50.00%),10 (50.00%),
EXPORT,63786835.0,13 (61.90%),8 (38.10%),
IMPORT,63811102.0,13 (61.90%),8 (38.10%),
IMPORT,65259838.0,11 (50.00%),11 (50.00%),
EXPORT,65812871.0,9 (52.94%),8 (47.06%),
EXPORT,65907865.0,11 (61.11%),7 (38.89%),
IMPORT,66027733.0,15 (75.00%),5 (25.00%),
EXPORT,67309506.0,13 (38.24%),21 (61.76%),
EXPORT,69513624.0,6 (28.57%),15 (71.43%),
PPI,98.93,16 (69.57%),7 (30.43%),"$\chi^2$=274.55, $p$=0.00"
PPI,98.96,16 (80.00%),4 (20.00%),
PPI,99.04,13 (92.86%),1 (7.14%),
PPI,99.09,15 (75.00%),5 (25.00%),
PPI,99.47,13 (59.09%),9 (40.91%),
PPI,99.5,15 (83.33%),3 (16.67%),
PPI,99.69,13 (59.09%),9 (40.91%),
PPI,99.8,13 (72.22%),5 (27.78%),
PPI,99.88,13 (65.00%),7 (35.00%),
PPI,99.89,14 (82.35%),3 (17.65%),
PPI,99.92,17 (77.27%),5 (22.73%),
PPI,99.98,9 (40.91%),13 (59.09%),
PPI,99.99,16 (72.73%),6 (27.27%),
PPI,100.0,17 (85.00%),3 (15.00%),
PPI,100.01,13 (65.00%),7 (35.00%),
PPI,100.06,14 (73.68%),5 (26.32%),
PPI,100.18,3 (17.65%),14 (82.35%),
PPI,100.3,15 (71.43%),6 (28.57%),
PPI,100.34,12 (60.00%),8 (40.00%),
PPI,100.37,10 (52.63%),9 (47.37%),
PPI,100.38,15 (68.18%),7 (31.82%),
PPI,100.46,15 (34.09%),29 (65.91%),
PPI,100.49,18 (94.74%),1 (5.26%),
PPI,100.51,3 (13.64%),19 (86.36%),
PPI,100.63,9 (42.86%),12 (57.14%),
PPI,100.65,12 (60.00%),8 (40.00%),
PPI,100.69,17 (42.50%),23 (57.50%),
PPI,100.74,13 (61.90%),8 (38.10%),
PPI,100.75,2 (9.52%),19 (90.48%),
PPI,100.8,21 (91.30%),2 (8.70%),
PPI,100.84,11 (57.89%),8 (42.11%),
PPI,101.02,10 (47.62%),11 (52.38%),
PPI,101.19,18 (78.26%),5 (21.74%),
PPI,101.25,13 (76.47%),4 (23.53%),
PPI,101.54,16 (80.00%),4 (20.00%),
PPI,101.96,15 (68.18%),7 (31.82%),
PPI,102.8,12 (60.00%),8 (40.00%),
PPI,103.89,12 (60.00%),8 (40.00%),
PPI,104.88,15 (68.18%),7 (31.82%),
PPI,105.45,4 (19.05%),17 (80.95%),
PPI,106.01,11 (52.38%),10 (47.62%),
PPI,107.04,12 (54.55%),10 (45.45%),
PPI,107.6,8 (47.06%),9 (52.94%),
PPI,108.0,7 (33.33%),14 (66.67%),
PPI,109.12,9 (40.91%),13 (59.09%),
PPI,109.88,18 (81.82%),4 (18.18%),
PPI,109.9,14 (66.67%),7 (33.33%),
PPI,111.04,13 (76.47%),4 (23.53%),
PPI,111.57,11 (52.38%),10 (47.62%),
PPI,113.27,14 (70.00%),6 (30.00%),
PPI,115.1,10 (45.45%),12 (54.55%),
PPI,115.92,12 (57.14%),9 (42.86%),
PPI,116.27,33 (73.33%),12 (26.67%),
PPI,116.45,11 (61.11%),7 (38.89%),
PPI,116.53,42 (64.62%),23 (35.38%),
PPI,116.57,12 (52.17%),11 (47.83%),
PPI,116.69,6 (35.29%),11 (64.71%),
PPI,116.75,11 (55.00%),9 (45.00%),
PPI,116.9,15 (78.95%),4 (21.05%),
PPI,116.91,10 (43.48%),13 (56.52%),
PPI,116.96,12 (70.59%),5 (29.41%),
PPI,117.05,14 (63.64%),8 (36.36%),
PPI,117.13,18 (90.00%),2 (10.00%),
PPI,117.41,8 (40.00%),12 (60.00%),
PPI,117.5,12 (63.16%),7 (36.84%),
PPI,117.56,12 (63.16%),7 (36.84%),
PPI,117.86,12 (54.55%),10 (45.45%),
PPI,118.03,18 (90.00%),2 (10.00%),
PPI,118.19,15 (71.43%),6 (28.57%),
PPI,118.55,10 (47.62%),11 (52.38%),
PPI,118.82,9 (50.00%),9 (50.00%),
PPI,119.01,20 (90.91%),2 (9.09%),
PPI,119.1,10 (52.63%),9 (47.37%),
PPI,119.16,20 (47.62%),22 (52.38%),
PPI,119.23,14 (70.00%),6 (30.00%),
PPI,119.25,14 (63.64%),8 (36.36%),
PPI,119.38,7 (41.18%),10 (58.82%),
PPI,119.52,11 (61.11%),7 (38.89%),
PPI,119.56,13 (61.90%),8 (38.10%),
PPI,119.64,16 (72.73%),6 (27.27%),
PPI,119.77,14 (66.67%),7 (33.33%),
PPI,120.11,9 (56.25%),7 (43.75%),
PPI,120.14,13 (72.22%),5 (27.78%),
PPI,120.19,9 (39.13%),14 (60.87%),
PPI,120.27,19 (95.00%),1 (5.00%),
PPI,120.33,17 (77.27%),5 (22.73%),
PPI,120.36,7 (35.00%),13 (65.00%),
PPI,120.54,17 (77.27%),5 (22.73%),
PPI,120.94,15 (75.00%),5 (25.00%),
PPI,121.31,9 (47.37%),10 (52.63%),
PPI,121.76,10 (45.45%),12 (54.55%),
PPI,122.56,6 (31.58%),13 (68.42%),
PPI,123.25,8 (42.11%),11 (57.89%),
IIP_CHEM,82.7,16 (76.19%),5 (23.81%),"$\chi^2$=269.98, $p$=0.00"
IIP_CHEM,83.1,8 (38.10%),13 (61.90%),
IIP_CHEM,84.0,5 (35.71%),9 (64.29%),
IIP_CHEM,84.1,11 (55.00%),9 (45.00%),
IIP_CHEM,84.2,5 (25.00%),15 (75.00%),
IIP_CHEM,85.0,27 (67.50%),13 (32.50%),
IIP_CHEM,85.9,14 (63.64%),8 (36.36%),
IIP_CHEM,86.2,31 (77.50%),9 (22.50%),
IIP_CHEM,87.2,19 (86.36%),3 (13.64%),
IIP_CHEM,87.4,14 (70.00%),6 (30.00%),
IIP_CHEM,87.5,12 (60.00%),8 (40.00%),
IIP_CHEM,87.8,37 (60.66%),24 (39.34%),
IIP_CHEM,87.9,6 (30.00%),14 (70.00%),
IIP_CHEM,88.0,17 (89.47%),2 (10.53%),
IIP_CHEM,88.2,10 (45.45%),12 (54.55%),
IIP_CHEM,88.3,32 (76.19%),10 (23.81%),
IIP_CHEM,88.4,12 (63.16%),7 (36.84%),
IIP_CHEM,88.8,6 (28.57%),15 (71.43%),
IIP_CHEM,89.1,7 (35.00%),13 (65.00%),
IIP_CHEM,89.2,33 (55.00%),27 (45.00%),
IIP_CHEM,89.8,17 (80.95%),4 (19.05%),
IIP_CHEM,89.9,17 (77.27%),5 (22.73%),
IIP_CHEM,90.3,9 (45.00%),11 (55.00%),
IIP_CHEM,90.8,17 (85.00%),3 (15.00%),
IIP_CHEM,91.3,15 (75.00%),5 (25.00%),
IIP_CHEM,92.0,35 (58.33%),25 (41.67%),
IIP_CHEM,92.1,16 (76.19%),5 (23.81%),
IIP_CHEM,92.3,10 (55.56%),8 (44.44%),
IIP_CHEM,92.4,16 (84.21%),3 (15.79%),
IIP_CHEM,92.9,8 (42.11%),11 (57.89%),
IIP_CHEM,93.4,28 (66.67%),14 (33.33%),
IIP_CHEM,93.7,15 (75.00%),5 (25.00%),
IIP_CHEM,93.8,8 (40.00%),12 (60.00%),
IIP_CHEM,94.3,19 (82.61%),4 (17.39%),
IIP_CHEM,94.5,9 (42.86%),12 (57.14%),
IIP_CHEM,94.747,14 (63.64%),8 (36.36%),
IIP_CHEM,94.8,20 (50.00%),20 (50.00%),
IIP_CHEM,95.0,14 (70.00%),6 (30.00%),
IIP_CHEM,96.5,11 (50.00%),11 (50.00%),
IIP_CHEM,96.811,9 (42.86%),12 (57.14%),
IIP_CHEM,97.186,16 (76.19%),5 (23.81%),
IIP_CHEM,98.0,8 (42.11%),11 (57.89%),
IIP_CHEM,98.6,13 (59.09%),9 (40.91%),
IIP_CHEM,100.2,12 (60.00%),8 (40.00%),
IIP_CHEM,100.281,21 (95.45%),1 (4.55%),
IIP_CHEM,100.4,12 (63.16%),7 (36.84%),
IIP_CHEM,101.126,10 (50.00%),10 (50.00%),
IIP_CHEM,101.7,11 (50.00%),11 (50.00%),
IIP_CHEM,101.876,2 (9.52%),19 (90.48%),
IIP_CHEM,102.0,14 (70.00%),6 (30.00%),
IIP_CHEM,102.158,5 (25.00%),15 (75.00%),
IIP_CHEM,102.251,16 (72.73%),6 (27.27%),
IIP_CHEM,102.627,17 (89.47%),2 (10.53%),
IIP_CHEM,102.72,18 (85.71%),3 (14.29%),
IIP_CHEM,103.471,17 (44.74%),21 (55.26%),
IIP_CHEM,103.5,25 (59.52%),17 (40.48%),
IIP_CHEM,103.846,21 (50.00%),21 (50.00%),
IIP_CHEM,103.9,13 (61.90%),8 (38.10%),
IIP_CHEM,104.1,17 (77.27%),5 (22.73%),
IIP_CHEM,105.347,14 (73.68%),5 (26.32%),
IIP_CHEM,105.4,11 (50.00%),11 (50.00%),
IIP_CHEM,105.722,13 (61.90%),8 (38.10%),
IIP_CHEM,106.3,10 (52.63%),9 (47.37%),
IIP_CHEM,106.567,12 (63.16%),7 (36.84%),
IIP_CHEM,106.6,12 (57.14%),9 (42.86%),
IIP_CHEM,106.66,16 (84.21%),3 (15.79%),
IIP_CHEM,106.942,16 (84.21%),3 (15.79%),
IIP_CHEM,107.0,6 (27.27%),16 (72.73%),
IIP_CHEM,107.223,3 (15.79%),16 (84.21%),
IIP_CHEM,107.505,11 (55.00%),9 (45.00%),
IIP_CHEM,107.7,13 (61.90%),8 (38.10%),
IIP_CHEM,107.9,5 (22.73%),17 (77.27%),
IIP_CHEM,108.9,11 (57.89%),8 (42.11%),
IIP_CHEM,108.912,21 (95.45%),1 (4.55%),
IIP_CHEM,109.006,9 (45.00%),11 (55.00%),
IIP_CHEM,109.5,12 (54.55%),10 (45.45%),
IIP_CHEM,109.85,16 (80.00%),4 (20.00%),
IIP_CHEM,110.1,14 (73.68%),5 (26.32%),
IIP_CHEM,110.507,17 (85.00%),3 (15.00%),
IIP_CHEM,110.8,10 (47.62%),11 (52.38%),
IIP_CHEM,111.1,11 (55.00%),9 (45.00%),
IIP_CHEM,115.2,14 (70.00%),6 (30.00%),
IIP_CHEM,116.8,11 (52.38%),10 (47.62%),
IIP_CHEM,117.0,14 (73.68%),5 (26.32%),
IIP_CHEM,117.5,15 (78.95%),4 (21.05%),
IIP_STEEL,75.9,18 (81.82%),4 (18.18%),"$\chi^2$=264.70, $p$=0.00"
IIP_STEEL,77.8,17 (80.95%),4 (19.05%),
IIP_STEEL,79.1,11 (55.00%),9 (45.00%),
IIP_STEEL,85.0,14 (63.64%),8 (36.36%),
IIP_STEEL,85.9,17 (80.95%),4 (19.05%),
IIP_STEEL,86.8,5 (35.71%),9 (64.29%),
IIP_STEEL,87.5,5 (25.00%),15 (75.00%),
IIP_STEEL,88.3,16 (76.19%),5 (23.81%),
IIP_STEEL,88.7,9 (45.00%),11 (55.00%),
IIP_STEEL,90.7,15 (71.43%),6 (28.57%),
IIP_STEEL,91.1,16 (41.03%),23 (58.97%),
IIP_STEEL,92.0,8 (38.10%),13 (61.90%),
IIP_STEEL,92.7,30 (76.92%),9 (23.08%),
IIP_STEEL,93.1,11 (55.00%),9 (45.00%),
IIP_STEEL,93.2,15 (65.22%),8 (34.78%),
IIP_STEEL,93.3,19 (82.61%),4 (17.39%),
IIP_STEEL,93.6,17 (89.47%),2 (10.53%),
IIP_STEEL,93.7,13 (61.90%),8 (38.10%),
IIP_STEEL,94.1,12 (60.00%),8 (40.00%),
IIP_STEEL,94.4,9 (42.86%),12 (57.14%),
IIP_STEEL,94.6,8 (42.11%),11 (57.89%),
IIP_STEEL,94.7,9 (42.86%),12 (57.14%),
IIP_STEEL,95.0,33 (76.74%),10 (23.26%),
IIP_STEEL,95.2,13 (68.42%),6 (31.58%),
IIP_STEEL,95.4,22 (59.46%),15 (40.54%),
IIP_STEEL,95.8,15 (75.00%),5 (25.00%),
IIP_STEEL,96.0,10 (45.45%),12 (54.55%),
IIP_STEEL,96.2,22 (52.38%),20 (47.62%),
IIP_STEEL,96.3,17 (85.00%),3 (15.00%),
IIP_STEEL,96.5,18 (42.86%),24 (57.14%),
IIP_STEEL,96.8,14 (66.67%),7 (33.33%),
IIP_STEEL,96.851,14 (63.64%),8 (36.36%),
IIP_STEEL,97.1,8 (42.11%),11 (57.89%),
IIP_STEEL,97.6,13 (72.22%),5 (27.78%),
IIP_STEEL,98.6,8 (40.00%),12 (60.00%),
IIP_STEEL,99.1,12 (63.16%),7 (36.84%),
IIP_STEEL,99.4,10 (52.63%),9 (47.37%),
IIP_STEEL,99.891,16 (76.19%),5 (23.81%),
IIP_STEEL,100.0,9 (45.00%),11 (55.00%),
IIP_STEEL,100.8,12 (57.14%),9 (42.86%),
IIP_STEEL,100.977,2 (9.52%),19 (90.48%),
IIP_STEEL,101.0,17 (77.27%),5 (22.73%),
IIP_STEEL,101.2,6 (30.00%),14 (70.00%),
IIP_STEEL,101.4,17 (80.95%),4 (19.05%),
IIP_STEEL,102.28,16 (72.73%),6 (27.27%),
IIP_STEEL,102.4,11 (52.38%),10 (47.62%),
IIP_STEEL,102.6,17 (73.91%),6 (26.09%),
IIP_STEEL,102.7,11 (55.00%),9 (45.00%),
IIP_STEEL,103.0,13 (59.09%),9 (40.91%),
IIP_STEEL,103.2,12 (60.00%),8 (40.00%),
IIP_STEEL,103.4,14 (70.00%),6 (30.00%),
IIP_STEEL,103.6,5 (22.73%),17 (77.27%),
IIP_STEEL,103.8,34 (56.67%),26 (43.33%),
IIP_STEEL,104.0,11 (50.00%),11 (50.00%),
IIP_STEEL,104.4,13 (61.90%),8 (38.10%),
IIP_STEEL,104.8,10 (47.62%),11 (52.38%),
IIP_STEEL,105.2,11 (50.00%),11 (50.00%),
IIP_STEEL,105.537,10 (50.00%),10 (50.00%),
IIP_STEEL,105.6,12 (54.55%),10 (45.45%),
IIP_STEEL,105.8,6 (27.27%),16 (72.73%),
IIP_STEEL,106.2,29 (76.32%),9 (23.68%),
IIP_STEEL,106.4,13 (61.90%),8 (38.10%),
IIP_STEEL,106.5,14 (73.68%),5 (26.32%),
IIP_STEEL,106.515,11 (55.00%),9 (45.00%),
IIP_STEEL,106.623,5 (25.00%),15 (75.00%),
IIP_STEEL,106.84,13 (76.47%),4 (23.53%),
IIP_STEEL,106.9,14 (70.00%),6 (30.00%),
IIP_STEEL,106.949,9 (42.86%),12 (57.14%),
IIP_STEEL,107.1,10 (52.63%),9 (47.37%),
IIP_STEEL,107.6,11 (52.38%),10 (47.62%),
IIP_STEEL,107.7,11 (55.00%),9 (45.00%),
IIP_STEEL,108.0,15 (75.00%),5 (25.00%),
IIP_STEEL,108.36,14 (73.68%),5 (26.32%),
IIP_STEEL,108.4,12 (63.16%),7 (36.84%),
IIP_STEEL,108.795,8 (42.11%),11 (57.89%),
IIP_STEEL,109.555,21 (95.45%),1 (4.55%),
IIP_STEEL,109.663,12 (63.16%),7 (36.84%),
IIP_STEEL,109.9,14 (70.00%),6 (30.00%),
IIP_STEEL,109.989,13 (61.90%),8 (38.10%),
IIP_STEEL,110.0,11 (57.89%),8 (42.11%),
IIP_STEEL,110.315,9 (45.00%),11 (55.00%),
IIP_STEEL,110.423,31 (70.45%),13 (29.55%),
IIP_STEEL,111.075,3 (15.79%),16 (84.21%),
IIP_STEEL,111.183,17 (89.47%),2 (10.53%),
IIP_STEEL,111.726,16 (84.21%),3 (15.79%),
IIP_STEEL,112.704,17 (85.00%),3 (15.00%),
IIP_STEEL,113.029,16 (84.21%),3 (15.79%),
IIP_STEEL,113.789,21 (95.45%),1 (4.55%),
IIP_STEEL,115.201,16 (80.00%),4 (20.00%),
IIP_MFG,83.083,14 (63.64%),8 (36.36%),"$\chi^2$=264.54, $p$=0.00"
IIP_MFG,86.184,16 (76.19%),5 (23.81%),
IIP_MFG,91.4,14 (70.00%),6 (30.00%),
IIP_MFG,91.7,19 (82.61%),4 (17.39%),
IIP_MFG,93.5,13 (59.09%),9 (40.91%),
IIP_MFG,93.9,8 (42.11%),11 (57.89%),
IIP_MFG,95.2,6 (28.57%),15 (71.43%),
IIP_MFG,95.3,11 (50.00%),11 (50.00%),
IIP_MFG,95.5,29 (69.05%),13 (30.95%),
IIP_MFG,96.805,16 (72.73%),6 (27.27%),
IIP_MFG,96.898,4 (19.05%),17 (80.95%),
IIP_MFG,97.932,16 (80.00%),4 (20.00%),
IIP_MFG,98.026,17 (85.00%),3 (15.00%),
IIP_MFG,98.684,2 (9.52%),19 (90.48%),
IIP_MFG,98.778,14 (73.68%),5 (26.32%),
IIP_MFG,99.2,8 (38.10%),13 (61.90%),
IIP_MFG,99.248,16 (84.21%),3 (15.79%),
IIP_MFG,99.3,9 (45.00%),11 (55.00%),
IIP_MFG,99.342,13 (61.90%),8 (38.10%),
IIP_MFG,99.812,9 (42.86%),12 (57.14%),
IIP_MFG,100.376,25 (69.44%),11 (30.56%),
IIP_MFG,100.846,8 (42.11%),11 (57.89%),
IIP_MFG,101.0,9 (42.86%),12 (57.14%),
IIP_MFG,101.598,30 (71.43%),12 (28.57%),
IIP_MFG,101.692,16 (84.21%),3 (15.79%),
IIP_MFG,102.3,14 (66.67%),7 (33.33%),
IIP_MFG,102.444,13 (56.52%),10 (43.48%),
IIP_MFG,102.914,18 (85.71%),3 (14.29%),
IIP_MFG,103.0,13 (61.90%),8 (38.10%),
IIP_MFG,103.1,11 (52.38%),10 (47.62%),
IIP_MFG,103.195,21 (95.45%),1 (4.55%),
IIP_MFG,103.6,17 (80.95%),4 (19.05%),
IIP_MFG,103.7,17 (89.47%),2 (10.53%),
IIP_MFG,103.8,5 (35.71%),9 (64.29%),
IIP_MFG,103.9,6 (30.00%),14 (70.00%),
IIP_MFG,104.229,3 (15.79%),16 (84.21%),
IIP_MFG,104.6,12 (63.16%),7 (36.84%),
IIP_MFG,104.981,10 (50.00%),10 (50.00%),
IIP_MFG,105.1,6 (27.27%),16 (72.73%),
IIP_MFG,105.2,10 (52.63%),9 (47.37%),
IIP_MFG,105.4,18 (81.82%),4 (18.18%),
IIP_MFG,105.7,14 (63.64%),8 (36.36%),
IIP_MFG,105.8,12 (63.16%),7 (36.84%),
IIP_MFG,106.1,13 (72.22%),5 (27.78%),
IIP_MFG,106.109,5 (25.00%),15 (75.00%),
IIP_MFG,106.2,12 (60.00%),8 (40.00%),
IIP_MFG,106.4,17 (80.95%),4 (19.05%),
IIP_MFG,106.485,17 (89.47%),2 (10.53%),
IIP_MFG,107.2,17 (39.53%),26 (60.47%),
IIP_MFG,107.4,12 (54.55%),10 (45.45%),
IIP_MFG,107.5,16 (76.19%),5 (23.81%),
IIP_MFG,107.707,11 (55.00%),9 (45.00%),
IIP_MFG,108.0,11 (55.00%),9 (45.00%),
IIP_MFG,108.1,16 (84.21%),3 (15.79%),
IIP_MFG,108.4,29 (70.73%),12 (29.27%),
IIP_MFG,108.7,17 (80.95%),4 (19.05%),
IIP_MFG,108.9,13 (72.22%),5 (27.78%),
IIP_MFG,109.0,10 (52.63%),9 (47.37%),
IIP_MFG,109.7,17 (73.91%),6 (26.09%),
IIP_MFG,109.8,14 (70.00%),6 (30.00%),
IIP_MFG,109.9,11 (50.00%),11 (50.00%),
IIP_MFG,110.2,7 (35.00%),13 (65.00%),
IIP_MFG,110.3,19 (86.36%),3 (13.64%),
IIP_MFG,110.7,11 (57.89%),8 (42.11%),
IIP_MFG,110.8,8 (40.00%),12 (60.00%),
IIP_MFG,111.3,15 (75.00%),5 (25.00%),
IIP_MFG,111.4,22 (57.89%),16 (42.11%),
IIP_MFG,111.6,10 (47.62%),11 (52.38%),
IIP_MFG,111.7,11 (55.00%),9 (45.00%),
IIP_MFG,112.0,9 (45.00%),11 (55.00%),
IIP_MFG,112.5,15 (78.95%),4 (21.05%),
IIP_MFG,112.7,11 (64.71%),6 (35.29%),
IIP_MFG,112.9,13 (61.90%),8 (38.10%),
IIP_MFG,113.2,11 (55.00%),9 (45.00%),
IIP_MFG,113.7,15 (65.22%),8 (34.78%),
IIP_MFG,114.3,14 (70.00%),6 (30.00%),
IIP_MFG,114.6,11 (50.00%),11 (50.00%),
IIP_MFG,114.7,13 (61.90%),8 (38.10%),
IIP_MFG,114.8,27 (61.36%),17 (38.64%),
IIP_MFG,115.1,9 (47.37%),10 (52.63%),
IIP_MFG,115.2,5 (25.00%),15 (75.00%),
IIP_MFG,116.0,11 (55.00%),9 (45.00%),
IIP_MFG,116.5,28 (66.67%),14 (33.33%),
IIP_MFG,117.5,13 (68.42%),6 (31.58%),
IIP_MFG,117.7,9 (42.86%),12 (57.14%),
IIP_MFG,118.5,11 (52.38%),10 (47.62%),
IIP_MFG,118.7,11 (55.00%),9 (45.00%),
IIP_MFG,122.3,15 (75.00%),5 (25.00%),
IIP_MFG,122.4,14 (73.68%),5 (26.32%),
IIP_MFG,124.4,10 (55.56%),8 (44.44%),
IIP_MFG,124.9,16 (76.19%),5 (23.81%),
ta_avg_dev_abs_window_max,0.0045462844622985,5 (55.56%),4 (44.44%),"$\chi^2$=254.68, $p$=0.99"
ta_avg_dev_abs_window_max,0.0954537155377011,3 (50.00%),3 (50.00%),
ta_avg_dev_abs_window_max,0.1045462844622981,2 (50.00%),2 (50.00%),
ta_avg_dev_abs_window_max,0.1954537155377007,3 (60.00%),2 (40.00%),
ta_avg_dev_abs_window_max,0.2045462844622996,4 (80.00%),1 (20.00%),
ta_avg_dev_abs_window_max,0.2954537155377004,4 (80.00%),1 (20.00%),
ta_avg_dev_abs_window_max,0.3045462844622992,1 (33.33%),2 (66.67%),
ta_avg_dev_abs_window_max,0.3954537155377018,2 (33.33%),4 (66.67%),
ta_avg_dev_abs_window_max,0.4045462844622989,2 (22.22%),7 (77.78%),
ta_avg_dev_abs_window_max,0.4954537155377014,2 (66.67%),1 (33.33%),
ta_avg_dev_abs_window_max,0.5045462844622985,4 (66.67%),2 (33.33%),
ta_avg_dev_abs_window_max,0.5954537155377011,4 (80.00%),1 (20.00%),
ta_avg_dev_abs_window_max,0.6045462844622982,1 (50.00%),1 (50.00%),
ta_avg_dev_abs_window_max,0.6954537155377007,1 (25.00%),3 (75.00%),
ta_avg_dev_abs_window_max,0.7045462844622996,3 (75.00%),1 (25.00%),
ta_avg_dev_abs_window_max,0.7954537155377004,1 (50.00%),1 (50.00%),
ta_avg_dev_abs_window_max,0.8045462844622993,1 (20.00%),4 (80.00%),
ta_avg_dev_abs_window_max,0.8954537155377018,4 (66.67%),2 (33.33%),
ta_avg_dev_abs_window_max,1.0045462844622983,4 (57.14%),3 (42.86%),
ta_avg_dev_abs_window_max,1.095453715537701,6 (85.71%),1 (14.29%),
ta_avg_dev_abs_window_max,1.1045462844622982,2 (50.00%),2 (50.00%),
ta_avg_dev_abs_window_max,1.1954537155377007,2 (50.00%),2 (50.00%),
ta_avg_dev_abs_window_max,1.2045462844622996,3 (75.00%),1 (25.00%),
ta_avg_dev_abs_window_max,1.2954537155377004,3 (60.00%),2 (40.00%),
ta_avg_dev_abs_window_max,1.3045462844622993,3 (42.86%),4 (57.14%),
ta_avg_dev_abs_window_max,1.4954537155377017,2 (66.67%),1 (33.33%),
ta_avg_dev_abs_window_max,1.5045462844622983,7 (77.78%),2 (22.22%),
ta_avg_dev_abs_window_max,1.595453715537701,2 (50.00%),2 (50.00%),
ta_avg_dev_abs_window_max,1.6045462844622982,3 (75.00%),1 (25.00%),
ta_avg_dev_abs_window_max,1.6954537155377007,4 (57.14%),3 (42.86%),
ta_avg_dev_abs_window_max,1.7045462844622996,4 (80.00%),1 (20.00%),
ta_avg_dev_abs_window_max,1.7954537155377004,1 (16.67%),5 (83.33%),
ta_avg_dev_abs_window_max,1.8954537155377016,3 (42.86%),4 (57.14%),
ta_avg_dev_abs_window_max,1.904546284462299,1 (50.00%),1 (50.00%),
ta_avg_dev_abs_window_max,1.9954537155377008,7 (77.78%),2 (22.22%),
ta_avg_dev_abs_window_max,2.0045462844622985,3 (60.00%),2 (40.00%),
ta_avg_dev_abs_window_max,2.095453715537701,2 (40.00%),3 (60.00%),
ta_avg_dev_abs_window_max,2.104546284462298,5 (55.56%),4 (44.44%),
ta_avg_dev_abs_window_max,2.1954537155377007,1 (16.67%),5 (83.33%),
ta_avg_dev_abs_window_max,2.2954537155377004,1 (20.00%),4 (80.00%),
ta_avg_dev_abs_window_max,2.3045462844623,2 (33.33%),4 (66.67%),
ta_avg_dev_abs_window_max,2.395453715537702,6 (85.71%),1 (14.29%),
ta_avg_dev_abs_window_max,2.495453715537701,2 (40.00%),3 (60.00%),
ta_avg_dev_abs_window_max,2.5045462844622985,4 (80.00%),1 (20.00%),
ta_avg_dev_abs_window_max,2.595453715537701,3 (42.86%),4 (57.14%),
ta_avg_dev_abs_window_max,2.604546284462298,6 (85.71%),1 (14.29%),
ta_avg_dev_abs_window_max,2.6954537155377007,2 (66.67%),1 (33.33%),
ta_avg_dev_abs_window_max,2.7045462844623,6 (85.71%),1 (14.29%),
ta_avg_dev_abs_window_max,2.7954537155377004,6 (66.67%),3 (33.33%),
ta_avg_dev_abs_window_max,2.895453715537702,3 (75.00%),1 (25.00%),
ta_avg_dev_abs_window_max,2.904546284462299,5 (83.33%),1 (16.67%),
ta_avg_dev_abs_window_max,2.995453715537701,1 (33.33%),2 (66.67%),
ta_avg_dev_abs_window_max,3.095453715537701,3 (75.00%),1 (25.00%),
ta_avg_dev_abs_window_max,3.104546284462298,2 (66.67%),1 (33.33%),
ta_avg_dev_abs_window_max,3.1954537155377025,3 (60.00%),2 (40.00%),
ta_avg_dev_abs_window_max,3.2045462844623,3 (60.00%),2 (40.00%),
ta_avg_dev_abs_window_max,3.2954537155377004,2 (40.00%),3 (60.00%),
ta_avg_dev_abs_window_max,3.3045462844623,3 (60.00%),2 (40.00%),
ta_avg_dev_abs_window_max,3.395453715537702,1 (25.00%),3 (75.00%),
ta_avg_dev_abs_window_max,3.404546284462299,3 (75.00%),1 (25.00%),
ta_avg_dev_abs_window_max,3.5045462844622985,3 (60.00%),2 (40.00%),
ta_avg_dev_abs_window_max,3.604546284462298,2 (40.00%),3 (60.00%),
ta_avg_dev_abs_window_max,3.695453715537704,2 (33.33%),4 (66.67%),
ta_avg_dev_abs_window_max,3.7045462844623,4 (50.00%),4 (50.00%),
ta_avg_dev_abs_window_max,3.8045462844622993,3 (60.00%),2 (40.00%),
ta_avg_dev_abs_window_max,3.904546284462299,2 (66.67%),1 (33.33%),
ta_avg_dev_abs_window_max,3.9954537155377,1 (50.00%),1 (50.00%),
ta_avg_dev_abs_window_max,4.0045462844622985,6 (85.71%),1 (14.29%),
ta_avg_dev_abs_window_max,4.095453715537701,4 (44.44%),5 (55.56%),
ta_avg_dev_abs_window_max,4.104546284462298,4 (44.44%),5 (55.56%),
ta_avg_dev_abs_window_max,4.2954537155377,1 (20.00%),4 (80.00%),
ta_avg_dev_abs_window_max,4.404546284462299,4 (80.00%),1 (20.00%),
ta_avg_dev_abs_window_max,4.4954537155377,6 (75.00%),2 (25.00%),
ta_avg_dev_abs_window_max,4.5045462844622985,7 (87.50%),1 (12.50%),
ta_avg_dev_abs_window_max,4.595453715537701,2 (33.33%),4 (66.67%),
ta_avg_dev_abs_window_max,4.604546284462298,1 (33.33%),2 (66.67%),
ta_avg_dev_abs_window_max,4.695453715537703,3 (75.00%),1 (25.00%),
ta_avg_dev_abs_window_max,4.7045462844623,5 (71.43%),2 (28.57%),
ta_avg_dev_abs_window_max,4.7954537155377,2 (66.67%),1 (33.33%),
ta_avg_dev_abs_window_max,4.804546284462299,3 (50.00%),3 (50.00%),
ta_avg_dev_abs_window_max,4.895453715537702,3 (42.86%),4 (57.14%),
ta_avg_dev_abs_window_max,4.904546284462299,1 (50.00%),1 (50.00%),
ta_avg_dev_abs_window_max,4.9954537155377,4 (66.67%),2 (33.33%),
ta_avg_dev_abs_window_max,5.104546284462299,2 (50.00%),2 (50.00%),
ta_avg_dev_abs_window_max,5.195453715537703,1 (25.00%),3 (75.00%),
ta_avg_dev_abs_window_max,5.204546284462299,2 (40.00%),3 (60.00%),
ta_avg_dev_abs_window_max,5.2954537155377,3 (75.00%),1 (25.00%),
ta_avg_dev_abs_window_max,5.304546284462299,1 (16.67%),5 (83.33%),
ta_avg_dev_abs_window_max,5.395453715537702,1 (14.29%),6 (85.71%),
ta_avg_dev_abs_window_max,5.404546284462299,3 (75.00%),1 (25.00%),
ta_avg_dev_abs_window_max,5.4954537155377,4 (57.14%),3 (42.86%),
ta_avg_dev_abs_window_max,5.5045462844622985,8 (80.00%),2 (20.00%),
ta_avg_dev_abs_window_max,5.595453715537701,2 (50.00%),2 (50.00%),
ta_avg_dev_abs_window_max,5.695453715537703,1 (33.33%),2 (66.67%),
ta_avg_dev_abs_window_max,5.704546284462299,3 (37.50%),5 (62.50%),
ta_avg_dev_abs_window_max,5.7954537155377,3 (60.00%),2 (40.00%),
ta_avg_dev_abs_window_max,5.804546284462299,5 (62.50%),3 (37.50%),
ta_avg_dev_abs_window_max,5.895453715537702,3 (50.00%),3 (50.00%),
ta_avg_dev_abs_window_max,5.904546284462299,3 (75.00%),1 (25.00%),
ta_avg_dev_abs_window_max,6.095453715537701,3 (50.00%),3 (50.00%),
ta_avg_dev_abs_window_max,6.104546284462299,2 (28.57%),5 (71.43%),
ta_avg_dev_abs_window_max,6.195453715537703,1 (16.67%),5 (83.33%),
ta_avg_dev_abs_window_max,6.204546284462299,4 (66.67%),2 (33.33%),
ta_avg_dev_abs_window_max,6.2954537155377,1 (25.00%),3 (75.00%),
ta_avg_dev_abs_window_max,6.304546284462299,7 (70.00%),3 (30.00%),
ta_avg_dev_abs_window_max,6.395453715537702,2 (40.00%),3 (60.00%),
ta_avg_dev_abs_window_max,6.404546284462299,5 (71.43%),2 (28.57%),
ta_avg_dev_abs_window_max,6.4954537155377,7 (87.50%),1 (12.50%),
ta_avg_dev_abs_window_max,6.5045462844622985,5 (71.43%),2 (28.57%),
ta_avg_dev_abs_window_max,6.595453715537701,5 (55.56%),4 (44.44%),
ta_avg_dev_abs_window_max,6.695453715537703,4 (50.00%),4 (50.00%),
ta_avg_dev_abs_window_max,6.704546284462299,3 (75.00%),1 (25.00%),
ta_avg_dev_abs_window_max,6.7954537155377,4 (57.14%),3 (42.86%),
ta_avg_dev_abs_window_max,6.804546284462299,4 (66.67%),2 (33.33%),
ta_avg_dev_abs_window_max,6.895453715537702,1 (25.00%),3 (75.00%),
ta_avg_dev_abs_window_max,6.904546284462299,3 (60.00%),2 (40.00%),
ta_avg_dev_abs_window_max,6.9954537155377,6 (60.00%),4 (40.00%),
ta_avg_dev_abs_window_max,7.095453715537701,4 (57.14%),3 (42.86%),
ta_avg_dev_abs_window_max,7.104546284462299,7 (77.78%),2 (22.22%),
ta_avg_dev_abs_window_max,7.195453715537703,3 (60.00%),2 (40.00%),
ta_avg_dev_abs_window_max,7.204546284462299,1 (33.33%),2 (66.67%),
ta_avg_dev_abs_window_max,7.2954537155377,4 (50.00%),4 (50.00%),
ta_avg_dev_abs_window_max,7.304546284462299,3 (75.00%),1 (25.00%),
ta_avg_dev_abs_window_max,7.395453715537702,2 (40.00%),3 (60.00%),
ta_avg_dev_abs_window_max,7.404546284462299,5 (83.33%),1 (16.67%),
ta_avg_dev_abs_window_max,7.4954537155377,6 (75.00%),2 (25.00%),
ta_avg_dev_abs_window_max,7.504546284462298,1 (33.33%),2 (66.67%),
ta_avg_dev_abs_window_max,7.595453715537701,6 (85.71%),1 (14.29%),
ta_avg_dev_abs_window_max,7.604546284462299,4 (66.67%),2 (33.33%),
ta_avg_dev_abs_window_max,7.6954537155377025,3 (50.00%),3 (50.00%),
ta_avg_dev_abs_window_max,7.7954537155377,6 (66.67%),3 (33.33%),
ta_avg_dev_abs_window_max,7.895453715537702,4 (66.67%),2 (33.33%),
ta_avg_dev_abs_window_max,7.904546284462299,4 (80.00%),1 (20.00%),
ta_avg_dev_abs_window_max,7.9954537155377,6 (50.00%),6 (50.00%),
ta_avg_dev_abs_window_max,8.004546284462299,9 (81.82%),2 (18.18%),
ta_avg_dev_abs_window_max,8.095453715537701,2 (33.33%),4 (66.67%),
ta_avg_dev_abs_window_max,8.104546284462298,3 (75.00%),1 (25.00%),
ta_avg_dev_abs_window_max,8.195453715537703,3 (75.00%),1 (25.00%),
ta_avg_dev_abs_window_max,8.2045462844623,2 (50.00%),2 (50.00%),
ta_avg_dev_abs_window_max,8.3045462844623,2 (22.22%),7 (77.78%),
ta_avg_dev_abs_window_max,8.395453715537702,1 (50.00%),1 (50.00%),
ta_avg_dev_abs_window_max,8.404546284462299,4 (33.33%),8 (66.67%),
ta_avg_dev_abs_window_max,8.4954537155377,4 (40.00%),6 (60.00%),
ta_avg_dev_abs_window_max,8.504546284462299,3 (60.00%),2 (40.00%),
ta_avg_dev_abs_window_max,8.595453715537701,1 (12.50%),7 (87.50%),
ta_avg_dev_abs_window_max,8.604546284462298,2 (66.67%),1 (33.33%),
ta_avg_dev_abs_window_max,8.695453715537703,3 (60.00%),2 (40.00%),
ta_avg_dev_abs_window_max,8.7045462844623,3 (50.00%),3 (50.00%),
ta_avg_dev_abs_window_max,8.7954537155377,4 (66.67%),2 (33.33%),
ta_avg_dev_abs_window_max,8.895453715537702,3 (75.00%),1 (25.00%),
ta_avg_dev_abs_window_max,8.904546284462299,3 (75.00%),1 (25.00%),
ta_avg_dev_abs_window_max,9.004546284462299,4 (66.67%),2 (33.33%),
ta_avg_dev_abs_window_max,9.0954537155377,6 (75.00%),2 (25.00%),
ta_avg_dev_abs_window_max,9.195453715537704,4 (50.00%),4 (50.00%),
ta_avg_dev_abs_window_max,9.2045462844623,4 (66.67%),2 (33.33%),
ta_avg_dev_abs_window_max,9.2954537155377,4 (57.14%),3 (42.86%),
ta_avg_dev_abs_window_max,9.3045462844623,3 (75.00%),1 (25.00%),
ta_avg_dev_abs_window_max,9.395453715537702,2 (25.00%),6 (75.00%),
ta_avg_dev_abs_window_max,9.4045462844623,6 (75.00%),2 (25.00%),
ta_avg_dev_abs_window_max,9.4954537155377,3 (60.00%),2 (40.00%),
ta_avg_dev_abs_window_max,9.5045462844623,5 (71.43%),2 (28.57%),
ta_avg_dev_abs_window_max,9.5954537155377,5 (62.50%),3 (37.50%),
ta_avg_dev_abs_window_max,9.604546284462298,2 (66.67%),1 (33.33%),
ta_avg_dev_abs_window_max,9.695453715537704,6 (85.71%),1 (14.29%),
ta_avg_dev_abs_window_max,9.7954537155377,7 (70.00%),3 (30.00%),
ta_avg_dev_abs_window_max,9.8045462844623,3 (75.00%),1 (25.00%),
ta_avg_dev_abs_window_max,9.895453715537702,8 (80.00%),2 (20.00%),
ta_avg_dev_abs_window_max,9.9045462844623,2 (50.00%),2 (50.00%),
ta_avg_dev_abs_window_max,9.9954537155377,2 (28.57%),5 (71.43%),
ta_avg_dev_abs_window_max,10.0045462844623,3 (50.00%),3 (50.00%),
ta_avg_dev_abs_window_max,10.0954537155377,6 (60.00%),4 (40.00%),
ta_avg_dev_abs_window_max,10.104546284462298,6 (60.00%),4 (40.00%),
ta_avg_dev_abs_window_max,10.195453715537704,1 (33.33%),2 (66.67%),
ta_avg_dev_abs_window_max,10.2045462844623,3 (50.00%),3 (50.00%),
ta_avg_dev_abs_window_max,10.2954537155377,6 (75.00%),2 (25.00%),
ta_avg_dev_abs_window_max,10.3045462844623,5 (83.33%),1 (16.67%),
ta_avg_dev_abs_window_max,10.395453715537702,7 (77.78%),2 (22.22%),
ta_avg_dev_abs_window_max,10.4954537155377,2 (28.57%),5 (71.43%),
ta_avg_dev_abs_window_max,10.5045462844623,7 (77.78%),2 (22.22%),
ta_avg_dev_abs_window_max,10.5954537155377,7 (63.64%),4 (36.36%),
ta_avg_dev_abs_window_max,10.604546284462298,5 (71.43%),2 (28.57%),
ta_avg_dev_abs_window_max,10.695453715537704,7 (70.00%),3 (30.00%),
ta_avg_dev_abs_window_max,10.7045462844623,1 (33.33%),2 (66.67%),
ta_avg_dev_abs_window_max,10.7954537155377,9 (75.00%),3 (25.00%),
ta_avg_dev_abs_window_max,10.8045462844623,8 (80.00%),2 (20.00%),
ta_avg_dev_abs_window_max,10.895453715537702,2 (66.67%),1 (33.33%),
ta_avg_dev_abs_window_max,10.9045462844623,5 (55.56%),4 (44.44%),
ta_avg_dev_abs_window_max,10.9954537155377,5 (62.50%),3 (37.50%),
ta_avg_dev_abs_window_max,11.0045462844623,3 (50.00%),3 (50.00%),
ta_avg_dev_abs_window_max,11.0954537155377,4 (57.14%),3 (42.86%),
ta_avg_dev_abs_window_max,11.195453715537704,5 (50.00%),5 (50.00%),
ta_avg_dev_abs_window_max,11.2045462844623,6 (75.00%),2 (25.00%),
ta_avg_dev_abs_window_max,11.2954537155377,4 (80.00%),1 (20.00%),
ta_avg_dev_abs_window_max,11.3045462844623,4 (80.00%),1 (20.00%),
ta_avg_dev_abs_window_max,11.395453715537702,8 (72.73%),3 (27.27%),
ta_avg_dev_abs_window_max,11.4045462844623,1 (33.33%),2 (66.67%),
ta_avg_dev_abs_window_max,11.4954537155377,6 (75.00%),2 (25.00%),
ta_avg_dev_abs_window_max,11.5045462844623,7 (70.00%),3 (30.00%),
ta_avg_dev_abs_window_max,11.5954537155377,5 (62.50%),3 (37.50%),
ta_avg_dev_abs_window_max,11.604546284462298,4 (57.14%),3 (42.86%),
ta_avg_dev_abs_window_max,11.7045462844623,6 (85.71%),1 (14.29%),
ta_avg_dev_abs_window_max,11.7954537155377,7 (58.33%),5 (41.67%),
ta_avg_dev_abs_window_max,11.8045462844623,1 (50.00%),1 (50.00%),
ta_avg_dev_abs_window_max,11.895453715537702,6 (66.67%),3 (33.33%),
ta_avg_dev_abs_window_max,11.9045462844623,6 (85.71%),1 (14.29%),
ta_avg_dev_abs_window_max,12.0045462844623,3 (75.00%),1 (25.00%),
ta_avg_dev_abs_window_max,12.0954537155377,7 (63.64%),4 (36.36%),
ta_avg_dev_abs_window_max,12.104546284462298,2 (50.00%),2 (50.00%),
ta_avg_dev_abs_window_max,12.195453715537704,6 (66.67%),3 (33.33%),
ta_avg_dev_abs_window_max,12.2954537155377,7 (87.50%),1 (12.50%),
ta_avg_dev_abs_window_max,12.3045462844623,4 (57.14%),3 (42.86%),
ta_avg_dev_abs_window_max,12.395453715537702,6 (66.67%),3 (33.33%),
ta_avg_dev_abs_window_max,12.4045462844623,4 (66.67%),2 (33.33%),
ta_avg_dev_abs_window_max,12.4954537155377,2 (33.33%),4 (66.67%),
ta_avg_dev_abs_window_max,12.5045462844623,1 (50.00%),1 (50.00%),
ta_avg_dev_abs_window_max,12.5954537155377,7 (58.33%),5 (41.67%),
ta_avg_dev_abs_window_max,12.695453715537704,6 (85.71%),1 (14.29%),
ta_avg_dev_abs_window_max,12.7045462844623,3 (50.00%),3 (50.00%),
ta_avg_dev_abs_window_max,12.7954537155377,2 (28.57%),5 (71.43%),
ta_avg_dev_abs_window_max,12.895453715537702,5 (55.56%),4 (44.44%),
ta_avg_dev_abs_window_max,12.9954537155377,2 (50.00%),2 (50.00%),
ta_avg_dev_abs_window_max,13.0045462844623,5 (71.43%),2 (28.57%),
ta_avg_dev_abs_window_max,13.104546284462298,3 (75.00%),1 (25.00%),
ta_avg_dev_abs_window_max,13.195453715537704,3 (60.00%),2 (40.00%),
ta_avg_dev_abs_window_max,13.2954537155377,1 (50.00%),1 (50.00%),
ta_avg_dev_abs_window_max,13.3045462844623,4 (80.00%),1 (20.00%),
ta_avg_dev_abs_window_max,13.395453715537702,6 (60.00%),4 (40.00%),
ta_avg_dev_abs_window_max,13.4045462844623,2 (28.57%),5 (71.43%),
ta_avg_dev_abs_window_max,13.4954537155377,1 (20.00%),4 (80.00%),
ta_avg_dev_abs_window_max,13.5045462844623,4 (50.00%),4 (50.00%),
ta_avg_dev_abs_window_max,13.5954537155377,3 (42.86%),4 (57.14%),
ta_avg_dev_abs_window_max,13.604546284462298,1 (50.00%),1 (50.00%),
ta_avg_dev_abs_window_max,13.695453715537704,7 (70.00%),3 (30.00%),
ta_avg_dev_abs_window_max,13.7045462844623,4 (66.67%),2 (33.33%),
ta_avg_dev_abs_window_max,13.7954537155377,1 (25.00%),3 (75.00%),
ta_avg_dev_abs_window_max,13.895453715537702,6 (66.67%),3 (33.33%),
ta_avg_dev_abs_window_max,14.0954537155377,4 (57.14%),3 (42.86%),
ta_avg_dev_abs_window_max,14.104546284462298,2 (50.00%),2 (50.00%),
ta_avg_dev_abs_window_max,14.195453715537704,5 (55.56%),4 (44.44%),
ta_avg_dev_abs_window_max,14.2954537155377,4 (80.00%),1 (20.00%),
ta_avg_dev_abs_window_max,14.3045462844623,2 (66.67%),1 (33.33%),
ta_avg_dev_abs_window_max,14.395453715537702,6 (85.71%),1 (14.29%),
ta_avg_dev_abs_window_max,14.4045462844623,2 (66.67%),1 (33.33%),
ta_avg_dev_abs_window_max,14.4954537155377,1 (33.33%),2 (66.67%),
ta_avg_dev_abs_window_max,14.5045462844623,4 (80.00%),1 (20.00%),
ta_avg_dev_abs_window_max,14.5954537155377,1 (50.00%),1 (50.00%),
ta_avg_dev_abs_window_max,14.604546284462298,3 (60.00%),2 (40.00%),
ta_avg_dev_abs_window_max,14.695453715537704,4 (66.67%),2 (33.33%),
ta_avg_dev_abs_window_max,14.7954537155377,2 (66.67%),1 (33.33%),
ta_avg_dev_abs_window_max,14.9954537155377,4 (80.00%),1 (20.00%),
ta_avg_dev_abs_window_max,15.0045462844623,4 (80.00%),1 (20.00%),
ta_avg_dev_abs_window_max,15.0954537155377,2 (50.00%),2 (50.00%),
ta_avg_dev_abs_window_max,15.104546284462298,2 (66.67%),1 (33.33%),
ta_avg_dev_abs_window_max,15.195453715537704,1 (10.00%),9 (90.00%),
ta_avg_dev_abs_window_max,15.2045462844623,1 (33.33%),2 (66.67%),
ta_avg_dev_abs_window_max,15.2954537155377,8 (80.00%),2 (20.00%),
ta_avg_dev_abs_window_max,15.3045462844623,3 (60.00%),2 (40.00%),
ta_avg_dev_abs_window_max,15.4954537155377,4 (57.14%),3 (42.86%),
ta_avg_dev_abs_window_max,15.5045462844623,1 (14.29%),6 (85.71%),
ta_avg_dev_abs_window_max,15.5954537155377,5 (71.43%),2 (28.57%),
ta_avg_dev_abs_window_max,15.604546284462298,3 (75.00%),1 (25.00%),
ta_avg_dev_abs_window_max,15.695453715537704,6 (75.00%),2 (25.00%),
ta_avg_dev_abs_window_max,15.8045462844623,2 (66.67%),1 (33.33%),
ta_avg_dev_abs_window_max,15.895453715537702,1 (16.67%),5 (83.33%),
ta_avg_dev_abs_window_max,15.9045462844623,2 (50.00%),2 (50.00%),
ta_avg_dev_abs_window_max,15.9954537155377,3 (42.86%),4 (57.14%),
ta_avg_dev_abs_window_max,16.0954537155377,1 (50.00%),1 (50.00%),
ta_avg_dev_abs_window_max,16.104546284462298,2 (50.00%),2 (50.00%),
ta_avg_dev_abs_window_max,16.195453715537703,6 (75.00%),2 (25.00%),
ta_avg_dev_abs_window_max,16.2954537155377,2 (50.00%),2 (50.00%),
ta_avg_dev_abs_window_max,16.304546284462297,2 (66.67%),1 (33.33%),
ta_avg_dev_abs_window_max,16.395453715537702,2 (66.67%),1 (33.33%),
ta_avg_dev_abs_window_max,16.4045462844623,3 (75.00%),1 (25.00%),
ta_avg_dev_abs_window_max,16.4954537155377,5 (55.56%),4 (44.44%),
ta_avg_dev_abs_window_max,16.5045462844623,2 (66.67%),1 (33.33%),
ta_avg_dev_abs_window_max,16.5954537155377,6 (85.71%),1 (14.29%),
ta_avg_dev_abs_window_max,16.604546284462298,2 (66.67%),1 (33.33%),
ta_avg_dev_abs_window_max,16.695453715537703,3 (75.00%),1 (25.00%),
ta_avg_dev_abs_window_max,16.7954537155377,2 (50.00%),2 (50.00%),
ta_avg_dev_abs_window_max,16.804546284462297,1 (33.33%),2 (66.67%),
ta_avg_dev_abs_window_max,16.895453715537702,2 (33.33%),4 (66.67%),
ta_avg_dev_abs_window_max,16.9954537155377,2 (66.67%),1 (33.33%),
ta_avg_dev_abs_window_max,17.0045462844623,4 (66.67%),2 (33.33%),
ta_avg_dev_abs_window_max,17.2954537155377,2 (66.67%),1 (33.33%),
ta_avg_dev_abs_window_max,17.304546284462297,3 (60.00%),2 (40.00%),
ta_avg_dev_abs_window_max,17.4045462844623,2 (66.67%),1 (33.33%),
ta_avg_dev_abs_window_max,17.4954537155377,1 (33.33%),2 (66.67%),
ta_avg_dev_abs_window_max,17.5045462844623,1 (50.00%),1 (50.00%),
ta_avg_dev_abs_window_max,17.5954537155377,3 (75.00%),1 (25.00%),
ta_avg_dev_abs_window_max,17.604546284462298,5 (83.33%),1 (16.67%),
ta_avg_dev_abs_window_max,17.7045462844623,1 (50.00%),1 (50.00%),
ta_avg_dev_abs_window_max,17.7954537155377,2 (66.67%),1 (33.33%),
ta_avg_dev_abs_window_max,17.9045462844623,1 (33.33%),2 (66.67%),
ta_avg_dev_abs_window_max,17.9954537155377,3 (75.00%),1 (25.00%),
ta_avg_dev_abs_window_max,18.0045462844623,2 (50.00%),2 (50.00%),
ta_avg_dev_abs_window_max,18.195453715537703,3 (75.00%),1 (25.00%),
ta_avg_dev_abs_window_max,18.2045462844623,2 (66.67%),1 (33.33%),
ta_avg_dev_abs_window_max,18.2954537155377,1 (33.33%),2 (66.67%),
ta_avg_dev_abs_window_max,18.304546284462297,3 (75.00%),1 (25.00%),
ta_avg_dev_abs_window_max,18.4045462844623,1 (50.00%),1 (50.00%),
ta_avg_dev_abs_window_max,18.4954537155377,2 (66.67%),1 (33.33%),
ta_avg_dev_abs_window_max,18.5045462844623,4 (80.00%),1 (20.00%),
ta_avg_dev_abs_window_max,18.804546284462297,2 (66.67%),1 (33.33%),
ta_avg_dev_abs_window_max,18.9045462844623,2 (50.00%),2 (50.00%),
ta_avg_dev_abs_window_max,19.2045462844623,1 (50.00%),1 (50.00%),
ta_avg_dev_abs_window_max,19.60454628446229,1 (50.00%),1 (50.00%),
ta_avg_dev_abs_window_max,20.2045462844623,3 (75.00%),1 (25.00%),
ta_avg_dev_abs_window_max,20.304546284462297,2 (66.67%),1 (33.33%),
ta_avg_dev_abs_window_max,20.60454628446229,1 (50.00%),1 (50.00%),
ta_avg_dev_abs_window_max,20.804546284462297,1 (50.00%),1 (50.00%),
ta_avg_dev_abs_window_max,20.9045462844623,3 (75.00%),1 (25.00%),
ta_avg_dev_abs_window_max,21.10454628446229,1 (50.00%),1 (50.00%),
ta_avg_dev_abs_window_max,21.2045462844623,2 (40.00%),3 (60.00%),
ta_avg_dev_abs_window_max,21.304546284462297,2 (66.67%),1 (33.33%),
ta_avg_dev_abs_window_max,23.0045462844623,1 (50.00%),1 (50.00%),
ask_ratio_last,False,235 (80.76%),56 (19.24%),"$\chi^2$=252.16, $p$=0.00"
ask_ratio_last,0.56,9 (36.00%),16 (64.00%),
ask_ratio_last,24.68,21 (84.00%),4 (16.00%),
ask_ratio_last,27.36,11 (55.00%),9 (45.00%),
ask_ratio_last,30.2,19 (82.61%),4 (17.39%),
ask_ratio_last,30.68,7 (46.67%),8 (53.33%),
ask_ratio_last,31.22,16 (80.00%),4 (20.00%),
ask_ratio_last,37.12,12 (50.00%),12 (50.00%),
ask_ratio_last,37.14,16 (80.00%),4 (20.00%),
ask_ratio_last,37.2,9 (52.94%),8 (47.06%),
ask_ratio_last,39.02,15 (60.00%),10 (40.00%),
ask_ratio_last,39.76,14 (56.00%),11 (44.00%),
ask_ratio_last,42.24,10 (55.56%),8 (44.44%),
ask_ratio_last,42.48,14 (82.35%),3 (17.65%),
ask_ratio_last,50.4,13 (65.00%),7 (35.00%),
ask_ratio_last,51.93,11 (64.71%),6 (35.29%),
ask_ratio_last,55.77,9 (45.00%),11 (55.00%),
ask_ratio_last,60.0,24 (57.14%),18 (42.86%),
ask_ratio_last,61.0,12 (63.16%),7 (36.84%),
ask_ratio_last,64.2,12 (63.16%),7 (36.84%),
ask_ratio_last,64.3,12 (66.67%),6 (33.33%),
ask_ratio_last,69.94,9 (36.00%),16 (64.00%),
ask_ratio_last,70.6,17 (68.00%),8 (32.00%),
ask_ratio_last,70.89,40 (70.18%),17 (29.82%),
ask_ratio_last,71.85,11 (57.89%),8 (42.11%),
ask_ratio_last,75.25,60 (60.00%),40 (40.00%),
ask_ratio_last,78.25,10 (50.00%),10 (50.00%),
ask_ratio_last,79.42,25 (58.14%),18 (41.86%),
ask_ratio_last,80.65,41 (67.21%),20 (32.79%),
ask_ratio_last,82.0,11 (57.89%),8 (42.11%),
ask_ratio_last,83.69,6 (28.57%),15 (71.43%),
ask_ratio_last,83.71,12 (60.00%),8 (40.00%),
ask_ratio_last,87.88,18 (90.00%),2 (10.00%),
ask_ratio_last,89.01,14 (77.78%),4 (22.22%),
ask_ratio_last,90.28,16 (80.00%),4 (20.00%),
ask_ratio_last,90.97,9 (45.00%),11 (55.00%),
ask_ratio_last,91.62,16 (72.73%),6 (27.27%),
ask_ratio_last,92.74,5 (25.00%),15 (75.00%),
ask_ratio_last,93.68,9 (47.37%),10 (52.63%),
ask_ratio_last,98.16,8 (40.00%),12 (60.00%),
ask_ratio_last,102.19,13 (65.00%),7 (35.00%),
ask_ratio_last,105.5,22 (59.46%),15 (40.54%),
ask_ratio_last,107.44,16 (80.00%),4 (20.00%),
ask_ratio_last,111.41,9 (45.00%),11 (55.00%),
ask_ratio_last,112.9,27 (64.29%),15 (35.71%),
ask_ratio_last,119.8,4 (80.00%),1 (20.00%),
ask_ratio_last,120.0,59 (63.44%),34 (36.56%),
ask_ratio_last,120.65,14 (63.64%),8 (36.36%),
ask_ratio_last,127.15,13 (65.00%),7 (35.00%),
ask_ratio_last,128.53,15 (62.50%),9 (37.50%),
ask_ratio_last,128.8,9 (45.00%),11 (55.00%),
ask_ratio_last,130.75,20 (95.24%),1 (4.76%),
ask_ratio_last,133.17,11 (55.00%),9 (45.00%),
ask_ratio_last,133.33,7 (36.84%),12 (63.16%),
ask_ratio_last,134.58,15 (75.00%),5 (25.00%),
ask_ratio_last,135.32,19 (48.72%),20 (51.28%),
ask_ratio_last,138.67,9 (45.00%),11 (55.00%),
ask_ratio_last,140.77,12 (60.00%),8 (40.00%),
ask_ratio_last,141.36,10 (50.00%),10 (50.00%),
ask_ratio_last,142.89,4 (20.00%),16 (80.00%),
ask_ratio_last,143.36,6 (35.29%),11 (64.71%),
ask_ratio_last,143.38,10 (55.56%),8 (44.44%),
ask_ratio_last,143.4,14 (77.78%),4 (22.22%),
ask_ratio_last,144.69,12 (52.17%),11 (47.83%),
ask_ratio_last,146.82,12 (48.00%),13 (52.00%),
ask_ratio_last,148.25,2 (12.50%),14 (87.50%),
ask_ratio_last,151.64,7 (36.84%),12 (63.16%),
ask_ratio_last,164.55,2 (8.00%),23 (92.00%),
ask_ratio_last,170.3,9 (45.00%),11 (55.00%),
ask_ratio_last,188.94,4 (57.14%),3 (42.86%),
ask_ratio_last,191.33,4 (25.00%),12 (75.00%),
ask_ratio_last,195.39,8 (40.00%),12 (60.00%),
CLI,93.4,18 (85.71%),3 (14.29%),"$\chi^2$=249.22, $p$=0.00"
CLI,93.5,16 (84.21%),3 (15.79%),
CLI,93.7,16 (80.00%),4 (20.00%),
CLI,94.0,16 (76.19%),5 (23.81%),
CLI,94.2,9 (45.00%),11 (55.00%),
CLI,94.3,12 (63.16%),7 (36.84%),
CLI,94.6,21 (95.45%),1 (4.55%),
CLI,94.8,14 (73.68%),5 (26.32%),
CLI,94.9,83 (83.84%),16 (16.16%),
CLI,95.0,17 (85.00%),3 (15.00%),
CLI,95.2,14 (63.64%),8 (36.36%),
CLI,95.6,13 (61.90%),8 (38.10%),
CLI,95.8,8 (42.11%),11 (57.89%),
CLI,95.9,25 (39.68%),38 (60.32%),
CLI,96.0,4 (19.05%),17 (80.95%),
CLI,96.4,2 (9.52%),19 (90.48%),
CLI,96.9,5 (25.00%),15 (75.00%),
CLI,97.5,10 (50.00%),10 (50.00%),
CLI,98.1,11 (55.00%),9 (45.00%),
CLI,98.4,13 (59.09%),9 (40.91%),
CLI,98.5,36 (80.00%),9 (20.00%),
CLI,98.6,12 (63.16%),7 (36.84%),
CLI,98.7,14 (70.00%),6 (30.00%),
CLI,99.0,9 (45.00%),11 (55.00%),
CLI,99.6,9 (42.86%),12 (57.14%),
CLI,100.4,8 (42.11%),11 (57.89%),
CLI,101.1,12 (57.14%),9 (42.86%),
CLI,101.7,11 (52.38%),10 (47.62%),
CLI,102.4,12 (60.00%),8 (40.00%),
CLI,103.0,14 (73.68%),5 (26.32%),
CLI,103.7,13 (61.90%),8 (38.10%),
CLI,104.3,11 (50.00%),11 (50.00%),
CLI,105.0,15 (78.95%),4 (21.05%),
CLI,105.7,12 (54.55%),10 (45.45%),
CLI,106.4,6 (27.27%),16 (72.73%),
CLI,106.8,14 (70.00%),6 (30.00%),
CLI,106.9,11 (50.00%),11 (50.00%),
CLI,107.0,29 (46.77%),33 (53.23%),
CLI,107.1,21 (55.26%),17 (44.74%),
CLI,107.4,14 (70.00%),6 (30.00%),
CLI,107.5,14 (66.67%),7 (33.33%),
CLI,107.7,11 (52.38%),10 (47.62%),
CLI,107.8,11 (55.00%),9 (45.00%),
CLI,108.3,13 (61.90%),8 (38.10%),
CLI,108.6,26 (61.90%),16 (38.10%),
CLI,108.8,24 (61.54%),15 (38.46%),
CLI,108.9,23 (54.76%),19 (45.24%),
CLI,109.0,46 (73.02%),17 (26.98%),
CLI,109.1,11 (55.00%),9 (45.00%),
CLI,109.2,17 (80.95%),4 (19.05%),
CLI,109.5,14 (70.00%),6 (30.00%),
CLI,110.1,17 (73.91%),6 (26.09%),
CLI,110.8,6 (30.00%),14 (70.00%),
CLI,111.0,13 (72.22%),5 (27.78%),
CLI,111.3,19 (86.36%),3 (13.64%),
CLI,111.9,10 (52.63%),9 (47.37%),
CLI,112.3,10 (45.45%),12 (54.55%),
CLI,112.8,11 (55.00%),9 (45.00%),
CLI,113.2,16 (84.21%),3 (15.79%),
CLI,113.7,8 (38.10%),13 (61.90%),
CLI,113.9,9 (45.00%),11 (55.00%),
CLI,114.5,8 (42.11%),11 (57.89%),
CLI,114.8,15 (65.22%),8 (34.78%),
CLI,115.2,13 (61.90%),8 (38.10%),
CLI,115.4,13 (72.22%),5 (27.78%),
CLI,115.6,7 (35.00%),13 (65.00%),
CLI,115.9,15 (71.43%),6 (28.57%),
CLI,116.2,17 (85.00%),3 (15.00%),
CLI,116.5,41 (70.69%),17 (29.31%),
CLI,116.9,14 (63.64%),8 (36.36%),
CLI,117.6,11 (55.00%),9 (45.00%),
CLI,118.1,13 (68.42%),6 (31.58%),
CLI,118.6,17 (77.27%),5 (22.73%),
CLI,119.1,9 (42.86%),12 (57.14%),
CLI,120.1,11 (50.00%),11 (50.00%),
CLI,120.9,11 (64.71%),6 (35.29%),
CLI,121.2,16 (76.19%),5 (23.81%),
CLI,121.5,16 (76.19%),5 (23.81%),
CLI,122.2,5 (25.00%),15 (75.00%),
CLI,123.1,10 (55.56%),8 (44.44%),
CLI,124.2,8 (40.00%),12 (60.00%),
CLI,125.2,5 (35.71%),9 (64.29%),
ta_avg_dev,-23.0045462844623,1 (50.00%),1 (50.00%),"$\chi^2$=247.35, $p$=1.00"
ta_avg_dev,-21.304546284462297,1 (50.00%),1 (50.00%),
ta_avg_dev,-21.2045462844623,2 (50.00%),2 (50.00%),
ta_avg_dev,-20.9045462844623,3 (75.00%),1 (25.00%),
ta_avg_dev,-20.60454628446229,2 (66.67%),1 (33.33%),
ta_avg_dev,-20.304546284462297,2 (66.67%),1 (33.33%),
ta_avg_dev,-20.2045462844623,3 (75.00%),1 (25.00%),
ta_avg_dev,-19.2045462844623,1 (50.00%),1 (50.00%),
ta_avg_dev,-18.804546284462297,2 (66.67%),1 (33.33%),
ta_avg_dev,-18.5045462844623,4 (80.00%),1 (20.00%),
ta_avg_dev,-18.304546284462297,2 (66.67%),1 (33.33%),
ta_avg_dev,-18.2045462844623,2 (66.67%),1 (33.33%),
ta_avg_dev,-18.0045462844623,1 (50.00%),1 (50.00%),
ta_avg_dev,-17.9045462844623,1 (33.33%),2 (66.67%),
ta_avg_dev,-17.804546284462297,1 (50.00%),1 (50.00%),
ta_avg_dev,-17.4045462844623,2 (66.67%),1 (33.33%),
ta_avg_dev,-17.304546284462297,2 (50.00%),2 (50.00%),
ta_avg_dev,-17.104546284462298,1 (50.00%),1 (50.00%),
ta_avg_dev,-17.0045462844623,2 (50.00%),2 (50.00%),
ta_avg_dev,-16.804546284462297,2 (50.00%),2 (50.00%),
ta_avg_dev,-16.604546284462298,2 (66.67%),1 (33.33%),
ta_avg_dev,-16.4045462844623,3 (75.00%),1 (25.00%),
ta_avg_dev,-16.304546284462297,2 (66.67%),1 (33.33%),
ta_avg_dev,-16.104546284462298,2 (50.00%),2 (50.00%),
ta_avg_dev,-16.0045462844623,1 (33.33%),2 (66.67%),
ta_avg_dev,-15.9045462844623,2 (50.00%),2 (50.00%),
ta_avg_dev,-15.8045462844623,2 (66.67%),1 (33.33%),
ta_avg_dev,-15.604546284462298,2 (66.67%),1 (33.33%),
ta_avg_dev,-15.4045462844623,4 (80.00%),1 (20.00%),
ta_avg_dev,-15.3045462844623,2 (66.67%),1 (33.33%),
ta_avg_dev,-15.2045462844623,1 (33.33%),2 (66.67%),
ta_avg_dev,-15.104546284462298,2 (66.67%),1 (33.33%),
ta_avg_dev,-15.0045462844623,5 (83.33%),1 (16.67%),
ta_avg_dev,-14.8045462844623,4 (80.00%),1 (20.00%),
ta_avg_dev,-14.604546284462298,3 (60.00%),2 (40.00%),
ta_avg_dev,-14.5045462844623,3 (75.00%),1 (25.00%),
ta_avg_dev,-14.4045462844623,1 (50.00%),1 (50.00%),
ta_avg_dev,-14.3045462844623,1 (50.00%),1 (50.00%),
ta_avg_dev,-14.104546284462298,3 (75.00%),1 (25.00%),
ta_avg_dev,-13.9045462844623,1 (50.00%),1 (50.00%),
ta_avg_dev,-13.8045462844623,4 (80.00%),1 (20.00%),
ta_avg_dev,-13.7045462844623,2 (40.00%),3 (60.00%),
ta_avg_dev,-13.604546284462298,2 (66.67%),1 (33.33%),
ta_avg_dev,-13.5045462844623,4 (57.14%),3 (42.86%),
ta_avg_dev,-13.4045462844623,2 (33.33%),4 (66.67%),
ta_avg_dev,-13.3045462844623,5 (71.43%),2 (28.57%),
ta_avg_dev,-13.104546284462298,2 (50.00%),2 (50.00%),
ta_avg_dev,-13.0045462844623,4 (80.00%),1 (20.00%),
ta_avg_dev,-12.7045462844623,3 (50.00%),3 (50.00%),
ta_avg_dev,-12.5045462844623,1 (50.00%),1 (50.00%),
ta_avg_dev,-12.4045462844623,5 (71.43%),2 (28.57%),
ta_avg_dev,-12.3045462844623,3 (60.00%),2 (40.00%),
ta_avg_dev,-12.104546284462298,2 (66.67%),1 (33.33%),
ta_avg_dev,-12.0045462844623,4 (80.00%),1 (20.00%),
ta_avg_dev,-11.9045462844623,6 (85.71%),1 (14.29%),
ta_avg_dev,-11.7045462844623,4 (80.00%),1 (20.00%),
ta_avg_dev,-11.604546284462298,5 (71.43%),2 (28.57%),
ta_avg_dev,-11.5045462844623,6 (66.67%),3 (33.33%),
ta_avg_dev,-11.4045462844623,1 (33.33%),2 (66.67%),
ta_avg_dev,-11.3045462844623,4 (80.00%),1 (20.00%),
ta_avg_dev,-11.2045462844623,6 (85.71%),1 (14.29%),
ta_avg_dev,-11.0045462844623,2 (33.33%),4 (66.67%),
ta_avg_dev,-10.9045462844623,6 (66.67%),3 (33.33%),
ta_avg_dev,-10.8045462844623,7 (77.78%),2 (22.22%),
ta_avg_dev,-10.7045462844623,1 (33.33%),2 (66.67%),
ta_avg_dev,-10.604546284462298,5 (71.43%),2 (28.57%),
ta_avg_dev,-10.5045462844623,7 (77.78%),2 (22.22%),
ta_avg_dev,-10.3045462844623,4 (80.00%),1 (20.00%),
ta_avg_dev,-10.2045462844623,3 (42.86%),4 (57.14%),
ta_avg_dev,-10.104546284462298,5 (55.56%),4 (44.44%),
ta_avg,-10.1,1 (50.00%),1 (50.00%),"$\chi^2$=247.35, $p$=1.00"
ta_avg_dev,-10.0045462844623,3 (42.86%),4 (57.14%),
ta_avg_dev,-9.9045462844623,3 (60.00%),2 (40.00%),
ta_avg_dev,-9.8045462844623,5 (71.43%),2 (28.57%),
ta_avg_dev,-9.7045462844623,2 (66.67%),1 (33.33%),
ta_avg_dev,-9.5045462844623,5 (62.50%),3 (37.50%),
ta_avg_dev,-9.4045462844623,6 (75.00%),2 (25.00%),
ta_avg_dev,-9.3045462844623,3 (75.00%),1 (25.00%),
ta_avg_dev,-9.2045462844623,4 (80.00%),1 (20.00%),
ta_avg_dev,-9.004546284462299,4 (66.67%),2 (33.33%),
ta_avg_dev,-8.904546284462299,3 (60.00%),2 (40.00%),
ta_avg_dev,-8.7045462844623,3 (50.00%),3 (50.00%),
ta_avg_dev,-8.604546284462298,1 (50.00%),1 (50.00%),
ta_avg_dev,-8.504546284462299,3 (75.00%),1 (25.00%),
ta_avg_dev,-8.404546284462299,4 (30.77%),9 (69.23%),
ta_avg,-8.4,1 (50.00%),1 (50.00%),
ta_avg_dev,-8.3045462844623,3 (33.33%),6 (66.67%),
ta_avg,-8.3,2 (50.00%),2 (50.00%),
ta_avg_dev,-8.2045462844623,3 (60.00%),2 (40.00%),
ta_avg_dev,-8.104546284462298,3 (75.00%),1 (25.00%),
ta_avg_dev,-8.004546284462299,8 (80.00%),2 (20.00%),
ta_avg,-8.0,3 (75.00%),1 (25.00%),
ta_avg_dev,-7.904546284462299,6 (85.71%),1 (14.29%),
ta_avg,-7.7,2 (66.67%),1 (33.33%),
ta_avg_dev,-7.604546284462299,4 (66.67%),2 (33.33%),
ta_avg_dev,-7.504546284462298,2 (50.00%),2 (50.00%),
ta_avg_dev,-7.404546284462299,5 (71.43%),2 (28.57%),
ta_avg,-7.4,2 (66.67%),1 (33.33%),
ta_avg,-7.3,3 (75.00%),1 (25.00%),
ta_avg_dev,-7.204546284462299,1 (33.33%),2 (66.67%),
ta_avg_dev,-7.104546284462299,6 (85.71%),1 (14.29%),
ta_avg_dev,-7.0045462844622985,2 (66.67%),1 (33.33%),
ta_avg_dev,-6.904546284462299,3 (60.00%),2 (40.00%),
ta_avg_dev,-6.804546284462299,4 (66.67%),2 (33.33%),
ta_avg_dev,-6.704546284462299,4 (57.14%),3 (42.86%),
ta_avg_dev,-6.604546284462299,1 (25.00%),3 (75.00%),
ta_avg_dev,-6.5045462844622985,5 (71.43%),2 (28.57%),
ta_avg_dev,-6.404546284462299,5 (71.43%),2 (28.57%),
ta_avg_dev,-6.304546284462299,5 (62.50%),3 (37.50%),
ta_avg,-6.3,1 (50.00%),1 (50.00%),
ta_avg_dev,-6.204546284462299,5 (71.43%),2 (28.57%),
ta_avg_dev,-6.104546284462299,3 (33.33%),6 (66.67%),
ta_avg_dev,-5.904546284462299,4 (80.00%),1 (20.00%),
ta_avg,-5.9,2 (66.67%),1 (33.33%),
ta_avg_dev,-5.804546284462299,5 (62.50%),3 (37.50%),
ta_avg_dev,-5.704546284462299,3 (42.86%),4 (57.14%),
ta_avg_dev,-5.604546284462299,1 (50.00%),1 (50.00%),
ta_avg,-5.6,4 (80.00%),1 (20.00%),
ta_avg_dev,-5.5045462844622985,8 (80.00%),2 (20.00%),
ta_avg_dev,-5.404546284462299,3 (75.00%),1 (25.00%),
ta_avg,-5.4,2 (66.67%),1 (33.33%),
ta_avg_dev,-5.304546284462299,1 (16.67%),5 (83.33%),
ta_avg,-5.3,2 (66.67%),1 (33.33%),
ta_avg_dev,-5.204546284462299,1 (33.33%),2 (66.67%),
ta_avg_dev,-5.104546284462299,2 (40.00%),3 (60.00%),
ta_avg,-5.1,1 (50.00%),1 (50.00%),
ta_avg_dev,-5.0045462844622985,2 (66.67%),1 (33.33%),
ta_avg,-5.0,1 (33.33%),2 (66.67%),
ta_avg_dev,-4.904546284462299,2 (50.00%),2 (50.00%),
ta_avg,-4.9,1 (50.00%),1 (50.00%),
ta_avg_dev,-4.804546284462299,3 (60.00%),2 (40.00%),
ta_avg_dev,-4.7045462844623,5 (62.50%),3 (37.50%),
ta_avg_dev,-4.604546284462298,1 (33.33%),2 (66.67%),
ta_avg_dev,-4.5045462844622985,6 (85.71%),1 (14.29%),
ta_avg,-4.5,2 (66.67%),1 (33.33%),
ta_avg_dev,-4.404546284462299,4 (80.00%),1 (20.00%),
ta_avg,-4.4,2 (50.00%),2 (50.00%),
ta_avg,-4.2,1 (50.00%),1 (50.00%),
ta_avg_dev,-4.104546284462298,3 (42.86%),4 (57.14%),
ta_avg,-4.1,2 (50.00%),2 (50.00%),
ta_avg_dev,-4.0045462844622985,6 (85.71%),1 (14.29%),
ta_avg,-3.9,2 (50.00%),2 (50.00%),
ta_avg_dev,-3.8045462844622993,2 (40.00%),3 (60.00%),
ta_avg_dev,-3.7045462844623,5 (55.56%),4 (44.44%),
ta_avg,-3.7,2 (66.67%),1 (33.33%),
ta_avg_dev,-3.604546284462298,4 (57.14%),3 (42.86%),
ta_avg_dev,-3.5045462844622985,3 (60.00%),2 (40.00%),
ta_avg,-3.5,3 (75.00%),1 (25.00%),
ta_avg_dev,-3.404546284462299,3 (75.00%),1 (25.00%),
ta_avg,-3.4,2 (66.67%),1 (33.33%),
ta_avg_dev,-3.3045462844623,1 (33.33%),2 (66.67%),
ta_avg_dev,-3.2045462844623,3 (50.00%),3 (50.00%),
ta_avg,-3.2,2 (50.00%),2 (50.00%),
ta_avg_dev,-3.104546284462298,2 (66.67%),1 (33.33%),
ta_avg,-3.1,1 (33.33%),2 (66.67%),
ta_avg,-3.0,2 (50.00%),2 (50.00%),
ta_avg,-2.9,2 (66.67%),1 (33.33%),
ta_avg_dev,-2.8045462844623,3 (75.00%),1 (25.00%),
ta_avg_dev,-2.7045462844623,6 (75.00%),2 (25.00%),
ta_avg,-2.7,2 (66.67%),1 (33.33%),
ta_avg_dev,-2.604546284462298,7 (87.50%),1 (12.50%),
ta_avg_dev,-2.5045462844622985,3 (75.00%),1 (25.00%),
ta_avg,-2.5,4 (80.00%),1 (20.00%),
ta_avg,-2.4,2 (66.67%),1 (33.33%),
ta_avg_dev,-2.3045462844623,4 (50.00%),4 (50.00%),
ta_avg,-2.3,1 (33.33%),2 (66.67%),
ta_avg,-2.2,2 (66.67%),1 (33.33%),
ta_avg_dev,-2.104546284462298,5 (62.50%),3 (37.50%),
ta_avg,-2.1,5 (83.33%),1 (16.67%),
ta_avg_dev,-2.0045462844622985,3 (60.00%),2 (40.00%),
ta_avg_dev,-1.904546284462299,1 (33.33%),2 (66.67%),
ta_avg,-1.9,4 (80.00%),1 (20.00%),
ta_avg_dev,-1.7045462844622996,4 (66.67%),2 (33.33%),
ta_avg,-1.7,3 (60.00%),2 (40.00%),
ta_avg_dev,-1.6045462844622982,3 (75.00%),1 (25.00%),
ta_avg,-1.6,3 (75.00%),1 (25.00%),
ta_avg_dev,-1.5045462844622983,7 (77.78%),2 (22.22%),
ta_avg,-1.5,1 (50.00%),1 (50.00%),
ta_avg_dev,-1.404546284462299,1 (50.00%),1 (50.00%),
ta_avg,-1.4,1 (50.00%),1 (50.00%),
ta_avg_dev,-1.3045462844622993,4 (44.44%),5 (55.56%),
ta_avg_dev,-1.2045462844622996,4 (80.00%),1 (20.00%),
ta_avg,-1.2,3 (75.00%),1 (25.00%),
ta_avg_dev,-1.1045462844622982,2 (50.00%),2 (50.00%),
ta_avg_dev,-1.0045462844622983,7 (70.00%),3 (30.00%),
ta_avg,-1.0,1 (50.00%),1 (50.00%),
ta_avg_dev,-0.9045462844622988,1 (50.00%),1 (50.00%),
ta_avg,-0.9,4 (80.00%),1 (20.00%),
ta_avg_dev,-0.8045462844622993,1 (20.00%),4 (80.00%),
ta_avg,-0.8,2 (40.00%),3 (60.00%),
ta_avg_dev,-0.7045462844622996,3 (50.00%),3 (50.00%),
ta_avg,-0.7,2 (66.67%),1 (33.33%),
ta_avg_dev,-0.6045462844622982,1 (50.00%),1 (50.00%),
ta_avg,-0.6,4 (57.14%),3 (42.86%),
ta_avg_dev,-0.5045462844622985,7 (77.78%),2 (22.22%),
ta_avg,-0.5,2 (33.33%),4 (66.67%),
ta_avg_dev,-0.4045462844622989,2 (22.22%),7 (77.78%),
ta_avg,-0.4,5 (71.43%),2 (28.57%),
ta_avg_dev,-0.3045462844622992,1 (33.33%),2 (66.67%),
ta_avg_dev,-0.2045462844622996,4 (80.00%),1 (20.00%),
ta_avg,-0.2,2 (50.00%),2 (50.00%),
ta_avg_dev,-0.1045462844622981,2 (50.00%),2 (50.00%),
ta_avg,-0.1,4 (80.00%),1 (20.00%),
ta_avg_dev,-0.0045462844622985,6 (46.15%),7 (53.85%),
ta_avg_dev_abs,0.0045462844622985,6 (46.15%),7 (53.85%),"$\chi^2$=247.35, $p$=1.00"
ta_avg_dev,0.0954537155377011,4 (57.14%),3 (42.86%),
ta_avg_dev_abs,0.0954537155377011,4 (57.14%),3 (42.86%),
ta_avg_dev_abs,0.1045462844622981,2 (50.00%),2 (50.00%),
ta_avg_dev,0.1954537155377007,3 (50.00%),3 (50.00%),
ta_avg_dev_abs,0.1954537155377007,3 (50.00%),3 (50.00%),
ta_avg,0.2,3 (50.00%),3 (50.00%),
ta_avg_dev_abs,0.2045462844622996,4 (80.00%),1 (20.00%),
ta_avg_dev,0.2954537155377004,6 (85.71%),1 (14.29%),
ta_avg_dev_abs,0.2954537155377004,6 (85.71%),1 (14.29%),
ta_avg_dev_abs,0.3045462844622992,1 (33.33%),2 (66.67%),
ta_avg_dev,0.3954537155377018,4 (44.44%),5 (55.56%),
ta_avg_dev_abs,0.3954537155377018,4 (44.44%),5 (55.56%),
ta_avg,0.4,1 (50.00%),1 (50.00%),
ta_avg_dev_abs,0.4045462844622989,2 (22.22%),7 (77.78%),
ta_avg_dev,0.4954537155377014,2 (50.00%),2 (50.00%),
ta_avg_dev_abs,0.4954537155377014,2 (50.00%),2 (50.00%),
ta_avg,0.5,5 (71.43%),2 (28.57%),
ta_avg_dev_abs,0.5045462844622985,7 (77.78%),2 (22.22%),
ta_avg_dev,0.5954537155377011,5 (83.33%),1 (16.67%),
ta_avg_dev_abs,0.5954537155377011,5 (83.33%),1 (16.67%),
ta_avg,0.6,3 (60.00%),2 (40.00%),
ta_avg_dev_abs,0.6045462844622982,1 (50.00%),1 (50.00%),
ta_avg_dev,0.6954537155377007,1 (25.00%),3 (75.00%),
ta_avg_dev_abs,0.6954537155377007,1 (25.00%),3 (75.00%),
ta_avg_dev_abs,0.7045462844622996,3 (50.00%),3 (50.00%),
ta_avg_dev,0.7954537155377004,1 (50.00%),1 (50.00%),
ta_avg_dev_abs,0.7954537155377004,1 (50.00%),1 (50.00%),
ta_avg,0.8,2 (66.67%),1 (33.33%),
ta_avg_dev_abs,0.8045462844622993,1 (20.00%),4 (80.00%),
ta_avg_dev,0.8954537155377018,5 (62.50%),3 (37.50%),
ta_avg_dev_abs,0.8954537155377018,5 (62.50%),3 (37.50%),
ta_avg,0.9,4 (80.00%),1 (20.00%),
ta_avg_dev_abs,0.9045462844622988,1 (50.00%),1 (50.00%),
ta_avg,True,6 (85.71%),1 (14.29%),
ta_avg_dev_abs,1.0045462844622983,7 (70.00%),3 (30.00%),
ta_avg_dev,1.095453715537701,6 (85.71%),1 (14.29%),
ta_avg_dev_abs,1.095453715537701,6 (85.71%),1 (14.29%),
ta_avg_dev_abs,1.1045462844622982,2 (50.00%),2 (50.00%),
ta_avg_dev,1.1954537155377007,3 (75.00%),1 (25.00%),
ta_avg_dev_abs,1.1954537155377007,3 (75.00%),1 (25.00%),
ta_avg,1.2,4 (80.00%),1 (20.00%),
ta_avg_dev_abs,1.2045462844622996,4 (80.00%),1 (20.00%),
ta_avg_dev,1.2954537155377004,3 (60.00%),2 (40.00%),
ta_avg_dev_abs,1.2954537155377004,3 (60.00%),2 (40.00%),
ta_avg,1.3,5 (71.43%),2 (28.57%),
ta_avg_dev_abs,1.3045462844622993,4 (44.44%),5 (55.56%),
ta_avg,1.4,6 (66.67%),3 (33.33%),
ta_avg_dev_abs,1.404546284462299,1 (50.00%),1 (50.00%),
ta_avg_dev,1.4954537155377017,2 (50.00%),2 (50.00%),
ta_avg_dev_abs,1.4954537155377017,2 (50.00%),2 (50.00%),
ta_avg,1.5,1 (33.33%),2 (66.67%),
ta_avg_dev_abs,1.5045462844622983,7 (77.78%),2 (22.22%),
ta_avg_dev,1.595453715537701,2 (50.00%),2 (50.00%),
ta_avg_dev_abs,1.595453715537701,2 (50.00%),2 (50.00%),
ta_avg,1.6,4 (80.00%),1 (20.00%),
ta_avg_dev_abs,1.6045462844622982,3 (75.00%),1 (25.00%),
ta_avg_dev,1.6954537155377007,4 (57.14%),3 (42.86%),
ta_avg_dev_abs,1.6954537155377007,4 (57.14%),3 (42.86%),
ta_avg,1.7,6 (85.71%),1 (14.29%),
ta_avg_dev_abs,1.7045462844622996,4 (66.67%),2 (33.33%),
ta_avg_dev,1.7954537155377004,2 (40.00%),3 (60.00%),
ta_avg_dev_abs,1.7954537155377004,2 (40.00%),3 (60.00%),
ta_avg_dev,1.8954537155377016,5 (45.45%),6 (54.55%),
ta_avg_dev_abs,1.8954537155377016,5 (45.45%),6 (54.55%),
ta_avg,1.9,2 (33.33%),4 (66.67%),
ta_avg_dev_abs,1.904546284462299,1 (33.33%),2 (66.67%),
ta_avg_dev,1.9954537155377008,7 (77.78%),2 (22.22%),
ta_avg_dev_abs,1.9954537155377008,7 (77.78%),2 (22.22%),
ta_avg,2.0,6 (66.67%),3 (33.33%),
ta_avg_dev_abs,2.0045462844622985,3 (60.00%),2 (40.00%),
ta_avg_dev,2.095453715537701,2 (40.00%),3 (60.00%),
ta_avg_dev_abs,2.095453715537701,2 (40.00%),3 (60.00%),
ta_avg,2.1,7 (77.78%),2 (22.22%),
ta_avg_dev_abs,2.104546284462298,5 (62.50%),3 (37.50%),
ta_avg_dev,2.1954537155377007,2 (28.57%),5 (71.43%),
ta_avg_dev_abs,2.1954537155377007,2 (28.57%),5 (71.43%),
ta_avg,2.2,1 (33.33%),2 (66.67%),
ta_avg_dev,2.2954537155377004,2 (33.33%),4 (66.67%),
ta_avg_dev_abs,2.2954537155377004,2 (33.33%),4 (66.67%),
ta_avg,2.3,5 (71.43%),2 (28.57%),
ta_avg_dev_abs,2.3045462844623,4 (50.00%),4 (50.00%),
ta_avg_dev,2.395453715537702,6 (75.00%),2 (25.00%),
ta_avg_dev_abs,2.395453715537702,6 (75.00%),2 (25.00%),
ta_avg,2.4,7 (77.78%),2 (22.22%),
ta_avg_dev,2.495453715537701,3 (50.00%),3 (50.00%),
ta_avg_dev_abs,2.495453715537701,3 (50.00%),3 (50.00%),
ta_avg_dev_abs,2.5045462844622985,3 (75.00%),1 (25.00%),
ta_avg_dev,2.595453715537701,3 (42.86%),4 (57.14%),
ta_avg_dev_abs,2.595453715537701,3 (42.86%),4 (57.14%),
ta_avg,2.6,4 (80.00%),1 (20.00%),
ta_avg_dev_abs,2.604546284462298,7 (87.50%),1 (12.50%),
ta_avg_dev,2.6954537155377007,2 (66.67%),1 (33.33%),
ta_avg_dev_abs,2.6954537155377007,2 (66.67%),1 (33.33%),
ta_avg,2.7,3 (42.86%),4 (57.14%),
ta_avg_dev_abs,2.7045462844623,6 (75.00%),2 (25.00%),
ta_avg_dev,2.7954537155377004,6 (60.00%),4 (40.00%),
ta_avg_dev_abs,2.7954537155377004,6 (60.00%),4 (40.00%),
ta_avg,2.8,5 (55.56%),4 (44.44%),
ta_avg_dev_abs,2.8045462844623,3 (75.00%),1 (25.00%),
ta_avg_dev,2.895453715537702,4 (80.00%),1 (20.00%),
ta_avg_dev_abs,2.895453715537702,4 (80.00%),1 (20.00%),
ta_avg,2.9,3 (42.86%),4 (57.14%),
ta_avg_dev,2.995453715537701,1 (33.33%),2 (66.67%),
ta_avg_dev_abs,2.995453715537701,1 (33.33%),2 (66.67%),
ta_avg,3.0,3 (60.00%),2 (40.00%),
ta_avg_dev,3.095453715537701,4 (80.00%),1 (20.00%),
ta_avg_dev_abs,3.095453715537701,4 (80.00%),1 (20.00%),
ta_avg,3.1,5 (71.43%),2 (28.57%),
ta_avg_dev_abs,3.104546284462298,2 (66.67%),1 (33.33%),
ta_avg_dev,3.1954537155377025,2 (40.00%),3 (60.00%),
ta_avg_dev_abs,3.1954537155377025,2 (40.00%),3 (60.00%),
ta_avg,3.2,2 (66.67%),1 (33.33%),
ta_avg_dev_abs,3.2045462844623,3 (50.00%),3 (50.00%),
ta_avg_dev,3.2954537155377004,1 (16.67%),5 (83.33%),
ta_avg_dev_abs,3.2954537155377004,1 (16.67%),5 (83.33%),
ta_avg_dev_abs,3.3045462844623,1 (33.33%),2 (66.67%),
ta_avg_dev,3.395453715537702,1 (33.33%),2 (66.67%),
ta_avg_dev_abs,3.395453715537702,1 (33.33%),2 (66.67%),
ta_avg,3.4,5 (62.50%),3 (37.50%),
ta_avg_dev_abs,3.404546284462299,3 (75.00%),1 (25.00%),
ta_avg,3.5,6 (75.00%),2 (25.00%),
ta_avg_dev_abs,3.5045462844622985,3 (60.00%),2 (40.00%),
ta_avg,3.6,3 (75.00%),1 (25.00%),
ta_avg_dev_abs,3.604546284462298,4 (57.14%),3 (42.86%),
ta_avg_dev,3.695453715537704,3 (50.00%),3 (50.00%),
ta_avg_dev_abs,3.695453715537704,3 (50.00%),3 (50.00%),
ta_avg,3.7,4 (80.00%),1 (20.00%),
ta_avg_dev_abs,3.7045462844623,5 (55.56%),4 (44.44%),
ta_avg_dev_abs,3.8045462844622993,2 (40.00%),3 (60.00%),
ta_avg,3.9,4 (66.67%),2 (33.33%),
ta_avg_dev,3.9954537155377,1 (50.00%),1 (50.00%),
ta_avg_dev_abs,3.9954537155377,1 (50.00%),1 (50.00%),
ta_avg,4.0,3 (60.00%),2 (40.00%),
ta_avg_dev_abs,4.0045462844622985,6 (85.71%),1 (14.29%),
ta_avg_dev,4.095453715537701,5 (55.56%),4 (44.44%),
ta_avg_dev_abs,4.095453715537701,5 (55.56%),4 (44.44%),
ta_avg_dev_abs,4.104546284462298,3 (42.86%),4 (57.14%),
ta_avg_dev,4.195453715537703,1 (25.00%),3 (75.00%),
ta_avg_dev_abs,4.195453715537703,1 (25.00%),3 (75.00%),
ta_avg,4.2,3 (50.00%),3 (50.00%),
ta_avg_dev,4.2954537155377,1 (25.00%),3 (75.00%),
ta_avg_dev_abs,4.2954537155377,1 (25.00%),3 (75.00%),
ta_avg,4.3,1 (50.00%),1 (50.00%),
ta_avg_dev,4.395453715537702,3 (60.00%),2 (40.00%),
ta_avg_dev_abs,4.395453715537702,3 (60.00%),2 (40.00%),
ta_avg,4.4,3 (75.00%),1 (25.00%),
ta_avg_dev_abs,4.404546284462299,4 (80.00%),1 (20.00%),
ta_avg_dev,4.4954537155377,4 (66.67%),2 (33.33%),
ta_avg_dev_abs,4.4954537155377,4 (66.67%),2 (33.33%),
ta_avg,4.5,4 (30.77%),9 (69.23%),
ta_avg_dev_abs,4.5045462844622985,6 (85.71%),1 (14.29%),
ta_avg_dev,4.595453715537701,2 (33.33%),4 (66.67%),
ta_avg_dev_abs,4.595453715537701,2 (33.33%),4 (66.67%),
ta_avg,4.6,3 (33.33%),6 (66.67%),
ta_avg_dev_abs,4.604546284462298,1 (33.33%),2 (66.67%),
ta_avg_dev,4.695453715537703,3 (75.00%),1 (25.00%),
ta_avg_dev_abs,4.695453715537703,3 (75.00%),1 (25.00%),
ta_avg,4.7,3 (60.00%),2 (40.00%),
ta_avg_dev_abs,4.7045462844623,5 (62.50%),3 (37.50%),
ta_avg_dev,4.7954537155377,2 (66.67%),1 (33.33%),
ta_avg_dev_abs,4.7954537155377,2 (66.67%),1 (33.33%),
ta_avg,4.8,3 (75.00%),1 (25.00%),
ta_avg_dev_abs,4.804546284462299,3 (60.00%),2 (40.00%),
ta_avg_dev,4.895453715537702,4 (50.00%),4 (50.00%),
ta_avg_dev_abs,4.895453715537702,4 (50.00%),4 (50.00%),
ta_avg,4.9,8 (80.00%),2 (20.00%),
ta_avg_dev_abs,4.904546284462299,2 (50.00%),2 (50.00%),
ta_avg_dev,4.9954537155377,7 (87.50%),1 (12.50%),
ta_avg_dev_abs,4.9954537155377,7 (87.50%),1 (12.50%),
ta_avg,5,6 (85.71%),1 (14.29%),
ta_avg_dev_abs,5.0045462844622985,2 (66.67%),1 (33.33%),
ta_avg_dev_abs,5.104546284462299,2 (40.00%),3 (60.00%),
ta_avg_dev,5.195453715537703,1 (33.33%),2 (66.67%),
ta_avg_dev_abs,5.195453715537703,1 (33.33%),2 (66.67%),
ta_avg_dev_abs,5.204546284462299,1 (33.33%),2 (66.67%),
ta_avg_dev,5.2954537155377,2 (66.67%),1 (33.33%),
ta_avg_dev_abs,5.2954537155377,2 (66.67%),1 (33.33%),
ta_avg,5.3,4 (66.67%),2 (33.33%),
ta_avg_dev_abs,5.304546284462299,1 (16.67%),5 (83.33%),
ta_avg,5.4,2 (50.00%),2 (50.00%),
ta_avg_dev_abs,5.404546284462299,3 (75.00%),1 (25.00%),
ta_avg_dev,5.4954537155377,4 (66.67%),2 (33.33%),
ta_avg_dev_abs,5.4954537155377,4 (66.67%),2 (33.33%),
ta_avg,5.5,5 (71.43%),2 (28.57%),
ta_avg_dev_abs,5.5045462844622985,8 (80.00%),2 (20.00%),
ta_avg_dev,5.595453715537701,1 (25.00%),3 (75.00%),
ta_avg_dev_abs,5.595453715537701,1 (25.00%),3 (75.00%),
ta_avg_dev_abs,5.604546284462299,1 (50.00%),1 (50.00%),
ta_avg_dev,5.695453715537703,1 (33.33%),2 (66.67%),
ta_avg_dev_abs,5.695453715537703,1 (33.33%),2 (66.67%),
ta_avg,5.7,1 (33.33%),2 (66.67%),
ta_avg_dev_abs,5.704546284462299,3 (42.86%),4 (57.14%),
ta_avg_dev,5.7954537155377,5 (83.33%),1 (16.67%),
ta_avg_dev_abs,5.7954537155377,5 (83.33%),1 (16.67%),
ta_avg,5.8,6 (85.71%),1 (14.29%),
ta_avg_dev_abs,5.804546284462299,5 (62.50%),3 (37.50%),
ta_avg_dev,5.895453715537702,3 (50.00%),3 (50.00%),
ta_avg_dev_abs,5.895453715537702,3 (50.00%),3 (50.00%),
ta_avg,5.9,2 (66.67%),1 (33.33%),
ta_avg_dev_abs,5.904546284462299,4 (80.00%),1 (20.00%),
ta_avg,6,3 (60.00%),2 (40.00%),
ta_avg_dev,6.095453715537701,3 (50.00%),3 (50.00%),
ta_avg_dev_abs,6.095453715537701,3 (50.00%),3 (50.00%),
ta_avg,6.1,4 (66.67%),2 (33.33%),
ta_avg_dev_abs,6.104546284462299,3 (33.33%),6 (66.67%),
ta_avg_dev,6.195453715537703,2 (28.57%),5 (71.43%),
ta_avg_dev_abs,6.195453715537703,2 (28.57%),5 (71.43%),
ta_avg,6.2,4 (57.14%),3 (42.86%),
ta_avg_dev_abs,6.204546284462299,5 (71.43%),2 (28.57%),
ta_avg_dev,6.2954537155377,2 (40.00%),3 (60.00%),
ta_avg_dev_abs,6.2954537155377,2 (40.00%),3 (60.00%),
ta_avg,6.3,1 (25.00%),3 (75.00%),
ta_avg_dev_abs,6.304546284462299,5 (62.50%),3 (37.50%),
ta_avg_dev,6.395453715537702,2 (40.00%),3 (60.00%),
ta_avg_dev_abs,6.395453715537702,2 (40.00%),3 (60.00%),
ta_avg,6.4,5 (71.43%),2 (28.57%),
ta_avg_dev_abs,6.404546284462299,5 (71.43%),2 (28.57%),
ta_avg_dev,6.4954537155377,9 (90.00%),1 (10.00%),
ta_avg_dev_abs,6.4954537155377,9 (90.00%),1 (10.00%),
ta_avg,6.5,5 (71.43%),2 (28.57%),
ta_avg_dev_abs,6.5045462844622985,5 (71.43%),2 (28.57%),
ta_avg_dev,6.595453715537701,3 (42.86%),4 (57.14%),
ta_avg_dev_abs,6.595453715537701,3 (42.86%),4 (57.14%),
ta_avg,6.6,5 (62.50%),3 (37.50%),
ta_avg_dev_abs,6.604546284462299,1 (25.00%),3 (75.00%),
ta_avg_dev,6.695453715537703,5 (55.56%),4 (44.44%),
ta_avg_dev_abs,6.695453715537703,5 (55.56%),4 (44.44%),
ta_avg,6.7,5 (71.43%),2 (28.57%),
ta_avg_dev_abs,6.704546284462299,4 (57.14%),3 (42.86%),
ta_avg_dev,6.7954537155377,5 (62.50%),3 (37.50%),
ta_avg_dev_abs,6.7954537155377,5 (62.50%),3 (37.50%),
ta_avg,6.8,3 (33.33%),6 (66.67%),
ta_avg_dev_abs,6.804546284462299,4 (66.67%),2 (33.33%),
ta_avg_dev,6.895453715537702,1 (25.00%),3 (75.00%),
ta_avg_dev_abs,6.895453715537702,1 (25.00%),3 (75.00%),
ta_avg_dev_abs,6.904546284462299,3 (60.00%),2 (40.00%),
ta_avg_dev,6.9954537155377,4 (50.00%),4 (50.00%),
ta_avg_dev_abs,6.9954537155377,4 (50.00%),4 (50.00%),
ta_avg,7.0,4 (80.00%),1 (20.00%),
ta_avg_dev_abs,7.0045462844622985,2 (66.67%),1 (33.33%),
ta_avg_dev,7.095453715537701,5 (62.50%),3 (37.50%),
ta_avg_dev_abs,7.095453715537701,5 (62.50%),3 (37.50%),
ta_avg,7.1,5 (62.50%),3 (37.50%),
ta_avg_dev_abs,7.104546284462299,6 (85.71%),1 (14.29%),
ta_avg_dev,7.195453715537703,2 (50.00%),2 (50.00%),
ta_avg_dev_abs,7.195453715537703,2 (50.00%),2 (50.00%),
ta_avg,7.2,3 (42.86%),4 (57.14%),
ta_avg_dev_abs,7.204546284462299,1 (33.33%),2 (66.67%),
ta_avg_dev,7.2954537155377,5 (55.56%),4 (44.44%),
ta_avg_dev_abs,7.2954537155377,5 (55.56%),4 (44.44%),
ta_avg,7.3,1 (50.00%),1 (50.00%),
ta_avg_dev,7.395453715537702,2 (40.00%),3 (60.00%),
ta_avg_dev_abs,7.395453715537702,2 (40.00%),3 (60.00%),
ta_avg,7.4,8 (80.00%),2 (20.00%),
ta_avg_dev_abs,7.404546284462299,5 (71.43%),2 (28.57%),
ta_avg_dev,7.4954537155377,5 (71.43%),2 (28.57%),
ta_avg_dev_abs,7.4954537155377,5 (71.43%),2 (28.57%),
ta_avg,7.5,3 (75.00%),1 (25.00%),
ta_avg_dev_abs,7.504546284462298,2 (50.00%),2 (50.00%),
ta_avg_dev,7.595453715537701,7 (87.50%),1 (12.50%),
ta_avg_dev_abs,7.595453715537701,7 (87.50%),1 (12.50%),
ta_avg,7.6,1 (16.67%),5 (83.33%),
ta_avg_dev_abs,7.604546284462299,4 (66.67%),2 (33.33%),
ta_avg_dev,7.6954537155377025,4 (57.14%),3 (42.86%),
ta_avg_dev_abs,7.6954537155377025,4 (57.14%),3 (42.86%),
ta_avg,7.7,1 (33.33%),2 (66.67%),
ta_avg_dev,7.7954537155377,6 (66.67%),3 (33.33%),
ta_avg_dev_abs,7.7954537155377,6 (66.67%),3 (33.33%),
ta_avg,7.8,2 (40.00%),3 (60.00%),
ta_avg_dev,7.895453715537702,4 (57.14%),3 (42.86%),
ta_avg_dev_abs,7.895453715537702,4 (57.14%),3 (42.86%),
ta_avg,7.9,2 (66.67%),1 (33.33%),
ta_avg_dev_abs,7.904546284462299,6 (85.71%),1 (14.29%),
ta_avg_dev,7.9954537155377,4 (36.36%),7 (63.64%),
ta_avg_dev_abs,7.9954537155377,4 (36.36%),7 (63.64%),
ta_avg,8.0,2 (50.00%),2 (50.00%),
ta_avg_dev_abs,8.004546284462299,8 (80.00%),2 (20.00%),
ta_avg_dev,8.095453715537701,3 (42.86%),4 (57.14%),
ta_avg_dev_abs,8.095453715537701,3 (42.86%),4 (57.14%),
ta_avg,8.1,3 (60.00%),2 (40.00%),
ta_avg_dev_abs,8.104546284462298,3 (75.00%),1 (25.00%),
ta_avg_dev,8.195453715537703,4 (80.00%),1 (20.00%),
ta_avg_dev_abs,8.195453715537703,4 (80.00%),1 (20.00%),
ta_avg,8.2,5 (62.50%),3 (37.50%),
ta_avg_dev_abs,8.2045462844623,3 (60.00%),2 (40.00%),
ta_avg,8.3,1 (33.33%),2 (66.67%),
ta_avg_dev_abs,8.3045462844623,3 (33.33%),6 (66.67%),
ta_avg_dev,8.395453715537702,2 (50.00%),2 (50.00%),
ta_avg_dev_abs,8.395453715537702,2 (50.00%),2 (50.00%),
ta_avg,8.4,6 (85.71%),1 (14.29%),
ta_avg_dev_abs,8.404546284462299,4 (30.77%),9 (69.23%),
ta_avg_dev,8.4954537155377,3 (42.86%),4 (57.14%),
ta_avg_dev_abs,8.4954537155377,3 (42.86%),4 (57.14%),
ta_avg,8.5,4 (80.00%),1 (20.00%),
ta_avg_dev_abs,8.504546284462299,3 (75.00%),1 (25.00%),
ta_avg_dev,8.595453715537701,2 (25.00%),6 (75.00%),
ta_avg_dev_abs,8.595453715537701,2 (25.00%),6 (75.00%),
ta_avg_dev_abs,8.604546284462298,1 (50.00%),1 (50.00%),
ta_avg_dev,8.695453715537703,4 (66.67%),2 (33.33%),
ta_avg_dev_abs,8.695453715537703,4 (66.67%),2 (33.33%),
ta_avg_dev_abs,8.7045462844623,3 (50.00%),3 (50.00%),
ta_avg_dev,8.7954537155377,4 (57.14%),3 (42.86%),
ta_avg_dev_abs,8.7954537155377,4 (57.14%),3 (42.86%),
ta_avg,8.8,3 (42.86%),4 (57.14%),
ta_avg_dev,8.895453715537702,1 (50.00%),1 (50.00%),
ta_avg_dev_abs,8.895453715537702,1 (50.00%),1 (50.00%),
ta_avg,8.9,6 (85.71%),1 (14.29%),
ta_avg_dev_abs,8.904546284462299,3 (60.00%),2 (40.00%),
ta_avg_dev_abs,9.004546284462299,4 (66.67%),2 (33.33%),
ta_avg_dev,9.0954537155377,5 (83.33%),1 (16.67%),
ta_avg_dev_abs,9.0954537155377,5 (83.33%),1 (16.67%),
ta_avg,9.1,2 (40.00%),3 (60.00%),
ta_avg_dev,9.195453715537704,1 (20.00%),4 (80.00%),
ta_avg_dev_abs,9.195453715537704,1 (20.00%),4 (80.00%),
ta_avg,9.2,5 (55.56%),4 (44.44%),
ta_avg_dev_abs,9.2045462844623,4 (80.00%),1 (20.00%),
ta_avg_dev,9.2954537155377,6 (66.67%),3 (33.33%),
ta_avg_dev_abs,9.2954537155377,6 (66.67%),3 (33.33%),
ta_avg,9.3,4 (57.14%),3 (42.86%),
ta_avg_dev_abs,9.3045462844623,3 (75.00%),1 (25.00%),
ta_avg_dev,9.395453715537702,4 (40.00%),6 (60.00%),
ta_avg_dev_abs,9.395453715537702,4 (40.00%),6 (60.00%),
ta_avg,9.4,3 (60.00%),2 (40.00%),
ta_avg_dev_abs,9.4045462844623,6 (75.00%),2 (25.00%),
ta_avg_dev,9.4954537155377,4 (57.14%),3 (42.86%),
ta_avg_dev_abs,9.4954537155377,4 (57.14%),3 (42.86%),
ta_avg,9.5,3 (75.00%),1 (25.00%),
ta_avg_dev_abs,9.5045462844623,5 (62.50%),3 (37.50%),
ta_avg_dev,9.5954537155377,3 (50.00%),3 (50.00%),
ta_avg_dev_abs,9.5954537155377,3 (50.00%),3 (50.00%),
ta_avg,9.6,1 (33.33%),2 (66.67%),
ta_avg_dev,9.695453715537704,4 (80.00%),1 (20.00%),
ta_avg_dev_abs,9.695453715537704,4 (80.00%),1 (20.00%),
ta_avg,9.7,3 (50.00%),3 (50.00%),
ta_avg_dev_abs,9.7045462844623,2 (66.67%),1 (33.33%),
ta_avg_dev,9.7954537155377,9 (81.82%),2 (18.18%),
ta_avg_dev_abs,9.7954537155377,9 (81.82%),2 (18.18%),
ta_avg,9.8,2 (66.67%),1 (33.33%),
ta_avg_dev_abs,9.8045462844623,5 (71.43%),2 (28.57%),
ta_avg_dev,9.895453715537702,7 (77.78%),2 (22.22%),
ta_avg_dev_abs,9.895453715537702,7 (77.78%),2 (22.22%),
ta_avg_dev_abs,9.9045462844623,3 (60.00%),2 (40.00%),
ta_avg_dev,9.9954537155377,2 (28.57%),5 (71.43%),
ta_avg_dev_abs,9.9954537155377,2 (28.57%),5 (71.43%),
ta_avg_dev_abs,10.0045462844623,3 (42.86%),4 (57.14%),
ta_avg_dev,10.0954537155377,6 (54.55%),5 (45.45%),
ta_avg_dev_abs,10.0954537155377,6 (54.55%),5 (45.45%),
ta_avg,10.1,3 (75.00%),1 (25.00%),
ta_avg_dev_abs,10.104546284462298,5 (55.56%),4 (44.44%),
ta_avg_dev,10.195453715537704,1 (33.33%),2 (66.67%),
ta_avg_dev_abs,10.195453715537704,1 (33.33%),2 (66.67%),
ta_avg,10.2,6 (75.00%),2 (25.00%),
ta_avg_dev_abs,10.2045462844623,3 (42.86%),4 (57.14%),
ta_avg_dev,10.2954537155377,4 (66.67%),2 (33.33%),
ta_avg_dev_abs,10.2954537155377,4 (66.67%),2 (33.33%),
ta_avg,10.3,7 (87.50%),1 (12.50%),
ta_avg_dev_abs,10.3045462844623,4 (80.00%),1 (20.00%),
ta_avg_dev,10.395453715537702,6 (75.00%),2 (25.00%),
ta_avg_dev_abs,10.395453715537702,6 (75.00%),2 (25.00%),
ta_avg,10.4,3 (75.00%),1 (25.00%),
ta_avg_dev,10.4954537155377,2 (28.57%),5 (71.43%),
ta_avg_dev_abs,10.4954537155377,2 (28.57%),5 (71.43%),
ta_avg_dev_abs,10.5045462844623,7 (77.78%),2 (22.22%),
ta_avg_dev,10.5954537155377,6 (60.00%),4 (40.00%),
ta_avg_dev_abs,10.5954537155377,6 (60.00%),4 (40.00%),
ta_avg,10.6,4 (50.00%),4 (50.00%),
ta_avg_dev_abs,10.604546284462298,5 (71.43%),2 (28.57%),
ta_avg_dev,10.695453715537704,8 (72.73%),3 (27.27%),
ta_avg_dev_abs,10.695453715537704,8 (72.73%),3 (27.27%),
ta_avg_dev_abs,10.7045462844623,1 (33.33%),2 (66.67%),
ta_avg_dev,10.7954537155377,6 (60.00%),4 (40.00%),
ta_avg_dev_abs,10.7954537155377,6 (60.00%),4 (40.00%),
ta_avg,10.8,5 (62.50%),3 (37.50%),
ta_avg_dev_abs,10.8045462844623,7 (77.78%),2 (22.22%),
ta_avg_dev,10.895453715537702,5 (71.43%),2 (28.57%),
ta_avg_dev_abs,10.895453715537702,5 (71.43%),2 (28.57%),
ta_avg,10.9,3 (60.00%),2 (40.00%),
ta_avg_dev_abs,10.9045462844623,6 (66.67%),3 (33.33%),
ta_avg_dev,10.9954537155377,5 (71.43%),2 (28.57%),
ta_avg_dev_abs,10.9954537155377,5 (71.43%),2 (28.57%),
ta_avg,11.0,1 (33.33%),2 (66.67%),
ta_avg_dev_abs,11.0045462844623,2 (33.33%),4 (66.67%),
ta_avg_dev,11.0954537155377,3 (50.00%),3 (50.00%),
ta_avg_dev_abs,11.0954537155377,3 (50.00%),3 (50.00%),
ta_avg_dev,11.195453715537704,5 (55.56%),4 (44.44%),
ta_avg_dev_abs,11.195453715537704,5 (55.56%),4 (44.44%),
ta_avg,11.2,4 (66.67%),2 (33.33%),
ta_avg_dev_abs,11.2045462844623,6 (85.71%),1 (14.29%),
ta_avg_dev,11.2954537155377,6 (85.71%),1 (14.29%),
ta_avg_dev_abs,11.2954537155377,6 (85.71%),1 (14.29%),
ta_avg,11.3,3 (75.00%),1 (25.00%),
ta_avg_dev_abs,11.3045462844623,4 (80.00%),1 (20.00%),
ta_avg_dev,11.395453715537702,10 (76.92%),3 (23.08%),
ta_avg_dev_abs,11.395453715537702,10 (76.92%),3 (23.08%),
ta_avg,11.4,7 (77.78%),2 (22.22%),
ta_avg_dev_abs,11.4045462844623,1 (33.33%),2 (66.67%),
ta_avg_dev,11.4954537155377,5 (71.43%),2 (28.57%),
ta_avg_dev_abs,11.4954537155377,5 (71.43%),2 (28.57%),
ta_avg,11.5,1 (50.00%),1 (50.00%),
ta_avg_dev_abs,11.5045462844623,6 (66.67%),3 (33.33%),
ta_avg_dev,11.5954537155377,5 (71.43%),2 (28.57%),
ta_avg_dev_abs,11.5954537155377,5 (71.43%),2 (28.57%),
ta_avg,11.6,4 (44.44%),5 (55.56%),
ta_avg_dev_abs,11.604546284462298,5 (71.43%),2 (28.57%),
ta_avg,11.7,4 (80.00%),1 (20.00%),
ta_avg_dev_abs,11.7045462844623,4 (80.00%),1 (20.00%),
ta_avg_dev,11.7954537155377,7 (58.33%),5 (41.67%),
ta_avg_dev_abs,11.7954537155377,7 (58.33%),5 (41.67%),
ta_avg,11.8,2 (50.00%),2 (50.00%),
ta_avg_dev,11.895453715537702,6 (66.67%),3 (33.33%),
ta_avg_dev_abs,11.895453715537702,6 (66.67%),3 (33.33%),
ta_avg,11.9,7 (70.00%),3 (30.00%),
ta_avg_dev_abs,11.9045462844623,6 (85.71%),1 (14.29%),
ta_avg,12.0,1 (50.00%),1 (50.00%),
ta_avg_dev_abs,12.0045462844623,4 (80.00%),1 (20.00%),
ta_avg_dev,12.0954537155377,8 (66.67%),4 (33.33%),
ta_avg_dev_abs,12.0954537155377,8 (66.67%),4 (33.33%),
ta_avg,12.1,1 (20.00%),4 (80.00%),
ta_avg_dev_abs,12.104546284462298,2 (66.67%),1 (33.33%),
ta_avg_dev,12.195453715537704,3 (37.50%),5 (62.50%),
ta_avg_dev_abs,12.195453715537704,3 (37.50%),5 (62.50%),
ta_avg,12.2,3 (50.00%),3 (50.00%),
ta_avg_dev,12.2954537155377,5 (83.33%),1 (16.67%),
ta_avg_dev_abs,12.2954537155377,5 (83.33%),1 (16.67%),
ta_avg,12.3,1 (50.00%),1 (50.00%),
ta_avg_dev_abs,12.3045462844623,3 (60.00%),2 (40.00%),
ta_avg_dev,12.395453715537702,5 (62.50%),3 (37.50%),
ta_avg_dev_abs,12.395453715537702,5 (62.50%),3 (37.50%),
ta_avg,12.4,7 (77.78%),2 (22.22%),
ta_avg_dev_abs,12.4045462844623,5 (71.43%),2 (28.57%),
ta_avg_dev,12.4954537155377,1 (20.00%),4 (80.00%),
ta_avg_dev_abs,12.4954537155377,1 (20.00%),4 (80.00%),
ta_avg,12.5,2 (22.22%),7 (77.78%),
ta_avg_dev_abs,12.5045462844623,1 (50.00%),1 (50.00%),
ta_avg_dev,12.5954537155377,6 (50.00%),6 (50.00%),
ta_avg_dev_abs,12.5954537155377,6 (50.00%),6 (50.00%),
ta_avg,12.6,1 (33.33%),2 (66.67%),
ta_avg_dev,12.695453715537704,5 (83.33%),1 (16.67%),
ta_avg_dev_abs,12.695453715537704,5 (83.33%),1 (16.67%),
ta_avg,12.7,4 (80.00%),1 (20.00%),
ta_avg_dev_abs,12.7045462844623,3 (50.00%),3 (50.00%),
ta_avg_dev,12.7954537155377,2 (33.33%),4 (66.67%),
ta_avg_dev_abs,12.7954537155377,2 (33.33%),4 (66.67%),
ta_avg,12.8,2 (50.00%),2 (50.00%),
ta_avg_dev,12.895453715537702,4 (57.14%),3 (42.86%),
ta_avg_dev_abs,12.895453715537702,4 (57.14%),3 (42.86%),
ta_avg,12.9,6 (46.15%),7 (53.85%),
ta_avg_dev,12.9954537155377,3 (75.00%),1 (25.00%),
ta_avg_dev_abs,12.9954537155377,3 (75.00%),1 (25.00%),
ta_avg,13.0,4 (57.14%),3 (42.86%),
ta_avg_dev_abs,13.0045462844623,4 (80.00%),1 (20.00%),
ta_avg,13.1,3 (50.00%),3 (50.00%),
ta_avg_dev_abs,13.104546284462298,2 (50.00%),2 (50.00%),
ta_avg_dev,13.195453715537704,3 (60.00%),2 (40.00%),
ta_avg_dev_abs,13.195453715537704,3 (60.00%),2 (40.00%),
ta_avg,13.2,6 (85.71%),1 (14.29%),
ta_avg_dev,13.2954537155377,1 (50.00%),1 (50.00%),
ta_avg_dev_abs,13.2954537155377,1 (50.00%),1 (50.00%),
ta_avg,13.3,4 (44.44%),5 (55.56%),
ta_avg_dev_abs,13.3045462844623,5 (71.43%),2 (28.57%),
ta_avg_dev,13.395453715537702,6 (60.00%),4 (40.00%),
ta_avg_dev_abs,13.395453715537702,6 (60.00%),4 (40.00%),
ta_avg,13.4,2 (50.00%),2 (50.00%),
ta_avg_dev_abs,13.4045462844623,2 (33.33%),4 (66.67%),
ta_avg_dev,13.4954537155377,1 (16.67%),5 (83.33%),
ta_avg_dev_abs,13.4954537155377,1 (16.67%),5 (83.33%),
ta_avg,13.5,5 (83.33%),1 (16.67%),
ta_avg_dev_abs,13.5045462844623,4 (57.14%),3 (42.86%),
ta_avg_dev,13.5954537155377,3 (37.50%),5 (62.50%),
ta_avg_dev_abs,13.5954537155377,3 (37.50%),5 (62.50%),
ta_avg,13.6,1 (25.00%),3 (75.00%),
ta_avg_dev_abs,13.604546284462298,2 (66.67%),1 (33.33%),
ta_avg_dev,13.695453715537704,8 (66.67%),4 (33.33%),
ta_avg_dev_abs,13.695453715537704,8 (66.67%),4 (33.33%),
ta_avg,13.7,1 (50.00%),1 (50.00%),
ta_avg_dev_abs,13.7045462844623,2 (40.00%),3 (60.00%),
ta_avg_dev,13.7954537155377,1 (20.00%),4 (80.00%),
ta_avg_dev_abs,13.7954537155377,1 (20.00%),4 (80.00%),
ta_avg,13.8,5 (62.50%),3 (37.50%),
ta_avg_dev_abs,13.8045462844623,4 (80.00%),1 (20.00%),
ta_avg_dev,13.895453715537702,6 (66.67%),3 (33.33%),
ta_avg_dev_abs,13.895453715537702,6 (66.67%),3 (33.33%),
ta_avg_dev_abs,13.9045462844623,1 (50.00%),1 (50.00%),
ta_avg_dev,13.9954537155377,1 (20.00%),4 (80.00%),
ta_avg_dev_abs,13.9954537155377,1 (20.00%),4 (80.00%),
ta_avg,14.0,6 (85.71%),1 (14.29%),
ta_avg_dev,14.0954537155377,5 (55.56%),4 (44.44%),
ta_avg_dev_abs,14.0954537155377,5 (55.56%),4 (44.44%),
ta_avg,14.1,3 (75.00%),1 (25.00%),
ta_avg_dev_abs,14.104546284462298,3 (75.00%),1 (25.00%),
ta_avg_dev,14.195453715537704,4 (50.00%),4 (50.00%),
ta_avg_dev_abs,14.195453715537704,4 (50.00%),4 (50.00%),
ta_avg,14.2,3 (60.00%),2 (40.00%),
ta_avg_dev,14.2954537155377,3 (75.00%),1 (25.00%),
ta_avg_dev_abs,14.2954537155377,3 (75.00%),1 (25.00%),
ta_avg_dev_abs,14.3045462844623,1 (50.00%),1 (50.00%),
ta_avg,14.4,2 (50.00%),2 (50.00%),
ta_avg_dev_abs,14.4045462844623,1 (50.00%),1 (50.00%),
ta_avg_dev,14.4954537155377,2 (50.00%),2 (50.00%),
ta_avg_dev_abs,14.4954537155377,2 (50.00%),2 (50.00%),
ta_avg,14.5,2 (50.00%),2 (50.00%),
ta_avg_dev_abs,14.5045462844623,3 (75.00%),1 (25.00%),
ta_avg_dev,14.5954537155377,2 (50.00%),2 (50.00%),
ta_avg_dev_abs,14.5954537155377,2 (50.00%),2 (50.00%),
ta_avg,14.6,4 (57.14%),3 (42.86%),
ta_avg_dev_abs,14.604546284462298,3 (60.00%),2 (40.00%),
ta_avg_dev,14.695453715537704,3 (60.00%),2 (40.00%),
ta_avg_dev_abs,14.695453715537704,3 (60.00%),2 (40.00%),
ta_avg,14.7,2 (40.00%),3 (60.00%),
ta_avg_dev,14.7954537155377,1 (50.00%),1 (50.00%),
ta_avg_dev_abs,14.7954537155377,1 (50.00%),1 (50.00%),
ta_avg,14.8,5 (45.45%),6 (54.55%),
ta_avg_dev_abs,14.8045462844623,4 (80.00%),1 (20.00%),
ta_avg,14.9,7 (77.78%),2 (22.22%),
ta_avg_dev,14.9954537155377,4 (80.00%),1 (20.00%),
ta_avg_dev_abs,14.9954537155377,4 (80.00%),1 (20.00%),
ta_avg,15.0,2 (40.00%),3 (60.00%),
ta_avg_dev_abs,15.0045462844623,5 (83.33%),1 (16.67%),
ta_avg_dev,15.0954537155377,1 (33.33%),2 (66.67%),
ta_avg_dev_abs,15.0954537155377,1 (33.33%),2 (66.67%),
ta_avg,15.1,2 (28.57%),5 (71.43%),
ta_avg_dev_abs,15.104546284462298,2 (66.67%),1 (33.33%),
ta_avg_dev,15.195453715537704,1 (9.09%),10 (90.91%),
ta_avg_dev_abs,15.195453715537704,1 (9.09%),10 (90.91%),
ta_avg,15.2,2 (33.33%),4 (66.67%),
ta_avg_dev_abs,15.2045462844623,1 (33.33%),2 (66.67%),
ta_avg_dev,15.2954537155377,6 (85.71%),1 (14.29%),
ta_avg_dev_abs,15.2954537155377,6 (85.71%),1 (14.29%),
ta_avg,15.3,6 (75.00%),2 (25.00%),
ta_avg_dev_abs,15.3045462844623,2 (66.67%),1 (33.33%),
ta_avg,15.4,3 (50.00%),3 (50.00%),
ta_avg_dev_abs,15.4045462844623,4 (80.00%),1 (20.00%),
ta_avg_dev,15.4954537155377,3 (50.00%),3 (50.00%),
ta_avg_dev_abs,15.4954537155377,3 (50.00%),3 (50.00%),
ta_avg,15.5,3 (42.86%),4 (57.14%),
ta_avg_dev,15.5954537155377,4 (80.00%),1 (20.00%),
ta_avg_dev_abs,15.5954537155377,4 (80.00%),1 (20.00%),
ta_avg,15.6,2 (66.67%),1 (33.33%),
ta_avg_dev_abs,15.604546284462298,2 (66.67%),1 (33.33%),
ta_avg_dev,15.695453715537704,6 (75.00%),2 (25.00%),
ta_avg_dev_abs,15.695453715537704,6 (75.00%),2 (25.00%),
ta_avg,15.7,6 (60.00%),4 (40.00%),
ta_avg_dev,15.7954537155377,4 (80.00%),1 (20.00%),
ta_avg_dev_abs,15.7954537155377,4 (80.00%),1 (20.00%),
ta_avg,15.8,4 (80.00%),1 (20.00%),
ta_avg_dev_abs,15.8045462844623,2 (66.67%),1 (33.33%),
ta_avg_dev,15.895453715537702,1 (16.67%),5 (83.33%),
ta_avg_dev_abs,15.895453715537702,1 (16.67%),5 (83.33%),
ta_avg,15.9,1 (33.33%),2 (66.67%),
ta_avg_dev_abs,15.9045462844623,2 (50.00%),2 (50.00%),
ta_avg_dev,15.9954537155377,3 (50.00%),3 (50.00%),
ta_avg_dev_abs,15.9954537155377,3 (50.00%),3 (50.00%),
ta_avg,16.0,4 (80.00%),1 (20.00%),
ta_avg_dev_abs,16.0045462844623,1 (33.33%),2 (66.67%),
ta_avg_dev,16.0954537155377,1 (50.00%),1 (50.00%),
ta_avg_dev_abs,16.0954537155377,1 (50.00%),1 (50.00%),
ta_avg,16.1,2 (40.00%),3 (60.00%),
ta_avg_dev_abs,16.104546284462298,2 (50.00%),2 (50.00%),
ta_avg_dev,16.195453715537703,6 (75.00%),2 (25.00%),
ta_avg_dev_abs,16.195453715537703,6 (75.00%),2 (25.00%),
ta_avg,16.2,1 (16.67%),5 (83.33%),
ta_avg,16.3,1 (33.33%),2 (66.67%),
ta_avg_dev_abs,16.304546284462297,2 (66.67%),1 (33.33%),
ta_avg_dev,16.395453715537702,2 (66.67%),1 (33.33%),
ta_avg_dev_abs,16.395453715537702,2 (66.67%),1 (33.33%),
ta_avg_dev_abs,16.4045462844623,3 (75.00%),1 (25.00%),
ta_avg_dev,16.4954537155377,4 (50.00%),4 (50.00%),
ta_avg_dev_abs,16.4954537155377,4 (50.00%),4 (50.00%),
ta_avg_dev,16.5954537155377,6 (85.71%),1 (14.29%),
ta_avg_dev_abs,16.5954537155377,6 (85.71%),1 (14.29%),
ta_avg,16.6,3 (50.00%),3 (50.00%),
ta_avg_dev_abs,16.604546284462298,2 (66.67%),1 (33.33%),
ta_avg_dev,16.7954537155377,3 (75.00%),1 (25.00%),
ta_avg_dev_abs,16.7954537155377,3 (75.00%),1 (25.00%),
ta_avg_dev_abs,16.804546284462297,2 (50.00%),2 (50.00%),
ta_avg_dev,16.895453715537702,1 (25.00%),3 (75.00%),
ta_avg_dev_abs,16.895453715537702,1 (25.00%),3 (75.00%),
ta_avg,16.9,1 (50.00%),1 (50.00%),
ta_avg_dev,16.9954537155377,3 (75.00%),1 (25.00%),
ta_avg_dev_abs,16.9954537155377,3 (75.00%),1 (25.00%),
ta_avg,17.0,5 (55.56%),4 (44.44%),
ta_avg_dev_abs,17.0045462844623,2 (50.00%),2 (50.00%),
ta_avg,17.1,1 (25.00%),3 (75.00%),
ta_avg_dev_abs,17.104546284462298,1 (50.00%),1 (50.00%),
ta_avg,17.2,1 (25.00%),3 (75.00%),
ta_avg,17.3,3 (60.00%),2 (40.00%),
ta_avg_dev_abs,17.304546284462297,2 (50.00%),2 (50.00%),
ta_avg,17.4,4 (66.67%),2 (33.33%),
ta_avg_dev_abs,17.4045462844623,2 (66.67%),1 (33.33%),
ta_avg_dev,17.4954537155377,1 (33.33%),2 (66.67%),
ta_avg_dev_abs,17.4954537155377,1 (33.33%),2 (66.67%),
ta_avg,17.5,2 (33.33%),4 (66.67%),
ta_avg_dev,17.5954537155377,5 (83.33%),1 (16.67%),
ta_avg_dev_abs,17.5954537155377,5 (83.33%),1 (16.67%),
ta_avg,17.6,3 (75.00%),1 (25.00%),
ta_avg,17.7,2 (66.67%),1 (33.33%),
ta_avg_dev,17.7954537155377,2 (66.67%),1 (33.33%),
ta_avg_dev_abs,17.7954537155377,2 (66.67%),1 (33.33%),
ta_avg,17.8,4 (50.00%),4 (50.00%),
ta_avg_dev_abs,17.804546284462297,1 (50.00%),1 (50.00%),
ta_avg,17.9,7 (87.50%),1 (12.50%),
ta_avg_dev_abs,17.9045462844623,1 (33.33%),2 (66.67%),
ta_avg_dev,17.9954537155377,2 (66.67%),1 (33.33%),
ta_avg_dev_abs,17.9954537155377,2 (66.67%),1 (33.33%),
ta_avg_dev_abs,18.0045462844623,1 (50.00%),1 (50.00%),
ta_avg,18.1,1 (33.33%),2 (66.67%),
ta_avg_dev,18.195453715537703,2 (66.67%),1 (33.33%),
ta_avg_dev_abs,18.195453715537703,2 (66.67%),1 (33.33%),
ta_avg,18.2,2 (66.67%),1 (33.33%),
ta_avg_dev_abs,18.2045462844623,2 (66.67%),1 (33.33%),
ta_avg_dev,18.2954537155377,2 (66.67%),1 (33.33%),
ta_avg_dev_abs,18.2954537155377,2 (66.67%),1 (33.33%),
ta_avg_dev_abs,18.304546284462297,2 (66.67%),1 (33.33%),
ta_avg,18.4,4 (66.67%),2 (33.33%),
ta_avg_dev,18.4954537155377,2 (66.67%),1 (33.33%),
ta_avg_dev_abs,18.4954537155377,2 (66.67%),1 (33.33%),
ta_avg,18.5,1 (25.00%),3 (75.00%),
ta_avg_dev_abs,18.5045462844623,4 (80.00%),1 (20.00%),
ta_avg,18.6,1 (33.33%),2 (66.67%),
ta_avg,18.7,5 (83.33%),1 (16.67%),
ta_avg,18.8,3 (50.00%),3 (50.00%),
ta_avg_dev_abs,18.804546284462297,2 (66.67%),1 (33.33%),
ta_avg,19.0,3 (50.00%),3 (50.00%),
ta_avg,19.1,2 (28.57%),5 (71.43%),
ta_avg,19.2,2 (40.00%),3 (60.00%),
ta_avg_dev_abs,19.2045462844623,1 (50.00%),1 (50.00%),
ta_avg,19.3,2 (40.00%),3 (60.00%),
ta_avg,19.4,9 (90.00%),1 (10.00%),
ta_avg,19.5,3 (42.86%),4 (57.14%),
ta_avg,19.6,5 (55.56%),4 (44.44%),
ta_avg,19.7,5 (62.50%),3 (37.50%),
ta_avg,19.8,1 (25.00%),3 (75.00%),
ta_avg,19.9,4 (50.00%),4 (50.00%),
ta_avg,20.0,5 (62.50%),3 (37.50%),
ta_avg,20.1,2 (50.00%),2 (50.00%),
ta_avg,20.2,5 (55.56%),4 (44.44%),
ta_avg_dev_abs,20.2045462844623,3 (75.00%),1 (25.00%),
ta_avg,20.3,2 (40.00%),3 (60.00%),
ta_avg_dev_abs,20.304546284462297,2 (66.67%),1 (33.33%),
ta_avg,20.4,5 (71.43%),2 (28.57%),
ta_avg,20.5,7 (87.50%),1 (12.50%),
ta_avg,20.6,4 (57.14%),3 (42.86%),
ta_avg_dev_abs,20.60454628446229,2 (66.67%),1 (33.33%),
ta_avg,20.7,6 (66.67%),3 (33.33%),
ta_avg,20.8,4 (57.14%),3 (42.86%),
ta_avg,20.9,4 (36.36%),7 (63.64%),
ta_avg_dev_abs,20.9045462844623,3 (75.00%),1 (25.00%),
ta_avg,21.0,3 (42.86%),4 (57.14%),
ta_avg,21.1,4 (80.00%),1 (20.00%),
ta_avg_dev_abs,21.2045462844623,2 (50.00%),2 (50.00%),
ta_avg,21.3,2 (50.00%),2 (50.00%),
ta_avg_dev_abs,21.304546284462297,1 (50.00%),1 (50.00%),
ta_avg,21.4,3 (42.86%),4 (57.14%),
ta_avg,21.5,2 (25.00%),6 (75.00%),
ta_avg,21.6,4 (66.67%),2 (33.33%),
ta_avg,21.7,4 (57.14%),3 (42.86%),
ta_avg,21.8,1 (50.00%),1 (50.00%),
ta_avg,22.0,5 (83.33%),1 (16.67%),
ta_avg,22.1,1 (20.00%),4 (80.00%),
ta_avg,22.2,6 (66.67%),3 (33.33%),
ta_avg,22.3,4 (40.00%),6 (60.00%),
ta_avg,22.4,4 (57.14%),3 (42.86%),
ta_avg,22.5,3 (50.00%),3 (50.00%),
ta_avg,22.6,4 (80.00%),1 (20.00%),
ta_avg,22.7,9 (81.82%),2 (18.18%),
ta_avg,22.8,7 (77.78%),2 (22.22%),
ta_avg,22.9,2 (28.57%),5 (71.43%),
ta_avg,23.0,6 (54.55%),5 (45.45%),
ta_avg_dev_abs,23.0045462844623,1 (50.00%),1 (50.00%),
ta_avg,23.1,1 (33.33%),2 (66.67%),
ta_avg,23.2,4 (66.67%),2 (33.33%),
ta_avg,23.3,6 (75.00%),2 (25.00%),
ta_avg,23.4,2 (28.57%),5 (71.43%),
ta_avg,23.5,6 (60.00%),4 (40.00%),
ta_avg,23.6,8 (72.73%),3 (27.27%),
ta_avg,23.7,6 (60.00%),4 (40.00%),
ta_avg,23.8,5 (71.43%),2 (28.57%),
ta_avg,23.9,5 (71.43%),2 (28.57%),
ta_avg,24.0,3 (50.00%),3 (50.00%),
ta_avg,24.1,5 (55.56%),4 (44.44%),
ta_avg,24.2,6 (85.71%),1 (14.29%),
ta_avg,24.3,10 (76.92%),3 (23.08%),
ta_avg,24.4,5 (71.43%),2 (28.57%),
ta_avg,24.5,5 (71.43%),2 (28.57%),
ta_avg,24.7,7 (58.33%),5 (41.67%),
ta_avg,24.8,6 (66.67%),3 (33.33%),
ta_avg,25.0,8 (66.67%),4 (33.33%),
ta_avg,25.1,3 (37.50%),5 (62.50%),
ta_avg,25.2,5 (83.33%),1 (16.67%),
ta_avg,25.3,5 (62.50%),3 (37.50%),
ta_avg,25.4,1 (20.00%),4 (80.00%),
ta_avg,25.5,6 (50.00%),6 (50.00%),
ta_avg,25.6,5 (83.33%),1 (16.67%),
ta_avg,25.7,2 (33.33%),4 (66.67%),
ta_avg,25.8,4 (57.14%),3 (42.86%),
ta_avg,25.9,3 (75.00%),1 (25.00%),
ta_avg,26.1,3 (60.00%),2 (40.00%),
ta_avg,26.2,1 (50.00%),1 (50.00%),
ta_avg,26.3,6 (60.00%),4 (40.00%),
ta_avg,26.4,1 (16.67%),5 (83.33%),
ta_avg,26.5,3 (37.50%),5 (62.50%),
ta_avg,26.6,8 (66.67%),4 (33.33%),
ta_avg,26.7,1 (20.00%),4 (80.00%),
ta_avg,26.8,6 (66.67%),3 (33.33%),
ta_avg,26.9,1 (20.00%),4 (80.00%),
ta_avg,27.0,5 (55.56%),4 (44.44%),
ta_avg,27.1,4 (50.00%),4 (50.00%),
ta_avg,27.2,3 (75.00%),1 (25.00%),
ta_avg,27.4,2 (50.00%),2 (50.00%),
ta_avg,27.5,2 (50.00%),2 (50.00%),
ta_avg,27.6,3 (60.00%),2 (40.00%),
ta_avg,27.7,1 (50.00%),1 (50.00%),
ta_avg,27.9,4 (80.00%),1 (20.00%),
ta_avg,28.0,1 (33.33%),2 (66.67%),
ta_avg,28.1,1 (9.09%),10 (90.91%),
ta_avg,28.2,6 (85.71%),1 (14.29%),
ta_avg,28.4,3 (50.00%),3 (50.00%),
ta_avg,28.5,4 (80.00%),1 (20.00%),
ta_avg,28.6,6 (75.00%),2 (25.00%),
ta_avg,28.7,4 (80.00%),1 (20.00%),
ta_avg,28.8,1 (16.67%),5 (83.33%),
ta_avg,28.9,3 (50.00%),3 (50.00%),
ta_avg,29.0,1 (50.00%),1 (50.00%),
ta_avg,29.1,6 (75.00%),2 (25.00%),
ta_avg,29.3,2 (66.67%),1 (33.33%),
ta_avg,29.4,4 (50.00%),4 (50.00%),
ta_avg,29.5,6 (85.71%),1 (14.29%),
ta_avg,29.7,3 (75.00%),1 (25.00%),
ta_avg,29.8,1 (25.00%),3 (75.00%),
ta_avg,29.9,3 (75.00%),1 (25.00%),
ta_avg,30.4,1 (33.33%),2 (66.67%),
ta_avg,30.5,5 (83.33%),1 (16.67%),
ta_avg,30.7,2 (66.67%),1 (33.33%),
ta_avg,30.9,2 (66.67%),1 (33.33%),
ta_avg,31.1,2 (66.67%),1 (33.33%),
ta_avg,31.2,2 (66.67%),1 (33.33%),
ta_avg,31.4,2 (66.67%),1 (33.33%),
CPI,97.698,18 (81.82%),4 (18.18%),"$\chi^2$=243.88, $p$=0.00"
CPI,98.106,18 (90.00%),2 (10.00%),
CPI,98.751,14 (70.00%),6 (30.00%),
CPI,98.855,16 (80.00%),4 (20.00%),
CPI,98.884,13 (72.22%),5 (27.78%),
CPI,98.931,9 (45.00%),11 (55.00%),
CPI,98.979,13 (65.00%),7 (35.00%),
CPI,98.988,21 (95.45%),1 (4.55%),
CPI,99.121,12 (57.14%),9 (42.86%),
CPI,99.187,9 (40.91%),13 (59.09%),
CPI,99.311,18 (90.00%),2 (10.00%),
CPI,99.33,16 (88.89%),2 (11.11%),
CPI,99.425,3 (16.67%),15 (83.33%),
CPI,99.44,17 (77.27%),5 (22.73%),
CPI,99.462,16 (84.21%),3 (15.79%),
CPI,99.481,18 (42.86%),24 (57.14%),
CPI,99.491,12 (54.55%),10 (45.45%),
CPI,99.5,13 (65.00%),7 (35.00%),
CPI,99.63,8 (40.00%),12 (60.00%),
CPI,99.652,10 (52.63%),9 (47.37%),
CPI,99.71,19 (82.61%),4 (17.39%),
CPI,99.719,11 (52.38%),10 (47.62%),
CPI,99.794,3 (14.29%),18 (85.71%),
CPI,99.94,14 (73.68%),5 (26.32%),
CPI,100.041,19 (43.18%),25 (56.82%),
CPI,100.09,23 (57.50%),17 (42.50%),
CPI,100.16,12 (54.55%),10 (45.45%),
CPI,100.18,12 (57.14%),9 (42.86%),
CPI,100.19,10 (47.62%),11 (52.38%),
CPI,100.221,13 (72.22%),5 (27.78%),
CPI,100.33,13 (61.90%),8 (38.10%),
CPI,100.74,7 (36.84%),12 (63.16%),
CPI,101.04,13 (68.42%),6 (31.58%),
CPI,101.58,14 (66.67%),7 (33.33%),
CPI,101.84,11 (50.00%),11 (50.00%),
CPI,101.98,14 (73.68%),5 (26.32%),
CPI,102.05,17 (38.64%),27 (61.36%),
CPI,102.26,12 (57.14%),9 (42.86%),
CPI,102.75,10 (50.00%),10 (50.00%),
CPI,103.17,9 (50.00%),9 (50.00%),
CPI,103.35,6 (27.27%),16 (72.73%),
CPI,103.87,10 (47.62%),11 (52.38%),
CPI,104.04,15 (71.43%),6 (28.57%),
CPI,104.85,15 (78.95%),4 (21.05%),
CPI,105.42,15 (71.43%),6 (28.57%),
CPI,106.1,12 (60.00%),8 (40.00%),
CPI,106.83,12 (57.14%),9 (42.86%),
CPI,107.5,11 (52.38%),10 (47.62%),
CPI,108.21,12 (60.00%),8 (40.00%),
CPI,108.63,15 (75.00%),5 (25.00%),
CPI,108.73,11 (50.00%),11 (50.00%),
CPI,108.82,12 (63.16%),7 (36.84%),
CPI,109.07,16 (80.00%),4 (20.00%),
CPI,109.16,19 (86.36%),3 (13.64%),
CPI,109.26,12 (57.14%),9 (42.86%),
CPI,110.07,15 (71.43%),6 (28.57%),
CPI,110.33,7 (33.33%),14 (66.67%),
CPI,110.52,12 (63.16%),7 (36.84%),
CPI,110.77,11 (52.38%),10 (47.62%),
CPI,111.13,18 (85.71%),3 (14.29%),
CPI,111.16,14 (66.67%),7 (33.33%),
CPI,111.29,17 (73.91%),6 (26.09%),
CPI,112.28,4 (22.22%),14 (77.78%),
CPI,112.68,10 (58.82%),7 (41.18%),
CPI,112.73,11 (47.83%),12 (52.17%),
CPI,112.85,15 (78.95%),4 (21.05%),
CPI,113.17,11 (55.00%),9 (45.00%),
CPI,113.27,17 (73.91%),6 (26.09%),
CPI,113.78,15 (78.95%),4 (21.05%),
CPI,113.84,14 (60.87%),9 (39.13%),
CPI,113.95,8 (40.00%),12 (60.00%),
CPI,114.01,11 (52.38%),10 (47.62%),
CPI,114.1,8 (42.11%),11 (57.89%),
CPI,114.13,14 (66.67%),7 (33.33%),
CPI,114.4,16 (84.21%),3 (15.79%),
CPI,114.54,12 (70.59%),5 (29.41%),
CPI,114.65,8 (36.36%),14 (63.64%),
CPI,114.69,14 (70.00%),6 (30.00%),
CPI,114.91,11 (55.00%),9 (45.00%),
CPI,115.71,15 (75.00%),5 (25.00%),
CPI,116.08,16 (84.21%),3 (15.79%),
CPI,116.27,13 (68.42%),6 (31.58%),
CPI,116.29,14 (66.67%),7 (33.33%),
CPI,116.31,17 (70.83%),7 (29.17%),
CPI,116.38,11 (55.00%),9 (45.00%),
CPI,116.45,11 (50.00%),11 (50.00%),
CPI,116.52,9 (47.37%),10 (52.63%),
CPI,117.06,11 (61.11%),7 (38.89%),
CPI,117.2,15 (75.00%),5 (25.00%),
CPI,117.42,16 (80.00%),4 (20.00%),
CPI,117.57,7 (31.82%),15 (68.18%),
CPI,118.03,9 (47.37%),10 (52.63%),
CPI,118.4,7 (36.84%),12 (63.16%),
CPI,118.8,5 (41.67%),7 (58.33%),
CCI,97.0,16 (84.21%),3 (15.79%),"$\chi^2$=237.96, $p$=0.00"
CCI,97.1,18 (85.71%),3 (14.29%),
CCI,97.2,16 (80.00%),4 (20.00%),
CCI,97.5,16 (76.19%),5 (23.81%),
CCI,97.7,9 (45.00%),11 (55.00%),
CCI,97.8,12 (63.16%),7 (36.84%),
CCI,97.9,21 (95.45%),1 (4.55%),
CCI,98.2,51 (79.69%),13 (20.31%),
CCI,98.3,31 (81.58%),7 (18.42%),
CCI,98.4,34 (87.18%),5 (12.82%),
CCI,98.5,23 (54.76%),19 (45.24%),
CCI,98.6,21 (52.50%),19 (47.50%),
CCI,98.8,26 (63.41%),15 (36.59%),
CCI,98.9,17 (77.27%),5 (22.73%),
CCI,99.1,13 (56.52%),10 (43.48%),
CCI,99.3,9 (42.86%),12 (57.14%),
CCI,99.4,11 (28.95%),27 (71.05%),
CCI,99.8,4 (19.05%),17 (80.95%),
CCI,100.0,12 (63.16%),7 (36.84%),
CCI,100.1,14 (33.33%),28 (66.67%),
CCI,100.3,5 (25.00%),15 (75.00%),
CCI,100.4,10 (50.00%),10 (50.00%),
CCI,100.7,11 (52.38%),10 (47.62%),
CCI,100.9,14 (70.00%),6 (30.00%),
CCI,101.0,11 (55.00%),9 (45.00%),
CCI,101.5,38 (60.32%),25 (39.68%),
CCI,101.6,14 (73.68%),5 (26.32%),
CCI,101.8,11 (50.00%),11 (50.00%),
CCI,102.4,15 (78.95%),4 (21.05%),
CCI,103.4,12 (54.55%),10 (45.45%),
CCI,103.8,6 (27.27%),16 (72.73%),
CCI,103.9,10 (47.62%),11 (52.38%),
CCI,104.2,11 (57.89%),8 (42.11%),
CCI,104.4,10 (52.63%),9 (47.37%),
CCI,104.7,5 (22.73%),17 (77.27%),
CCI,105.1,11 (50.00%),11 (50.00%),
CCI,105.7,14 (70.00%),6 (30.00%),
CCI,106.6,14 (73.68%),5 (26.32%),
CCI,107.5,14 (70.00%),6 (30.00%),
CCI,107.6,11 (55.00%),9 (45.00%),
CCI,107.8,25 (59.52%),17 (40.48%),
CCI,108.0,13 (61.90%),8 (38.10%),
CCI,108.4,11 (50.00%),11 (50.00%),
CCI,108.9,15 (75.00%),5 (25.00%),
CCI,109.2,6 (28.57%),15 (71.43%),
CCI,109.4,17 (80.95%),4 (19.05%),
CCI,109.6,24 (61.54%),15 (38.46%),
CCI,109.9,29 (69.05%),13 (30.95%),
CCI,110.0,17 (80.95%),4 (19.05%),
CCI,110.2,11 (55.00%),9 (45.00%),
CCI,110.6,17 (80.95%),4 (19.05%),
CCI,111.0,14 (70.00%),6 (30.00%),
CCI,111.1,6 (30.00%),14 (70.00%),
CCI,111.2,30 (73.17%),11 (26.83%),
CCI,111.3,19 (86.36%),3 (13.64%),
CCI,111.7,10 (52.63%),9 (47.37%),
CCI,112.0,11 (55.00%),9 (45.00%),
CCI,112.1,10 (45.45%),12 (54.55%),
CCI,112.2,13 (72.22%),5 (27.78%),
CCI,112.4,38 (61.29%),24 (38.71%),
CCI,112.6,53 (51.96%),49 (48.04%),
CCI,112.9,17 (89.47%),2 (10.53%),
CCI,113.1,24 (61.54%),15 (38.46%),
CCI,113.2,31 (73.81%),11 (26.19%),
CCI,113.6,11 (55.00%),9 (45.00%),
CCI,113.7,17 (77.27%),5 (22.73%),
CCI,113.9,13 (68.42%),6 (31.58%),
CCI,114.1,9 (42.86%),12 (57.14%),
CCI,114.3,11 (50.00%),11 (50.00%),
CCI,114.5,15 (39.47%),23 (60.53%),
CCI,114.6,16 (76.19%),5 (23.81%),
CCI,114.7,19 (51.35%),18 (48.65%),
CCI,114.9,16 (76.19%),5 (23.81%),
CCI,115.7,5 (35.71%),9 (64.29%),
BOND_BBB,0.97,43 (47.25%),48 (52.75%),"$\chi^2$=206.21, $p$=0.00"
BOND_BBB,True,32 (68.09%),15 (31.91%),
BOND_BBB,1.02,5 (38.46%),8 (61.54%),
BOND_BBB,1.09,15 (50.00%),15 (50.00%),
BOND_BBB,1.11,18 (52.94%),16 (47.06%),
BOND_BBB,1.12,7 (53.85%),6 (46.15%),
BOND_BBB,1.13,1 (50.00%),1 (50.00%),
BOND_BBB,1.14,1 (50.00%),1 (50.00%),
BOND_BBB,1.15,1 (50.00%),1 (50.00%),
BOND_BBB,1.16,1 (50.00%),1 (50.00%),
BOND_BBB,1.18,7 (46.67%),8 (53.33%),
BOND_BBB,1.2,1 (50.00%),1 (50.00%),
BOND_BBB,1.23,1 (33.33%),2 (66.67%),
BOND_BBB,1.24,3 (60.00%),2 (40.00%),
BOND_BBB,1.25,1 (33.33%),2 (66.67%),
BOND_BBB,1.26,1 (50.00%),1 (50.00%),
BOND_BBB,1.28,1 (50.00%),1 (50.00%),
BOND_BBB,1.31,1 (50.00%),1 (50.00%),
BOND_BBB,1.33,5 (50.00%),5 (50.00%),
BOND_BBB,1.39,2 (66.67%),1 (33.33%),
BOND_BBB,1.47,18 (66.67%),9 (33.33%),
BOND_BBB,1.48,1 (50.00%),1 (50.00%),
BOND_BBB,1.49,3 (50.00%),3 (50.00%),
BOND_BBB,1.5,6 (75.00%),2 (25.00%),
BOND_BBB,1.51,1 (50.00%),1 (50.00%),
BOND_BBB,1.52,1 (50.00%),1 (50.00%),
BOND_BBB,1.54,9 (81.82%),2 (18.18%),
BOND_BBB,1.55,6 (42.86%),8 (57.14%),
BOND_BBB,1.56,12 (57.14%),9 (42.86%),
BOND_BBB,1.57,1 (50.00%),1 (50.00%),
BOND_BBB,1.62,4 (80.00%),1 (20.00%),
BOND_BBB,1.63,2 (66.67%),1 (33.33%),
BOND_BBB,1.64,34 (75.56%),11 (24.44%),
BOND_BBB,1.65,4 (12.50%),28 (87.50%),
BOND_BBB,1.66,5 (38.46%),8 (61.54%),
BOND_BBB,1.67,8 (42.11%),11 (57.89%),
BOND_BBB,1.68,7 (63.64%),4 (36.36%),
BOND_BBB,1.69,13 (54.17%),11 (45.83%),
BOND_BBB,1.72,9 (22.50%),31 (77.50%),
BOND_BBB,1.73,1 (16.67%),5 (83.33%),
BOND_BBB,1.76,2 (66.67%),1 (33.33%),
BOND_BBB,1.8,43 (84.31%),8 (15.69%),
BOND_BBB,1.81,35 (92.11%),3 (7.89%),
BOND_BBB,1.82,89 (73.55%),32 (26.45%),
BOND_BBB,1.83,2 (66.67%),1 (33.33%),
BOND_BBB,1.84,7 (70.00%),3 (30.00%),
BOND_BBB,1.85,1 (50.00%),1 (50.00%),
BOND_BBB,1.86,3 (42.86%),4 (57.14%),
BOND_BBB,1.88,2 (66.67%),1 (33.33%),
BOND_BBB,1.89,11 (73.33%),4 (26.67%),
BOND_BBB,1.91,8 (66.67%),4 (33.33%),
BOND_BBB,1.92,7 (53.85%),6 (46.15%),
BOND_BBB,1.93,5 (31.25%),11 (68.75%),
BOND_BBB,1.94,8 (50.00%),8 (50.00%),
BOND_BBB,1.95,3 (50.00%),3 (50.00%),
BOND_BBB,1.96,2 (66.67%),1 (33.33%),
BOND_BBB,1.97,57 (85.07%),10 (14.93%),
BOND_BBB,1.98,28 (71.79%),11 (28.21%),
BOND_BBB,2.1,1 (50.00%),1 (50.00%),
BOND_BBB,2.14,1 (50.00%),1 (50.00%),
BOND_BBB,2.17,1 (50.00%),1 (50.00%),
BOND_BBB,2.19,5 (50.00%),5 (50.00%),
BOND_BBB,2.2,1 (25.00%),3 (75.00%),
BOND_BBB,2.34,2 (50.00%),2 (50.00%),
BOND_BBB,2.73,50 (58.14%),36 (41.86%),
BOND_BBB,2.74,3 (60.00%),2 (40.00%),
BOND_BBB,2.75,5 (71.43%),2 (28.57%),
BOND_BBB,2.76,3 (75.00%),1 (25.00%),
BOND_BBB,2.77,1 (50.00%),1 (50.00%),
BOND_BBB,2.79,2 (66.67%),1 (33.33%),
BOND_BBB,2.8,4 (50.00%),4 (50.00%),
BOND_BBB,2.81,1 (50.00%),1 (50.00%),
BOND_BBB,2.86,10 (52.63%),9 (47.37%),
BOND_BBB,2.93,14 (50.00%),14 (50.00%),
BOND_BBB,2.94,7 (87.50%),1 (12.50%),
BOND_BBB,2.95,1 (50.00%),1 (50.00%),
BOND_BBB,3.0,12 (80.00%),3 (20.00%),
BOND_BBB,3.07,2 (66.67%),1 (33.33%),
BOND_BBB,3.09,2 (66.67%),1 (33.33%),
BOND_BBB,3.1,6 (66.67%),3 (33.33%),
BOND_BBB,3.11,4 (66.67%),2 (33.33%),
BOND_BBB,3.12,2 (66.67%),1 (33.33%),
BOND_BBB,3.13,21 (39.62%),32 (60.38%),
BOND_BBB,3.14,3 (60.00%),2 (40.00%),
BOND_BBB,3.15,3 (75.00%),1 (25.00%),
BOND_BBB,3.19,1 (50.00%),1 (50.00%),
BOND_BBB,3.22,1 (50.00%),1 (50.00%),
BOND_BBB,3.23,1 (50.00%),1 (50.00%),
BOND_BBB,3.25,11 (61.11%),7 (38.89%),
BOND_BBB,3.27,2 (50.00%),2 (50.00%),
BOND_BBB,3.28,2 (40.00%),3 (60.00%),
BOND_BBB,3.3,8 (61.54%),5 (38.46%),
BOND_BBB,3.34,1 (50.00%),1 (50.00%),
BOND_BBB,3.39,1 (33.33%),2 (66.67%),
BOND_BBB,3.42,5 (83.33%),1 (16.67%),
BOND_BBB,3.43,2 (66.67%),1 (33.33%),
BOND_BBB,3.45,1 (50.00%),1 (50.00%),
BOND_BBB,3.53,2 (28.57%),5 (71.43%),
BOND_BBB,3.54,10 (55.56%),8 (44.44%),
BOND_BBB,3.55,1 (50.00%),1 (50.00%),
BOND_BBB,3.56,8 (72.73%),3 (27.27%),
BOND_BBB,3.58,1 (33.33%),2 (66.67%),
BOND_BBB,3.62,19 (59.38%),13 (40.62%),
BOND_BBB,4.01,39 (62.90%),23 (37.10%),
BOND_BBB,4.02,3 (42.86%),4 (57.14%),
BOND_BBB,4.03,32 (68.09%),15 (31.91%),
BOND_BBB,4.06,8 (38.10%),13 (61.90%),
BOND_BBB,4.07,5 (83.33%),1 (16.67%),
BOND_BBB,4.08,4 (66.67%),2 (33.33%),
BOND_BBB,4.09,2 (50.00%),2 (50.00%),
BOND_BBB,4.1,2 (66.67%),1 (33.33%),
BOND_BBB,4.11,1 (50.00%),1 (50.00%),
BOND_BBB,4.13,1 (50.00%),1 (50.00%),
BOND_BBB,4.14,1 (25.00%),3 (75.00%),
BOND_BBB,4.16,1 (33.33%),2 (66.67%),
BOND_BBB,4.2,2 (66.67%),1 (33.33%),
BOND_BBB,4.22,26 (50.00%),26 (50.00%),
BOND_BBB,4.24,3 (42.86%),4 (57.14%),
BOND_BBB,4.26,4 (80.00%),1 (20.00%),
BOND_BBB,4.28,28 (57.14%),21 (42.86%),
BOND_BBB,4.29,4 (80.00%),1 (20.00%),
BOND_BBB,4.31,1 (50.00%),1 (50.00%),
BOND_BBB,4.32,5 (71.43%),2 (28.57%),
BOND_BBB,4.36,22 (68.75%),10 (31.25%),
BOND_BBB,4.42,1 (50.00%),1 (50.00%),
BOND_BBB,5.45,1 (50.00%),1 (50.00%),
BOND_BBB,5.47,1 (50.00%),1 (50.00%),
BOND_BBB,5.58,1 (50.00%),1 (50.00%),
BOND_BBB,5.62,6 (85.71%),1 (14.29%),
BOND_BBB_lag1,0.97,44 (48.35%),47 (51.65%),"$\chi^2$=202.37, $p$=0.00"
BOND_BBB_lag1,True,33 (70.21%),14 (29.79%),
BOND_BBB_lag1,1.01,2 (66.67%),1 (33.33%),
BOND_BBB_lag1,1.02,5 (38.46%),8 (61.54%),
BOND_BBB_lag1,1.09,16 (53.33%),14 (46.67%),
BOND_BBB_lag1,1.11,18 (52.94%),16 (47.06%),
BOND_BBB_lag1,1.12,7 (53.85%),6 (46.15%),
BOND_BBB_lag1,1.13,1 (50.00%),1 (50.00%),
BOND_BBB_lag1,1.15,1 (50.00%),1 (50.00%),
BOND_BBB_lag1,1.18,7 (46.67%),8 (53.33%),
BOND_BBB_lag1,1.19,1 (33.33%),2 (66.67%),
BOND_BBB_lag1,1.22,1 (50.00%),1 (50.00%),
BOND_BBB_lag1,1.23,2 (66.67%),1 (33.33%),
BOND_BBB_lag1,1.24,1 (20.00%),4 (80.00%),
BOND_BBB_lag1,1.25,1 (33.33%),2 (66.67%),
BOND_BBB_lag1,1.26,1 (50.00%),1 (50.00%),
BOND_BBB_lag1,1.27,1 (50.00%),1 (50.00%),
BOND_BBB_lag1,1.3,1 (50.00%),1 (50.00%),
BOND_BBB_lag1,1.33,6 (60.00%),4 (40.00%),
BOND_BBB_lag1,1.36,1 (50.00%),1 (50.00%),
BOND_BBB_lag1,1.37,1 (50.00%),1 (50.00%),
BOND_BBB_lag1,1.41,1 (50.00%),1 (50.00%),
BOND_BBB_lag1,1.47,17 (62.96%),10 (37.04%),
BOND_BBB_lag1,1.48,1 (50.00%),1 (50.00%),
BOND_BBB_lag1,1.49,4 (66.67%),2 (33.33%),
BOND_BBB_lag1,1.5,5 (62.50%),3 (37.50%),
BOND_BBB_lag1,1.51,1 (50.00%),1 (50.00%),
BOND_BBB_lag1,1.54,10 (90.91%),1 (9.09%),
BOND_BBB_lag1,1.55,6 (42.86%),8 (57.14%),
BOND_BBB_lag1,1.56,12 (57.14%),9 (42.86%),
BOND_BBB_lag1,1.57,1 (50.00%),1 (50.00%),
BOND_BBB_lag1,1.58,1 (50.00%),1 (50.00%),
BOND_BBB_lag1,1.63,2 (66.67%),1 (33.33%),
BOND_BBB_lag1,1.64,33 (73.33%),12 (26.67%),
BOND_BBB_lag1,1.65,5 (15.62%),27 (84.38%),
BOND_BBB_lag1,1.66,3 (23.08%),10 (76.92%),
BOND_BBB_lag1,1.67,10 (52.63%),9 (47.37%),
BOND_BBB_lag1,1.68,5 (45.45%),6 (54.55%),
BOND_BBB_lag1,1.69,13 (54.17%),11 (45.83%),
BOND_BBB_lag1,1.72,9 (22.50%),31 (77.50%),
BOND_BBB_lag1,1.8,42 (80.77%),10 (19.23%),
BOND_BBB_lag1,1.81,36 (94.74%),2 (5.26%),
BOND_BBB_lag1,1.82,90 (74.38%),31 (25.62%),
BOND_BBB_lag1,1.83,2 (66.67%),1 (33.33%),
BOND_BBB_lag1,1.84,6 (60.00%),4 (40.00%),
BOND_BBB_lag1,1.86,4 (57.14%),3 (42.86%),
BOND_BBB_lag1,1.89,11 (73.33%),4 (26.67%),
BOND_BBB_lag1,1.91,8 (66.67%),4 (33.33%),
BOND_BBB_lag1,1.92,7 (53.85%),6 (46.15%),
BOND_BBB_lag1,1.93,5 (31.25%),11 (68.75%),
BOND_BBB_lag1,1.94,7 (43.75%),9 (56.25%),
BOND_BBB_lag1,1.95,4 (66.67%),2 (33.33%),
BOND_BBB_lag1,1.96,1 (33.33%),2 (66.67%),
BOND_BBB_lag1,1.97,58 (86.57%),9 (13.43%),
BOND_BBB_lag1,1.98,26 (66.67%),13 (33.33%),
BOND_BBB_lag1,2.1,1 (50.00%),1 (50.00%),
BOND_BBB_lag1,2.13,2 (66.67%),1 (33.33%),
BOND_BBB_lag1,2.17,1 (50.00%),1 (50.00%),
BOND_BBB_lag1,2.19,5 (50.00%),5 (50.00%),
BOND_BBB_lag1,2.2,1 (25.00%),3 (75.00%),
BOND_BBB_lag1,2.34,2 (50.00%),2 (50.00%),
BOND_BBB_lag1,2.73,50 (58.14%),36 (41.86%),
BOND_BBB_lag1,2.74,3 (60.00%),2 (40.00%),
BOND_BBB_lag1,2.75,4 (57.14%),3 (42.86%),
BOND_BBB_lag1,2.76,3 (75.00%),1 (25.00%),
BOND_BBB_lag1,2.78,2 (66.67%),1 (33.33%),
BOND_BBB_lag1,2.79,2 (66.67%),1 (33.33%),
BOND_BBB_lag1,2.8,4 (50.00%),4 (50.00%),
BOND_BBB_lag1,2.81,1 (50.00%),1 (50.00%),
BOND_BBB_lag1,2.86,11 (57.89%),8 (42.11%),
BOND_BBB_lag1,2.93,14 (50.00%),14 (50.00%),
BOND_BBB_lag1,2.94,7 (87.50%),1 (12.50%),
BOND_BBB_lag1,2.96,1 (50.00%),1 (50.00%),
BOND_BBB_lag1,2.99,2 (66.67%),1 (33.33%),
BOND_BBB_lag1,3.0,12 (80.00%),3 (20.00%),
BOND_BBB_lag1,3.03,1 (50.00%),1 (50.00%),
BOND_BBB_lag1,3.04,1 (50.00%),1 (50.00%),
BOND_BBB_lag1,3.07,1 (33.33%),2 (66.67%),
BOND_BBB_lag1,3.1,6 (66.67%),3 (33.33%),
BOND_BBB_lag1,3.11,5 (83.33%),1 (16.67%),
BOND_BBB_lag1,3.12,2 (66.67%),1 (33.33%),
BOND_BBB_lag1,3.13,21 (39.62%),32 (60.38%),
BOND_BBB_lag1,3.14,3 (60.00%),2 (40.00%),
BOND_BBB_lag1,3.15,3 (75.00%),1 (25.00%),
BOND_BBB_lag1,3.19,1 (50.00%),1 (50.00%),
BOND_BBB_lag1,3.23,1 (50.00%),1 (50.00%),
BOND_BBB_lag1,3.25,12 (66.67%),6 (33.33%),
BOND_BBB_lag1,3.26,1 (50.00%),1 (50.00%),
BOND_BBB_lag1,3.27,3 (75.00%),1 (25.00%),
BOND_BBB_lag1,3.28,3 (60.00%),2 (40.00%),
BOND_BBB_lag1,3.29,1 (33.33%),2 (66.67%),
BOND_BBB_lag1,3.3,9 (69.23%),4 (30.77%),
BOND_BBB_lag1,3.4,1 (50.00%),1 (50.00%),
BOND_BBB_lag1,3.43,2 (66.67%),1 (33.33%),
BOND_BBB_lag1,3.45,1 (50.00%),1 (50.00%),
BOND_BBB_lag1,3.53,3 (42.86%),4 (57.14%),
BOND_BBB_lag1,3.54,9 (50.00%),9 (50.00%),
BOND_BBB_lag1,3.55,1 (50.00%),1 (50.00%),
BOND_BBB_lag1,3.56,9 (81.82%),2 (18.18%),
BOND_BBB_lag1,3.58,1 (33.33%),2 (66.67%),
BOND_BBB_lag1,3.62,18 (56.25%),14 (43.75%),
BOND_BBB_lag1,4.01,40 (64.52%),22 (35.48%),
BOND_BBB_lag1,4.02,4 (57.14%),3 (42.86%),
BOND_BBB_lag1,4.03,31 (65.96%),16 (34.04%),
BOND_BBB_lag1,4.06,7 (33.33%),14 (66.67%),
BOND_BBB_lag1,4.07,4 (66.67%),2 (33.33%),
BOND_BBB_lag1,4.08,3 (50.00%),3 (50.00%),
BOND_BBB_lag1,4.1,2 (66.67%),1 (33.33%),
BOND_BBB_lag1,4.11,1 (50.00%),1 (50.00%),
BOND_BBB_lag1,4.12,1 (33.33%),2 (66.67%),
BOND_BBB_lag1,4.13,1 (50.00%),1 (50.00%),
BOND_BBB_lag1,4.16,2 (66.67%),1 (33.33%),
BOND_BBB_lag1,4.17,1 (33.33%),2 (66.67%),
BOND_BBB_lag1,4.18,1 (50.00%),1 (50.00%),
BOND_BBB_lag1,4.22,27 (51.92%),25 (48.08%),
BOND_BBB_lag1,4.24,2 (28.57%),5 (71.43%),
BOND_BBB_lag1,4.28,28 (57.14%),21 (42.86%),
BOND_BBB_lag1,4.29,4 (80.00%),1 (20.00%),
BOND_BBB_lag1,4.32,4 (57.14%),3 (42.86%),
BOND_BBB_lag1,4.34,1 (50.00%),1 (50.00%),
BOND_BBB_lag1,4.36,21 (65.62%),11 (34.38%),
BOND_BBB_lag1,4.96,1 (50.00%),1 (50.00%),
BOND_BBB_lag1,5,1 (50.00%),1 (50.00%),
BOND_BBB_lag1,5.22,1 (50.00%),1 (50.00%),
BOND_BBB_lag1,5.45,1 (50.00%),1 (50.00%),
BOND_BBB_lag1,5.56,1 (50.00%),1 (50.00%),
BOND_BBB_lag1,5.62,6 (85.71%),1 (14.29%),
ta_avg_window_mean,-10.1,1 (50.00%),1 (50.00%),"$\chi^2$=182.79, $p$=1.00"
ta_avg_window_mean,-8.4,1 (50.00%),1 (50.00%),
ta_avg_window_mean,-8.3,2 (50.00%),2 (50.00%),
ta_avg_window_mean,-8.0,2 (66.67%),1 (33.33%),
ta_avg_window_mean,-7.4,2 (66.67%),1 (33.33%),
ta_avg_window_mean,-7.3,3 (75.00%),1 (25.00%),
ta_avg_window_mean,-6.3,1 (50.00%),1 (50.00%),
ta_avg_window_mean,-6.0,2 (66.67%),1 (33.33%),
ta_avg_window_mean,-5.9,3 (75.00%),1 (25.00%),
ta_avg_window_mean,-5.6,4 (80.00%),1 (20.00%),
ta_avg_window_mean,-5.4,2 (66.67%),1 (33.33%),
ta_avg_window_mean,-5.3,2 (66.67%),1 (33.33%),
ta_avg_window_mean,-5.1,1 (50.00%),1 (50.00%),
ta_avg_window_mean,-5.0,1 (33.33%),2 (66.67%),
ta_avg_window_mean,-4.4,2 (50.00%),2 (50.00%),
ta_avg_window_mean,-3.9,1 (50.00%),1 (50.00%),
ta_avg_window_mean,-3.7,1 (50.00%),1 (50.00%),
ta_avg_window_mean,-3.5,2 (66.67%),1 (33.33%),
ta_avg_window_mean,-3.4,1 (50.00%),1 (50.00%),
ta_avg_window_mean,-3.2,2 (50.00%),2 (50.00%),
ta_avg_window_mean,-3.0,1 (50.00%),1 (50.00%),
ta_avg_window_mean,-2.9,2 (66.67%),1 (33.33%),
ta_avg_window_mean,-2.7,2 (66.67%),1 (33.33%),
ta_avg_window_mean,-2.4,3 (75.00%),1 (25.00%),
ta_avg_window_mean,-2.3,1 (50.00%),1 (50.00%),
ta_avg_window_mean,-2.2,1 (50.00%),1 (50.00%),
ta_avg_window_mean,-2.1,3 (75.00%),1 (25.00%),
ta_avg_window_mean,-1.7,3 (60.00%),2 (40.00%),
ta_avg_window_mean,-1.6,3 (75.00%),1 (25.00%),
ta_avg_window_mean,-1.5,1 (50.00%),1 (50.00%),
ta_avg_window_mean,-1.4,1 (50.00%),1 (50.00%),
ta_avg_window_mean,-1.2,3 (60.00%),2 (40.00%),
ta_avg_window_mean,-1.1,4 (80.00%),1 (20.00%),
ta_avg_window_mean,-0.8,2 (50.00%),2 (50.00%),
ta_avg_window_mean,-0.6,4 (57.14%),3 (42.86%),
ta_avg_window_mean,-0.5,2 (40.00%),3 (60.00%),
ta_avg_window_mean,-0.4,3 (75.00%),1 (25.00%),
ta_avg_window_mean,-0.3,3 (75.00%),1 (25.00%),
ta_avg_window_mean,-0.2,1 (50.00%),1 (50.00%),
ta_avg_window_mean,-0.1,3 (75.00%),1 (25.00%),
ta_avg_window_mean,0.2,2 (40.00%),3 (60.00%),
ta_avg_window_mean,0.4,1 (50.00%),1 (50.00%),
ta_avg_window_mean,0.5,3 (60.00%),2 (40.00%),
ta_avg_window_mean,0.6,4 (66.67%),2 (33.33%),
ta_avg_window_mean,0.8,2 (66.67%),1 (33.33%),
ta_avg_window_mean,0.9,3 (75.00%),1 (25.00%),
ta_avg_window_mean,1.2,2 (50.00%),2 (50.00%),
ta_avg_window_mean,1.3,4 (66.67%),2 (33.33%),
ta_avg_window_mean,1.4,6 (66.67%),3 (33.33%),
ta_avg_window_mean,1.5,2 (50.00%),2 (50.00%),
ta_avg_window_mean,1.6,3 (75.00%),1 (25.00%),
ta_avg_window_mean,1.7,5 (83.33%),1 (16.67%),
ta_avg_window_mean,1.8333333333333333,2 (66.67%),1 (33.33%),
ta_avg_window_mean,1.9,2 (50.00%),2 (50.00%),
ta_avg_window_mean,2.0,4 (57.14%),3 (42.86%),
ta_avg_window_mean,2.1,7 (77.78%),2 (22.22%),
ta_avg_window_mean,2.2,2 (66.67%),1 (33.33%),
ta_avg_window_mean,2.3,5 (71.43%),2 (28.57%),
ta_avg_window_mean,2.4,7 (77.78%),2 (22.22%),
ta_avg_window_mean,2.6,4 (80.00%),1 (20.00%),
ta_avg_window_mean,2.8,3 (42.86%),4 (57.14%),
ta_avg_window_mean,2.9,3 (42.86%),4 (57.14%),
ta_avg_window_mean,3.0,2 (50.00%),2 (50.00%),
ta_avg_window_mean,3.1,4 (80.00%),1 (20.00%),
ta_avg_window_mean,3.4,3 (75.00%),1 (25.00%),
ta_avg_window_mean,3.5,5 (71.43%),2 (28.57%),
ta_avg_window_mean,3.7,4 (80.00%),1 (20.00%),
ta_avg_window_mean,3.9,3 (60.00%),2 (40.00%),
ta_avg_window_mean,4.0,3 (75.00%),1 (25.00%),
ta_avg_window_mean,4.133333333333334,1 (50.00%),1 (50.00%),
ta_avg_window_mean,4.2,3 (50.00%),3 (50.00%),
ta_avg_window_mean,4.3,1 (50.00%),1 (50.00%),
ta_avg_window_mean,4.4,1 (50.00%),1 (50.00%),
ta_avg_window_mean,4.5,5 (38.46%),8 (61.54%),
ta_avg_window_mean,4.6,3 (37.50%),5 (62.50%),
ta_avg_window_mean,4.6000000000000005,1 (50.00%),1 (50.00%),
ta_avg_window_mean,4.7,2 (50.00%),2 (50.00%),
ta_avg_window_mean,4.8,3 (75.00%),1 (25.00%),
ta_avg_window_mean,4.9,7 (70.00%),3 (30.00%),
ta_avg_window_mean,5,4 (80.00%),1 (20.00%),
ta_avg_window_mean,5.3,4 (57.14%),3 (42.86%),
ta_avg_window_mean,5.5,1 (50.00%),1 (50.00%),
ta_avg_window_mean,5.7,1 (33.33%),2 (66.67%),
ta_avg_window_mean,5.8,6 (85.71%),1 (14.29%),
ta_avg_window_mean,5.9,1 (50.00%),1 (50.00%),
ta_avg_window_mean,6,3 (60.00%),2 (40.00%),
ta_avg_window_mean,6.1,4 (66.67%),2 (33.33%),
ta_avg_window_mean,6.2,2 (66.67%),1 (33.33%),
ta_avg_window_mean,6.4,4 (66.67%),2 (33.33%),
ta_avg_window_mean,6.5,4 (66.67%),2 (33.33%),
ta_avg_window_mean,6.6,4 (57.14%),3 (42.86%),
ta_avg_window_mean,6.7,4 (66.67%),2 (33.33%),
ta_avg_window_mean,6.8,2 (28.57%),5 (71.43%),
ta_avg_window_mean,7.0,2 (66.67%),1 (33.33%),
ta_avg_window_mean,7.1,3 (50.00%),3 (50.00%),
ta_avg_window_mean,7.2,2 (40.00%),3 (60.00%),
ta_avg_window_mean,7.4,8 (88.89%),1 (11.11%),
ta_avg_window_mean,7.5,3 (75.00%),1 (25.00%),
ta_avg_window_mean,7.6,2 (28.57%),5 (71.43%),
ta_avg_window_mean,7.7,1 (50.00%),1 (50.00%),
ta_avg_window_mean,7.8,1 (33.33%),2 (66.67%),
ta_avg_window_mean,8.0,1 (50.00%),1 (50.00%),
ta_avg_window_mean,8.1,2 (66.67%),1 (33.33%),
ta_avg_window_mean,8.2,4 (66.67%),2 (33.33%),
ta_avg_window_mean,8.4,7 (87.50%),1 (12.50%),
ta_avg_window_mean,8.5,4 (66.67%),2 (33.33%),
ta_avg_window_mean,8.8,3 (42.86%),4 (57.14%),
ta_avg_window_mean,8.9,5 (83.33%),1 (16.67%),
ta_avg_window_mean,9.1,2 (50.00%),2 (50.00%),
ta_avg_window_mean,9.2,4 (50.00%),4 (50.00%),
ta_avg_window_mean,9.3,2 (50.00%),2 (50.00%),
ta_avg_window_mean,9.366666666666667,3 (75.00%),1 (25.00%),
ta_avg_window_mean,9.4,3 (50.00%),3 (50.00%),
ta_avg_window_mean,9.6,1 (50.00%),1 (50.00%),
ta_avg_window_mean,9.7,3 (60.00%),2 (40.00%),
ta_avg_window_mean,9.8,2 (66.67%),1 (33.33%),
ta_avg_window_mean,10.2,4 (80.00%),1 (20.00%),
ta_avg_window_mean,10.3,6 (85.71%),1 (14.29%),
ta_avg_window_mean,10.4,3 (75.00%),1 (25.00%),
ta_avg_window_mean,10.6,2 (40.00%),3 (60.00%),
ta_avg_window_mean,10.8,4 (57.14%),3 (42.86%),
ta_avg_window_mean,10.9,4 (66.67%),2 (33.33%),
ta_avg_window_mean,11.0,2 (66.67%),1 (33.33%),
ta_avg_window_mean,11.2,3 (75.00%),1 (25.00%),
ta_avg_window_mean,11.3,3 (60.00%),2 (40.00%),
ta_avg_window_mean,11.4,6 (75.00%),2 (25.00%),
ta_avg_window_mean,11.5,1 (50.00%),1 (50.00%),
ta_avg_window_mean,11.566666666666668,1 (50.00%),1 (50.00%),
ta_avg_window_mean,11.6,2 (33.33%),4 (66.67%),
ta_avg_window_mean,11.7,3 (75.00%),1 (25.00%),
ta_avg_window_mean,11.8,1 (33.33%),2 (66.67%),
ta_avg_window_mean,11.9,4 (57.14%),3 (42.86%),
ta_avg_window_mean,12.0,2 (66.67%),1 (33.33%),
ta_avg_window_mean,12.1,2 (28.57%),5 (71.43%),
ta_avg_window_mean,12.2,3 (75.00%),1 (25.00%),
ta_avg_window_mean,12.4,4 (66.67%),2 (33.33%),
ta_avg_window_mean,12.5,3 (30.00%),7 (70.00%),
ta_avg_window_mean,12.6,1 (33.33%),2 (66.67%),
ta_avg_window_mean,12.7,6 (85.71%),1 (14.29%),
ta_avg_window_mean,12.8,3 (60.00%),2 (40.00%),
ta_avg_window_mean,12.9,6 (60.00%),4 (40.00%),
ta_avg_window_mean,13.0,3 (50.00%),3 (50.00%),
ta_avg_window_mean,13.1,3 (60.00%),2 (40.00%),
ta_avg_window_mean,13.2,4 (80.00%),1 (20.00%),
ta_avg_window_mean,13.3,2 (33.33%),4 (66.67%),
ta_avg_window_mean,13.4,2 (66.67%),1 (33.33%),
ta_avg_window_mean,13.5,4 (80.00%),1 (20.00%),
ta_avg_window_mean,13.6,2 (33.33%),4 (66.67%),
ta_avg_window_mean,13.8,5 (71.43%),2 (28.57%),
ta_avg_window_mean,13.933333333333332,1 (50.00%),1 (50.00%),
ta_avg_window_mean,14.0,5 (83.33%),1 (16.67%),
ta_avg_window_mean,14.1,2 (66.67%),1 (33.33%),
ta_avg_window_mean,14.2,2 (50.00%),2 (50.00%),
ta_avg_window_mean,14.3,3 (75.00%),1 (25.00%),
ta_avg_window_mean,14.4,3 (60.00%),2 (40.00%),
ta_avg_window_mean,14.5,4 (66.67%),2 (33.33%),
ta_avg_window_mean,14.6,4 (50.00%),4 (50.00%),
ta_avg_window_mean,14.7,1 (25.00%),3 (75.00%),
ta_avg_window_mean,14.8,3 (37.50%),5 (62.50%),
ta_avg_window_mean,14.9,4 (66.67%),2 (33.33%),
ta_avg_window_mean,15.0,1 (25.00%),3 (75.00%),
ta_avg_window_mean,15.1,1 (33.33%),2 (66.67%),
ta_avg_window_mean,15.3,5 (83.33%),1 (16.67%),
ta_avg_window_mean,15.4,2 (40.00%),3 (60.00%),
ta_avg_window_mean,15.5,2 (40.00%),3 (60.00%),
ta_avg_window_mean,15.6,2 (66.67%),1 (33.33%),
ta_avg_window_mean,15.7,5 (71.43%),2 (28.57%),
ta_avg_window_mean,15.8,3 (75.00%),1 (25.00%),
ta_avg_window_mean,15.9,1 (33.33%),2 (66.67%),
ta_avg_window_mean,16.0,3 (75.00%),1 (25.00%),
ta_avg_window_mean,16.1,2 (50.00%),2 (50.00%),
ta_avg_window_mean,16.2,1 (33.33%),2 (66.67%),
ta_avg_window_mean,16.3,1 (33.33%),2 (66.67%),
ta_avg_window_mean,16.5,1 (50.00%),1 (50.00%),
ta_avg_window_mean,16.6,3 (42.86%),4 (57.14%),
ta_avg_window_mean,17.0,4 (50.00%),4 (50.00%),
ta_avg_window_mean,17.1,1 (50.00%),1 (50.00%),
ta_avg_window_mean,17.2,2 (33.33%),4 (66.67%),
ta_avg_window_mean,17.3,2 (66.67%),1 (33.33%),
ta_avg_window_mean,17.4,4 (66.67%),2 (33.33%),
ta_avg_window_mean,17.5,1 (20.00%),4 (80.00%),
ta_avg_window_mean,17.566666666666666,2 (66.67%),1 (33.33%),
ta_avg_window_mean,17.7,3 (75.00%),1 (25.00%),
ta_avg_window_mean,17.8,3 (50.00%),3 (50.00%),
ta_avg_window_mean,17.9,5 (71.43%),2 (28.57%),
ta_avg_window_mean,18.2,1 (50.00%),1 (50.00%),
ta_avg_window_mean,18.3,2 (33.33%),4 (66.67%),
ta_avg_window_mean,18.4,2 (50.00%),2 (50.00%),
ta_avg_window_mean,18.5,1 (33.33%),2 (66.67%),
ta_avg_window_mean,18.6,2 (50.00%),2 (50.00%),
ta_avg_window_mean,18.633333333333336,1 (50.00%),1 (50.00%),
ta_avg_window_mean,18.7,1 (50.00%),1 (50.00%),
ta_avg_window_mean,18.8,2 (40.00%),3 (60.00%),
ta_avg_window_mean,19.0,2 (40.00%),3 (60.00%),
ta_avg_window_mean,19.1,1 (20.00%),4 (80.00%),
ta_avg_window_mean,19.3,1 (33.33%),2 (66.67%),
ta_avg_window_mean,19.4,6 (75.00%),2 (25.00%),
ta_avg_window_mean,19.5,3 (42.86%),4 (57.14%),
ta_avg_window_mean,19.6,4 (66.67%),2 (33.33%),
ta_avg_window_mean,19.7,3 (50.00%),3 (50.00%),
ta_avg_window_mean,19.8,1 (25.00%),3 (75.00%),
ta_avg_window_mean,19.9,5 (62.50%),3 (37.50%),
ta_avg_window_mean,20.0,4 (80.00%),1 (20.00%),
ta_avg_window_mean,20.1,2 (50.00%),2 (50.00%),
ta_avg_window_mean,20.2,4 (50.00%),4 (50.00%),
ta_avg_window_mean,20.3,1 (25.00%),3 (75.00%),
ta_avg_window_mean,20.4,5 (71.43%),2 (28.57%),
ta_avg_window_mean,20.5,6 (85.71%),1 (14.29%),
ta_avg_window_mean,20.6,3 (50.00%),3 (50.00%),
ta_avg_window_mean,20.7,7 (77.78%),2 (22.22%),
ta_avg_window_mean,20.8,2 (50.00%),2 (50.00%),
ta_avg_window_mean,20.9,4 (44.44%),5 (55.56%),
ta_avg_window_mean,21.0,1 (16.67%),5 (83.33%),
ta_avg_window_mean,21.1,4 (80.00%),1 (20.00%),
ta_avg_window_mean,21.3,1 (50.00%),1 (50.00%),
ta_avg_window_mean,21.4,3 (42.86%),4 (57.14%),
ta_avg_window_mean,21.6,1 (33.33%),2 (66.67%),
ta_avg_window_mean,21.7,6 (75.00%),2 (25.00%),
ta_avg_window_mean,21.8,4 (80.00%),1 (20.00%),
ta_avg_window_mean,21.866666666666664,1 (50.00%),1 (50.00%),
ta_avg_window_mean,22.0,5 (83.33%),1 (16.67%),
ta_avg_window_mean,22.1,1 (20.00%),4 (80.00%),
ta_avg_window_mean,22.2,3 (50.00%),3 (50.00%),
ta_avg_window_mean,22.3,2 (28.57%),5 (71.43%),
ta_avg_window_mean,22.4,3 (50.00%),3 (50.00%),
ta_avg_window_mean,22.5,4 (57.14%),3 (42.86%),
ta_avg_window_mean,22.6,5 (83.33%),1 (16.67%),
ta_avg_window_mean,22.7,7 (77.78%),2 (22.22%),
ta_avg_window_mean,22.8,7 (77.78%),2 (22.22%),
ta_avg_window_mean,22.9,2 (28.57%),5 (71.43%),
ta_avg_window_mean,23.0,4 (57.14%),3 (42.86%),
ta_avg_window_mean,23.2,4 (66.67%),2 (33.33%),
ta_avg_window_mean,23.3,4 (66.67%),2 (33.33%),
ta_avg_window_mean,23.4,2 (28.57%),5 (71.43%),
ta_avg_window_mean,23.5,6 (60.00%),4 (40.00%),
ta_avg_window_mean,23.6,5 (55.56%),4 (44.44%),
ta_avg_window_mean,23.7,7 (70.00%),3 (30.00%),
ta_avg_window_mean,23.8,3 (75.00%),1 (25.00%),
ta_avg_window_mean,23.9,4 (66.67%),2 (33.33%),
ta_avg_window_mean,24.0,3 (60.00%),2 (40.00%),
ta_avg_window_mean,24.1,5 (50.00%),5 (50.00%),
ta_avg_window_mean,24.3,7 (70.00%),3 (30.00%),
ta_avg_window_mean,24.4,4 (80.00%),1 (20.00%),
ta_avg_window_mean,24.433333333333334,1 (33.33%),2 (66.67%),
ta_avg_window_mean,24.5,4 (80.00%),1 (20.00%),
ta_avg_window_mean,24.633333333333336,2 (66.67%),1 (33.33%),
ta_avg_window_mean,24.7,7 (70.00%),3 (30.00%),
ta_avg_window_mean,24.8,5 (83.33%),1 (16.67%),
ta_avg_window_mean,24.866666666666664,1 (50.00%),1 (50.00%),
ta_avg_window_mean,25.0,7 (70.00%),3 (30.00%),
ta_avg_window_mean,25.1,3 (50.00%),3 (50.00%),
ta_avg_window_mean,25.2,4 (80.00%),1 (20.00%),
ta_avg_window_mean,25.3,5 (62.50%),3 (37.50%),
ta_avg_window_mean,25.4,1 (20.00%),4 (80.00%),
ta_avg_window_mean,25.5,6 (50.00%),6 (50.00%),
ta_avg_window_mean,25.6,4 (66.67%),2 (33.33%),
ta_avg_window_mean,25.7,1 (16.67%),5 (83.33%),
ta_avg_window_mean,25.8,4 (50.00%),4 (50.00%),
ta_avg_window_mean,25.9,2 (66.67%),1 (33.33%),
ta_avg_window_mean,26.1,1 (33.33%),2 (66.67%),
ta_avg_window_mean,26.2,2 (66.67%),1 (33.33%),
ta_avg_window_mean,26.3,3 (42.86%),4 (57.14%),
ta_avg_window_mean,26.4,1 (20.00%),4 (80.00%),
ta_avg_window_mean,26.5,3 (50.00%),3 (50.00%),
ta_avg_window_mean,26.6,9 (75.00%),3 (25.00%),
ta_avg_window_mean,27.0,3 (50.00%),3 (50.00%),
ta_avg_window_mean,27.1,4 (57.14%),3 (42.86%),
ta_avg_window_mean,27.2,3 (75.00%),1 (25.00%),
ta_avg_window_mean,27.3,5 (83.33%),1 (16.67%),
ta_avg_window_mean,27.4,3 (60.00%),2 (40.00%),
ta_avg_window_mean,27.6,3 (60.00%),2 (40.00%),
ta_avg_window_mean,27.7,4 (80.00%),1 (20.00%),
ta_avg_window_mean,27.9,4 (80.00%),1 (20.00%),
ta_avg_window_mean,28.0,2 (50.00%),2 (50.00%),
ta_avg_window_mean,28.1,1 (14.29%),6 (85.71%),
ta_avg_window_mean,28.4,2 (40.00%),3 (60.00%),
ta_avg_window_mean,28.6,4 (66.67%),2 (33.33%),
ta_avg_window_mean,28.8,1 (16.67%),5 (83.33%),
ta_avg_window_mean,28.9,3 (50.00%),3 (50.00%),
ta_avg_window_mean,29.0,1 (50.00%),1 (50.00%),
ta_avg_window_mean,29.1,2 (50.00%),2 (50.00%),
ta_avg_window_mean,29.3,1 (50.00%),1 (50.00%),
ta_avg_window_mean,29.4,5 (50.00%),5 (50.00%),
ta_avg_window_mean,29.5,5 (62.50%),3 (37.50%),
ta_avg_window_mean,29.7,2 (66.67%),1 (33.33%),
ta_avg_window_mean,29.8,1 (33.33%),2 (66.67%),
ta_avg_window_mean,29.9,2 (66.67%),1 (33.33%),
ta_avg_window_mean,30.5,2 (66.67%),1 (33.33%),
ta_avg_window_mean,30.7,3 (75.00%),1 (25.00%),
ta_avg_window_mean,30.9,2 (66.67%),1 (33.33%),
ta_avg_window_mean,31.1,1 (50.00%),1 (50.00%),
ta_avg_window_mean,31.2,1 (50.00%),1 (50.00%),
ta_avg_window_mean,31.4,2 (66.67%),1 (33.33%),
CAP_UTIL,63.9,19 (82.61%),4 (17.39%),"$\chi^2$=177.99, $p$=0.00"
CAP_UTIL,68.2,9 (45.00%),11 (55.00%),
CAP_UTIL,68.6,17 (80.95%),4 (19.05%),
CAP_UTIL,69.8,8 (42.11%),11 (57.89%),
CAP_UTIL,69.9,12 (60.00%),8 (40.00%),
CAP_UTIL,70.0,9 (42.86%),12 (57.14%),
CAP_UTIL,70.1,23 (54.76%),19 (45.24%),
CAP_UTIL,70.2,14 (63.64%),8 (36.36%),
CAP_UTIL,70.4,29 (74.36%),10 (25.64%),
CAP_UTIL,70.5,14 (70.00%),6 (30.00%),
CAP_UTIL,70.7,16 (84.21%),3 (15.79%),
CAP_UTIL,70.8,25 (60.98%),16 (39.02%),
CAP_UTIL,70.9,11 (26.83%),30 (73.17%),
CAP_UTIL,71.3,20 (50.00%),20 (50.00%),
CAP_UTIL,71.4,9 (47.37%),10 (52.63%),
CAP_UTIL,71.5,17 (80.95%),4 (19.05%),
CAP_UTIL,71.6,28 (65.12%),15 (34.88%),
CAP_UTIL,71.8,13 (61.90%),8 (38.10%),
CAP_UTIL,71.9,30 (76.92%),9 (23.08%),
CAP_UTIL,72.1,18 (81.82%),4 (18.18%),
CAP_UTIL,72.2,28 (68.29%),13 (31.71%),
CAP_UTIL,72.4,28 (73.68%),10 (26.32%),
CAP_UTIL,72.5,41 (64.06%),23 (35.94%),
CAP_UTIL,72.6,37 (61.67%),23 (38.33%),
CAP_UTIL,72.7,23 (56.10%),18 (43.90%),
CAP_UTIL,72.8,10 (55.56%),8 (44.44%),
CAP_UTIL,72.9,22 (52.38%),20 (47.62%),
CAP_UTIL,73.0,19 (46.34%),22 (53.66%),
CAP_UTIL,73.1,43 (70.49%),18 (29.51%),
CAP_UTIL,73.2,19 (46.34%),22 (53.66%),
CAP_UTIL,73.3,60 (57.14%),45 (42.86%),
CAP_UTIL,73.4,70 (80.46%),17 (19.54%),
CAP_UTIL,73.5,10 (45.45%),12 (54.55%),
CAP_UTIL,73.6,55 (53.40%),48 (46.60%),
CAP_UTIL,73.7,39 (68.42%),18 (31.58%),
CAP_UTIL,73.8,16 (76.19%),5 (23.81%),
CAP_UTIL,73.9,39 (48.75%),41 (51.25%),
CAP_UTIL,74.0,28 (71.79%),11 (28.21%),
CAP_UTIL,74.2,21 (53.85%),18 (46.15%),
CAP_UTIL,74.3,52 (62.65%),31 (37.35%),
CAP_UTIL,74.4,5 (35.71%),9 (64.29%),
CAP_UTIL,74.6,2 (9.52%),19 (90.48%),
CAP_UTIL,74.7,10 (52.63%),9 (47.37%),
CAP_UTIL,74.8,15 (78.95%),4 (21.05%),
CAP_UTIL,74.9,17 (89.47%),2 (10.53%),
CAP_UTIL,75.0,23 (56.10%),18 (43.90%),
CAP_UTIL,75.1,15 (75.00%),5 (25.00%),
CAP_UTIL,75.2,11 (57.89%),8 (42.11%),
CAP_UTIL,75.4,13 (61.90%),8 (38.10%),
CAP_UTIL,75.5,3 (15.79%),16 (84.21%),
CAP_UTIL,75.7,21 (95.45%),1 (4.55%),
CAP_UTIL,75.9,22 (50.00%),22 (50.00%),
CAP_UTIL,76.4,14 (70.00%),6 (30.00%),
CAP_UTIL,76.8,11 (55.00%),9 (45.00%),
CAP_UTIL,78.3,14 (66.67%),7 (33.33%),
CAP_UTIL,78.4,11 (52.38%),10 (47.62%),
CAP_UTIL,79.4,14 (73.68%),5 (26.32%),
CAP_UTIL,79.6,14 (70.00%),6 (30.00%),
GDP,480607.4,41 (68.33%),19 (31.67%),"$\chi^2$=174.09, $p$=0.00"
GDP,489586.8,34 (54.84%),28 (45.16%),
GDP,493865.8,16 (94.12%),1 (5.88%),
GDP,495398.3,46 (74.19%),16 (25.81%),
GDP,503114.2,29 (46.03%),34 (53.97%),
GDP,504711.6,52 (88.14%),7 (11.86%),
GDP,506697.6,51 (85.00%),9 (15.00%),
GDP,508120.9,34 (53.97%),29 (46.03%),
GDP,513715.6,36 (58.06%),26 (41.94%),
GDP,515789.6,48 (77.42%),14 (22.58%),
GDP,516735.4,17 (28.33%),43 (71.67%),
GDP,517949.8,15 (24.59%),46 (75.41%),
GDP,525232.6,35 (56.45%),27 (43.55%),
GDP,532318.0,45 (73.77%),16 (26.23%),
GDP,534085.8,49 (77.78%),14 (22.22%),
GDP,537521.3,30 (46.88%),34 (53.12%),
GDP,538355.5,30 (50.85%),29 (49.15%),
GDP,546238.3,38 (61.29%),24 (38.71%),
GDP,548710.3,36 (57.14%),27 (42.86%),
GDP,550232.4,36 (60.00%),24 (40.00%),
GDP,550377.7,30 (49.18%),31 (50.82%),
GDP,554270.0,39 (62.90%),23 (37.10%),
GDP,555965.8,46 (74.19%),16 (25.81%),
GDP,560882.1,34 (55.74%),27 (44.26%),
GDP,564472.1,38 (61.29%),24 (38.71%),
GDP,569425.3,42 (70.00%),18 (30.00%),
GDP,572424.9,40 (64.52%),22 (35.48%),
GDP,573463.8,36 (62.07%),22 (37.93%),
GDP,576690.6,33 (53.23%),29 (46.77%),
GDP,576794.3,34 (54.84%),28 (45.16%),
GDP,582913.5,38 (64.41%),21 (35.59%),
GDP,589505.5,37 (60.66%),24 (39.34%),
GDP,595936.0,47 (78.33%),13 (21.67%),
GDP,605345.2,24 (41.38%),34 (58.62%),
ta_avg_dev_abs_window_mean,0.0045462844622985,5 (55.56%),4 (44.44%),"$\chi^2$=173.08, $p$=1.00"
ta_avg_dev_abs_window_mean,0.0954537155377011,3 (50.00%),3 (50.00%),
ta_avg_dev_abs_window_mean,0.1045462844622981,2 (50.00%),2 (50.00%),
ta_avg_dev_abs_window_mean,0.1954537155377007,3 (60.00%),2 (40.00%),
ta_avg_dev_abs_window_mean,0.2045462844622996,4 (80.00%),1 (20.00%),
ta_avg_dev_abs_window_mean,0.2954537155377004,4 (80.00%),1 (20.00%),
ta_avg_dev_abs_window_mean,0.3045462844622992,1 (33.33%),2 (66.67%),
ta_avg_dev_abs_window_mean,0.3954537155377018,2 (33.33%),4 (66.67%),
ta_avg_dev_abs_window_mean,0.4045462844622989,2 (22.22%),7 (77.78%),
ta_avg_dev_abs_window_mean,0.4954537155377014,2 (66.67%),1 (33.33%),
ta_avg_dev_abs_window_mean,0.5045462844622985,4 (66.67%),2 (33.33%),
ta_avg_dev_abs_window_mean,0.5954537155377011,4 (80.00%),1 (20.00%),
ta_avg_dev_abs_window_mean,0.6954537155377007,1 (25.00%),3 (75.00%),
ta_avg_dev_abs_window_mean,0.7045462844622996,3 (75.00%),1 (25.00%),
ta_avg_dev_abs_window_mean,0.8045462844622993,1 (20.00%),4 (80.00%),
ta_avg_dev_abs_window_mean,0.8954537155377018,4 (66.67%),2 (33.33%),
ta_avg_dev_abs_window_mean,1.0045462844622983,4 (57.14%),3 (42.86%),
ta_avg_dev_abs_window_mean,1.095453715537701,5 (83.33%),1 (16.67%),
ta_avg_dev_abs_window_mean,1.1045462844622982,1 (33.33%),2 (66.67%),
ta_avg_dev_abs_window_mean,1.1954537155377007,2 (66.67%),1 (33.33%),
ta_avg_dev_abs_window_mean,1.2045462844622996,3 (75.00%),1 (25.00%),
ta_avg_dev_abs_window_mean,1.2954537155377004,2 (50.00%),2 (50.00%),
ta_avg_dev_abs_window_mean,1.3045462844622993,2 (33.33%),4 (66.67%),
ta_avg_dev_abs_window_mean,1.404546284462299,1 (50.00%),1 (50.00%),
ta_avg_dev_abs_window_mean,1.4954537155377017,2 (66.67%),1 (33.33%),
ta_avg_dev_abs_window_mean,1.5045462844622983,6 (75.00%),2 (25.00%),
ta_avg_dev_abs_window_mean,1.595453715537701,2 (50.00%),2 (50.00%),
ta_avg_dev_abs_window_mean,1.6045462844622982,3 (75.00%),1 (25.00%),
ta_avg_dev_abs_window_mean,1.6954537155377007,4 (57.14%),3 (42.86%),
ta_avg_dev_abs_window_mean,1.7045462844622996,3 (75.00%),1 (25.00%),
ta_avg_dev_abs_window_mean,1.7954537155377004,1 (25.00%),3 (75.00%),
ta_avg_dev_abs_window_mean,1.8954537155377016,3 (42.86%),4 (57.14%),
ta_avg_dev_abs_window_mean,1.904546284462299,2 (66.67%),1 (33.33%),
ta_avg_dev_abs_window_mean,1.9954537155377008,4 (66.67%),2 (33.33%),
ta_avg_dev_abs_window_mean,2.0045462844622985,3 (60.00%),2 (40.00%),
ta_avg_dev_abs_window_mean,2.095453715537701,1 (25.00%),3 (75.00%),
ta_avg_dev_abs_window_mean,2.104546284462298,4 (57.14%),3 (42.86%),
ta_avg_dev_abs_window_mean,2.1954537155377007,1 (33.33%),2 (66.67%),
ta_avg_dev_abs_window_mean,2.3045462844623,1 (25.00%),3 (75.00%),
ta_avg_dev_abs_window_mean,2.395453715537702,5 (83.33%),1 (16.67%),
ta_avg_dev_abs_window_mean,2.495453715537701,2 (40.00%),3 (60.00%),
ta_avg_dev_abs_window_mean,2.5045462844622985,3 (75.00%),1 (25.00%),
ta_avg_dev_abs_window_mean,2.595453715537701,2 (40.00%),3 (60.00%),
ta_avg_dev_abs_window_mean,2.604546284462298,6 (85.71%),1 (14.29%),
ta_avg_dev_abs_window_mean,2.6954537155377007,2 (66.67%),1 (33.33%),
ta_avg_dev_abs_window_mean,2.7045462844623,4 (80.00%),1 (20.00%),
ta_avg_dev_abs_window_mean,2.7954537155377004,5 (71.43%),2 (28.57%),
ta_avg_dev_abs_window_mean,2.895453715537702,3 (75.00%),1 (25.00%),
ta_avg_dev_abs_window_mean,2.995453715537701,1 (33.33%),2 (66.67%),
ta_avg_dev_abs_window_mean,3.095453715537701,2 (66.67%),1 (33.33%),
ta_avg_dev_abs_window_mean,3.104546284462298,2 (66.67%),1 (33.33%),
ta_avg_dev_abs_window_mean,3.1954537155377025,2 (50.00%),2 (50.00%),
ta_avg_dev_abs_window_mean,3.2045462844623,3 (60.00%),2 (40.00%),
ta_avg_dev_abs_window_mean,3.2954537155377004,1 (33.33%),2 (66.67%),
ta_avg_dev_abs_window_mean,3.3045462844623,1 (50.00%),1 (50.00%),
ta_avg_dev_abs_window_mean,3.395453715537702,1 (33.33%),2 (66.67%),
ta_avg_dev_abs_window_mean,3.5045462844622985,3 (60.00%),2 (40.00%),
ta_avg_dev_abs_window_mean,3.537879617795632,3 (75.00%),1 (25.00%),
ta_avg_dev_abs_window_mean,3.604546284462298,2 (50.00%),2 (50.00%),
ta_avg_dev_abs_window_mean,3.695453715537704,2 (40.00%),3 (60.00%),
ta_avg_dev_abs_window_mean,3.7045462844623,4 (50.00%),4 (50.00%),
ta_avg_dev_abs_window_mean,3.8045462844622993,2 (50.00%),2 (50.00%),
ta_avg_dev_abs_window_mean,4.0045462844622985,5 (83.33%),1 (16.67%),
ta_avg_dev_abs_window_mean,4.095453715537701,4 (57.14%),3 (42.86%),
ta_avg_dev_abs_window_mean,4.104546284462298,3 (42.86%),4 (57.14%),
ta_avg_dev_abs_window_mean,4.195453715537703,1 (50.00%),1 (50.00%),
ta_avg_dev_abs_window_mean,4.2954537155377,2 (40.00%),3 (60.00%),
ta_avg_dev_abs_window_mean,4.395453715537702,2 (66.67%),1 (33.33%),
ta_avg_dev_abs_window_mean,4.404546284462299,4 (66.67%),2 (33.33%),
ta_avg_dev_abs_window_mean,4.4954537155377,4 (66.67%),2 (33.33%),
ta_avg_dev_abs_window_mean,4.5045462844622985,6 (85.71%),1 (14.29%),
ta_avg_dev_abs_window_mean,4.595453715537701,1 (20.00%),4 (80.00%),
ta_avg_dev_abs_window_mean,4.662120382204368,1 (50.00%),1 (50.00%),
ta_avg_dev_abs_window_mean,4.7045462844623,3 (60.00%),2 (40.00%),
ta_avg_dev_abs_window_mean,4.7954537155377,3 (75.00%),1 (25.00%),
ta_avg_dev_abs_window_mean,4.804546284462299,2 (66.67%),1 (33.33%),
ta_avg_dev_abs_window_mean,4.895453715537702,3 (50.00%),3 (50.00%),
ta_avg_dev_abs_window_mean,4.9954537155377,4 (80.00%),1 (20.00%),
ta_avg_dev_abs_window_mean,5.104546284462299,1 (33.33%),2 (66.67%),
ta_avg_dev_abs_window_mean,5.204546284462299,1 (50.00%),1 (50.00%),
ta_avg_dev_abs_window_mean,5.2954537155377,1 (50.00%),1 (50.00%),
ta_avg_dev_abs_window_mean,5.304546284462298,1 (50.00%),1 (50.00%),
ta_avg_dev_abs_window_mean,5.304546284462299,2 (33.33%),4 (66.67%),
ta_avg_dev_abs_window_mean,5.395453715537702,2 (40.00%),3 (60.00%),
ta_avg_dev_abs_window_mean,5.404546284462299,3 (75.00%),1 (25.00%),
ta_avg_dev_abs_window_mean,5.4954537155377,2 (50.00%),2 (50.00%),
ta_avg_dev_abs_window_mean,5.5045462844622985,8 (88.89%),1 (11.11%),
ta_avg_dev_abs_window_mean,5.595453715537701,1 (33.33%),2 (66.67%),
ta_avg_dev_abs_window_mean,5.695453715537703,2 (50.00%),2 (50.00%),
ta_avg_dev_abs_window_mean,5.704546284462299,2 (40.00%),3 (60.00%),
ta_avg_dev_abs_window_mean,5.728787048871035,1 (50.00%),1 (50.00%),
ta_avg_dev_abs_window_mean,5.7954537155377,1 (50.00%),1 (50.00%),
ta_avg_dev_abs_window_mean,5.804546284462299,3 (50.00%),3 (50.00%),
ta_avg_dev_abs_window_mean,5.895453715537702,2 (40.00%),3 (60.00%),
ta_avg_dev_abs_window_mean,5.904546284462299,2 (66.67%),1 (33.33%),
ta_avg_dev_abs_window_mean,6.095453715537701,2 (40.00%),3 (60.00%),
ta_avg_dev_abs_window_mean,6.104546284462299,2 (28.57%),5 (71.43%),
ta_avg_dev_abs_window_mean,6.195453715537703,1 (20.00%),4 (80.00%),
ta_avg_dev_abs_window_mean,6.204546284462299,4 (66.67%),2 (33.33%),
ta_avg_dev_abs_window_mean,6.304546284462299,4 (57.14%),3 (42.86%),
ta_avg_dev_abs_window_mean,6.404546284462299,4 (66.67%),2 (33.33%),
ta_avg_dev_abs_window_mean,6.4954537155377,6 (85.71%),1 (14.29%),
ta_avg_dev_abs_window_mean,6.5045462844622985,4 (66.67%),2 (33.33%),
ta_avg_dev_abs_window_mean,6.595453715537701,3 (42.86%),4 (57.14%),
ta_avg_dev_abs_window_mean,6.695453715537703,4 (66.67%),2 (33.33%),
ta_avg_dev_abs_window_mean,6.704546284462299,2 (66.67%),1 (33.33%),
ta_avg_dev_abs_window_mean,6.7954537155377,3 (50.00%),3 (50.00%),
ta_avg_dev_abs_window_mean,6.804546284462299,4 (66.67%),2 (33.33%),
ta_avg_dev_abs_window_mean,6.895453715537702,1 (25.00%),3 (75.00%),
ta_avg_dev_abs_window_mean,6.904546284462299,3 (60.00%),2 (40.00%),
ta_avg_dev_abs_window_mean,6.9954537155377,5 (62.50%),3 (37.50%),
ta_avg_dev_abs_window_mean,7.095453715537701,4 (80.00%),1 (20.00%),
ta_avg_dev_abs_window_mean,7.104546284462299,6 (85.71%),1 (14.29%),
ta_avg_dev_abs_window_mean,7.195453715537703,2 (50.00%),2 (50.00%),
ta_avg_dev_abs_window_mean,7.204546284462299,1 (33.33%),2 (66.67%),
ta_avg_dev_abs_window_mean,7.2954537155377,3 (42.86%),4 (57.14%),
ta_avg_dev_abs_window_mean,7.395453715537702,1 (25.00%),3 (75.00%),
ta_avg_dev_abs_window_mean,7.404546284462299,1 (50.00%),1 (50.00%),
ta_avg_dev_abs_window_mean,7.4954537155377,5 (71.43%),2 (28.57%),
ta_avg_dev_abs_window_mean,7.595453715537701,6 (85.71%),1 (14.29%),
ta_avg_dev_abs_window_mean,7.604546284462299,4 (66.67%),2 (33.33%),
ta_avg_dev_abs_window_mean,7.6954537155377025,2 (40.00%),3 (60.00%),
ta_avg_dev_abs_window_mean,7.7954537155377,6 (75.00%),2 (25.00%),
ta_avg_dev_abs_window_mean,7.895453715537702,2 (50.00%),2 (50.00%),
ta_avg_dev_abs_window_mean,7.904546284462299,4 (80.00%),1 (20.00%),
ta_avg_dev_abs_window_mean,7.9954537155377,4 (44.44%),5 (55.56%),
ta_avg_dev_abs_window_mean,8.004546284462299,7 (70.00%),3 (30.00%),
ta_avg_dev_abs_window_mean,8.095453715537701,1 (16.67%),5 (83.33%),
ta_avg_dev_abs_window_mean,8.104546284462298,3 (75.00%),1 (25.00%),
ta_avg_dev_abs_window_mean,8.195453715537703,3 (75.00%),1 (25.00%),
ta_avg_dev_abs_window_mean,8.2045462844623,2 (50.00%),2 (50.00%),
ta_avg_dev_abs_window_mean,8.3045462844623,4 (40.00%),6 (60.00%),
ta_avg_dev_abs_window_mean,8.395453715537702,1 (50.00%),1 (50.00%),
ta_avg_dev_abs_window_mean,8.404546284462299,5 (38.46%),8 (61.54%),
ta_avg_dev_abs_window_mean,8.4954537155377,2 (33.33%),4 (66.67%),
ta_avg_dev_abs_window_mean,8.504546284462299,1 (50.00%),1 (50.00%),
ta_avg_dev_abs_window_mean,8.604546284462298,1 (50.00%),1 (50.00%),
ta_avg_dev_abs_window_mean,8.695453715537703,1 (33.33%),2 (66.67%),
ta_avg_dev_abs_window_mean,8.7045462844623,3 (50.00%),3 (50.00%),
ta_avg_dev_abs_window_mean,8.771212951128966,1 (50.00%),1 (50.00%),
ta_avg_dev_abs_window_mean,8.7954537155377,4 (66.67%),2 (33.33%),
ta_avg_dev_abs_window_mean,8.895453715537702,3 (75.00%),1 (25.00%),
ta_avg_dev_abs_window_mean,8.904546284462299,3 (75.00%),1 (25.00%),
ta_avg_dev_abs_window_mean,9.004546284462299,3 (60.00%),2 (40.00%),
ta_avg_dev_abs_window_mean,9.0954537155377,5 (83.33%),1 (16.67%),
ta_avg_dev_abs_window_mean,9.195453715537704,1 (20.00%),4 (80.00%),
ta_avg_dev_abs_window_mean,9.2045462844623,4 (80.00%),1 (20.00%),
ta_avg_dev_abs_window_mean,9.2954537155377,3 (50.00%),3 (50.00%),
ta_avg_dev_abs_window_mean,9.395453715537702,2 (28.57%),5 (71.43%),
ta_avg_dev_abs_window_mean,9.4045462844623,5 (71.43%),2 (28.57%),
ta_avg_dev_abs_window_mean,9.4954537155377,3 (50.00%),3 (50.00%),
ta_avg_dev_abs_window_mean,9.5045462844623,3 (75.00%),1 (25.00%),
ta_avg_dev_abs_window_mean,9.5954537155377,4 (57.14%),3 (42.86%),
ta_avg_dev_abs_window_mean,9.695453715537704,2 (66.67%),1 (33.33%),
ta_avg_dev_abs_window_mean,9.7954537155377,7 (77.78%),2 (22.22%),
ta_avg_dev_abs_window_mean,9.8045462844623,4 (80.00%),1 (20.00%),
ta_avg_dev_abs_window_mean,9.895453715537702,7 (77.78%),2 (22.22%),
ta_avg_dev_abs_window_mean,9.9045462844623,2 (50.00%),2 (50.00%),
ta_avg_dev_abs_window_mean,9.9954537155377,2 (28.57%),5 (71.43%),
ta_avg_dev_abs_window_mean,10.0045462844623,3 (42.86%),4 (57.14%),
ta_avg_dev_abs_window_mean,10.0954537155377,4 (57.14%),3 (42.86%),
ta_avg_dev_abs_window_mean,10.104546284462298,3 (42.86%),4 (57.14%),
ta_avg_dev_abs_window_mean,10.2954537155377,4 (66.67%),2 (33.33%),
ta_avg_dev_abs_window_mean,10.3045462844623,4 (80.00%),1 (20.00%),
ta_avg_dev_abs_window_mean,10.395453715537702,4 (66.67%),2 (33.33%),
ta_avg_dev_abs_window_mean,10.471212951128969,1 (50.00%),1 (50.00%),
ta_avg_dev_abs_window_mean,10.4954537155377,2 (28.57%),5 (71.43%),
ta_avg_dev_abs_window_mean,10.5045462844623,7 (77.78%),2 (22.22%),
ta_avg_dev_abs_window_mean,10.5954537155377,6 (60.00%),4 (40.00%),
ta_avg_dev_abs_window_mean,10.604546284462298,4 (66.67%),2 (33.33%),
ta_avg_dev_abs_window_mean,10.695453715537704,5 (55.56%),4 (44.44%),
ta_avg_dev_abs_window_mean,10.7045462844623,2 (66.67%),1 (33.33%),
ta_avg_dev_abs_window_mean,10.7954537155377,7 (70.00%),3 (30.00%),
ta_avg_dev_abs_window_mean,10.8045462844623,7 (77.78%),2 (22.22%),
ta_avg_dev_abs_window_mean,10.895453715537702,2 (66.67%),1 (33.33%),
ta_avg_dev_abs_window_mean,10.9045462844623,4 (57.14%),3 (42.86%),
ta_avg_dev_abs_window_mean,10.9954537155377,4 (66.67%),2 (33.33%),
ta_avg_dev_abs_window_mean,11.0045462844623,2 (50.00%),2 (50.00%),
ta_avg_dev_abs_window_mean,11.071212951128963,2 (66.67%),1 (33.33%),
ta_avg_dev_abs_window_mean,11.0954537155377,3 (60.00%),2 (40.00%),
ta_avg_dev_abs_window_mean,11.195453715537704,5 (55.56%),4 (44.44%),
ta_avg_dev_abs_window_mean,11.2045462844623,5 (83.33%),1 (16.67%),
ta_avg_dev_abs_window_mean,11.3045462844623,3 (75.00%),1 (25.00%),
ta_avg_dev_abs_window_mean,11.395453715537702,7 (70.00%),3 (30.00%),
ta_avg_dev_abs_window_mean,11.4045462844623,2 (50.00%),2 (50.00%),
ta_avg_dev_abs_window_mean,11.4954537155377,4 (80.00%),1 (20.00%),
ta_avg_dev_abs_window_mean,11.5045462844623,6 (66.67%),3 (33.33%),
ta_avg_dev_abs_window_mean,11.5954537155377,4 (80.00%),1 (20.00%),
ta_avg_dev_abs_window_mean,11.604546284462298,4 (66.67%),2 (33.33%),
ta_avg_dev_abs_window_mean,11.7045462844623,3 (60.00%),2 (40.00%),
ta_avg_dev_abs_window_mean,11.7954537155377,7 (70.00%),3 (30.00%),
ta_avg_dev_abs_window_mean,11.895453715537702,4 (80.00%),1 (20.00%),
ta_avg_dev_abs_window_mean,12.0045462844623,3 (75.00%),1 (25.00%),
ta_avg_dev_abs_window_mean,12.0954537155377,7 (70.00%),3 (30.00%),
ta_avg_dev_abs_window_mean,12.104546284462298,2 (66.67%),1 (33.33%),
ta_avg_dev_abs_window_mean,12.195453715537704,3 (50.00%),3 (50.00%),
ta_avg_dev_abs_window_mean,12.2045462844623,1 (50.00%),1 (50.00%),
ta_avg_dev_abs_window_mean,12.2954537155377,4 (80.00%),1 (20.00%),
ta_avg_dev_abs_window_mean,12.3045462844623,4 (66.67%),2 (33.33%),
ta_avg_dev_abs_window_mean,12.395453715537702,5 (62.50%),3 (37.50%),
ta_avg_dev_abs_window_mean,12.4045462844623,3 (60.00%),2 (40.00%),
ta_avg_dev_abs_window_mean,12.4954537155377,1 (20.00%),4 (80.00%),
ta_avg_dev_abs_window_mean,12.5045462844623,1 (50.00%),1 (50.00%),
ta_avg_dev_abs_window_mean,12.5954537155377,6 (50.00%),6 (50.00%),
ta_avg_dev_abs_window_mean,12.695453715537704,4 (80.00%),1 (20.00%),
ta_avg_dev_abs_window_mean,12.7045462844623,2 (40.00%),3 (60.00%),
ta_avg_dev_abs_window_mean,12.7954537155377,1 (20.00%),4 (80.00%),
ta_avg_dev_abs_window_mean,12.895453715537702,4 (57.14%),3 (42.86%),
ta_avg_dev_abs_window_mean,12.9954537155377,2 (66.67%),1 (33.33%),
ta_avg_dev_abs_window_mean,13.0045462844623,3 (75.00%),1 (25.00%),
ta_avg_dev_abs_window_mean,13.104546284462298,1 (50.00%),1 (50.00%),
ta_avg_dev_abs_window_mean,13.195453715537704,1 (33.33%),2 (66.67%),
ta_avg_dev_abs_window_mean,13.2045462844623,3 (75.00%),1 (25.00%),
ta_avg_dev_abs_window_mean,13.2954537155377,2 (66.67%),1 (33.33%),
ta_avg_dev_abs_window_mean,13.3045462844623,3 (75.00%),1 (25.00%),
ta_avg_dev_abs_window_mean,13.395453715537702,3 (42.86%),4 (57.14%),
ta_avg_dev_abs_window_mean,13.4045462844623,2 (40.00%),3 (60.00%),
ta_avg_dev_abs_window_mean,13.4954537155377,1 (20.00%),4 (80.00%),
ta_avg_dev_abs_window_mean,13.5045462844623,4 (57.14%),3 (42.86%),
ta_avg_dev_abs_window_mean,13.5954537155377,3 (50.00%),3 (50.00%),
ta_avg_dev_abs_window_mean,13.695453715537704,7 (70.00%),3 (30.00%),
ta_avg_dev_abs_window_mean,13.7045462844623,3 (60.00%),2 (40.00%),
ta_avg_dev_abs_window_mean,14.0045462844623,4 (80.00%),1 (20.00%),
ta_avg_dev_abs_window_mean,14.0954537155377,3 (50.00%),3 (50.00%),
ta_avg_dev_abs_window_mean,14.104546284462298,2 (66.67%),1 (33.33%),
ta_avg_dev_abs_window_mean,14.195453715537704,4 (57.14%),3 (42.86%),
ta_avg_dev_abs_window_mean,14.2954537155377,3 (75.00%),1 (25.00%),
ta_avg_dev_abs_window_mean,14.3045462844623,1 (50.00%),1 (50.00%),
ta_avg_dev_abs_window_mean,14.395453715537702,5 (83.33%),1 (16.67%),
ta_avg_dev_abs_window_mean,14.4045462844623,1 (50.00%),1 (50.00%),
ta_avg_dev_abs_window_mean,14.4954537155377,3 (60.00%),2 (40.00%),
ta_avg_dev_abs_window_mean,14.5045462844623,3 (75.00%),1 (25.00%),
ta_avg_dev_abs_window_mean,14.604546284462298,3 (60.00%),2 (40.00%),
ta_avg_dev_abs_window_mean,14.695453715537704,3 (60.00%),2 (40.00%),
ta_avg_dev_abs_window_mean,14.7954537155377,2 (66.67%),1 (33.33%),
ta_avg_dev_abs_window_mean,14.9954537155377,4 (80.00%),1 (20.00%),
ta_avg_dev_abs_window_mean,15.0045462844623,3 (75.00%),1 (25.00%),
ta_avg_dev_abs_window_mean,15.0954537155377,2 (50.00%),2 (50.00%),
ta_avg_dev_abs_window_mean,15.104546284462298,1 (50.00%),1 (50.00%),
ta_avg_dev_abs_window_mean,15.195453715537704,1 (14.29%),6 (85.71%),
ta_avg_dev_abs_window_mean,15.2045462844623,1 (50.00%),1 (50.00%),
ta_avg_dev_abs_window_mean,15.3045462844623,3 (75.00%),1 (25.00%),
ta_avg_dev_abs_window_mean,15.4954537155377,2 (40.00%),3 (60.00%),
ta_avg_dev_abs_window_mean,15.604546284462298,2 (66.67%),1 (33.33%),
ta_avg_dev_abs_window_mean,15.695453715537704,4 (66.67%),2 (33.33%),
ta_avg_dev_abs_window_mean,15.8045462844623,2 (66.67%),1 (33.33%),
ta_avg_dev_abs_window_mean,15.895453715537702,1 (16.67%),5 (83.33%),
ta_avg_dev_abs_window_mean,15.9045462844623,1 (50.00%),1 (50.00%),
ta_avg_dev_abs_window_mean,15.9954537155377,3 (50.00%),3 (50.00%),
ta_avg_dev_abs_window_mean,16.0954537155377,1 (50.00%),1 (50.00%),
ta_avg_dev_abs_window_mean,16.104546284462298,2 (50.00%),2 (50.00%),
ta_avg_dev_abs_window_mean,16.195453715537703,2 (50.00%),2 (50.00%),
ta_avg_dev_abs_window_mean,16.304546284462297,1 (50.00%),1 (50.00%),
ta_avg_dev_abs_window_mean,16.395453715537702,1 (50.00%),1 (50.00%),
ta_avg_dev_abs_window_mean,16.4045462844623,2 (66.67%),1 (33.33%),
ta_avg_dev_abs_window_mean,16.4954537155377,4 (50.00%),4 (50.00%),
ta_avg_dev_abs_window_mean,16.495453715537703,1 (50.00%),1 (50.00%),
ta_avg_dev_abs_window_mean,16.5954537155377,5 (62.50%),3 (37.50%),
ta_avg_dev_abs_window_mean,16.604546284462298,1 (50.00%),1 (50.00%),
ta_avg_dev_abs_window_mean,16.7954537155377,2 (66.67%),1 (33.33%),
ta_avg_dev_abs_window_mean,16.804546284462297,1 (50.00%),1 (50.00%),
ta_avg_dev_abs_window_mean,16.895453715537702,1 (33.33%),2 (66.67%),
ta_avg_dev_abs_window_mean,16.9954537155377,2 (66.67%),1 (33.33%),
ta_avg_dev_abs_window_mean,17.304546284462297,2 (50.00%),2 (50.00%),
ta_avg_dev_abs_window_mean,17.5954537155377,2 (66.67%),1 (33.33%),
ta_avg_dev_abs_window_mean,17.7954537155377,3 (75.00%),1 (25.00%),
ta_avg_dev_abs_window_mean,17.9045462844623,1 (33.33%),2 (66.67%),
ta_avg_dev_abs_window_mean,17.9954537155377,2 (66.67%),1 (33.33%),
ta_avg_dev_abs_window_mean,18.0045462844623,1 (50.00%),1 (50.00%),
ta_avg_dev_abs_window_mean,18.195453715537703,1 (50.00%),1 (50.00%),
ta_avg_dev_abs_window_mean,18.2045462844623,2 (66.67%),1 (33.33%),
ta_avg_dev_abs_window_mean,18.2954537155377,1 (50.00%),1 (50.00%),
ta_avg_dev_abs_window_mean,18.304546284462297,2 (66.67%),1 (33.33%),
ta_avg_dev_abs_window_mean,18.4954537155377,2 (66.67%),1 (33.33%),
ta_avg_dev_abs_window_mean,18.5045462844623,4 (80.00%),1 (20.00%),
ta_avg_dev_abs_window_mean,18.804546284462297,3 (75.00%),1 (25.00%),
ta_avg_dev_abs_window_mean,18.9045462844623,2 (66.67%),1 (33.33%),
ta_avg_dev_abs_window_mean,19.2045462844623,1 (50.00%),1 (50.00%),
ta_avg_dev_abs_window_mean,20.2045462844623,3 (75.00%),1 (25.00%),
ta_avg_dev_abs_window_mean,20.304546284462297,2 (66.67%),1 (33.33%),
ta_avg_dev_abs_window_mean,20.9045462844623,2 (66.67%),1 (33.33%),
ta_avg_dev_abs_window_mean,21.2045462844623,2 (50.00%),2 (50.00%),
ta_avg_dev_abs_window_mean,21.304546284462297,1 (50.00%),1 (50.00%),
ta_avg_dev_abs_window_mean,23.0045462844623,1 (50.00%),1 (50.00%),
ta_avg_dev_window_mean,-23.0045462844623,1 (50.00%),1 (50.00%),"$\chi^2$=171.87, $p$=1.00"
ta_avg_dev_window_mean,-21.304546284462297,1 (50.00%),1 (50.00%),
ta_avg_dev_window_mean,-21.2045462844623,2 (50.00%),2 (50.00%),
ta_avg_dev_window_mean,-20.9045462844623,2 (66.67%),1 (33.33%),
ta_avg_dev_window_mean,-20.304546284462297,2 (66.67%),1 (33.33%),
ta_avg_dev_window_mean,-20.2045462844623,3 (75.00%),1 (25.00%),
ta_avg_dev_window_mean,-19.2045462844623,1 (50.00%),1 (50.00%),
ta_avg_dev_window_mean,-18.9045462844623,2 (66.67%),1 (33.33%),
ta_avg_dev_window_mean,-18.804546284462297,3 (75.00%),1 (25.00%),
ta_avg_dev_window_mean,-18.5045462844623,4 (80.00%),1 (20.00%),
ta_avg_dev_window_mean,-18.304546284462297,2 (66.67%),1 (33.33%),
ta_avg_dev_window_mean,-18.2045462844623,2 (66.67%),1 (33.33%),
ta_avg_dev_window_mean,-18.0045462844623,1 (50.00%),1 (50.00%),
ta_avg_dev_window_mean,-17.9045462844623,1 (33.33%),2 (66.67%),
ta_avg_dev_window_mean,-17.304546284462297,2 (50.00%),2 (50.00%),
ta_avg_dev_window_mean,-16.804546284462297,1 (50.00%),1 (50.00%),
ta_avg_dev_window_mean,-16.604546284462298,1 (50.00%),1 (50.00%),
ta_avg_dev_window_mean,-16.4045462844623,2 (66.67%),1 (33.33%),
ta_avg_dev_window_mean,-16.304546284462297,1 (50.00%),1 (50.00%),
ta_avg_dev_window_mean,-16.104546284462298,2 (50.00%),2 (50.00%),
ta_avg_dev_window_mean,-15.9045462844623,1 (50.00%),1 (50.00%),
ta_avg_dev_window_mean,-15.8045462844623,2 (66.67%),1 (33.33%),
ta_avg_dev_window_mean,-15.604546284462298,2 (66.67%),1 (33.33%),
ta_avg_dev_window_mean,-15.3045462844623,3 (75.00%),1 (25.00%),
ta_avg_dev_window_mean,-15.2045462844623,1 (50.00%),1 (50.00%),
ta_avg_dev_window_mean,-15.104546284462298,1 (50.00%),1 (50.00%),
ta_avg_dev_window_mean,-15.0045462844623,3 (75.00%),1 (25.00%),
ta_avg_dev_window_mean,-14.604546284462298,3 (60.00%),2 (40.00%),
ta_avg_dev_window_mean,-14.5045462844623,3 (75.00%),1 (25.00%),
ta_avg_dev_window_mean,-14.4045462844623,1 (50.00%),1 (50.00%),
ta_avg_dev_window_mean,-14.3045462844623,1 (50.00%),1 (50.00%),
ta_avg_dev_window_mean,-14.104546284462298,2 (66.67%),1 (33.33%),
ta_avg_dev_window_mean,-14.0045462844623,4 (80.00%),1 (20.00%),
ta_avg_dev_window_mean,-13.7045462844623,3 (60.00%),2 (40.00%),
ta_avg_dev_window_mean,-13.5045462844623,4 (57.14%),3 (42.86%),
ta_avg_dev_window_mean,-13.4045462844623,2 (40.00%),3 (60.00%),
ta_avg_dev_window_mean,-13.3045462844623,3 (75.00%),1 (25.00%),
ta_avg_dev_window_mean,-13.2045462844623,3 (75.00%),1 (25.00%),
ta_avg_dev_window_mean,-13.104546284462298,1 (50.00%),1 (50.00%),
ta_avg_dev_window_mean,-13.0045462844623,3 (75.00%),1 (25.00%),
ta_avg_dev_window_mean,-12.7045462844623,2 (40.00%),3 (60.00%),
ta_avg_dev_window_mean,-12.5045462844623,1 (50.00%),1 (50.00%),
ta_avg_dev_window_mean,-12.4045462844623,3 (60.00%),2 (40.00%),
ta_avg_dev_window_mean,-12.3045462844623,4 (66.67%),2 (33.33%),
ta_avg_dev_window_mean,-12.2045462844623,1 (50.00%),1 (50.00%),
ta_avg_dev_window_mean,-12.104546284462298,2 (66.67%),1 (33.33%),
ta_avg_dev_window_mean,-12.0045462844623,3 (75.00%),1 (25.00%),
ta_avg_dev_window_mean,-11.7045462844623,3 (60.00%),2 (40.00%),
ta_avg_dev_window_mean,-11.604546284462298,4 (66.67%),2 (33.33%),
ta_avg_dev_window_mean,-11.5045462844623,6 (66.67%),3 (33.33%),
ta_avg_dev_window_mean,-11.4045462844623,2 (50.00%),2 (50.00%),
ta_avg_dev_window_mean,-11.3045462844623,3 (75.00%),1 (25.00%),
ta_avg_dev_window_mean,-11.2045462844623,5 (83.33%),1 (16.67%),
ta_avg_dev_window_mean,-11.071212951128963,2 (66.67%),1 (33.33%),
ta_avg_dev_window_mean,-11.0045462844623,2 (50.00%),2 (50.00%),
ta_avg_dev_window_mean,-10.9045462844623,4 (57.14%),3 (42.86%),
ta_avg_dev_window_mean,-10.8045462844623,7 (77.78%),2 (22.22%),
ta_avg_dev_window_mean,-10.7045462844623,2 (66.67%),1 (33.33%),
ta_avg_dev_window_mean,-10.604546284462298,4 (66.67%),2 (33.33%),
ta_avg_dev_window_mean,-10.5045462844623,7 (77.78%),2 (22.22%),
ta_avg_dev_window_mean,-10.471212951128969,1 (50.00%),1 (50.00%),
ta_avg_dev_window_mean,-10.3045462844623,4 (80.00%),1 (20.00%),
ta_avg_dev_window_mean,-10.104546284462298,3 (42.86%),4 (57.14%),
ta_avg_dev_window_mean,-10.0045462844623,3 (42.86%),4 (57.14%),
ta_avg_dev_window_mean,-9.9045462844623,2 (50.00%),2 (50.00%),
ta_avg_dev_window_mean,-9.8045462844623,4 (80.00%),1 (20.00%),
ta_avg_dev_window_mean,-9.5045462844623,3 (75.00%),1 (25.00%),
ta_avg_dev_window_mean,-9.4045462844623,5 (71.43%),2 (28.57%),
ta_avg_dev_window_mean,-9.2045462844623,4 (80.00%),1 (20.00%),
ta_avg_dev_window_mean,-9.004546284462299,3 (60.00%),2 (40.00%),
ta_avg_dev_window_mean,-8.904546284462299,3 (75.00%),1 (25.00%),
ta_avg_dev_window_mean,-8.771212951128966,1 (50.00%),1 (50.00%),
ta_avg_dev_window_mean,-8.7045462844623,3 (50.00%),3 (50.00%),
ta_avg_dev_window_mean,-8.604546284462298,1 (50.00%),1 (50.00%),
ta_avg_dev_window_mean,-8.504546284462299,1 (50.00%),1 (50.00%),
ta_avg_dev_window_mean,-8.404546284462299,5 (38.46%),8 (61.54%),
ta_avg_dev_window_mean,-8.3045462844623,4 (40.00%),6 (60.00%),
ta_avg_dev_window_mean,-8.2045462844623,2 (50.00%),2 (50.00%),
ta_avg_dev_window_mean,-8.104546284462298,3 (75.00%),1 (25.00%),
ta_avg_dev_window_mean,-8.004546284462299,7 (70.00%),3 (30.00%),
ta_avg_dev_window_mean,-7.904546284462299,4 (80.00%),1 (20.00%),
ta_avg_dev_window_mean,-7.604546284462299,4 (66.67%),2 (33.33%),
ta_avg_dev_window_mean,-7.404546284462299,1 (50.00%),1 (50.00%),
ta_avg_dev_window_mean,-7.204546284462299,1 (33.33%),2 (66.67%),
ta_avg_dev_window_mean,-7.104546284462299,6 (85.71%),1 (14.29%),
ta_avg_dev_window_mean,-6.904546284462299,3 (60.00%),2 (40.00%),
ta_avg_dev_window_mean,-6.804546284462299,4 (66.67%),2 (33.33%),
ta_avg_dev_window_mean,-6.704546284462299,2 (66.67%),1 (33.33%),
ta_avg_dev_window_mean,-6.5045462844622985,4 (66.67%),2 (33.33%),
ta_avg_dev_window_mean,-6.404546284462299,4 (66.67%),2 (33.33%),
ta_avg_dev_window_mean,-6.304546284462299,4 (57.14%),3 (42.86%),
ta_avg_dev_window_mean,-6.204546284462299,4 (66.67%),2 (33.33%),
ta_avg_dev_window_mean,-6.104546284462299,2 (28.57%),5 (71.43%),
ta_avg_dev_window_mean,-5.904546284462299,2 (66.67%),1 (33.33%),
ta_avg_dev_window_mean,-5.804546284462299,3 (50.00%),3 (50.00%),
ta_avg_dev_window_mean,-5.704546284462299,2 (40.00%),3 (60.00%),
ta_avg_dev_window_mean,-5.5045462844622985,8 (88.89%),1 (11.11%),
ta_avg_dev_window_mean,-5.404546284462299,3 (75.00%),1 (25.00%),
ta_avg_dev_window_mean,-5.304546284462299,2 (33.33%),4 (66.67%),
ta_avg_dev_window_mean,-5.304546284462298,1 (50.00%),1 (50.00%),
ta_avg_dev_window_mean,-5.204546284462299,1 (50.00%),1 (50.00%),
ta_avg_dev_window_mean,-5.104546284462299,1 (33.33%),2 (66.67%),
ta_avg_dev_window_mean,-4.804546284462299,2 (66.67%),1 (33.33%),
ta_avg_dev_window_mean,-4.7045462844623,3 (60.00%),2 (40.00%),
ta_avg_dev_window_mean,-4.5045462844622985,6 (85.71%),1 (14.29%),
ta_avg_dev_window_mean,-4.404546284462299,4 (66.67%),2 (33.33%),
ta_avg_dev_window_mean,-4.104546284462298,3 (42.86%),4 (57.14%),
ta_avg_dev_window_mean,-4.0045462844622985,5 (83.33%),1 (16.67%),
ta_avg_dev_window_mean,-3.8045462844622993,2 (50.00%),2 (50.00%),
ta_avg_dev_window_mean,-3.7045462844623,4 (50.00%),4 (50.00%),
ta_avg_dev_window_mean,-3.604546284462298,2 (50.00%),2 (50.00%),
ta_avg_dev_window_mean,-3.537879617795632,3 (75.00%),1 (25.00%),
ta_avg_dev_window_mean,-3.5045462844622985,3 (60.00%),2 (40.00%),
ta_avg_dev_window_mean,-3.3045462844623,1 (50.00%),1 (50.00%),
ta_avg_dev_window_mean,-3.2045462844623,3 (60.00%),2 (40.00%),
ta_avg_dev_window_mean,-3.104546284462298,2 (66.67%),1 (33.33%),
ta_avg_dev_window_mean,-2.7045462844623,4 (80.00%),1 (20.00%),
ta_avg_dev_window_mean,-2.604546284462298,6 (85.71%),1 (14.29%),
ta_avg_dev_window_mean,-2.5045462844622985,3 (75.00%),1 (25.00%),
ta_avg_dev_window_mean,-2.3045462844623,1 (25.00%),3 (75.00%),
ta_avg_dev_window_mean,-2.104546284462298,4 (57.14%),3 (42.86%),
ta_avg_dev_window_mean,-2.0045462844622985,3 (60.00%),2 (40.00%),
ta_avg_dev_window_mean,-1.904546284462299,2 (66.67%),1 (33.33%),
ta_avg_dev_window_mean,-1.7045462844622996,3 (75.00%),1 (25.00%),
ta_avg_dev_window_mean,-1.6045462844622982,3 (75.00%),1 (25.00%),
ta_avg_dev_window_mean,-1.5045462844622983,6 (75.00%),2 (25.00%),
ta_avg_dev_window_mean,-1.404546284462299,1 (50.00%),1 (50.00%),
ta_avg_dev_window_mean,-1.3378796177956325,1 (50.00%),1 (50.00%),
ta_avg_dev_window_mean,-1.3045462844622993,2 (33.33%),4 (66.67%),
ta_avg_dev_window_mean,-1.2045462844622996,3 (75.00%),1 (25.00%),
ta_avg_dev_window_mean,-1.1045462844622982,1 (33.33%),2 (66.67%),
ta_avg_dev_window_mean,-1.0045462844622983,4 (57.14%),3 (42.86%),
ta_avg_dev_window_mean,-0.8045462844622993,1 (20.00%),4 (80.00%),
ta_avg_dev_window_mean,-0.7045462844622996,3 (75.00%),1 (25.00%),
ta_avg_dev_window_mean,-0.5045462844622985,4 (66.67%),2 (33.33%),
ta_avg_dev_window_mean,-0.4045462844622989,3 (30.00%),7 (70.00%),
ta_avg_dev_window_mean,-0.3045462844622992,1 (33.33%),2 (66.67%),
ta_avg_dev_window_mean,-0.2045462844622996,4 (80.00%),1 (20.00%),
ta_avg_dev_window_mean,-0.1045462844622981,2 (50.00%),2 (50.00%),
ta_avg_dev_window_mean,-0.0045462844622985,5 (55.56%),4 (44.44%),
ta_avg_dev_window_mean,0.0954537155377011,3 (50.00%),3 (50.00%),
ta_avg_dev_window_mean,0.1954537155377007,3 (60.00%),2 (40.00%),
ta_avg_dev_window_mean,0.2954537155377004,4 (80.00%),1 (20.00%),
ta_avg_dev_window_mean,0.3954537155377018,2 (33.33%),4 (66.67%),
ta_avg_dev_window_mean,0.4954537155377014,2 (66.67%),1 (33.33%),
ta_avg_dev_window_mean,0.5954537155377011,4 (80.00%),1 (20.00%),
ta_avg_dev_window_mean,0.6954537155377007,1 (25.00%),3 (75.00%),
ta_avg_dev_window_mean,0.6954537155377013,1 (50.00%),1 (50.00%),
ta_avg_dev_window_mean,0.8954537155377018,4 (66.67%),2 (33.33%),
ta_avg_dev_window_mean,1.028787048871034,1 (50.00%),1 (50.00%),
ta_avg_dev_window_mean,1.095453715537701,5 (83.33%),1 (16.67%),
ta_avg_dev_window_mean,1.1954537155377007,2 (66.67%),1 (33.33%),
ta_avg_dev_window_mean,1.2954537155377004,2 (50.00%),2 (50.00%),
ta_avg_dev_window_mean,1.4954537155377017,2 (66.67%),1 (33.33%),
ta_avg_dev_window_mean,1.595453715537701,4 (66.67%),2 (33.33%),
ta_avg_dev_window_mean,1.6954537155377007,4 (57.14%),3 (42.86%),
ta_avg_dev_window_mean,1.7954537155377004,1 (25.00%),3 (75.00%),
ta_avg_dev_window_mean,1.8954537155377016,3 (42.86%),4 (57.14%),
ta_avg_dev_window_mean,1.9954537155377008,4 (66.67%),2 (33.33%),
ta_avg_dev_window_mean,2.095453715537701,1 (25.00%),3 (75.00%),
ta_avg_dev_window_mean,2.1954537155377007,1 (33.33%),2 (66.67%),
ta_avg_dev_window_mean,2.395453715537702,5 (83.33%),1 (16.67%),
ta_avg_dev_window_mean,2.495453715537701,2 (40.00%),3 (60.00%),
ta_avg_dev_window_mean,2.595453715537701,2 (40.00%),3 (60.00%),
ta_avg_dev_window_mean,2.6954537155377007,2 (66.67%),1 (33.33%),
ta_avg_dev_window_mean,2.7954537155377004,5 (71.43%),2 (28.57%),
ta_avg_dev_window_mean,2.895453715537702,3 (75.00%),1 (25.00%),
ta_avg_dev_window_mean,2.995453715537701,1 (33.33%),2 (66.67%),
ta_avg_dev_window_mean,3.095453715537701,2 (66.67%),1 (33.33%),
ta_avg_dev_window_mean,3.1954537155377025,2 (50.00%),2 (50.00%),
ta_avg_dev_window_mean,3.2954537155377004,1 (33.33%),2 (66.67%),
ta_avg_dev_window_mean,3.395453715537702,1 (33.33%),2 (66.67%),
ta_avg_dev_window_mean,3.695453715537704,2 (40.00%),3 (60.00%),
ta_avg_dev_window_mean,4.095453715537701,4 (57.14%),3 (42.86%),
ta_avg_dev_window_mean,4.195453715537703,1 (50.00%),1 (50.00%),
ta_avg_dev_window_mean,4.2954537155377,2 (40.00%),3 (60.00%),
ta_avg_dev_window_mean,4.395453715537702,2 (66.67%),1 (33.33%),
ta_avg_dev_window_mean,4.4954537155377,4 (66.67%),2 (33.33%),
ta_avg_dev_window_mean,4.595453715537701,1 (20.00%),4 (80.00%),
ta_avg_dev_window_mean,4.662120382204368,1 (50.00%),1 (50.00%),
ta_avg_dev_window_mean,4.7954537155377,3 (75.00%),1 (25.00%),
ta_avg_dev_window_mean,4.895453715537702,3 (50.00%),3 (50.00%),
ta_avg_dev_window_mean,4.9954537155377,4 (80.00%),1 (20.00%),
ta_avg_dev_window_mean,5.2954537155377,1 (50.00%),1 (50.00%),
ta_avg_dev_window_mean,5.395453715537702,2 (40.00%),3 (60.00%),
ta_avg_dev_window_mean,5.4954537155377,2 (50.00%),2 (50.00%),
ta_avg_dev_window_mean,5.595453715537701,1 (33.33%),2 (66.67%),
ta_avg_dev_window_mean,5.695453715537703,2 (50.00%),2 (50.00%),
ta_avg_dev_window_mean,5.728787048871035,1 (50.00%),1 (50.00%),
ta_avg_dev_window_mean,5.7954537155377,1 (50.00%),1 (50.00%),
ta_avg_dev_window_mean,5.895453715537702,2 (40.00%),3 (60.00%),
ta_avg_dev_window_mean,6.095453715537701,2 (40.00%),3 (60.00%),
ta_avg_dev_window_mean,6.195453715537703,1 (20.00%),4 (80.00%),
ta_avg_dev_window_mean,6.4954537155377,6 (85.71%),1 (14.29%),
ta_avg_dev_window_mean,6.595453715537701,3 (42.86%),4 (57.14%),
ta_avg_dev_window_mean,6.695453715537703,4 (66.67%),2 (33.33%),
ta_avg_dev_window_mean,6.7954537155377,3 (50.00%),3 (50.00%),
ta_avg_dev_window_mean,6.895453715537702,1 (25.00%),3 (75.00%),
ta_avg_dev_window_mean,6.9954537155377,5 (62.50%),3 (37.50%),
ta_avg_dev_window_mean,7.095453715537701,4 (80.00%),1 (20.00%),
ta_avg_dev_window_mean,7.195453715537703,2 (50.00%),2 (50.00%),
ta_avg_dev_window_mean,7.2954537155377,3 (42.86%),4 (57.14%),
ta_avg_dev_window_mean,7.395453715537702,1 (25.00%),3 (75.00%),
ta_avg_dev_window_mean,7.4954537155377,5 (71.43%),2 (28.57%),
ta_avg_dev_window_mean,7.595453715537701,6 (85.71%),1 (14.29%),
ta_avg_dev_window_mean,7.6954537155377025,2 (40.00%),3 (60.00%),
ta_avg_dev_window_mean,7.7954537155377,6 (75.00%),2 (25.00%),
ta_avg_dev_window_mean,7.895453715537702,2 (50.00%),2 (50.00%),
ta_avg_dev_window_mean,7.9954537155377,4 (44.44%),5 (55.56%),
ta_avg_dev_window_mean,8.095453715537701,1 (16.67%),5 (83.33%),
ta_avg_dev_window_mean,8.195453715537703,3 (75.00%),1 (25.00%),
ta_avg_dev_window_mean,8.395453715537702,1 (50.00%),1 (50.00%),
ta_avg_dev_window_mean,8.4954537155377,2 (33.33%),4 (66.67%),
ta_avg_dev_window_mean,8.695453715537703,1 (33.33%),2 (66.67%),
ta_avg_dev_window_mean,8.7954537155377,4 (66.67%),2 (33.33%),
ta_avg_dev_window_mean,8.895453715537702,3 (75.00%),1 (25.00%),
ta_avg_dev_window_mean,9.0954537155377,5 (83.33%),1 (16.67%),
ta_avg_dev_window_mean,9.195453715537704,1 (20.00%),4 (80.00%),
ta_avg_dev_window_mean,9.2954537155377,3 (50.00%),3 (50.00%),
ta_avg_dev_window_mean,9.395453715537702,2 (28.57%),5 (71.43%),
ta_avg_dev_window_mean,9.4954537155377,3 (50.00%),3 (50.00%),
ta_avg_dev_window_mean,9.5954537155377,4 (57.14%),3 (42.86%),
ta_avg_dev_window_mean,9.695453715537704,2 (66.67%),1 (33.33%),
ta_avg_dev_window_mean,9.7954537155377,7 (77.78%),2 (22.22%),
ta_avg_dev_window_mean,9.895453715537702,7 (77.78%),2 (22.22%),
ta_avg_dev_window_mean,9.9954537155377,2 (28.57%),5 (71.43%),
ta_avg_dev_window_mean,10.0954537155377,4 (57.14%),3 (42.86%),
ta_avg_dev_window_mean,10.2954537155377,4 (66.67%),2 (33.33%),
ta_avg_dev_window_mean,10.395453715537702,4 (66.67%),2 (33.33%),
ta_avg_dev_window_mean,10.4954537155377,2 (28.57%),5 (71.43%),
ta_avg_dev_window_mean,10.5954537155377,6 (60.00%),4 (40.00%),
ta_avg_dev_window_mean,10.695453715537704,5 (55.56%),4 (44.44%),
ta_avg_dev_window_mean,10.7954537155377,7 (70.00%),3 (30.00%),
ta_avg_dev_window_mean,10.895453715537702,2 (66.67%),1 (33.33%),
ta_avg_dev_window_mean,10.9954537155377,4 (66.67%),2 (33.33%),
ta_avg_dev_window_mean,11.0954537155377,3 (60.00%),2 (40.00%),
ta_avg_dev_window_mean,11.195453715537704,5 (55.56%),4 (44.44%),
ta_avg_dev_window_mean,11.395453715537702,7 (70.00%),3 (30.00%),
ta_avg_dev_window_mean,11.4954537155377,4 (80.00%),1 (20.00%),
ta_avg_dev_window_mean,11.5954537155377,4 (80.00%),1 (20.00%),
ta_avg_dev_window_mean,11.7954537155377,7 (70.00%),3 (30.00%),
ta_avg_dev_window_mean,11.895453715537702,4 (80.00%),1 (20.00%),
ta_avg_dev_window_mean,12.0954537155377,7 (70.00%),3 (30.00%),
ta_avg_dev_window_mean,12.195453715537704,3 (50.00%),3 (50.00%),
ta_avg_dev_window_mean,12.2954537155377,4 (80.00%),1 (20.00%),
ta_avg_dev_window_mean,12.395453715537702,5 (62.50%),3 (37.50%),
ta_avg_dev_window_mean,12.4954537155377,1 (20.00%),4 (80.00%),
ta_avg_dev_window_mean,12.5954537155377,6 (50.00%),6 (50.00%),
ta_avg_dev_window_mean,12.695453715537704,4 (80.00%),1 (20.00%),
ta_avg_dev_window_mean,12.7954537155377,1 (20.00%),4 (80.00%),
ta_avg_dev_window_mean,12.895453715537702,4 (57.14%),3 (42.86%),
ta_avg_dev_window_mean,12.9954537155377,2 (66.67%),1 (33.33%),
ta_avg_dev_window_mean,13.195453715537704,1 (33.33%),2 (66.67%),
ta_avg_dev_window_mean,13.2954537155377,2 (66.67%),1 (33.33%),
ta_avg_dev_window_mean,13.395453715537702,3 (42.86%),4 (57.14%),
ta_avg_dev_window_mean,13.4954537155377,1 (20.00%),4 (80.00%),
ta_avg_dev_window_mean,13.5954537155377,3 (50.00%),3 (50.00%),
ta_avg_dev_window_mean,13.695453715537704,7 (70.00%),3 (30.00%),
ta_avg_dev_window_mean,14.0954537155377,3 (50.00%),3 (50.00%),
ta_avg_dev_window_mean,14.195453715537704,4 (57.14%),3 (42.86%),
ta_avg_dev_window_mean,14.2954537155377,3 (75.00%),1 (25.00%),
ta_avg_dev_window_mean,14.395453715537702,5 (83.33%),1 (16.67%),
ta_avg_dev_window_mean,14.4954537155377,3 (60.00%),2 (40.00%),
ta_avg_dev_window_mean,14.695453715537704,3 (60.00%),2 (40.00%),
ta_avg_dev_window_mean,14.7954537155377,2 (66.67%),1 (33.33%),
ta_avg_dev_window_mean,14.9954537155377,4 (80.00%),1 (20.00%),
ta_avg_dev_window_mean,15.0954537155377,2 (50.00%),2 (50.00%),
ta_avg_dev_window_mean,15.195453715537704,1 (14.29%),6 (85.71%),
ta_avg_dev_window_mean,15.4954537155377,2 (40.00%),3 (60.00%),
ta_avg_dev_window_mean,15.695453715537704,4 (66.67%),2 (33.33%),
ta_avg_dev_window_mean,15.895453715537702,1 (16.67%),5 (83.33%),
ta_avg_dev_window_mean,15.9954537155377,3 (50.00%),3 (50.00%),
ta_avg_dev_window_mean,16.0954537155377,1 (50.00%),1 (50.00%),
ta_avg_dev_window_mean,16.195453715537703,2 (50.00%),2 (50.00%),
ta_avg_dev_window_mean,16.395453715537702,1 (50.00%),1 (50.00%),
ta_avg_dev_window_mean,16.4954537155377,4 (50.00%),4 (50.00%),
ta_avg_dev_window_mean,16.495453715537703,1 (50.00%),1 (50.00%),
ta_avg_dev_window_mean,16.5954537155377,5 (62.50%),3 (37.50%),
ta_avg_dev_window_mean,16.7954537155377,2 (66.67%),1 (33.33%),
ta_avg_dev_window_mean,16.895453715537702,1 (33.33%),2 (66.67%),
ta_avg_dev_window_mean,16.9954537155377,2 (66.67%),1 (33.33%),
ta_avg_dev_window_mean,17.5954537155377,2 (66.67%),1 (33.33%),
ta_avg_dev_window_mean,17.7954537155377,3 (75.00%),1 (25.00%),
ta_avg_dev_window_mean,17.9954537155377,2 (66.67%),1 (33.33%),
ta_avg_dev_window_mean,18.195453715537703,1 (50.00%),1 (50.00%),
ta_avg_dev_window_mean,18.2954537155377,1 (50.00%),1 (50.00%),
ta_avg_dev_window_mean,18.4954537155377,2 (66.67%),1 (33.33%),
HH_GAS,1.21,1 (50.00%),1 (50.00%),"$\chi^2$=168.17, $p$=1.00"
HH_GAS,1.38,1 (50.00%),1 (50.00%),
HH_GAS,1.49,2 (50.00%),2 (50.00%),
HH_GAS,1.51,1 (33.33%),2 (66.67%),
HH_GAS,1.53,1 (50.00%),1 (50.00%),
HH_GAS,1.54,3 (60.00%),2 (40.00%),
HH_GAS,1.55,4 (57.14%),3 (42.86%),
HH_GAS,1.56,2 (66.67%),1 (33.33%),
HH_GAS,1.58,4 (66.67%),2 (33.33%),
HH_GAS,1.6,1 (50.00%),1 (50.00%),
HH_GAS,1.61,3 (75.00%),1 (25.00%),
HH_GAS,1.62,1 (33.33%),2 (66.67%),
HH_GAS,1.64,3 (50.00%),3 (50.00%),
HH_GAS,1.65,1 (20.00%),4 (80.00%),
HH_GAS,1.66,2 (66.67%),1 (33.33%),
HH_GAS,1.68,2 (33.33%),4 (66.67%),
HH_GAS,1.7,5 (83.33%),1 (16.67%),
HH_GAS,1.71,2 (50.00%),2 (50.00%),
HH_GAS,1.73,4 (80.00%),1 (20.00%),
HH_GAS,1.74,6 (66.67%),3 (33.33%),
HH_GAS,1.75,4 (80.00%),1 (20.00%),
HH_GAS,1.76,5 (62.50%),3 (37.50%),
HH_GAS,1.77,3 (60.00%),2 (40.00%),
HH_GAS,1.78,5 (62.50%),3 (37.50%),
HH_GAS,1.79,4 (66.67%),2 (33.33%),
HH_GAS,1.8,4 (66.67%),2 (33.33%),
HH_GAS,1.82,1 (20.00%),4 (80.00%),
HH_GAS,1.83,4 (44.44%),5 (55.56%),
HH_GAS,1.85,4 (57.14%),3 (42.86%),
HH_GAS,1.86,3 (50.00%),3 (50.00%),
HH_GAS,1.88,2 (66.67%),1 (33.33%),
HH_GAS,1.89,6 (75.00%),2 (25.00%),
HH_GAS,1.9,6 (85.71%),1 (14.29%),
HH_GAS,1.91,1 (25.00%),3 (75.00%),
HH_GAS,1.93,9 (69.23%),4 (30.77%),
HH_GAS,1.94,2 (28.57%),5 (71.43%),
HH_GAS,1.95,2 (33.33%),4 (66.67%),
HH_GAS,1.96,3 (50.00%),3 (50.00%),
HH_GAS,1.98,2 (40.00%),3 (60.00%),
HH_GAS,2.0,2 (40.00%),3 (60.00%),
HH_GAS,2.01,4 (57.14%),3 (42.86%),
HH_GAS,2.02,4 (57.14%),3 (42.86%),
HH_GAS,2.03,2 (33.33%),4 (66.67%),
HH_GAS,2.04,1 (20.00%),4 (80.00%),
HH_GAS,2.05,4 (66.67%),2 (33.33%),
HH_GAS,2.06,2 (33.33%),4 (66.67%),
HH_GAS,2.08,1 (33.33%),2 (66.67%),
HH_GAS,2.09,2 (40.00%),3 (60.00%),
HH_GAS,2.1,7 (77.78%),2 (22.22%),
HH_GAS,2.11,1 (25.00%),3 (75.00%),
HH_GAS,2.12,4 (50.00%),4 (50.00%),
HH_GAS,2.13,7 (50.00%),7 (50.00%),
HH_GAS,2.14,1 (25.00%),3 (75.00%),
HH_GAS,2.15,5 (62.50%),3 (37.50%),
HH_GAS,2.16,1 (50.00%),1 (50.00%),
HH_GAS,2.17,3 (37.50%),5 (62.50%),
HH_GAS,2.18,4 (40.00%),6 (60.00%),
HH_GAS,2.19,7 (63.64%),4 (36.36%),
HH_GAS,2.2,3 (60.00%),2 (40.00%),
HH_GAS,2.21,4 (50.00%),4 (50.00%),
HH_GAS,2.22,3 (30.00%),7 (70.00%),
HH_GAS,2.23,6 (54.55%),5 (45.45%),
HH_GAS,2.24,3 (60.00%),2 (40.00%),
HH_GAS,2.25,3 (60.00%),2 (40.00%),
HH_GAS,2.26,2 (25.00%),6 (75.00%),
HH_GAS,2.27,4 (80.00%),1 (20.00%),
HH_GAS,2.28,3 (37.50%),5 (62.50%),
HH_GAS,2.29,5 (62.50%),3 (37.50%),
HH_GAS,2.3,3 (42.86%),4 (57.14%),
HH_GAS,2.31,1 (14.29%),6 (85.71%),
HH_GAS,2.32,2 (50.00%),2 (50.00%),
HH_GAS,2.33,4 (57.14%),3 (42.86%),
HH_GAS,2.34,2 (40.00%),3 (60.00%),
HH_GAS,2.35,2 (40.00%),3 (60.00%),
HH_GAS,2.36,4 (44.44%),5 (55.56%),
HH_GAS,2.37,3 (42.86%),4 (57.14%),
HH_GAS,2.38,1 (33.33%),2 (66.67%),
HH_GAS,2.39,4 (50.00%),4 (50.00%),
HH_GAS,2.4,6 (66.67%),3 (33.33%),
HH_GAS,2.41,3 (60.00%),2 (40.00%),
HH_GAS,2.42,8 (80.00%),2 (20.00%),
HH_GAS,2.43,4 (36.36%),7 (63.64%),
HH_GAS,2.44,6 (60.00%),4 (40.00%),
HH_GAS,2.45,5 (38.46%),8 (61.54%),
HH_GAS,2.46,6 (54.55%),5 (45.45%),
HH_GAS,2.47,2 (33.33%),4 (66.67%),
HH_GAS,2.48,7 (70.00%),3 (30.00%),
HH_GAS,2.49,3 (30.00%),7 (70.00%),
HH_GAS,2.5,6 (46.15%),7 (53.85%),
HH_GAS,2.51,3 (50.00%),3 (50.00%),
HH_GAS,2.52,10 (83.33%),2 (16.67%),
HH_GAS,2.53,7 (53.85%),6 (46.15%),
HH_GAS,2.54,5 (41.67%),7 (58.33%),
HH_GAS,2.55,8 (53.33%),7 (46.67%),
HH_GAS,2.56,2 (25.00%),6 (75.00%),
HH_GAS,2.57,3 (37.50%),5 (62.50%),
HH_GAS,2.58,9 (81.82%),2 (18.18%),
HH_GAS,2.59,5 (71.43%),2 (28.57%),
HH_GAS,2.6,11 (84.62%),2 (15.38%),
HH_GAS,2.61,8 (61.54%),5 (38.46%),
HH_GAS,2.62,9 (60.00%),6 (40.00%),
HH_GAS,2.63,6 (46.15%),7 (53.85%),
HH_GAS,2.64,3 (42.86%),4 (57.14%),
HH_GAS,2.65,10 (58.82%),7 (41.18%),
HH_GAS,2.66,6 (66.67%),3 (33.33%),
HH_GAS,2.67,5 (83.33%),1 (16.67%),
HH_GAS,2.68,5 (83.33%),1 (16.67%),
HH_GAS,2.69,8 (72.73%),3 (27.27%),
HH_GAS,2.7,10 (62.50%),6 (37.50%),
HH_GAS,2.71,7 (53.85%),6 (46.15%),
HH_GAS,2.72,10 (55.56%),8 (44.44%),
HH_GAS,2.73,7 (58.33%),5 (41.67%),
HH_GAS,2.74,9 (64.29%),5 (35.71%),
HH_GAS,2.75,14 (63.64%),8 (36.36%),
HH_GAS,2.76,6 (42.86%),8 (57.14%),
HH_GAS,2.77,8 (66.67%),4 (33.33%),
HH_GAS,2.78,8 (57.14%),6 (42.86%),
HH_GAS,2.79,8 (61.54%),5 (38.46%),
HH_GAS,2.8,9 (90.00%),1 (10.00%),
HH_GAS,2.81,9 (75.00%),3 (25.00%),
HH_GAS,2.82,9 (64.29%),5 (35.71%),
HH_GAS,2.83,4 (50.00%),4 (50.00%),
HH_GAS,2.84,6 (75.00%),2 (25.00%),
HH_GAS,2.85,5 (62.50%),3 (37.50%),
HH_GAS,2.86,12 (66.67%),6 (33.33%),
HH_GAS,2.87,7 (63.64%),4 (36.36%),
HH_GAS,2.88,7 (43.75%),9 (56.25%),
HH_GAS,2.89,9 (56.25%),7 (43.75%),
HH_GAS,2.9,19 (79.17%),5 (20.83%),
HH_GAS,2.91,13 (76.47%),4 (23.53%),
HH_GAS,2.92,5 (55.56%),4 (44.44%),
HH_GAS,2.93,7 (87.50%),1 (12.50%),
HH_GAS,2.94,8 (66.67%),4 (33.33%),
HH_GAS,2.95,13 (92.86%),1 (7.14%),
HH_GAS,2.96,9 (69.23%),4 (30.77%),
HH_GAS,2.98,10 (76.92%),3 (23.08%),
HH_GAS,2.99,7 (46.67%),8 (53.33%),
HH_GAS,3.0,9 (75.00%),3 (25.00%),
HH_GAS,3.01,6 (54.55%),5 (45.45%),
HH_GAS,3.03,2 (50.00%),2 (50.00%),
HH_GAS,3.05,6 (85.71%),1 (14.29%),
HH_GAS,3.06,3 (75.00%),1 (25.00%),
HH_GAS,3.07,2 (50.00%),2 (50.00%),
HH_GAS,3.08,2 (40.00%),3 (60.00%),
HH_GAS,3.09,3 (60.00%),2 (40.00%),
HH_GAS,3.1,4 (40.00%),6 (60.00%),
HH_GAS,3.11,2 (40.00%),3 (60.00%),
HH_GAS,3.12,6 (66.67%),3 (33.33%),
HH_GAS,3.13,7 (70.00%),3 (30.00%),
HH_GAS,3.14,3 (60.00%),2 (40.00%),
HH_GAS,3.15,3 (37.50%),5 (62.50%),
HH_GAS,3.16,5 (71.43%),2 (28.57%),
HH_GAS,3.18,3 (75.00%),1 (25.00%),
HH_GAS,3.19,5 (83.33%),1 (16.67%),
HH_GAS,3.2,6 (60.00%),4 (40.00%),
HH_GAS,3.22,1 (33.33%),2 (66.67%),
HH_GAS,3.23,3 (60.00%),2 (40.00%),
HH_GAS,3.25,7 (58.33%),5 (41.67%),
HH_GAS,3.26,3 (75.00%),1 (25.00%),
HH_GAS,3.27,3 (50.00%),3 (50.00%),
HH_GAS,3.28,2 (50.00%),2 (50.00%),
HH_GAS,3.3,4 (66.67%),2 (33.33%),
HH_GAS,3.31,5 (71.43%),2 (28.57%),
HH_GAS,3.32,1 (25.00%),3 (75.00%),
HH_GAS,3.34,3 (75.00%),1 (25.00%),
HH_GAS,3.36,4 (80.00%),1 (20.00%),
HH_GAS,3.39,2 (40.00%),3 (60.00%),
HH_GAS,3.4,1 (25.00%),3 (75.00%),
HH_GAS,3.43,5 (50.00%),5 (50.00%),
HH_GAS,3.5,1 (33.33%),2 (66.67%),
HH_GAS,3.54,4 (80.00%),1 (20.00%),
HH_GAS,3.56,2 (66.67%),1 (33.33%),
HH_GAS,3.57,1 (50.00%),1 (50.00%),
HH_GAS,3.6,2 (40.00%),3 (60.00%),
HH_GAS,3.65,1 (25.00%),3 (75.00%),
HH_GAS,3.66,1 (33.33%),2 (66.67%),
HH_GAS,3.67,3 (60.00%),2 (40.00%),
HH_GAS,3.7,4 (57.14%),3 (42.86%),
HH_GAS,3.71,3 (60.00%),2 (40.00%),
HH_GAS,3.74,1 (50.00%),1 (50.00%),
HH_GAS,3.75,2 (50.00%),2 (50.00%),
HH_GAS,3.76,2 (50.00%),2 (50.00%),
HH_GAS,3.78,3 (60.00%),2 (40.00%),
HH_GAS,3.79,1 (25.00%),3 (75.00%),
HH_GAS,3.8,4 (66.67%),2 (33.33%),
HH_GAS,3.82,1 (50.00%),1 (50.00%),
HH_GAS,3.85,1 (50.00%),1 (50.00%),
HH_GAS,3.91,3 (60.00%),2 (40.00%),
HH_GAS,3.93,1 (50.00%),1 (50.00%),
HH_GAS,3.94,3 (42.86%),4 (57.14%),
HH_GAS,3.95,2 (66.67%),1 (33.33%),
HH_GAS,3.96,2 (66.67%),1 (33.33%),
HH_GAS,4.0,2 (66.67%),1 (33.33%),
HH_GAS,4.02,1 (50.00%),1 (50.00%),
HH_GAS,4.03,3 (75.00%),1 (25.00%),
HH_GAS,4.04,2 (66.67%),1 (33.33%),
HH_GAS,4.05,2 (66.67%),1 (33.33%),
HH_GAS,4.06,2 (50.00%),2 (50.00%),
HH_GAS,4.07,2 (66.67%),1 (33.33%),
HH_GAS,4.1,3 (75.00%),1 (25.00%),
HH_GAS,4.11,2 (50.00%),2 (50.00%),
HH_GAS,4.15,3 (75.00%),1 (25.00%),
HH_GAS,4.16,1 (50.00%),1 (50.00%),
HH_GAS,4.21,2 (66.67%),1 (33.33%),
HH_GAS,4.25,1 (50.00%),1 (50.00%),
HH_GAS,4.3,2 (66.67%),1 (33.33%),
HH_GAS,4.4,5 (62.50%),3 (37.50%),
HH_GAS,4.43,3 (75.00%),1 (25.00%),
HH_GAS,4.45,2 (50.00%),2 (50.00%),
HH_GAS,4.46,1 (50.00%),1 (50.00%),
HH_GAS,4.57,2 (66.67%),1 (33.33%),
HH_GAS,4.59,3 (60.00%),2 (40.00%),
HH_GAS,4.61,3 (75.00%),1 (25.00%),
HH_GAS,4.63,1 (50.00%),1 (50.00%),
HH_GAS,4.65,6 (75.00%),2 (25.00%),
HH_GAS,4.7,1 (33.33%),2 (66.67%),
HH_GAS,4.77,3 (75.00%),1 (25.00%),
HH_GAS,4.78,1 (50.00%),1 (50.00%),
HH_GAS,4.83,1 (50.00%),1 (50.00%),
HH_GAS,4.9,1 (50.00%),1 (50.00%),
HH_GAS,4.93,1 (25.00%),3 (75.00%),
HH_GAS,5.02,1 (50.00%),1 (50.00%),
HH_GAS,5.08,1 (50.00%),1 (50.00%),
HH_GAS,5.1,1 (33.33%),2 (66.67%),
HH_GAS,5.28,2 (66.67%),1 (33.33%),
HH_GAS,5.32,2 (66.67%),1 (33.33%),
HH_GAS,5.46,2 (66.67%),1 (33.33%),
HH_GAS,5.52,1 (50.00%),1 (50.00%),
HH_GAS,5.53,1 (50.00%),1 (50.00%),
HH_GAS,5.72,2 (66.67%),1 (33.33%),
HH_GAS,5.73,1 (50.00%),1 (50.00%),
HH_GAS,6.1,1 (50.00%),1 (50.00%),
HH_GAS,6.24,2 (66.67%),1 (33.33%),
HH_GAS,6.25,1 (50.00%),1 (50.00%),
HH_GAS,6.4,2 (66.67%),1 (33.33%),
HH_GAS,6.54,2 (66.67%),1 (33.33%),
HH_GAS,6.57,2 (50.00%),2 (50.00%),
HH_GAS,6.6,1 (33.33%),2 (66.67%),
HH_GAS,6.75,1 (50.00%),1 (50.00%),
HH_GAS,7.15,2 (66.67%),1 (33.33%),
HH_GAS,7.76,1 (50.00%),1 (50.00%),
HH_GAS,8.16,1 (50.00%),1 (50.00%),
HH_GAS,8.3,2 (50.00%),2 (50.00%),
HH_GAS,9.28,1 (50.00%),1 (50.00%),
HH_GAS,13.2,1 (50.00%),1 (50.00%),
BOND_BBB_roll5_mean,0.97,44 (50.57%),43 (49.43%),"$\chi^2$=149.83, $p$=0.00"
BOND_BBB_roll5_mean,True,32 (72.73%),12 (27.27%),
BOND_BBB_roll5_mean,1.02,3 (33.33%),6 (66.67%),
BOND_BBB_roll5_mean,1.09,16 (59.26%),11 (40.74%),
BOND_BBB_roll5_mean,1.11,16 (53.33%),14 (46.67%),
BOND_BBB_roll5_mean,1.12,4 (50.00%),4 (50.00%),
BOND_BBB_roll5_mean,1.14,1 (50.00%),1 (50.00%),
BOND_BBB_roll5_mean,1.18,5 (50.00%),5 (50.00%),
BOND_BBB_roll5_mean,1.33,2 (40.00%),3 (60.00%),
BOND_BBB_roll5_mean,1.4300000000000002,1 (50.00%),1 (50.00%),
BOND_BBB_roll5_mean,1.456,1 (50.00%),1 (50.00%),
BOND_BBB_roll5_mean,1.47,14 (63.64%),8 (36.36%),
BOND_BBB_roll5_mean,1.494,1 (50.00%),1 (50.00%),
BOND_BBB_roll5_mean,1.498,1 (50.00%),1 (50.00%),
BOND_BBB_roll5_mean,1.502,1 (50.00%),1 (50.00%),
BOND_BBB_roll5_mean,1.52,1 (50.00%),1 (50.00%),
BOND_BBB_roll5_mean,1.538,1 (50.00%),1 (50.00%),
BOND_BBB_roll5_mean,1.548,1 (50.00%),1 (50.00%),
BOND_BBB_roll5_mean,1.55,3 (50.00%),3 (50.00%),
BOND_BBB_roll5_mean,1.56,7 (58.33%),5 (41.67%),
BOND_BBB_roll5_mean,1.564,1 (50.00%),1 (50.00%),
BOND_BBB_roll5_mean,1.596,1 (50.00%),1 (50.00%),
BOND_BBB_roll5_mean,1.6060000000000003,1 (50.00%),1 (50.00%),
BOND_BBB_roll5_mean,1.622,1 (50.00%),1 (50.00%),
BOND_BBB_roll5_mean,1.64,30 (73.17%),11 (26.83%),
BOND_BBB_roll5_mean,1.65,4 (15.38%),22 (84.62%),
BOND_BBB_roll5_mean,1.658,1 (50.00%),1 (50.00%),
BOND_BBB_roll5_mean,1.666,1 (50.00%),1 (50.00%),
BOND_BBB_roll5_mean,1.668,1 (33.33%),2 (66.67%),
BOND_BBB_roll5_mean,1.67,5 (55.56%),4 (44.44%),
BOND_BBB_roll5_mean,1.68,3 (60.00%),2 (40.00%),
BOND_BBB_roll5_mean,1.684,1 (50.00%),1 (50.00%),
BOND_BBB_roll5_mean,1.688,1 (50.00%),1 (50.00%),
BOND_BBB_roll5_mean,1.69,10 (52.63%),9 (47.37%),
BOND_BBB_roll5_mean,1.72,6 (16.67%),30 (83.33%),
BOND_BBB_roll5_mean,1.8,42 (82.35%),9 (17.65%),
BOND_BBB_roll5_mean,1.81,28 (93.33%),2 (6.67%),
BOND_BBB_roll5_mean,1.812,2 (66.67%),1 (33.33%),
BOND_BBB_roll5_mean,1.814,2 (66.67%),1 (33.33%),
BOND_BBB_roll5_mean,1.818,4 (80.00%),1 (20.00%),
BOND_BBB_roll5_mean,1.82,83 (74.11%),29 (25.89%),
BOND_BBB_roll5_mean,1.84,1 (50.00%),1 (50.00%),
BOND_BBB_roll5_mean,1.842,1 (50.00%),1 (50.00%),
BOND_BBB_roll5_mean,1.85,2 (66.67%),1 (33.33%),
BOND_BBB_roll5_mean,1.86,2 (66.67%),1 (33.33%),
BOND_BBB_roll5_mean,1.89,7 (70.00%),3 (30.00%),
BOND_BBB_roll5_mean,1.91,5 (62.50%),3 (37.50%),
BOND_BBB_roll5_mean,1.914,1 (50.00%),1 (50.00%),
BOND_BBB_roll5_mean,1.92,4 (57.14%),3 (42.86%),
BOND_BBB_roll5_mean,1.926,1 (33.33%),2 (66.67%),
BOND_BBB_roll5_mean,1.93,3 (25.00%),9 (75.00%),
BOND_BBB_roll5_mean,1.934,1 (50.00%),1 (50.00%),
BOND_BBB_roll5_mean,1.94,4 (44.44%),5 (55.56%),
BOND_BBB_roll5_mean,1.95,1 (50.00%),1 (50.00%),
BOND_BBB_roll5_mean,1.97,54 (85.71%),9 (14.29%),
BOND_BBB_roll5_mean,1.972,1 (50.00%),1 (50.00%),
BOND_BBB_roll5_mean,1.974,2 (66.67%),1 (33.33%),
BOND_BBB_roll5_mean,1.98,20 (60.61%),13 (39.39%),
BOND_BBB_roll5_mean,2.008,1 (50.00%),1 (50.00%),
BOND_BBB_roll5_mean,2.73,48 (58.54%),34 (41.46%),
BOND_BBB_roll5_mean,2.746,1 (50.00%),1 (50.00%),
BOND_BBB_roll5_mean,2.8,1 (33.33%),2 (66.67%),
BOND_BBB_roll5_mean,2.86,7 (50.00%),7 (50.00%),
BOND_BBB_roll5_mean,2.93,12 (48.00%),13 (52.00%),
BOND_BBB_roll5_mean,2.932,1 (50.00%),1 (50.00%),
BOND_BBB_roll5_mean,2.994,1 (50.00%),1 (50.00%),
BOND_BBB_roll5_mean,3.0,8 (72.73%),3 (27.27%),
BOND_BBB_roll5_mean,3.106,1 (50.00%),1 (50.00%),
BOND_BBB_roll5_mean,3.13,21 (42.86%),28 (57.14%),
BOND_BBB_roll5_mean,3.152,1 (50.00%),1 (50.00%),
BOND_BBB_roll5_mean,3.25,9 (75.00%),3 (25.00%),
BOND_BBB_roll5_mean,3.278,1 (50.00%),1 (50.00%),
BOND_BBB_roll5_mean,3.294,1 (50.00%),1 (50.00%),
BOND_BBB_roll5_mean,3.298,1 (50.00%),1 (50.00%),
BOND_BBB_roll5_mean,3.3,5 (62.50%),3 (37.50%),
BOND_BBB_roll5_mean,3.3200000000000003,1 (50.00%),1 (50.00%),
BOND_BBB_roll5_mean,3.428,3 (75.00%),1 (25.00%),
BOND_BBB_roll5_mean,3.53,2 (66.67%),1 (33.33%),
BOND_BBB_roll5_mean,3.534,1 (50.00%),1 (50.00%),
BOND_BBB_roll5_mean,3.54,7 (58.33%),5 (41.67%),
BOND_BBB_roll5_mean,3.548,1 (33.33%),2 (66.67%),
BOND_BBB_roll5_mean,3.56,5 (71.43%),2 (28.57%),
BOND_BBB_roll5_mean,3.62,18 (64.29%),10 (35.71%),
BOND_BBB_roll5_mean,4.01,38 (65.52%),20 (34.48%),
BOND_BBB_roll5_mean,4.016,2 (66.67%),1 (33.33%),
BOND_BBB_roll5_mean,4.03,28 (66.67%),14 (33.33%),
BOND_BBB_roll5_mean,4.048,1 (50.00%),1 (50.00%),
BOND_BBB_roll5_mean,4.06,5 (38.46%),8 (61.54%),
BOND_BBB_roll5_mean,4.11,1 (50.00%),1 (50.00%),
BOND_BBB_roll5_mean,4.22,22 (47.83%),24 (52.17%),
BOND_BBB_roll5_mean,4.234,1 (50.00%),1 (50.00%),
BOND_BBB_roll5_mean,4.242,1 (50.00%),1 (50.00%),
BOND_BBB_roll5_mean,4.28,27 (61.36%),17 (38.64%),
BOND_BBB_roll5_mean,4.286,1 (50.00%),1 (50.00%),
BOND_BBB_roll5_mean,4.32,1 (33.33%),2 (66.67%),
BOND_BBB_roll5_mean,4.36,17 (60.71%),11 (39.29%),
BOND_BBB_roll5_mean,5.497999999999999,1 (50.00%),1 (50.00%),
BOND_BBB_roll5_mean,5.62,2 (66.67%),1 (33.33%),
BOND_BBB_roll20_mean,0.97,35 (48.61%),37 (51.39%),"$\chi^2$=107.56, $p$=0.02"
BOND_BBB_roll20_mean,0.985,1 (50.00%),1 (50.00%),
BOND_BBB_roll20_mean,0.9925,1 (50.00%),1 (50.00%),
BOND_BBB_roll20_mean,True,21 (72.41%),8 (27.59%),
BOND_BBB_roll20_mean,1.0765,1 (50.00%),1 (50.00%),
BOND_BBB_roll20_mean,1.09,9 (81.82%),2 (18.18%),
BOND_BBB_roll20_mean,1.11,11 (73.33%),4 (26.67%),
BOND_BBB_roll20_mean,1.1835,1 (50.00%),1 (50.00%),
BOND_BBB_roll20_mean,1.2029999999999998,1 (50.00%),1 (50.00%),
BOND_BBB_roll20_mean,1.214,1 (50.00%),1 (50.00%),
BOND_BBB_roll20_mean,1.47,1 (14.29%),6 (85.71%),
BOND_BBB_roll20_mean,1.5475,1 (50.00%),1 (50.00%),
BOND_BBB_roll20_mean,1.64,17 (65.38%),9 (34.62%),
BOND_BBB_roll20_mean,1.65,2 (20.00%),8 (80.00%),
BOND_BBB_roll20_mean,1.6509999999999998,1 (33.33%),2 (66.67%),
BOND_BBB_roll20_mean,1.6525,1 (50.00%),1 (50.00%),
BOND_BBB_roll20_mean,1.655,1 (50.00%),1 (50.00%),
BOND_BBB_roll20_mean,1.657,1 (33.33%),2 (66.67%),
BOND_BBB_roll20_mean,1.6825,2 (66.67%),1 (33.33%),
BOND_BBB_roll20_mean,1.6865,1 (50.00%),1 (50.00%),
BOND_BBB_roll20_mean,1.6875,1 (50.00%),1 (50.00%),
BOND_BBB_roll20_mean,1.6885,1 (33.33%),2 (66.67%),
BOND_BBB_roll20_mean,1.6895,1 (50.00%),1 (50.00%),
BOND_BBB_roll20_mean,1.69,3 (75.00%),1 (25.00%),
BOND_BBB_roll20_mean,1.7025,1 (50.00%),1 (50.00%),
BOND_BBB_roll20_mean,1.72,2 (9.52%),19 (90.48%),
BOND_BBB_roll20_mean,1.723,1 (50.00%),1 (50.00%),
BOND_BBB_roll20_mean,1.8,41 (82.00%),9 (18.00%),
BOND_BBB_roll20_mean,1.8055,1 (50.00%),1 (50.00%),
BOND_BBB_roll20_mean,1.81,13 (81.25%),3 (18.75%),
BOND_BBB_roll20_mean,1.8105,1 (50.00%),1 (50.00%),
BOND_BBB_roll20_mean,1.8125,1 (50.00%),1 (50.00%),
BOND_BBB_roll20_mean,1.813,3 (75.00%),1 (25.00%),
BOND_BBB_roll20_mean,1.8155,1 (50.00%),1 (50.00%),
BOND_BBB_roll20_mean,1.817,1 (33.33%),2 (66.67%),
BOND_BBB_roll20_mean,1.819,2 (66.67%),1 (33.33%),
BOND_BBB_roll20_mean,1.8195,2 (66.67%),1 (33.33%),
BOND_BBB_roll20_mean,1.82,61 (74.39%),21 (25.61%),
BOND_BBB_roll20_mean,1.8235,1 (50.00%),1 (50.00%),
BOND_BBB_roll20_mean,1.8255,1 (50.00%),1 (50.00%),
BOND_BBB_roll20_mean,1.871,1 (50.00%),1 (50.00%),
BOND_BBB_roll20_mean,1.892,2 (66.67%),1 (33.33%),
BOND_BBB_roll20_mean,1.8985,1 (50.00%),1 (50.00%),
BOND_BBB_roll20_mean,1.9035,1 (50.00%),1 (50.00%),
BOND_BBB_roll20_mean,1.9155,1 (50.00%),1 (50.00%),
BOND_BBB_roll20_mean,1.928,1 (50.00%),1 (50.00%),
BOND_BBB_roll20_mean,1.937,1 (50.00%),1 (50.00%),
BOND_BBB_roll20_mean,1.948,1 (50.00%),1 (50.00%),
BOND_BBB_roll20_mean,1.97,41 (87.23%),6 (12.77%),
BOND_BBB_roll20_mean,1.9775,1 (50.00%),1 (50.00%),
BOND_BBB_roll20_mean,1.98,10 (58.82%),7 (41.18%),
BOND_BBB_roll20_mean,2.0565,1 (50.00%),1 (50.00%),
BOND_BBB_roll20_mean,2.73,37 (55.22%),30 (44.78%),
BOND_BBB_roll20_mean,2.93,6 (60.00%),4 (40.00%),
BOND_BBB_roll20_mean,3.1285,1 (50.00%),1 (50.00%),
BOND_BBB_roll20_mean,3.13,11 (33.33%),22 (66.67%),
BOND_BBB_roll20_mean,3.2315,1 (50.00%),1 (50.00%),
BOND_BBB_roll20_mean,3.2485,1 (50.00%),1 (50.00%),
BOND_BBB_roll20_mean,3.257,1 (50.00%),1 (50.00%),
BOND_BBB_roll20_mean,3.2845,1 (50.00%),1 (50.00%),
BOND_BBB_roll20_mean,3.466,1 (50.00%),1 (50.00%),
BOND_BBB_roll20_mean,3.467,1 (50.00%),1 (50.00%),
BOND_BBB_roll20_mean,3.496,1 (50.00%),1 (50.00%),
BOND_BBB_roll20_mean,3.4975,1 (50.00%),1 (50.00%),
BOND_BBB_roll20_mean,3.499,1 (50.00%),1 (50.00%),
BOND_BBB_roll20_mean,3.5405,1 (50.00%),1 (50.00%),
BOND_BBB_roll20_mean,3.5445,1 (50.00%),1 (50.00%),
BOND_BBB_roll20_mean,3.5845,1 (50.00%),1 (50.00%),
BOND_BBB_roll20_mean,3.62,7 (53.85%),6 (46.15%),
BOND_BBB_roll20_mean,4.01,30 (69.77%),13 (30.23%),
BOND_BBB_roll20_mean,4.0115,1 (50.00%),1 (50.00%),
BOND_BBB_roll20_mean,4.0175,1 (50.00%),1 (50.00%),
BOND_BBB_roll20_mean,4.0225,1 (50.00%),1 (50.00%),
BOND_BBB_roll20_mean,4.03,17 (62.96%),10 (37.04%),
BOND_BBB_roll20_mean,4.1515,1 (50.00%),1 (50.00%),
BOND_BBB_roll20_mean,4.191,1 (50.00%),1 (50.00%),
BOND_BBB_roll20_mean,4.22,14 (45.16%),17 (54.84%),
BOND_BBB_roll20_mean,4.259,1 (50.00%),1 (50.00%),
BOND_BBB_roll20_mean,4.28,19 (65.52%),10 (34.48%),
BOND_BBB_roll20_mean,4.3585,1 (50.00%),1 (50.00%),
BOND_BBB_roll20_mean,4.36,4 (30.77%),9 (69.23%),
BSI_E,50.0,10 (58.82%),7 (41.18%),"$\chi^2$=86.99, $p$=0.00"
BSI_E,53.0,14 (70.00%),6 (30.00%),
BSI_E,56.0,19 (79.17%),5 (20.83%),
BSI_E,60.0,18 (81.82%),4 (18.18%),
BSI_E,61.0,20 (90.91%),2 (9.09%),
BSI_E,62.0,7 (38.89%),11 (61.11%),
BSI_E,63.0,16 (76.19%),5 (23.81%),
BSI_E,64.0,33 (53.23%),29 (46.77%),
BSI_E,65.0,15 (42.86%),20 (57.14%),
BSI_E,66.0,26 (60.47%),17 (39.53%),
BSI_E,67.0,41 (67.21%),20 (32.79%),
BSI_E,68.0,44 (55.00%),36 (45.00%),
BSI_E,69.0,58 (59.18%),40 (40.82%),
BSI_E,70.0,116 (58.29%),83 (41.71%),
BSI_E,71.0,106 (60.92%),68 (39.08%),
BSI_E,72.0,38 (43.18%),50 (56.82%),
BSI_E,73.0,66 (58.93%),46 (41.07%),
BSI_E,74.0,82 (57.75%),60 (42.25%),
BSI_E,75.0,15 (31.91%),32 (68.09%),
BSI_E,76.0,95 (77.87%),27 (22.13%),
BSI_E,77.0,36 (63.16%),21 (36.84%),
BSI_E,78.0,28 (66.67%),14 (33.33%),
BSI_E,79.0,66 (68.04%),31 (31.96%),
BSI_E,80.0,55 (68.75%),25 (31.25%),
BSI_E,81.0,92 (60.93%),59 (39.07%),
BSI_E,82.0,56 (69.14%),25 (30.86%),
BSI_E,83.0,25 (60.98%),16 (39.02%),
BSI_E,84.0,17 (45.95%),20 (54.05%),
BSI_E,85.0,10 (55.56%),8 (44.44%),
BSI_E,86.0,12 (50.00%),12 (50.00%),
BSI_P,49.0,19 (79.17%),5 (20.83%),"$\chi^2$=72.27, $p$=0.00"
BSI_P,51.0,18 (81.82%),4 (18.18%),
BSI_P,52.0,10 (58.82%),7 (41.18%),
BSI_P,56.0,14 (70.00%),6 (30.00%),
BSI_P,59.0,7 (38.89%),11 (61.11%),
BSI_P,62.0,8 (47.06%),9 (52.94%),
BSI_P,63.0,20 (47.62%),22 (52.38%),
BSI_P,65.0,33 (71.74%),13 (28.26%),
BSI_P,66.0,26 (61.90%),16 (38.10%),
BSI_P,67.0,24 (57.14%),18 (42.86%),
BSI_P,68.0,95 (59.01%),66 (40.99%),
BSI_P,69.0,60 (71.43%),24 (28.57%),
BSI_P,70.0,111 (55.50%),89 (44.50%),
BSI_P,71.0,91 (58.33%),65 (41.67%),
BSI_P,72.0,38 (46.91%),43 (53.09%),
BSI_P,73.0,148 (67.89%),70 (32.11%),
BSI_P,74.0,94 (63.09%),55 (36.91%),
BSI_P,75.0,41 (66.13%),21 (33.87%),
BSI_P,76.0,20 (51.28%),19 (48.72%),
BSI_P,77.0,25 (62.50%),15 (37.50%),
BSI_P,78.0,25 (64.10%),14 (35.90%),
BSI_P,79.0,12 (63.16%),7 (36.84%),
BSI_P,80.0,47 (73.44%),17 (26.56%),
BSI_P,81.0,18 (90.00%),2 (10.00%),
BSI_P,82.0,28 (65.12%),15 (34.88%),
BSI_P,83.0,12 (60.00%),8 (40.00%),
BSI_P,84.0,14 (70.00%),6 (30.00%),
BSI_P,85.0,23 (56.10%),18 (43.90%),
BSI_P,86.0,12 (50.00%),12 (50.00%),
BSI_P,87.0,10 (55.56%),8 (44.44%),
BSI_P,89.0,10 (47.62%),11 (52.38%),
BSI_P,90.0,40 (51.28%),38 (48.72%),
BSI_P,91.0,15 (62.50%),9 (37.50%),
BSI_P,95.0,26 (60.47%),17 (39.53%),
BSI_P,96.0,27 (69.23%),12 (30.77%),
BSI_P,97.0,8 (47.06%),9 (52.94%),
BSI_P,98.0,7 (28.00%),18 (72.00%),
NEWCASTLE_COAL_lag1,49.8,1 (50.00%),1 (50.00%),"$\chi^2$=65.40, $p$=1.00"
NEWCASTLE_COAL_lag1,50.6,1 (50.00%),1 (50.00%),
NEWCASTLE_COAL_lag1,50.75,1 (50.00%),1 (50.00%),
NEWCASTLE_COAL_lag1,51.2,1 (50.00%),1 (50.00%),
NEWCASTLE_COAL_lag1,51.4,1 (50.00%),1 (50.00%),
NEWCASTLE_COAL_lag1,51.6,1 (50.00%),1 (50.00%),
NEWCASTLE_COAL_lag1,51.8,2 (66.67%),1 (33.33%),
NEWCASTLE_COAL_lag1,51.9,1 (33.33%),2 (66.67%),
NEWCASTLE_COAL_lag1,51.95,4 (80.00%),1 (20.00%),
NEWCASTLE_COAL_lag1,52.05,2 (66.67%),1 (33.33%),
NEWCASTLE_COAL_lag1,52.2,1 (50.00%),1 (50.00%),
NEWCASTLE_COAL_lag1,52.4,3 (75.00%),1 (25.00%),
NEWCASTLE_COAL_lag1,52.45,2 (66.67%),1 (33.33%),
NEWCASTLE_COAL_lag1,52.5,1 (50.00%),1 (50.00%),
NEWCASTLE_COAL_lag1,52.6,2 (66.67%),1 (33.33%),
NEWCASTLE_COAL_lag1,52.7,1 (50.00%),1 (50.00%),
NEWCASTLE_COAL_lag1,53.0,2 (66.67%),1 (33.33%),
NEWCASTLE_COAL_lag1,58.0,1 (20.00%),4 (80.00%),
NEWCASTLE_COAL_lag1,58.2,2 (66.67%),1 (33.33%),
NEWCASTLE_COAL_lag1,62.3,3 (75.00%),1 (25.00%),
NEWCASTLE_COAL_lag1,62.65,1 (50.00%),1 (50.00%),
NEWCASTLE_COAL_lag1,65.15,1 (50.00%),1 (50.00%),
NEWCASTLE_COAL_lag1,65.3,1 (50.00%),1 (50.00%),
NEWCASTLE_COAL_lag1,65.4,1 (33.33%),2 (66.67%),
NEWCASTLE_COAL_lag1,65.55,3 (75.00%),1 (25.00%),
NEWCASTLE_COAL_lag1,65.75,2 (50.00%),2 (50.00%),
NEWCASTLE_COAL_lag1,65.8,1 (33.33%),2 (66.67%),
NEWCASTLE_COAL_lag1,65.9,1 (50.00%),1 (50.00%),
NEWCASTLE_COAL_lag1,66.05,2 (66.67%),1 (33.33%),
NEWCASTLE_COAL_lag1,66.15,1 (50.00%),1 (50.00%),
NEWCASTLE_COAL_lag1,66.2,1 (25.00%),3 (75.00%),
NEWCASTLE_COAL_lag1,66.3,3 (75.00%),1 (25.00%),
NEWCASTLE_COAL_lag1,66.35,2 (40.00%),3 (60.00%),
NEWCASTLE_COAL_lag1,66.45,1 (25.00%),3 (75.00%),
NEWCASTLE_COAL_lag1,66.5,3 (50.00%),3 (50.00%),
NEWCASTLE_COAL_lag1,66.7,1 (33.33%),2 (66.67%),
NEWCASTLE_COAL_lag1,66.85,1 (50.00%),1 (50.00%),
NEWCASTLE_COAL_lag1,67.3,1 (50.00%),1 (50.00%),
NEWCASTLE_COAL_lag1,67.4,2 (33.33%),4 (66.67%),
NEWCASTLE_COAL_lag1,67.45,1 (33.33%),2 (66.67%),
NEWCASTLE_COAL_lag1,67.5,1 (33.33%),2 (66.67%),
NEWCASTLE_COAL_lag1,67.6,1 (50.00%),1 (50.00%),
NEWCASTLE_COAL_lag1,67.85,2 (66.67%),1 (33.33%),
NEWCASTLE_COAL_lag1,67.9,3 (50.00%),3 (50.00%),
NEWCASTLE_COAL_lag1,68.0,1 (50.00%),1 (50.00%),
NEWCASTLE_COAL_lag1,68.5,1 (50.00%),1 (50.00%),
NEWCASTLE_COAL_lag1,69.1,2 (66.67%),1 (33.33%),
NEWCASTLE_COAL_lag1,70.8,1 (50.00%),1 (50.00%),
NEWCASTLE_COAL_lag1,70.9,2 (66.67%),1 (33.33%),
NEWCASTLE_COAL_lag1,71.4,1 (50.00%),1 (50.00%),
NEWCASTLE_COAL_lag1,73.85,1 (50.00%),1 (50.00%),
NEWCASTLE_COAL_lag1,79.5,1 (50.00%),1 (50.00%),
NEWCASTLE_COAL_lag1,79.85,2 (66.67%),1 (33.33%),
NEWCASTLE_COAL_lag1,83.65,1 (50.00%),1 (50.00%),
NEWCASTLE_COAL_lag1,83.75,1 (50.00%),1 (50.00%),
NEWCASTLE_COAL_lag1,84.45,3 (75.00%),1 (25.00%),
NEWCASTLE_COAL_lag1,85.5,3 (60.00%),2 (40.00%),
NEWCASTLE_COAL_lag1,85.75,1 (50.00%),1 (50.00%),
NEWCASTLE_COAL_lag1,86.2,1 (50.00%),1 (50.00%),
NEWCASTLE_COAL_lag1,87.2,1 (50.00%),1 (50.00%),
NEWCASTLE_COAL_lag1,87.3,1 (33.33%),2 (66.67%),
NEWCASTLE_COAL_lag1,87.5,1 (33.33%),2 (66.67%),
NEWCASTLE_COAL_lag1,90.5,1 (50.00%),1 (50.00%),
NEWCASTLE_COAL_lag1,92.75,1 (50.00%),1 (50.00%),
NEWCASTLE_COAL_lag1,93.0,1 (25.00%),3 (75.00%),
NEWCASTLE_COAL_lag1,93.1,2 (66.67%),1 (33.33%),
NEWCASTLE_COAL_lag1,93.3,2 (66.67%),1 (33.33%),
NEWCASTLE_COAL_lag1,93.4,1 (50.00%),1 (50.00%),
NEWCASTLE_COAL_lag1,93.5,3 (60.00%),2 (40.00%),
NEWCASTLE_COAL_lag1,93.65,1 (33.33%),2 (66.67%),
NEWCASTLE_COAL_lag1,93.75,1 (33.33%),2 (66.67%),
NEWCASTLE_COAL_lag1,93.8,2 (66.67%),1 (33.33%),
NEWCASTLE_COAL_lag1,93.95,1 (50.00%),1 (50.00%),
NEWCASTLE_COAL_lag1,94.5,2 (50.00%),2 (50.00%),
NEWCASTLE_COAL_lag1,94.85,2 (66.67%),1 (33.33%),
NEWCASTLE_COAL_lag1,95.05,4 (80.00%),1 (20.00%),
NEWCASTLE_COAL_lag1,96.25,1 (50.00%),1 (50.00%),
NEWCASTLE_COAL_lag1,96.4,2 (66.67%),1 (33.33%),
NEWCASTLE_COAL_lag1,96.7,1 (50.00%),1 (50.00%),
NEWCASTLE_COAL_lag1,96.75,3 (75.00%),1 (25.00%),
NEWCASTLE_COAL_lag1,96.9,1 (50.00%),1 (50.00%),
NEWCASTLE_COAL_lag1,97.5,2 (66.67%),1 (33.33%),
NEWCASTLE_COAL_lag1,97.85,1 (50.00%),1 (50.00%),
NEWCASTLE_COAL_lag1,99.0,4 (66.67%),2 (33.33%),
NEWCASTLE_COAL_lag1,99.4,1 (33.33%),2 (66.67%),
NEWCASTLE_COAL_lag1,99.75,3 (75.00%),1 (25.00%),
NEWCASTLE_COAL_lag1,100.55,1 (50.00%),1 (50.00%),
NEWCASTLE_COAL_lag1,100.7,1 (50.00%),1 (50.00%),
NEWCASTLE_COAL_lag1,100.9,4 (80.00%),1 (20.00%),
NEWCASTLE_COAL_lag1,101.5,5 (83.33%),1 (16.67%),
NEWCASTLE_COAL_lag1,101.55,2 (50.00%),2 (50.00%),
NEWCASTLE_COAL_lag1,101.65,2 (66.67%),1 (33.33%),
NEWCASTLE_COAL_lag1,101.7,1 (50.00%),1 (50.00%),
NEWCASTLE_COAL_lag1,102.0,3 (75.00%),1 (25.00%),
NEWCASTLE_COAL_lag1,102.3,1 (50.00%),1 (50.00%),
NEWCASTLE_COAL_lag1,102.4,2 (66.67%),1 (33.33%),
NEWCASTLE_COAL_lag1,102.45,1 (33.33%),2 (66.67%),
NEWCASTLE_COAL_lag1,102.5,1 (50.00%),1 (50.00%),
NEWCASTLE_COAL_lag1,102.55,1 (50.00%),1 (50.00%),
NEWCASTLE_COAL_lag1,102.9,1 (50.00%),1 (50.00%),
NEWCASTLE_COAL_lag1,103.35,2 (66.67%),1 (33.33%),
NEWCASTLE_COAL_lag1,103.6,1 (50.00%),1 (50.00%),
NEWCASTLE_COAL_lag1,103.8,1 (50.00%),1 (50.00%),
NEWCASTLE_COAL_lag1,104.0,2 (66.67%),1 (33.33%),
NEWCASTLE_COAL_lag1,104.1,1 (50.00%),1 (50.00%),
NEWCASTLE_COAL_lag1,104.15,1 (25.00%),3 (75.00%),
NEWCASTLE_COAL_lag1,104.25,2 (50.00%),2 (50.00%),
NEWCASTLE_COAL_lag1,104.35,1 (50.00%),1 (50.00%),
NEWCASTLE_COAL_lag1,104.45,1 (50.00%),1 (50.00%),
NEWCASTLE_COAL_lag1,104.55,1 (50.00%),1 (50.00%),
NEWCASTLE_COAL_lag1,104.6,3 (50.00%),3 (50.00%),
NEWCASTLE_COAL_lag1,104.7,1 (50.00%),1 (50.00%),
NEWCASTLE_COAL_lag1,104.75,2 (66.67%),1 (33.33%),
NEWCASTLE_COAL_lag1,105.1,1 (50.00%),1 (50.00%),
NEWCASTLE_COAL_lag1,105.35,1 (50.00%),1 (50.00%),
NEWCASTLE_COAL_lag1,105.45,1 (50.00%),1 (50.00%),
NEWCASTLE_COAL_lag1,105.55,1 (50.00%),1 (50.00%),
NEWCASTLE_COAL_lag1,105.65,1 (50.00%),1 (50.00%),
NEWCASTLE_COAL_lag1,105.85,2 (66.67%),1 (33.33%),
NEWCASTLE_COAL_lag1,106.0,1 (50.00%),1 (50.00%),
NEWCASTLE_COAL_lag1,106.4,1 (50.00%),1 (50.00%),
NEWCASTLE_COAL_lag1,106.5,4 (80.00%),1 (20.00%),
NEWCASTLE_COAL_lag1,106.55,2 (66.67%),1 (33.33%),
NEWCASTLE_COAL_lag1,106.75,3 (75.00%),1 (25.00%),
NEWCASTLE_COAL_lag1,107.25,1 (33.33%),2 (66.67%),
NEWCASTLE_COAL_lag1,108.25,2 (66.67%),1 (33.33%),
NEWCASTLE_COAL_lag1,108.5,3 (75.00%),1 (25.00%),
NEWCASTLE_COAL_lag1,108.6,3 (75.00%),1 (25.00%),
NEWCASTLE_COAL_lag1,108.8,2 (66.67%),1 (33.33%),
NEWCASTLE_COAL_lag1,109.1,2 (66.67%),1 (33.33%),
NEWCASTLE_COAL_lag1,109.55,1 (50.00%),1 (50.00%),
NEWCASTLE_COAL_lag1,109.6,1 (50.00%),1 (50.00%),
NEWCASTLE_COAL_lag1,109.75,2 (66.67%),1 (33.33%),
NEWCASTLE_COAL_lag1,109.85,1 (50.00%),1 (50.00%),
NEWCASTLE_COAL_lag1,109.9,2 (66.67%),1 (33.33%),
NEWCASTLE_COAL_lag1,109.95,2 (66.67%),1 (33.33%),
NEWCASTLE_COAL_lag1,110.1,3 (75.00%),1 (25.00%),
NEWCASTLE_COAL_lag1,110.5,1 (50.00%),1 (50.00%),
NEWCASTLE_COAL_lag1,110.6,1 (50.00%),1 (50.00%),
NEWCASTLE_COAL_lag1,111.0,4 (80.00%),1 (20.00%),
NEWCASTLE_COAL_lag1,111.1,2 (66.67%),1 (33.33%),
NEWCASTLE_COAL_lag1,111.15,2 (66.67%),1 (33.33%),
NEWCASTLE_COAL_lag1,111.5,2 (66.67%),1 (33.33%),
NEWCASTLE_COAL_lag1,111.55,1 (33.33%),2 (66.67%),
NEWCASTLE_COAL_lag1,111.8,1 (50.00%),1 (50.00%),
NEWCASTLE_COAL_lag1,112.5,1 (50.00%),1 (50.00%),
NEWCASTLE_COAL_lag1,113.75,1 (50.00%),1 (50.00%),
NEWCASTLE_COAL_lag1,114.05,1 (50.00%),1 (50.00%),
NEWCASTLE_COAL_lag1,114.4,1 (33.33%),2 (66.67%),
NEWCASTLE_COAL_lag1,114.45,1 (50.00%),1 (50.00%),
NEWCASTLE_COAL_lag1,114.5,3 (75.00%),1 (25.00%),
NEWCASTLE_COAL_lag1,115.0,1 (50.00%),1 (50.00%),
NEWCASTLE_COAL_lag1,115.05,1 (50.00%),1 (50.00%),
NEWCASTLE_COAL_lag1,115.3,1 (50.00%),1 (50.00%),
NEWCASTLE_COAL_lag1,115.35,2 (66.67%),1 (33.33%),
NEWCASTLE_COAL_lag1,115.4,1 (50.00%),1 (50.00%),
NEWCASTLE_COAL_lag1,115.75,1 (50.00%),1 (50.00%),
NEWCASTLE_COAL_lag1,115.8,1 (50.00%),1 (50.00%),
NEWCASTLE_COAL_lag1,116.2,1 (50.00%),1 (50.00%),
NEWCASTLE_COAL_lag1,116.5,2 (50.00%),2 (50.00%),
NEWCASTLE_COAL_lag1,116.75,1 (50.00%),1 (50.00%),
NEWCASTLE_COAL_lag1,117.45,2 (66.67%),1 (33.33%),
NEWCASTLE_COAL_lag1,119.0,2 (50.00%),2 (50.00%),
NEWCASTLE_COAL_lag1,119.25,1 (50.00%),1 (50.00%),
NEWCASTLE_COAL_lag1,119.4,2 (66.67%),1 (33.33%),
NEWCASTLE_COAL_lag1,119.6,2 (66.67%),1 (33.33%),
NEWCASTLE_COAL_lag1,119.75,1 (33.33%),2 (66.67%),
NEWCASTLE_COAL_lag1,120.5,2 (66.67%),1 (33.33%),
NEWCASTLE_COAL_lag1,122.15,1 (50.00%),1 (50.00%),
NEWCASTLE_COAL_lag1,122.5,3 (75.00%),1 (25.00%),
NEWCASTLE_COAL_lag1,126.0,1 (50.00%),1 (50.00%),
NEWCASTLE_COAL_lag1,126.75,2 (50.00%),2 (50.00%),
NEWCASTLE_COAL_lag1,127.1,1 (50.00%),1 (50.00%),
NEWCASTLE_COAL_lag1,127.45,1 (50.00%),1 (50.00%),
NEWCASTLE_COAL_lag1,127.5,1 (33.33%),2 (66.67%),
NEWCASTLE_COAL_lag1,127.7,1 (50.00%),1 (50.00%),
NEWCASTLE_COAL_lag1,127.75,2 (66.67%),1 (33.33%),
NEWCASTLE_COAL_lag1,127.9,2 (66.67%),1 (33.33%),
NEWCASTLE_COAL_lag1,128.0,1 (50.00%),1 (50.00%),
NEWCASTLE_COAL_lag1,128.9,2 (66.67%),1 (33.33%),
NEWCASTLE_COAL_lag1,129.25,3 (75.00%),1 (25.00%),
NEWCASTLE_COAL_lag1,129.5,2 (50.00%),2 (50.00%),
NEWCASTLE_COAL_lag1,129.75,2 (50.00%),2 (50.00%),
NEWCASTLE_COAL_lag1,130.75,1 (50.00%),1 (50.00%),
NEWCASTLE_COAL_lag1,131.0,5 (83.33%),1 (16.67%),
NEWCASTLE_COAL_lag1,131.55,1 (50.00%),1 (50.00%),
NEWCASTLE_COAL_lag1,131.65,1 (50.00%),1 (50.00%),
NEWCASTLE_COAL_lag1,132.0,5 (83.33%),1 (16.67%),
NEWCASTLE_COAL_lag1,132.25,1 (33.33%),2 (66.67%),
NEWCASTLE_COAL_lag1,133.5,2 (50.00%),2 (50.00%),
NEWCASTLE_COAL_lag1,133.75,3 (60.00%),2 (40.00%),
NEWCASTLE_COAL_lag1,134.1,1 (50.00%),1 (50.00%),
NEWCASTLE_COAL_lag1,134.75,2 (66.67%),1 (33.33%),
NEWCASTLE_COAL_lag1,134.8,2 (66.67%),1 (33.33%),
NEWCASTLE_COAL_lag1,134.95,1 (50.00%),1 (50.00%),
NEWCASTLE_COAL_lag1,135.0,4 (57.14%),3 (42.86%),
NEWCASTLE_COAL_lag1,135.1,2 (66.67%),1 (33.33%),
NEWCASTLE_COAL_lag1,135.25,1 (50.00%),1 (50.00%),
NEWCASTLE_COAL_lag1,135.5,2 (66.67%),1 (33.33%),
NEWCASTLE_COAL_lag1,136.0,1 (33.33%),2 (66.67%),
NEWCASTLE_COAL_lag1,136.5,3 (75.00%),1 (25.00%),
NEWCASTLE_COAL_lag1,137.75,1 (50.00%),1 (50.00%),
NEWCASTLE_COAL_lag1,137.9,2 (50.00%),2 (50.00%),
NEWCASTLE_COAL_lag1,138.5,1 (50.00%),1 (50.00%),
NEWCASTLE_COAL_lag1,139.0,1 (50.00%),1 (50.00%),
NEWCASTLE_COAL_lag1,139.5,4 (80.00%),1 (20.00%),
NEWCASTLE_COAL_lag1,139.75,1 (50.00%),1 (50.00%),
NEWCASTLE_COAL_lag1,140.1,1 (50.00%),1 (50.00%),
NEWCASTLE_COAL_lag1,140.7,1 (50.00%),1 (50.00%),
NEWCASTLE_COAL_lag1,141.0,3 (75.00%),1 (25.00%),
NEWCASTLE_COAL_lag1,141.5,5 (71.43%),2 (28.57%),
NEWCASTLE_COAL_lag1,142.25,3 (50.00%),3 (50.00%),
NEWCASTLE_COAL_lag1,142.4,3 (60.00%),2 (40.00%),
NEWCASTLE_COAL_lag1,142.5,1 (50.00%),1 (50.00%),
NEWCASTLE_COAL_lag1,142.8,1 (50.00%),1 (50.00%),
NEWCASTLE_COAL_lag1,143.9,1 (50.00%),1 (50.00%),
NEWCASTLE_COAL_lag1,144.25,1 (50.00%),1 (50.00%),
NEWCASTLE_COAL_lag1,145.0,3 (60.00%),2 (40.00%),
NEWCASTLE_COAL_lag1,145.25,3 (50.00%),3 (50.00%),
NEWCASTLE_COAL_lag1,145.5,3 (50.00%),3 (50.00%),
NEWCASTLE_COAL_lag1,145.75,1 (50.00%),1 (50.00%),
NEWCASTLE_COAL_lag1,146.0,2 (40.00%),3 (60.00%),
NEWCASTLE_COAL_lag1,146.75,2 (66.67%),1 (33.33%),
NEWCASTLE_COAL_lag1,148.2,1 (50.00%),1 (50.00%),
NEWCASTLE_COAL_lag1,149.75,2 (33.33%),4 (66.67%),
NEWCASTLE_COAL_lag1,150.0,3 (60.00%),2 (40.00%),
NEWCASTLE_COAL_lag1,152.5,1 (33.33%),2 (66.67%),
NEWCASTLE_COAL_lag1,156.0,1 (50.00%),1 (50.00%),
NEWCASTLE_COAL_lag1,156.25,1 (50.00%),1 (50.00%),
NEWCASTLE_COAL_lag1,157.5,1 (33.33%),2 (66.67%),
NEWCASTLE_COAL_lag1,160.0,2 (33.33%),4 (66.67%),
NEWCASTLE_COAL_lag1,160.35,1 (33.33%),2 (66.67%),
NEWCASTLE_COAL_lag1,160.5,1 (33.33%),2 (66.67%),
NEWCASTLE_COAL_lag1,160.75,1 (33.33%),2 (66.67%),
NEWCASTLE_COAL_lag1,162.25,1 (50.00%),1 (50.00%),
NEWCASTLE_COAL_lag1,164.75,1 (50.00%),1 (50.00%),
NEWCASTLE_COAL_lag1,169.0,1 (50.00%),1 (50.00%),
NEWCASTLE_COAL_lag1,170.1,1 (50.00%),1 (50.00%),
NEWCASTLE_COAL_lag1,171.0,1 (33.33%),2 (66.67%),
NEWCASTLE_COAL_lag1,174.0,1 (50.00%),1 (50.00%),
NEWCASTLE_COAL_lag1,177.5,4 (80.00%),1 (20.00%),
NEWCASTLE_COAL_lag1,193.75,2 (66.67%),1 (33.33%),
NEWCASTLE_COAL_lag1,227.3,1 (50.00%),1 (50.00%),
NEWCASTLE_COAL_lag1,238.6,1 (50.00%),1 (50.00%),
NEWCASTLE_COAL_lag1,240.0,1 (50.00%),1 (50.00%),
NEWCASTLE_COAL_lag1,245.0,1 (50.00%),1 (50.00%),
NEWCASTLE_COAL_lag1,309.1,2 (50.00%),2 (50.00%),
NEWCASTLE_COAL_lag1,361.0,1 (50.00%),1 (50.00%),
NEWCASTLE_COAL_lag1,370.0,1 (50.00%),1 (50.00%),
NEWCASTLE_COAL_lag1,385.0,1 (50.00%),1 (50.00%),
NEWCASTLE_COAL_lag1,390.0,2 (66.67%),1 (33.33%),
NEWCASTLE_COAL_lag1,391.0,1 (50.00%),1 (50.00%),
NEWCASTLE_COAL_lag1,397.0,1 (50.00%),1 (50.00%),
NEWCASTLE_COAL_lag1,400.5,1 (50.00%),1 (50.00%),
NEWCASTLE_COAL_lag1,401.0,1 (50.00%),1 (50.00%),
NEWCASTLE_COAL_lag1,401.1,1 (50.00%),1 (50.00%),
NEWCASTLE_COAL_lag1,402.5,1 (50.00%),1 (50.00%),
NEWCASTLE_COAL_lag1,403.0,2 (66.67%),1 (33.33%),
NEWCASTLE_COAL_lag1,404.15,1 (50.00%),1 (50.00%),
NEWCASTLE_COAL_lag1,405.0,1 (50.00%),1 (50.00%),
NEWCASTLE_COAL_lag1,413.9,1 (50.00%),1 (50.00%),
VIX_KR,12.02,1 (50.00%),1 (50.00%),"$\chi^2$=64.82, $p$=1.00"
VIX_KR,12.29,2 (66.67%),1 (33.33%),
VIX_KR,12.4,1 (33.33%),2 (66.67%),
VIX_KR,12.42,1 (50.00%),1 (50.00%),
VIX_KR,12.6,1 (50.00%),1 (50.00%),
VIX_KR,12.64,1 (50.00%),1 (50.00%),
VIX_KR,12.81,2 (66.67%),1 (33.33%),
VIX_KR,12.92,1 (50.00%),1 (50.00%),
VIX_KR,12.98,1 (50.00%),1 (50.00%),
VIX_KR,13.04,2 (66.67%),1 (33.33%),
VIX_KR,13.05,1 (33.33%),2 (66.67%),
VIX_KR,13.06,1 (50.00%),1 (50.00%),
VIX_KR,13.09,1 (33.33%),2 (66.67%),
VIX_KR,13.1,1 (50.00%),1 (50.00%),
VIX_KR,13.11,2 (66.67%),1 (33.33%),
VIX_KR,13.16,2 (66.67%),1 (33.33%),
VIX_KR,13.2,1 (33.33%),2 (66.67%),
VIX_KR,13.22,3 (75.00%),1 (25.00%),
VIX_KR,13.34,2 (66.67%),1 (33.33%),
VIX_KR,13.35,2 (66.67%),1 (33.33%),
VIX_KR,13.39,1 (50.00%),1 (50.00%),
VIX_KR,13.42,1 (25.00%),3 (75.00%),
VIX_KR,13.44,1 (50.00%),1 (50.00%),
VIX_KR,13.48,1 (50.00%),1 (50.00%),
VIX_KR,13.5,1 (50.00%),1 (50.00%),
VIX_KR,13.52,1 (50.00%),1 (50.00%),
VIX_KR,13.58,2 (66.67%),1 (33.33%),
VIX_KR,13.59,1 (25.00%),3 (75.00%),
VIX_KR,13.64,2 (66.67%),1 (33.33%),
VIX_KR,13.65,1 (50.00%),1 (50.00%),
VIX_KR,13.67,1 (50.00%),1 (50.00%),
VIX_KR,13.76,1 (33.33%),2 (66.67%),
VIX_KR,13.79,1 (50.00%),1 (50.00%),
VIX_KR,13.8,1 (33.33%),2 (66.67%),
VIX_KR,13.85,2 (40.00%),3 (60.00%),
VIX_KR,13.89,2 (66.67%),1 (33.33%),
VIX_KR,13.9,1 (50.00%),1 (50.00%),
VIX_KR,13.91,1 (33.33%),2 (66.67%),
VIX_KR,13.93,1 (50.00%),1 (50.00%),
VIX_KR,13.96,4 (66.67%),2 (33.33%),
VIX_KR,14.0,1 (50.00%),1 (50.00%),
VIX_KR,14.08,1 (33.33%),2 (66.67%),
VIX_KR,14.09,2 (50.00%),2 (50.00%),
VIX_KR,14.11,1 (33.33%),2 (66.67%),
VIX_KR,14.15,1 (33.33%),2 (66.67%),
VIX_KR,14.18,2 (50.00%),2 (50.00%),
VIX_KR,14.21,2 (40.00%),3 (60.00%),
VIX_KR,14.26,1 (50.00%),1 (50.00%),
VIX_KR,14.29,2 (66.67%),1 (33.33%),
VIX_KR,14.3,1 (33.33%),2 (66.67%),
VIX_KR,14.33,1 (50.00%),1 (50.00%),
VIX_KR,14.34,1 (50.00%),1 (50.00%),
VIX_KR,14.41,1 (50.00%),1 (50.00%),
VIX_KR,14.46,1 (50.00%),1 (50.00%),
VIX_KR,14.51,1 (50.00%),1 (50.00%),
VIX_KR,14.52,2 (66.67%),1 (33.33%),
VIX_KR,14.53,3 (60.00%),2 (40.00%),
VIX_KR,14.55,1 (33.33%),2 (66.67%),
VIX_KR,14.56,1 (50.00%),1 (50.00%),
VIX_KR,14.6,2 (66.67%),1 (33.33%),
VIX_KR,14.61,1 (50.00%),1 (50.00%),
VIX_KR,14.62,3 (75.00%),1 (25.00%),
VIX_KR,14.63,3 (60.00%),2 (40.00%),
VIX_KR,14.66,1 (50.00%),1 (50.00%),
VIX_KR,14.67,2 (66.67%),1 (33.33%),
VIX_KR,14.7,1 (50.00%),1 (50.00%),
VIX_KR,14.74,1 (50.00%),1 (50.00%),
VIX_KR,14.75,2 (66.67%),1 (33.33%),
VIX_KR,14.76,2 (66.67%),1 (33.33%),
VIX_KR,14.77,1 (50.00%),1 (50.00%),
VIX_KR,14.78,1 (50.00%),1 (50.00%),
VIX_KR,14.79,1 (50.00%),1 (50.00%),
VIX_KR,14.8,2 (50.00%),2 (50.00%),
VIX_KR,14.82,1 (50.00%),1 (50.00%),
VIX_KR,14.84,1 (33.33%),2 (66.67%),
VIX_KR,14.86,4 (66.67%),2 (33.33%),
VIX_KR,14.87,2 (66.67%),1 (33.33%),
VIX_KR,14.96,1 (25.00%),3 (75.00%),
VIX_KR,15.06,2 (66.67%),1 (33.33%),
VIX_KR,15.07,2 (66.67%),1 (33.33%),
VIX_KR,15.08,1 (33.33%),2 (66.67%),
VIX_KR,15.09,1 (33.33%),2 (66.67%),
VIX_KR,15.13,1 (50.00%),1 (50.00%),
VIX_KR,15.18,2 (66.67%),1 (33.33%),
VIX_KR,15.22,2 (66.67%),1 (33.33%),
VIX_KR,15.35,1 (50.00%),1 (50.00%),
VIX_KR,15.36,1 (50.00%),1 (50.00%),
VIX_KR,15.44,1 (50.00%),1 (50.00%),
VIX_KR,15.45,2 (66.67%),1 (33.33%),
VIX_KR,15.48,2 (50.00%),2 (50.00%),
VIX_KR,15.49,2 (50.00%),2 (50.00%),
VIX_KR,15.51,1 (50.00%),1 (50.00%),
VIX_KR,15.52,3 (75.00%),1 (25.00%),
VIX_KR,15.55,2 (50.00%),2 (50.00%),
VIX_KR,15.57,1 (50.00%),1 (50.00%),
VIX_KR,15.62,1 (33.33%),2 (66.67%),
VIX_KR,15.66,1 (50.00%),1 (50.00%),
VIX_KR,15.74,1 (50.00%),1 (50.00%),
VIX_KR,15.77,2 (66.67%),1 (33.33%),
VIX_KR,15.79,1 (50.00%),1 (50.00%),
VIX_KR,15.85,1 (50.00%),1 (50.00%),
VIX_KR,15.87,1 (50.00%),1 (50.00%),
VIX_KR,15.88,5 (71.43%),2 (28.57%),
VIX_KR,15.9,1 (50.00%),1 (50.00%),
VIX_KR,15.91,2 (66.67%),1 (33.33%),
VIX_KR,15.95,1 (50.00%),1 (50.00%),
VIX_KR,15.96,1 (50.00%),1 (50.00%),
VIX_KR,15.97,2 (66.67%),1 (33.33%),
VIX_KR,16.0,1 (50.00%),1 (50.00%),
VIX_KR,16.03,3 (75.00%),1 (25.00%),
VIX_KR,16.08,1 (33.33%),2 (66.67%),
VIX_KR,16.1,1 (50.00%),1 (50.00%),
VIX_KR,16.12,1 (50.00%),1 (50.00%),
VIX_KR,16.15,2 (66.67%),1 (33.33%),
VIX_KR,16.17,1 (50.00%),1 (50.00%),
VIX_KR,16.18,2 (66.67%),1 (33.33%),
VIX_KR,16.19,2 (66.67%),1 (33.33%),
VIX_KR,16.24,3 (75.00%),1 (25.00%),
VIX_KR,16.25,1 (33.33%),2 (66.67%),
VIX_KR,16.34,2 (66.67%),1 (33.33%),
VIX_KR,16.4,1 (50.00%),1 (50.00%),
VIX_KR,16.47,2 (66.67%),1 (33.33%),
VIX_KR,16.49,2 (66.67%),1 (33.33%),
VIX_KR,16.5,3 (60.00%),2 (40.00%),
VIX_KR,16.53,2 (50.00%),2 (50.00%),
VIX_KR,16.55,2 (66.67%),1 (33.33%),
VIX_KR,16.58,1 (50.00%),1 (50.00%),
VIX_KR,16.6,3 (75.00%),1 (25.00%),
VIX_KR,16.64,1 (50.00%),1 (50.00%),
VIX_KR,16.66,2 (66.67%),1 (33.33%),
VIX_KR,16.67,2 (66.67%),1 (33.33%),
VIX_KR,16.7,1 (50.00%),1 (50.00%),
VIX_KR,16.71,1 (50.00%),1 (50.00%),
VIX_KR,16.72,1 (50.00%),1 (50.00%),
VIX_KR,16.74,3 (75.00%),1 (25.00%),
VIX_KR,16.77,2 (66.67%),1 (33.33%),
VIX_KR,16.79,3 (75.00%),1 (25.00%),
VIX_KR,16.81,1 (25.00%),3 (75.00%),
VIX_KR,16.83,1 (50.00%),1 (50.00%),
VIX_KR,16.84,2 (50.00%),2 (50.00%),
VIX_KR,16.85,3 (60.00%),2 (40.00%),
VIX_KR,16.89,1 (50.00%),1 (50.00%),
VIX_KR,16.93,1 (50.00%),1 (50.00%),
VIX_KR,16.95,1 (50.00%),1 (50.00%),
VIX_KR,16.97,1 (50.00%),1 (50.00%),
VIX_KR,16.98,2 (50.00%),2 (50.00%),
VIX_KR,16.99,2 (66.67%),1 (33.33%),
VIX_KR,17.0,1 (33.33%),2 (66.67%),
VIX_KR,17.01,1 (50.00%),1 (50.00%),
VIX_KR,17.02,2 (50.00%),2 (50.00%),
VIX_KR,17.03,3 (75.00%),1 (25.00%),
VIX_KR,17.04,1 (50.00%),1 (50.00%),
VIX_KR,17.07,4 (80.00%),1 (20.00%),
VIX_KR,17.09,1 (50.00%),1 (50.00%),
VIX_KR,17.1,4 (80.00%),1 (20.00%),
VIX_KR,17.11,1 (50.00%),1 (50.00%),
VIX_KR,17.12,1 (50.00%),1 (50.00%),
VIX_KR,17.13,3 (60.00%),2 (40.00%),
VIX_KR,17.14,2 (66.67%),1 (33.33%),
VIX_KR,17.16,2 (66.67%),1 (33.33%),
VIX_KR,17.18,3 (75.00%),1 (25.00%),
VIX_KR,17.2,1 (50.00%),1 (50.00%),
VIX_KR,17.24,2 (66.67%),1 (33.33%),
VIX_KR,17.25,4 (80.00%),1 (20.00%),
VIX_KR,17.27,3 (75.00%),1 (25.00%),
VIX_KR,17.31,2 (66.67%),1 (33.33%),
VIX_KR,17.32,1 (33.33%),2 (66.67%),
VIX_KR,17.33,1 (50.00%),1 (50.00%),
VIX_KR,17.35,3 (75.00%),1 (25.00%),
VIX_KR,17.39,3 (75.00%),1 (25.00%),
VIX_KR,17.42,2 (66.67%),1 (33.33%),
VIX_KR,17.53,4 (80.00%),1 (20.00%),
VIX_KR,17.54,2 (66.67%),1 (33.33%),
VIX_KR,17.56,2 (66.67%),1 (33.33%),
VIX_KR,17.59,1 (33.33%),2 (66.67%),
VIX_KR,17.6,3 (60.00%),2 (40.00%),
VIX_KR,17.62,1 (50.00%),1 (50.00%),
VIX_KR,17.68,2 (66.67%),1 (33.33%),
VIX_KR,17.7,1 (50.00%),1 (50.00%),
VIX_KR,17.74,1 (50.00%),1 (50.00%),
VIX_KR,17.75,1 (50.00%),1 (50.00%),
VIX_KR,17.78,2 (50.00%),2 (50.00%),
VIX_KR,17.79,2 (50.00%),2 (50.00%),
VIX_KR,17.82,1 (50.00%),1 (50.00%),
VIX_KR,17.96,2 (50.00%),2 (50.00%),
VIX_KR,17.98,4 (66.67%),2 (33.33%),
VIX_KR,18.0,1 (50.00%),1 (50.00%),
VIX_KR,18.02,2 (50.00%),2 (50.00%),
VIX_KR,18.03,1 (50.00%),1 (50.00%),
VIX_KR,18.05,1 (33.33%),2 (66.67%),
VIX_KR,18.06,1 (50.00%),1 (50.00%),
VIX_KR,18.09,2 (50.00%),2 (50.00%),
VIX_KR,18.1,1 (50.00%),1 (50.00%),
VIX_KR,18.12,1 (50.00%),1 (50.00%),
VIX_KR,18.13,1 (50.00%),1 (50.00%),
VIX_KR,18.14,1 (50.00%),1 (50.00%),
VIX_KR,18.15,1 (50.00%),1 (50.00%),
VIX_KR,18.16,2 (50.00%),2 (50.00%),
VIX_KR,18.19,2 (66.67%),1 (33.33%),
VIX_KR,18.2,1 (33.33%),2 (66.67%),
VIX_KR,18.21,1 (50.00%),1 (50.00%),
VIX_KR,18.22,2 (50.00%),2 (50.00%),
VIX_KR,18.28,1 (50.00%),1 (50.00%),
VIX_KR,18.29,3 (75.00%),1 (25.00%),
VIX_KR,18.3,1 (50.00%),1 (50.00%),
VIX_KR,18.31,1 (50.00%),1 (50.00%),
VIX_KR,18.32,2 (40.00%),3 (60.00%),
VIX_KR,18.34,2 (66.67%),1 (33.33%),
VIX_KR,18.36,2 (40.00%),3 (60.00%),
VIX_KR,18.38,2 (66.67%),1 (33.33%),
VIX_KR,18.43,1 (50.00%),1 (50.00%),
VIX_KR,18.48,1 (33.33%),2 (66.67%),
VIX_KR,18.49,2 (66.67%),1 (33.33%),
VIX_KR,18.5,1 (50.00%),1 (50.00%),
VIX_KR,18.53,1 (50.00%),1 (50.00%),
VIX_KR,18.55,1 (50.00%),1 (50.00%),
VIX_KR,18.64,2 (66.67%),1 (33.33%),
VIX_KR,18.79,1 (50.00%),1 (50.00%),
VIX_KR,18.88,1 (50.00%),1 (50.00%),
VIX_KR,18.91,1 (33.33%),2 (66.67%),
VIX_KR,18.92,3 (75.00%),1 (25.00%),
VIX_KR,18.99,2 (66.67%),1 (33.33%),
VIX_KR,19.2,1 (50.00%),1 (50.00%),
VIX_KR,19.21,1 (50.00%),1 (50.00%),
VIX_KR,19.24,1 (50.00%),1 (50.00%),
VIX_KR,19.26,2 (66.67%),1 (33.33%),
VIX_KR,19.28,1 (50.00%),1 (50.00%),
VIX_KR,19.29,1 (25.00%),3 (75.00%),
VIX_KR,19.31,1 (50.00%),1 (50.00%),
VIX_KR,19.34,1 (50.00%),1 (50.00%),
VIX_KR,19.38,2 (66.67%),1 (33.33%),
VIX_KR,19.48,1 (33.33%),2 (66.67%),
VIX_KR,19.49,2 (66.67%),1 (33.33%),
VIX_KR,19.57,1 (50.00%),1 (50.00%),
VIX_KR,19.6,2 (66.67%),1 (33.33%),
VIX_KR,19.61,1 (50.00%),1 (50.00%),
VIX_KR,19.63,2 (66.67%),1 (33.33%),
VIX_KR,19.64,1 (50.00%),1 (50.00%),
VIX_KR,19.66,1 (50.00%),1 (50.00%),
VIX_KR,19.69,1 (50.00%),1 (50.00%),
VIX_KR,19.73,1 (33.33%),2 (66.67%),
VIX_KR,19.76,1 (50.00%),1 (50.00%),
VIX_KR,19.8,2 (66.67%),1 (33.33%),
VIX_KR,19.81,2 (66.67%),1 (33.33%),
VIX_KR,19.82,1 (50.00%),1 (50.00%),
VIX_KR,19.85,2 (50.00%),2 (50.00%),
VIX_KR,19.89,2 (66.67%),1 (33.33%),
VIX_KR,19.91,1 (50.00%),1 (50.00%),
VIX_KR,19.95,1 (33.33%),2 (66.67%),
VIX_KR,19.97,1 (25.00%),3 (75.00%),
VIX_KR,20.03,1 (50.00%),1 (50.00%),
VIX_KR,20.1,1 (50.00%),1 (50.00%),
VIX_KR,20.4,1 (33.33%),2 (66.67%),
VIX_KR,20.47,1 (50.00%),1 (50.00%),
VIX_KR,20.49,2 (66.67%),1 (33.33%),
VIX_KR,20.5,2 (66.67%),1 (33.33%),
VIX_KR,20.61,1 (50.00%),1 (50.00%),
VIX_KR,20.62,1 (25.00%),3 (75.00%),
VIX_KR,20.68,2 (66.67%),1 (33.33%),
VIX_KR,20.7,1 (33.33%),2 (66.67%),
VIX_KR,20.71,1 (50.00%),1 (50.00%),
VIX_KR,20.74,1 (50.00%),1 (50.00%),
VIX_KR,20.82,2 (66.67%),1 (33.33%),
VIX_KR,20.92,1 (50.00%),1 (50.00%),
VIX_KR,20.96,1 (50.00%),1 (50.00%),
VIX_KR,20.97,1 (50.00%),1 (50.00%),
VIX_KR,21.0,2 (66.67%),1 (33.33%),
VIX_KR,21.01,2 (50.00%),2 (50.00%),
VIX_KR,21.03,1 (33.33%),2 (66.67%),
VIX_KR,21.05,1 (50.00%),1 (50.00%),
VIX_KR,21.09,3 (60.00%),2 (40.00%),
VIX_KR,21.14,1 (50.00%),1 (50.00%),
VIX_KR,21.18,1 (50.00%),1 (50.00%),
VIX_KR,21.21,2 (66.67%),1 (33.33%),
VIX_KR,21.22,2 (66.67%),1 (33.33%),
VIX_KR,21.27,1 (50.00%),1 (50.00%),
VIX_KR,21.45,1 (50.00%),1 (50.00%),
VIX_KR,21.59,1 (50.00%),1 (50.00%),
VIX_KR,21.68,2 (66.67%),1 (33.33%),
VIX_KR,21.74,3 (75.00%),1 (25.00%),
VIX_KR,21.77,1 (50.00%),1 (50.00%),
VIX_KR,22.03,1 (50.00%),1 (50.00%),
VIX_KR,22.08,1 (50.00%),1 (50.00%),
VIX_KR,22.09,1 (50.00%),1 (50.00%),
VIX_KR,22.12,1 (33.33%),2 (66.67%),
VIX_KR,22.13,1 (50.00%),1 (50.00%),
VIX_KR,22.17,2 (66.67%),1 (33.33%),
VIX_KR,22.34,1 (33.33%),2 (66.67%),
VIX_KR,22.5,1 (50.00%),1 (50.00%),
VIX_KR,22.71,1 (33.33%),2 (66.67%),
VIX_KR,22.73,1 (50.00%),1 (50.00%),
VIX_KR,22.86,1 (33.33%),2 (66.67%),
VIX_KR,23.57,1 (50.00%),1 (50.00%),
VIX_KR,23.63,1 (50.00%),1 (50.00%),
VIX_KR,23.74,1 (50.00%),1 (50.00%),
VIX_KR,23.84,2 (66.67%),1 (33.33%),
VIX_KR,23.87,1 (50.00%),1 (50.00%),
VIX_KR,23.9,1 (50.00%),1 (50.00%),
VIX_KR,23.94,2 (66.67%),1 (33.33%),
VIX_KR,23.97,1 (50.00%),1 (50.00%),
VIX_KR,24.02,1 (50.00%),1 (50.00%),
VIX_KR,24.41,1 (50.00%),1 (50.00%),
VIX_KR,24.62,1 (50.00%),1 (50.00%),
VIX_KR,24.69,1 (50.00%),1 (50.00%),
VIX_KR,24.83,1 (50.00%),1 (50.00%),
VIX_KR,24.85,1 (33.33%),2 (66.67%),
VIX_KR,25.0,1 (50.00%),1 (50.00%),
VIX_KR,25.21,1 (50.00%),1 (50.00%),
VIX_KR,25.78,1 (50.00%),1 (50.00%),
VIX_KR,27.19,1 (50.00%),1 (50.00%),
VIX_KR,27.22,1 (50.00%),1 (50.00%),
VIX_KR,27.4,1 (50.00%),1 (50.00%),
VIX_KR,28.85,1 (50.00%),1 (50.00%),
VIX_KR,29.36,1 (50.00%),1 (50.00%),
VIX_KR,30.4,1 (50.00%),1 (50.00%),
VIX_KR,30.63,1 (50.00%),1 (50.00%),
VIX_KR,31.29,1 (50.00%),1 (50.00%),
VIX_KR,36.36,1 (50.00%),1 (50.00%),
VIX_KR,39.69,1 (50.00%),1 (50.00%),
NEWCASTLE_COAL,49.7,1 (33.33%),2 (66.67%),"$\chi^2$=59.18, $p$=1.00"
NEWCASTLE_COAL,49.8,1 (50.00%),1 (50.00%),
NEWCASTLE_COAL,49.9,1 (50.00%),1 (50.00%),
NEWCASTLE_COAL,50.5,1 (50.00%),1 (50.00%),
NEWCASTLE_COAL,50.75,1 (50.00%),1 (50.00%),
NEWCASTLE_COAL,51.2,1 (50.00%),1 (50.00%),
NEWCASTLE_COAL,51.8,2 (66.67%),1 (33.33%),
NEWCASTLE_COAL,51.9,1 (33.33%),2 (66.67%),
NEWCASTLE_COAL,51.95,4 (80.00%),1 (20.00%),
NEWCASTLE_COAL,52.05,1 (33.33%),2 (66.67%),
NEWCASTLE_COAL,52.2,1 (50.00%),1 (50.00%),
NEWCASTLE_COAL,52.5,1 (50.00%),1 (50.00%),
NEWCASTLE_COAL,52.6,2 (66.67%),1 (33.33%),
NEWCASTLE_COAL,52.7,1 (50.00%),1 (50.00%),
NEWCASTLE_COAL,58.0,1 (20.00%),4 (80.00%),
NEWCASTLE_COAL,58.1,1 (50.00%),1 (50.00%),
NEWCASTLE_COAL,58.2,2 (66.67%),1 (33.33%),
NEWCASTLE_COAL,65.15,1 (50.00%),1 (50.00%),
NEWCASTLE_COAL,65.3,1 (50.00%),1 (50.00%),
NEWCASTLE_COAL,65.6,1 (50.00%),1 (50.00%),
NEWCASTLE_COAL,65.8,1 (33.33%),2 (66.67%),
NEWCASTLE_COAL,66.1,1 (50.00%),1 (50.00%),
NEWCASTLE_COAL,66.3,3 (75.00%),1 (25.00%),
NEWCASTLE_COAL,66.35,4 (80.00%),1 (20.00%),
NEWCASTLE_COAL,66.4,1 (33.33%),2 (66.67%),
NEWCASTLE_COAL,66.5,3 (50.00%),3 (50.00%),
NEWCASTLE_COAL,66.55,1 (25.00%),3 (75.00%),
NEWCASTLE_COAL,66.7,1 (33.33%),2 (66.67%),
NEWCASTLE_COAL,67.15,1 (25.00%),3 (75.00%),
NEWCASTLE_COAL,67.25,1 (33.33%),2 (66.67%),
NEWCASTLE_COAL,67.4,3 (50.00%),3 (50.00%),
NEWCASTLE_COAL,67.5,1 (33.33%),2 (66.67%),
NEWCASTLE_COAL,67.55,1 (50.00%),1 (50.00%),
NEWCASTLE_COAL,67.6,1 (50.00%),1 (50.00%),
NEWCASTLE_COAL,67.75,1 (33.33%),2 (66.67%),
NEWCASTLE_COAL,67.9,2 (33.33%),4 (66.67%),
NEWCASTLE_COAL,68.5,1 (50.00%),1 (50.00%),
NEWCASTLE_COAL,68.6,1 (50.00%),1 (50.00%),
NEWCASTLE_COAL,68.9,1 (50.00%),1 (50.00%),
NEWCASTLE_COAL,68.95,1 (50.00%),1 (50.00%),
NEWCASTLE_COAL,69.1,2 (66.67%),1 (33.33%),
NEWCASTLE_COAL,70.0,1 (50.00%),1 (50.00%),
NEWCASTLE_COAL,70.5,1 (50.00%),1 (50.00%),
NEWCASTLE_COAL,70.6,1 (50.00%),1 (50.00%),
NEWCASTLE_COAL,70.9,2 (66.67%),1 (33.33%),
NEWCASTLE_COAL,71.4,1 (50.00%),1 (50.00%),
NEWCASTLE_COAL,77.7,1 (50.00%),1 (50.00%),
NEWCASTLE_COAL,80.0,1 (50.00%),1 (50.00%),
NEWCASTLE_COAL,83.4,1 (50.00%),1 (50.00%),
NEWCASTLE_COAL,83.85,1 (50.00%),1 (50.00%),
NEWCASTLE_COAL,84.45,2 (50.00%),2 (50.00%),
NEWCASTLE_COAL,85.0,1 (50.00%),1 (50.00%),
NEWCASTLE_COAL,85.5,3 (60.00%),2 (40.00%),
NEWCASTLE_COAL,86.0,2 (66.67%),1 (33.33%),
NEWCASTLE_COAL,87.3,2 (66.67%),1 (33.33%),
NEWCASTLE_COAL,87.5,2 (66.67%),1 (33.33%),
NEWCASTLE_COAL,87.6,1 (50.00%),1 (50.00%),
NEWCASTLE_COAL,93.0,2 (50.00%),2 (50.00%),
NEWCASTLE_COAL,93.1,1 (33.33%),2 (66.67%),
NEWCASTLE_COAL,93.45,2 (50.00%),2 (50.00%),
NEWCASTLE_COAL,93.5,3 (60.00%),2 (40.00%),
NEWCASTLE_COAL,93.65,2 (66.67%),1 (33.33%),
NEWCASTLE_COAL,93.75,1 (33.33%),2 (66.67%),
NEWCASTLE_COAL,93.8,2 (66.67%),1 (33.33%),
NEWCASTLE_COAL,93.9,1 (50.00%),1 (50.00%),
NEWCASTLE_COAL,94.5,2 (50.00%),2 (50.00%),
NEWCASTLE_COAL,94.85,2 (66.67%),1 (33.33%),
NEWCASTLE_COAL,96.4,2 (66.67%),1 (33.33%),
NEWCASTLE_COAL,96.75,3 (75.00%),1 (25.00%),
NEWCASTLE_COAL,97.0,1 (50.00%),1 (50.00%),
NEWCASTLE_COAL,97.15,1 (50.00%),1 (50.00%),
NEWCASTLE_COAL,98.0,2 (50.00%),2 (50.00%),
NEWCASTLE_COAL,98.75,2 (66.67%),1 (33.33%),
NEWCASTLE_COAL,99.0,5 (83.33%),1 (16.67%),
NEWCASTLE_COAL,99.4,2 (66.67%),1 (33.33%),
NEWCASTLE_COAL,99.75,3 (75.00%),1 (25.00%),
NEWCASTLE_COAL,100.55,1 (50.00%),1 (50.00%),
NEWCASTLE_COAL,100.9,3 (60.00%),2 (40.00%),
NEWCASTLE_COAL,101.0,5 (71.43%),2 (28.57%),
NEWCASTLE_COAL,101.5,4 (66.67%),2 (33.33%),
NEWCASTLE_COAL,101.55,2 (50.00%),2 (50.00%),
NEWCASTLE_COAL,101.75,2 (66.67%),1 (33.33%),
NEWCASTLE_COAL,102.4,2 (66.67%),1 (33.33%),
NEWCASTLE_COAL,102.45,1 (33.33%),2 (66.67%),
NEWCASTLE_COAL,102.5,1 (50.00%),1 (50.00%),
NEWCASTLE_COAL,102.65,3 (60.00%),2 (40.00%),
NEWCASTLE_COAL,103.35,1 (33.33%),2 (66.67%),
NEWCASTLE_COAL,104.0,1 (33.33%),2 (66.67%),
NEWCASTLE_COAL,104.15,2 (50.00%),2 (50.00%),
NEWCASTLE_COAL,104.25,1 (25.00%),3 (75.00%),
NEWCASTLE_COAL,104.6,2 (33.33%),4 (66.67%),
NEWCASTLE_COAL,104.7,1 (50.00%),1 (50.00%),
NEWCASTLE_COAL,104.75,1 (33.33%),2 (66.67%),
NEWCASTLE_COAL,105.25,2 (66.67%),1 (33.33%),
NEWCASTLE_COAL,105.3,1 (50.00%),1 (50.00%),
NEWCASTLE_COAL,105.45,1 (50.00%),1 (50.00%),
NEWCASTLE_COAL,105.5,1 (50.00%),1 (50.00%),
NEWCASTLE_COAL,105.65,1 (50.00%),1 (50.00%),
NEWCASTLE_COAL,105.85,2 (66.67%),1 (33.33%),
NEWCASTLE_COAL,106.5,3 (60.00%),2 (40.00%),
NEWCASTLE_COAL,107.0,2 (66.67%),1 (33.33%),
NEWCASTLE_COAL,107.25,2 (66.67%),1 (33.33%),
NEWCASTLE_COAL,108.25,2 (66.67%),1 (33.33%),
NEWCASTLE_COAL,108.4,1 (50.00%),1 (50.00%),
NEWCASTLE_COAL,108.6,3 (75.00%),1 (25.00%),
NEWCASTLE_COAL,108.65,1 (50.00%),1 (50.00%),
NEWCASTLE_COAL,108.8,1 (33.33%),2 (66.67%),
NEWCASTLE_COAL,109.0,1 (33.33%),2 (66.67%),
NEWCASTLE_COAL,109.5,1 (33.33%),2 (66.67%),
NEWCASTLE_COAL,109.55,1 (50.00%),1 (50.00%),
NEWCASTLE_COAL,109.85,1 (50.00%),1 (50.00%),
NEWCASTLE_COAL,109.9,2 (66.67%),1 (33.33%),
NEWCASTLE_COAL,109.95,1 (33.33%),2 (66.67%),
NEWCASTLE_COAL,110.0,2 (66.67%),1 (33.33%),
NEWCASTLE_COAL,110.1,3 (75.00%),1 (25.00%),
NEWCASTLE_COAL,110.5,1 (50.00%),1 (50.00%),
NEWCASTLE_COAL,110.6,1 (50.00%),1 (50.00%),
NEWCASTLE_COAL,110.9,1 (50.00%),1 (50.00%),
NEWCASTLE_COAL,111.0,3 (60.00%),2 (40.00%),
NEWCASTLE_COAL,111.1,2 (66.67%),1 (33.33%),
NEWCASTLE_COAL,111.25,1 (50.00%),1 (50.00%),
NEWCASTLE_COAL,111.5,1 (33.33%),2 (66.67%),
NEWCASTLE_COAL,111.55,1 (33.33%),2 (66.67%),
NEWCASTLE_COAL,113.85,1 (50.00%),1 (50.00%),
NEWCASTLE_COAL,114.45,1 (50.00%),1 (50.00%),
NEWCASTLE_COAL,114.5,2 (50.00%),2 (50.00%),
NEWCASTLE_COAL,114.6,2 (66.67%),1 (33.33%),
NEWCASTLE_COAL,114.8,1 (33.33%),2 (66.67%),
NEWCASTLE_COAL,115.5,3 (75.00%),1 (25.00%),
NEWCASTLE_COAL,115.65,1 (50.00%),1 (50.00%),
NEWCASTLE_COAL,115.9,1 (50.00%),1 (50.00%),
NEWCASTLE_COAL,116.1,3 (75.00%),1 (25.00%),
NEWCASTLE_COAL,116.2,1 (50.00%),1 (50.00%),
NEWCASTLE_COAL,116.5,3 (75.00%),1 (25.00%),
NEWCASTLE_COAL,117.45,2 (66.67%),1 (33.33%),
NEWCASTLE_COAL,118.9,1 (50.00%),1 (50.00%),
NEWCASTLE_COAL,119.0,3 (75.00%),1 (25.00%),
NEWCASTLE_COAL,119.25,1 (50.00%),1 (50.00%),
NEWCASTLE_COAL,119.4,1 (33.33%),2 (66.67%),
NEWCASTLE_COAL,119.6,2 (66.67%),1 (33.33%),
NEWCASTLE_COAL,120.5,2 (66.67%),1 (33.33%),
NEWCASTLE_COAL,122.0,1 (50.00%),1 (50.00%),
NEWCASTLE_COAL,126.0,1 (50.00%),1 (50.00%),
NEWCASTLE_COAL,126.75,3 (75.00%),1 (25.00%),
NEWCASTLE_COAL,127.1,1 (50.00%),1 (50.00%),
NEWCASTLE_COAL,127.45,1 (50.00%),1 (50.00%),
NEWCASTLE_COAL,127.5,1 (33.33%),2 (66.67%),
NEWCASTLE_COAL,127.7,1 (50.00%),1 (50.00%),
NEWCASTLE_COAL,127.75,1 (33.33%),2 (66.67%),
NEWCASTLE_COAL,127.9,2 (66.67%),1 (33.33%),
NEWCASTLE_COAL,128.0,1 (50.00%),1 (50.00%),
NEWCASTLE_COAL,128.9,2 (66.67%),1 (33.33%),
NEWCASTLE_COAL,129.1,1 (33.33%),2 (66.67%),
NEWCASTLE_COAL,129.25,2 (50.00%),2 (50.00%),
NEWCASTLE_COAL,129.5,1 (25.00%),3 (75.00%),
NEWCASTLE_COAL,129.75,3 (75.00%),1 (25.00%),
NEWCASTLE_COAL,130.75,1 (50.00%),1 (50.00%),
NEWCASTLE_COAL,131.0,4 (66.67%),2 (33.33%),
NEWCASTLE_COAL,131.1,1 (33.33%),2 (66.67%),
NEWCASTLE_COAL,131.55,1 (50.00%),1 (50.00%),
NEWCASTLE_COAL,131.65,1 (50.00%),1 (50.00%),
NEWCASTLE_COAL,132.0,4 (66.67%),2 (33.33%),
NEWCASTLE_COAL,132.3,1 (50.00%),1 (50.00%),
NEWCASTLE_COAL,133.0,1 (50.00%),1 (50.00%),
NEWCASTLE_COAL,133.1,1 (50.00%),1 (50.00%),
NEWCASTLE_COAL,133.5,2 (50.00%),2 (50.00%),
NEWCASTLE_COAL,133.75,2 (40.00%),3 (60.00%),
NEWCASTLE_COAL,133.9,1 (33.33%),2 (66.67%),
NEWCASTLE_COAL,134.0,1 (25.00%),3 (75.00%),
NEWCASTLE_COAL,134.8,2 (66.67%),1 (33.33%),
NEWCASTLE_COAL,135.0,4 (57.14%),3 (42.86%),
NEWCASTLE_COAL,135.1,1 (33.33%),2 (66.67%),
NEWCASTLE_COAL,135.5,1 (33.33%),2 (66.67%),
NEWCASTLE_COAL,137.75,1 (50.00%),1 (50.00%),
NEWCASTLE_COAL,137.9,1 (25.00%),3 (75.00%),
NEWCASTLE_COAL,138.0,1 (50.00%),1 (50.00%),
NEWCASTLE_COAL,138.5,1 (50.00%),1 (50.00%),
NEWCASTLE_COAL,139.25,1 (50.00%),1 (50.00%),
NEWCASTLE_COAL,139.75,1 (50.00%),1 (50.00%),
NEWCASTLE_COAL,140.7,1 (50.00%),1 (50.00%),
NEWCASTLE_COAL,141.1,1 (50.00%),1 (50.00%),
NEWCASTLE_COAL,141.5,4 (57.14%),3 (42.86%),
NEWCASTLE_COAL,141.75,1 (50.00%),1 (50.00%),
NEWCASTLE_COAL,142.25,3 (50.00%),3 (50.00%),
NEWCASTLE_COAL,142.4,4 (80.00%),1 (20.00%),
NEWCASTLE_COAL,142.65,1 (50.00%),1 (50.00%),
NEWCASTLE_COAL,145.0,3 (60.00%),2 (40.00%),
NEWCASTLE_COAL,145.25,5 (83.33%),1 (16.67%),
NEWCASTLE_COAL,145.5,3 (50.00%),3 (50.00%),
NEWCASTLE_COAL,145.75,1 (50.00%),1 (50.00%),
NEWCASTLE_COAL,146.0,2 (40.00%),3 (60.00%),
NEWCASTLE_COAL,146.5,1 (50.00%),1 (50.00%),
NEWCASTLE_COAL,146.75,1 (33.33%),2 (66.67%),
NEWCASTLE_COAL,149.75,3 (50.00%),3 (50.00%),
NEWCASTLE_COAL,150.0,3 (60.00%),2 (40.00%),
NEWCASTLE_COAL,156.25,1 (50.00%),1 (50.00%),
NEWCASTLE_COAL,157.5,1 (33.33%),2 (66.67%),
NEWCASTLE_COAL,160.0,4 (66.67%),2 (33.33%),
NEWCASTLE_COAL,160.35,1 (33.33%),2 (66.67%),
NEWCASTLE_COAL,160.5,2 (66.67%),1 (33.33%),
NEWCASTLE_COAL,162.25,1 (50.00%),1 (50.00%),
NEWCASTLE_COAL,163.0,1 (50.00%),1 (50.00%),
NEWCASTLE_COAL,163.75,1 (50.00%),1 (50.00%),
NEWCASTLE_COAL,164.75,1 (50.00%),1 (50.00%),
NEWCASTLE_COAL,169.4,1 (50.00%),1 (50.00%),
NEWCASTLE_COAL,170.1,1 (50.00%),1 (50.00%),
NEWCASTLE_COAL,171.0,2 (66.67%),1 (33.33%),
NEWCASTLE_COAL,174.0,1 (50.00%),1 (50.00%),
NEWCASTLE_COAL,177.5,2 (40.00%),3 (60.00%),
NEWCASTLE_COAL,180.0,1 (50.00%),1 (50.00%),
NEWCASTLE_COAL,193.75,1 (33.33%),2 (66.67%),
NEWCASTLE_COAL,196.5,2 (66.67%),1 (33.33%),
NEWCASTLE_COAL,223.35,1 (50.00%),1 (50.00%),
NEWCASTLE_COAL,239.35,1 (50.00%),1 (50.00%),
NEWCASTLE_COAL,240.0,1 (50.00%),1 (50.00%),
NEWCASTLE_COAL,245.0,1 (50.00%),1 (50.00%),
NEWCASTLE_COAL,309.1,2 (50.00%),2 (50.00%),
NEWCASTLE_COAL,326.6,1 (50.00%),1 (50.00%),
NEWCASTLE_COAL,361.0,1 (50.00%),1 (50.00%),
NEWCASTLE_COAL,370.0,1 (50.00%),1 (50.00%),
NEWCASTLE_COAL,385.0,1 (50.00%),1 (50.00%),
NEWCASTLE_COAL,390.0,1 (33.33%),2 (66.67%),
NEWCASTLE_COAL,393.5,1 (33.33%),2 (66.67%),
NEWCASTLE_COAL,400.5,1 (50.00%),1 (50.00%),
NEWCASTLE_COAL,401.0,1 (50.00%),1 (50.00%),
NEWCASTLE_COAL,401.1,1 (50.00%),1 (50.00%),
NEWCASTLE_COAL,402.5,1 (50.00%),1 (50.00%),
NEWCASTLE_COAL,403.0,2 (66.67%),1 (33.33%),
NEWCASTLE_COAL,404.15,1 (50.00%),1 (50.00%),
NEWCASTLE_COAL,405.0,1 (50.00%),1 (50.00%),
NEWCASTLE_COAL,413.9,1 (50.00%),1 (50.00%),
ask_ratio_last_known,False,235 (80.76%),56 (19.24%),"$\chi^2$=56.09, $p$=0.00"
ask_ratio_last_known,True,1001 (57.40%),743 (42.60%),
is_traded,False,148 (83.62%),29 (16.38%),"$\chi^2$=41.51, $p$=0.00"
is_traded,True,1088 (58.56%),770 (41.44%),
CALL,0.5,177 (56.91%),134 (43.09%),"$\chi^2$=36.45, $p$=0.00"
CALL,0.75,60 (55.56%),48 (44.44%),
CALL,True,17 (48.57%),18 (51.43%),
CALL,1.25,79 (48.47%),84 (51.53%),
CALL,1.5,210 (67.31%),102 (32.69%),
CALL,1.75,132 (70.97%),54 (29.03%),
CALL,2.25,15 (50.00%),15 (50.00%),
CALL,2.5,145 (58.70%),102 (41.30%),
CALL,2.75,43 (68.25%),20 (31.75%),
CALL,3.0,61 (70.11%),26 (29.89%),
CALL,3.25,44 (63.77%),25 (36.23%),
CALL,3.5,253 (59.67%),171 (40.33%),
rn_day_window_sum,False,782 (59.65%),529 (40.35%),"$\chi^2$=34.27, $p$=1.00"
rn_day_window_sum,0.1,22 (59.46%),15 (40.54%),
rn_day_window_sum,0.2,14 (63.64%),8 (36.36%),
rn_day_window_sum,0.3,10 (55.56%),8 (44.44%),
rn_day_window_sum,0.4,9 (60.00%),6 (40.00%),
rn_day_window_sum,0.5,10 (55.56%),8 (44.44%),
rn_day_window_sum,0.6,8 (72.73%),3 (27.27%),
rn_day_window_sum,0.7,8 (66.67%),4 (33.33%),
rn_day_window_sum,0.8,5 (50.00%),5 (50.00%),
rn_day_window_sum,0.9,5 (62.50%),3 (37.50%),
rn_day_window_sum,True,11 (55.00%),9 (45.00%),
rn_day_window_sum,1.1,5 (71.43%),2 (28.57%),
rn_day_window_sum,1.2,8 (72.73%),3 (27.27%),
rn_day_window_sum,1.3,7 (63.64%),4 (36.36%),
rn_day_window_sum,1.4,3 (60.00%),2 (40.00%),
rn_day_window_sum,1.5,9 (75.00%),3 (25.00%),
rn_day_window_sum,1.6,5 (83.33%),1 (16.67%),
rn_day_window_sum,1.7,9 (69.23%),4 (30.77%),
rn_day_window_sum,1.8,5 (83.33%),1 (16.67%),
rn_day_window_sum,2.0,4 (50.00%),4 (50.00%),
rn_day_window_sum,2.1,4 (57.14%),3 (42.86%),
rn_day_window_sum,2.2,5 (83.33%),1 (16.67%),
rn_day_window_sum,2.3,7 (87.50%),1 (12.50%),
rn_day_window_sum,2.4,3 (75.00%),1 (25.00%),
rn_day_window_sum,2.5,4 (80.00%),1 (20.00%),
rn_day_window_sum,2.7,1 (50.00%),1 (50.00%),
rn_day_window_sum,2.9,5 (62.50%),3 (37.50%),
rn_day_window_sum,3.0,4 (80.00%),1 (20.00%),
rn_day_window_sum,3.2,3 (75.00%),1 (25.00%),
rn_day_window_sum,3.4,1 (50.00%),1 (50.00%),
rn_day_window_sum,3.5,1 (20.00%),4 (80.00%),
rn_day_window_sum,3.8,1 (20.00%),4 (80.00%),
rn_day_window_sum,3.9,5 (83.33%),1 (16.67%),
rn_day_window_sum,4.1,2 (66.67%),1 (33.33%),
rn_day_window_sum,4.3,3 (75.00%),1 (25.00%),
rn_day_window_sum,4.6,2 (40.00%),3 (60.00%),
rn_day_window_sum,4.9,2 (66.67%),1 (33.33%),
rn_day_window_sum,5,5 (83.33%),1 (16.67%),
rn_day_window_sum,5.1,1 (50.00%),1 (50.00%),
rn_day_window_sum,5.4,2 (50.00%),2 (50.00%),
rn_day_window_sum,5.5,1 (50.00%),1 (50.00%),
rn_day_window_sum,5.6,3 (60.00%),2 (40.00%),
rn_day_window_sum,6,2 (66.67%),1 (33.33%),
rn_day_window_sum,6.3,3 (75.00%),1 (25.00%),
rn_day_window_sum,6.4,2 (50.00%),2 (50.00%),
rn_day_window_sum,6.5,3 (50.00%),3 (50.00%),
rn_day_window_sum,7.5,2 (50.00%),2 (50.00%),
rn_day_window_sum,7.6,1 (33.33%),2 (66.67%),
rn_day_window_sum,8.0,2 (50.00%),2 (50.00%),
rn_day_window_sum,8.2,1 (50.00%),1 (50.00%),
rn_day_window_sum,8.7,1 (50.00%),1 (50.00%),
rn_day_window_sum,8.8,1 (50.00%),1 (50.00%),
rn_day_window_sum,9.2,1 (50.00%),1 (50.00%),
rn_day_window_sum,9.7,1 (25.00%),3 (75.00%),
rn_day_window_sum,10.5,1 (50.00%),1 (50.00%),
rn_day_window_sum,10.9,1 (33.33%),2 (66.67%),
rn_day_window_sum,11.3,1 (50.00%),1 (50.00%),
rn_day_window_sum,11.5,2 (66.67%),1 (33.33%),
rn_day_window_sum,11.6,1 (50.00%),1 (50.00%),
rn_day_window_sum,12.0,3 (75.00%),1 (25.00%),
rn_day_window_sum,12.7,1 (50.00%),1 (50.00%),
rn_day_window_sum,12.9,1 (50.00%),1 (50.00%),
rn_day_window_sum,13.3,2 (66.67%),1 (33.33%),
rn_day_window_sum,15.3,1 (50.00%),1 (50.00%),
rn_day_window_sum,16.1,1 (50.00%),1 (50.00%),
rn_day_window_sum,17.0,1 (50.00%),1 (50.00%),
rn_day_window_sum,17.1,1 (50.00%),1 (50.00%),
rn_day_window_sum,18.5,2 (66.67%),1 (33.33%),
rn_day_window_sum,19.8,1 (50.00%),1 (50.00%),
rn_day_window_sum,25.3,1 (33.33%),2 (66.67%),
rn_day_window_sum,26.0,1 (33.33%),2 (66.67%),
rn_day_window_sum,32.7,1 (50.00%),1 (50.00%),
rn_day_window_sum,42.6,1 (50.00%),1 (50.00%),
rn_day_window_sum,42.8,1 (50.00%),1 (50.00%),
rn_day_window_sum,67.4,1 (50.00%),1 (50.00%),
BOND_3Y,0.81,1 (33.33%),2 (66.67%),"$\chi^2$=33.21, $p$=1.00"
BOND_3Y,0.813,1 (50.00%),1 (50.00%),
BOND_3Y,0.815,1 (50.00%),1 (50.00%),
BOND_3Y,0.827,1 (50.00%),1 (50.00%),
BOND_3Y,0.84,1 (50.00%),1 (50.00%),
BOND_3Y,0.843,1 (50.00%),1 (50.00%),
BOND_3Y,0.847,1 (50.00%),1 (50.00%),
BOND_3Y,0.854,1 (33.33%),2 (66.67%),
BOND_3Y,0.856,1 (50.00%),1 (50.00%),
BOND_3Y,0.874,1 (50.00%),1 (50.00%),
BOND_3Y,0.907,1 (33.33%),2 (66.67%),
BOND_3Y,0.914,2 (66.67%),1 (33.33%),
BOND_3Y,0.923,1 (50.00%),1 (50.00%),
BOND_3Y,0.925,1 (50.00%),1 (50.00%),
BOND_3Y,0.955,2 (66.67%),1 (33.33%),
BOND_3Y,0.959,2 (66.67%),1 (33.33%),
BOND_3Y,0.96,1 (50.00%),1 (50.00%),
BOND_3Y,0.963,1 (33.33%),2 (66.67%),
BOND_3Y,0.971,2 (50.00%),2 (50.00%),
BOND_3Y,0.973,3 (75.00%),1 (25.00%),
BOND_3Y,0.976,2 (66.67%),1 (33.33%),
BOND_3Y,0.978,2 (66.67%),1 (33.33%),
BOND_3Y,0.979,1 (50.00%),1 (50.00%),
BOND_3Y,0.98,1 (33.33%),2 (66.67%),
BOND_3Y,0.984,1 (33.33%),2 (66.67%),
BOND_3Y,0.986,2 (66.67%),1 (33.33%),
BOND_3Y,0.989,1 (50.00%),1 (50.00%),
BOND_3Y,0.995,1 (50.00%),1 (50.00%),
BOND_3Y,0.996,2 (66.67%),1 (33.33%),
BOND_3Y,1.006,2 (50.00%),2 (50.00%),
BOND_3Y,1.066,1 (50.00%),1 (50.00%),
BOND_3Y,1.099,1 (50.00%),1 (50.00%),
BOND_3Y,1.105,1 (50.00%),1 (50.00%),
BOND_3Y,1.119,1 (50.00%),1 (50.00%),
BOND_3Y,1.121,2 (66.67%),1 (33.33%),
BOND_3Y,1.133,1 (50.00%),1 (50.00%),
BOND_3Y,1.137,1 (50.00%),1 (50.00%),
BOND_3Y,1.138,1 (50.00%),1 (50.00%),
BOND_3Y,1.14,1 (50.00%),1 (50.00%),
BOND_3Y,1.149,1 (33.33%),2 (66.67%),
BOND_3Y,1.153,1 (50.00%),1 (50.00%),
BOND_3Y,1.168,1 (50.00%),1 (50.00%),
BOND_3Y,1.171,1 (50.00%),1 (50.00%),
BOND_3Y,1.177,1 (50.00%),1 (50.00%),
BOND_3Y,1.181,1 (50.00%),1 (50.00%),
BOND_3Y,1.182,1 (33.33%),2 (66.67%),
BOND_3Y,1.297,1 (50.00%),1 (50.00%),
BOND_3Y,1.309,1 (50.00%),1 (50.00%),
BOND_3Y,1.32,1 (50.00%),1 (50.00%),
BOND_3Y,1.327,2 (66.67%),1 (33.33%),
BOND_3Y,1.331,2 (50.00%),2 (50.00%),
BOND_3Y,1.369,1 (50.00%),1 (50.00%),
BOND_3Y,1.375,1 (33.33%),2 (66.67%),
BOND_3Y,1.383,1 (50.00%),1 (50.00%),
BOND_3Y,1.389,1 (50.00%),1 (50.00%),
BOND_3Y,1.398,1 (50.00%),1 (50.00%),
BOND_3Y,1.402,1 (50.00%),1 (50.00%),
BOND_3Y,1.408,1 (50.00%),1 (50.00%),
BOND_3Y,1.41,1 (50.00%),1 (50.00%),
BOND_3Y,1.416,1 (50.00%),1 (50.00%),
BOND_3Y,1.417,1 (50.00%),1 (50.00%),
BOND_3Y,1.418,1 (50.00%),1 (50.00%),
BOND_3Y,1.419,1 (33.33%),2 (66.67%),
BOND_3Y,1.423,1 (50.00%),1 (50.00%),
BOND_3Y,1.424,2 (50.00%),2 (50.00%),
BOND_3Y,1.425,1 (50.00%),1 (50.00%),
BOND_3Y,1.433,1 (50.00%),1 (50.00%),
BOND_3Y,1.437,1 (50.00%),1 (50.00%),
BOND_3Y,1.438,1 (50.00%),1 (50.00%),
BOND_3Y,1.44,1 (50.00%),1 (50.00%),
BOND_3Y,1.456,1 (50.00%),1 (50.00%),
BOND_3Y,1.459,2 (66.67%),1 (33.33%),
BOND_3Y,1.462,1 (50.00%),1 (50.00%),
BOND_3Y,1.51,1 (50.00%),1 (50.00%),
BOND_3Y,1.542,1 (50.00%),1 (50.00%),
BOND_3Y,1.72,1 (25.00%),3 (75.00%),
BOND_3Y,1.723,1 (50.00%),1 (50.00%),
BOND_3Y,1.732,1 (50.00%),1 (50.00%),
BOND_3Y,1.783,1 (50.00%),1 (50.00%),
BOND_3Y,1.786,1 (50.00%),1 (50.00%),
BOND_3Y,1.795,5 (83.33%),1 (16.67%),
BOND_3Y,1.796,2 (66.67%),1 (33.33%),
BOND_3Y,1.803,6 (85.71%),1 (14.29%),
BOND_3Y,1.805,1 (50.00%),1 (50.00%),
BOND_3Y,1.812,1 (50.00%),1 (50.00%),
BOND_3Y,1.813,2 (50.00%),2 (50.00%),
BOND_3Y,1.836,1 (50.00%),1 (50.00%),
BOND_3Y,1.865,1 (50.00%),1 (50.00%),
BOND_3Y,1.889,1 (50.00%),1 (50.00%),
BOND_3Y,1.9,1 (50.00%),1 (50.00%),
BOND_3Y,1.912,1 (50.00%),1 (50.00%),
BOND_3Y,1.913,1 (50.00%),1 (50.00%),
BOND_3Y,1.942,2 (66.67%),1 (33.33%),
BOND_3Y,1.96,1 (50.00%),1 (50.00%),
BOND_3Y,1.968,1 (50.00%),1 (50.00%),
BOND_3Y,2.015,1 (50.00%),1 (50.00%),
BOND_3Y,2.04,1 (50.00%),1 (50.00%),
BOND_3Y,2.108,1 (50.00%),1 (50.00%),
BOND_3Y,2.119,1 (50.00%),1 (50.00%),
BOND_3Y,2.148,1 (50.00%),1 (50.00%),
BOND_3Y,2.149,1 (50.00%),1 (50.00%),
BOND_3Y,2.156,1 (33.33%),2 (66.67%),
BOND_3Y,2.189,2 (66.67%),1 (33.33%),
BOND_3Y,2.193,1 (50.00%),1 (50.00%),
BOND_3Y,2.195,2 (66.67%),1 (33.33%),
BOND_3Y,2.216,1 (50.00%),1 (50.00%),
BOND_3Y,2.231,1 (50.00%),1 (50.00%),
BOND_3Y,2.235,1 (50.00%),1 (50.00%),
BOND_3Y,2.246,1 (50.00%),1 (50.00%),
BOND_3Y,2.253,1 (50.00%),1 (50.00%),
BOND_3Y,2.274,1 (50.00%),1 (50.00%),
BOND_3Y,2.278,1 (50.00%),1 (50.00%),
BOND_3Y,2.285,2 (66.67%),1 (33.33%),
BOND_3Y,2.316,1 (50.00%),1 (50.00%),
BOND_3Y,2.331,1 (50.00%),1 (50.00%),
BOND_3Y,2.341,1 (50.00%),1 (50.00%),
BOND_3Y,2.345,1 (50.00%),1 (50.00%),
BOND_3Y,2.351,1 (50.00%),1 (50.00%),
BOND_3Y,2.399,1 (50.00%),1 (50.00%),
BOND_3Y,2.417,1 (50.00%),1 (50.00%),
BOND_3Y,2.426,1 (33.33%),2 (66.67%),
BOND_3Y,2.43,1 (50.00%),1 (50.00%),
BOND_3Y,2.434,1 (50.00%),1 (50.00%),
BOND_3Y,2.448,2 (66.67%),1 (33.33%),
BOND_3Y,2.46,4 (80.00%),1 (20.00%),
BOND_3Y,2.461,1 (50.00%),1 (50.00%),
BOND_3Y,2.463,2 (66.67%),1 (33.33%),
BOND_3Y,2.472,1 (50.00%),1 (50.00%),
BOND_3Y,2.474,1 (50.00%),1 (50.00%),
BOND_3Y,2.475,1 (50.00%),1 (50.00%),
BOND_3Y,2.478,1 (50.00%),1 (50.00%),
BOND_3Y,2.524,1 (50.00%),1 (50.00%),
BOND_3Y,2.569,1 (33.33%),2 (66.67%),
BOND_3Y,2.57,1 (50.00%),1 (50.00%),
BOND_3Y,2.578,1 (50.00%),1 (50.00%),
BOND_3Y,2.579,1 (50.00%),1 (50.00%),
BOND_3Y,2.581,1 (50.00%),1 (50.00%),
BOND_3Y,2.582,1 (50.00%),1 (50.00%),
BOND_3Y,2.597,1 (50.00%),1 (50.00%),
BOND_3Y,2.618,1 (50.00%),1 (50.00%),
BOND_3Y,2.62,1 (50.00%),1 (50.00%),
BOND_3Y,2.629,1 (50.00%),1 (50.00%),
BOND_3Y,2.638,1 (50.00%),1 (50.00%),
BOND_3Y,2.741,1 (50.00%),1 (50.00%),
BOND_3Y,2.889,1 (50.00%),1 (50.00%),
BOND_3Y,2.897,1 (50.00%),1 (50.00%),
BOND_3Y,2.902,1 (33.33%),2 (66.67%),
BOND_3Y,2.905,1 (50.00%),1 (50.00%),
BOND_3Y,2.928,1 (50.00%),1 (50.00%),
BOND_3Y,2.929,1 (50.00%),1 (50.00%),
BOND_3Y,2.932,1 (33.33%),2 (66.67%),
BOND_3Y,2.936,1 (33.33%),2 (66.67%),
BOND_3Y,2.939,5 (83.33%),1 (16.67%),
BOND_3Y,2.941,1 (33.33%),2 (66.67%),
BOND_3Y,2.942,1 (50.00%),1 (50.00%),
BOND_3Y,2.946,1 (50.00%),1 (50.00%),
BOND_3Y,2.947,1 (50.00%),1 (50.00%),
BOND_3Y,2.958,1 (50.00%),1 (50.00%),
BOND_3Y,2.96,1 (50.00%),1 (50.00%),
BOND_3Y,2.967,1 (50.00%),1 (50.00%),
BOND_3Y,2.994,1 (50.00%),1 (50.00%),
BOND_3Y,3.024,1 (50.00%),1 (50.00%),
BOND_3Y,3.041,1 (50.00%),1 (50.00%),
BOND_3Y,3.046,2 (50.00%),2 (50.00%),
BOND_3Y,3.062,1 (50.00%),1 (50.00%),
BOND_3Y,3.084,1 (50.00%),1 (50.00%),
BOND_3Y,3.09,1 (50.00%),1 (50.00%),
BOND_3Y,3.114,1 (50.00%),1 (50.00%),
BOND_3Y,3.121,1 (50.00%),1 (50.00%),
BOND_3Y,3.13,1 (50.00%),1 (50.00%),
BOND_3Y,3.138,1 (50.00%),1 (50.00%),
BOND_3Y,3.154,2 (50.00%),2 (50.00%),
BOND_3Y,3.178,1 (50.00%),1 (50.00%),
BOND_3Y,3.189,1 (50.00%),1 (50.00%),
BOND_3Y,3.191,1 (50.00%),1 (50.00%),
BOND_3Y,3.192,1 (50.00%),1 (50.00%),
BOND_3Y,3.204,1 (50.00%),1 (50.00%),
BOND_3Y,3.21,1 (50.00%),1 (50.00%),
BOND_3Y,3.211,1 (50.00%),1 (50.00%),
BOND_3Y,3.212,1 (33.33%),2 (66.67%),
BOND_3Y,3.22,3 (75.00%),1 (25.00%),
BOND_3Y,3.261,1 (33.33%),2 (66.67%),
BOND_3Y,3.263,1 (50.00%),1 (50.00%),
BOND_3Y,3.267,1 (33.33%),2 (66.67%),
BOND_3Y,3.271,1 (33.33%),2 (66.67%),
BOND_3Y,3.273,3 (75.00%),1 (25.00%),
BOND_3Y,3.275,1 (50.00%),1 (50.00%),
BOND_3Y,3.277,1 (33.33%),2 (66.67%),
BOND_3Y,3.278,1 (50.00%),1 (50.00%),
BOND_3Y,3.281,2 (66.67%),1 (33.33%),
BOND_3Y,3.283,2 (66.67%),1 (33.33%),
BOND_3Y,3.285,1 (50.00%),1 (50.00%),
BOND_3Y,3.286,1 (50.00%),1 (50.00%),
BOND_3Y,3.291,1 (50.00%),1 (50.00%),
BOND_3Y,3.3,1 (50.00%),1 (50.00%),
BOND_3Y,3.301,1 (50.00%),1 (50.00%),
BOND_3Y,3.304,1 (50.00%),1 (50.00%),
BOND_3Y,3.307,1 (50.00%),1 (50.00%),
BOND_3Y,3.308,1 (50.00%),1 (50.00%),
BOND_3Y,3.315,2 (66.67%),1 (33.33%),
BOND_3Y,3.324,1 (50.00%),1 (50.00%),
BOND_3Y,3.329,1 (50.00%),1 (50.00%),
BOND_3Y,3.34,2 (66.67%),1 (33.33%),
BOND_3Y,3.342,1 (50.00%),1 (50.00%),
BOND_3Y,3.353,1 (50.00%),1 (50.00%),
BOND_3Y,3.383,1 (50.00%),1 (50.00%),
BOND_3Y,3.405,2 (66.67%),1 (33.33%),
BOND_3Y,3.425,1 (50.00%),1 (50.00%),
BOND_3Y,3.44,1 (33.33%),2 (66.67%),
BOND_3Y,3.452,2 (66.67%),1 (33.33%),
BOND_3Y,3.484,1 (33.33%),2 (66.67%),
BOND_3Y,3.531,1 (33.33%),2 (66.67%),
BOND_3Y,3.568,1 (50.00%),1 (50.00%),
BOND_3Y,3.583,1 (50.00%),1 (50.00%),
BOND_3Y,3.623,3 (75.00%),1 (25.00%),
BOND_3Y,3.644,3 (75.00%),1 (25.00%),
BOND_3Y,3.645,1 (50.00%),1 (50.00%),
BOND_3Y,3.662,1 (50.00%),1 (50.00%),
BOND_3Y,3.663,1 (50.00%),1 (50.00%),
BOND_3Y,3.666,1 (50.00%),1 (50.00%),
BOND_3Y,3.677,1 (33.33%),2 (66.67%),
BOND_3Y,3.685,2 (66.67%),1 (33.33%),
BOND_3Y,3.703,1 (50.00%),1 (50.00%),
BOND_3Y,3.765,1 (50.00%),1 (50.00%),
BOND_3Y,3.795,2 (66.67%),1 (33.33%),
BOND_3Y,3.847,1 (33.33%),2 (66.67%),
BOND_3Y,3.887,1 (50.00%),1 (50.00%),
BOND_3Y,4.186,1 (50.00%),1 (50.00%),
bid_qty_window,False,950 (60.59%),618 (39.41%),"$\chi^2$=29.97, $p$=0.32"
bid_qty_window,100000.0,3 (50.00%),3 (50.00%),
bid_qty_window,200000.0,10 (55.56%),8 (44.44%),
bid_qty_window,450000.0,4 (66.67%),2 (33.33%),
bid_qty_window,520600.0,2 (33.33%),4 (66.67%),
bid_qty_window,550000.0,29 (48.33%),31 (51.67%),
bid_qty_window,650000.0,12 (66.67%),6 (33.33%),
bid_qty_window,711900.0,4 (66.67%),2 (33.33%),
bid_qty_window,750000.0,4 (66.67%),2 (33.33%),
bid_qty_window,800000.0,2 (33.33%),4 (66.67%),
bid_qty_window,937500.0,3 (50.00%),3 (50.00%),
bid_qty_window,1000000.0,64 (66.67%),32 (33.33%),
bid_qty_window,1200000.0,5 (27.78%),13 (72.22%),
bid_qty_window,1468500.0,3 (50.00%),3 (50.00%),
bid_qty_window,1500000.0,7 (58.33%),5 (41.67%),
bid_qty_window,1590000.0,3 (50.00%),3 (50.00%),
bid_qty_window,2000000.0,8 (66.67%),4 (33.33%),
bid_qty_window,2150000.0,15 (62.50%),9 (37.50%),
bid_qty_window,2300000.0,19 (79.17%),5 (20.83%),
bid_qty_window,2375000.0,5 (83.33%),1 (16.67%),
bid_qty_window,2379200.0,4 (66.67%),2 (33.33%),
bid_qty_window,2500000.0,14 (77.78%),4 (22.22%),
bid_qty_window,2749800.0,3 (50.00%),3 (50.00%),
bid_qty_window,2759600.0,3 (50.00%),3 (50.00%),
bid_qty_window,3070000.0,10 (55.56%),8 (44.44%),
bid_qty_window,4000000.0,7 (63.64%),4 (36.36%),
bid_qty_window,5000000.0,10 (83.33%),2 (16.67%),
bid_qty_window,5556600.0,3 (50.00%),3 (50.00%),
CREDIT_SPREAD,-0.633,1 (50.00%),1 (50.00%),"$\chi^2$=27.00, $p$=1.00"
CREDIT_SPREAD,-0.4890000000000001,3 (75.00%),1 (25.00%),
CREDIT_SPREAD,-0.4810000000000001,1 (50.00%),1 (50.00%),
CREDIT_SPREAD,-0.478,1 (33.33%),2 (66.67%),
CREDIT_SPREAD,-0.474,1 (50.00%),1 (50.00%),
CREDIT_SPREAD,-0.4650000000000001,1 (25.00%),3 (75.00%),
CREDIT_SPREAD,-0.449,1 (33.33%),2 (66.67%),
CREDIT_SPREAD,-0.4399999999999999,1 (50.00%),1 (50.00%),
CREDIT_SPREAD,-0.4259999999999999,1 (50.00%),1 (50.00%),
CREDIT_SPREAD,-0.423,1 (50.00%),1 (50.00%),
CREDIT_SPREAD,-0.419,1 (50.00%),1 (50.00%),
CREDIT_SPREAD,-0.4149999999999998,1 (33.33%),2 (66.67%),
CREDIT_SPREAD,-0.4139999999999999,1 (33.33%),2 (66.67%),
CREDIT_SPREAD,-0.413,1 (50.00%),1 (50.00%),
CREDIT_SPREAD,-0.405,1 (50.00%),1 (50.00%),
CREDIT_SPREAD,-0.3960000000000001,1 (50.00%),1 (50.00%),
CREDIT_SPREAD,-0.395,2 (66.67%),1 (33.33%),
CREDIT_SPREAD,-0.3749999999999998,1 (50.00%),1 (50.00%),
CREDIT_SPREAD,-0.373,1 (33.33%),2 (66.67%),
CREDIT_SPREAD,-0.3720000000000001,3 (75.00%),1 (25.00%),
CREDIT_SPREAD,-0.369,2 (66.67%),1 (33.33%),
CREDIT_SPREAD,-0.3370000000000002,1 (50.00%),1 (50.00%),
CREDIT_SPREAD,-0.3360000000000001,1 (50.00%),1 (50.00%),
CREDIT_SPREAD,-0.2849999999999999,1 (50.00%),1 (50.00%),
CREDIT_SPREAD,-0.2779999999999998,1 (50.00%),1 (50.00%),
CREDIT_SPREAD,-0.25,1 (50.00%),1 (50.00%),
CREDIT_SPREAD,-0.2399999999999997,2 (66.67%),1 (33.33%),
CREDIT_SPREAD,-0.2389999999999998,1 (50.00%),1 (50.00%),
CREDIT_SPREAD,-0.205,1 (50.00%),1 (50.00%),
CREDIT_SPREAD,-0.181,1 (50.00%),1 (50.00%),
CREDIT_SPREAD,-0.177,1 (50.00%),1 (50.00%),
CREDIT_SPREAD,-0.1699999999999999,2 (40.00%),3 (60.00%),
CREDIT_SPREAD,-0.167,1 (33.33%),2 (66.67%),
CREDIT_SPREAD,-0.1639999999999999,1 (50.00%),1 (50.00%),
CREDIT_SPREAD,-0.153,3 (60.00%),2 (40.00%),
CREDIT_SPREAD,-0.1379999999999999,1 (50.00%),1 (50.00%),
CREDIT_SPREAD,-0.137,1 (50.00%),1 (50.00%),
CREDIT_SPREAD,-0.135,1 (50.00%),1 (50.00%),
CREDIT_SPREAD,-0.133,2 (66.67%),1 (33.33%),
CREDIT_SPREAD,-0.1149999999999999,1 (50.00%),1 (50.00%),
CREDIT_SPREAD,-0.1069999999999999,1 (50.00%),1 (50.00%),
CREDIT_SPREAD,-0.0819999999999998,1 (50.00%),1 (50.00%),
CREDIT_SPREAD,-0.0590000000000001,1 (50.00%),1 (50.00%),
CREDIT_SPREAD,-0.024,1 (50.00%),1 (50.00%),
CREDIT_SPREAD,-0.008,1 (50.00%),1 (50.00%),
CREDIT_SPREAD,0.005,1 (50.00%),1 (50.00%),
CREDIT_SPREAD,0.014,1 (50.00%),1 (50.00%),
CREDIT_SPREAD,0.016,2 (66.67%),1 (33.33%),
CREDIT_SPREAD,0.044,1 (50.00%),1 (50.00%),
CREDIT_SPREAD,0.046,1 (50.00%),1 (50.00%),
CREDIT_SPREAD,0.052,1 (50.00%),1 (50.00%),
CREDIT_SPREAD,0.068,1 (50.00%),1 (50.00%),
CREDIT_SPREAD,0.1070000000000001,1 (50.00%),1 (50.00%),
CREDIT_SPREAD,0.1270000000000001,1 (33.33%),2 (66.67%),
CREDIT_SPREAD,0.1310000000000001,1 (50.00%),1 (50.00%),
CREDIT_SPREAD,0.1319999999999999,1 (33.33%),2 (66.67%),
CREDIT_SPREAD,0.1350000000000001,1 (50.00%),1 (50.00%),
CREDIT_SPREAD,0.1450000000000001,1 (50.00%),1 (50.00%),
CREDIT_SPREAD,0.149,1 (50.00%),1 (50.00%),
CREDIT_SPREAD,0.1499999999999999,1 (50.00%),1 (50.00%),
CREDIT_SPREAD,0.1510000000000001,1 (50.00%),1 (50.00%),
CREDIT_SPREAD,0.1579999999999999,1 (50.00%),1 (50.00%),
CREDIT_SPREAD,0.161,3 (75.00%),1 (25.00%),
CREDIT_SPREAD,0.167,6 (85.71%),1 (14.29%),
CREDIT_SPREAD,0.1739999999999999,2 (66.67%),1 (33.33%),
CREDIT_SPREAD,0.1749999999999998,1 (25.00%),3 (75.00%),
CREDIT_SPREAD,0.175,4 (80.00%),1 (20.00%),
CREDIT_SPREAD,0.177,1 (50.00%),1 (50.00%),
CREDIT_SPREAD,0.1839999999999999,1 (50.00%),1 (50.00%),
CREDIT_SPREAD,0.185,2 (66.67%),1 (33.33%),
CREDIT_SPREAD,0.187,3 (75.00%),1 (25.00%),
CREDIT_SPREAD,0.189,2 (66.67%),1 (33.33%),
CREDIT_SPREAD,0.1939999999999999,1 (50.00%),1 (50.00%),
CREDIT_SPREAD,0.1999999999999999,1 (50.00%),1 (50.00%),
CREDIT_SPREAD,0.2019999999999999,1 (50.00%),1 (50.00%),
CREDIT_SPREAD,0.205,1 (50.00%),1 (50.00%),
CREDIT_SPREAD,0.2099999999999999,1 (33.33%),2 (66.67%),
CREDIT_SPREAD,0.219,1 (50.00%),1 (50.00%),
CREDIT_SPREAD,0.2259999999999999,1 (50.00%),1 (50.00%),
CREDIT_SPREAD,0.2299999999999999,1 (50.00%),1 (50.00%),
CREDIT_SPREAD,0.2309999999999998,1 (50.00%),1 (50.00%),
CREDIT_SPREAD,0.2350000000000003,2 (66.67%),1 (33.33%),
CREDIT_SPREAD,0.2369999999999998,1 (50.00%),1 (50.00%),
CREDIT_SPREAD,0.2389999999999998,1 (50.00%),1 (50.00%),
CREDIT_SPREAD,0.242,1 (50.00%),1 (50.00%),
CREDIT_SPREAD,0.2469999999999999,2 (66.67%),1 (33.33%),
CREDIT_SPREAD,0.248,1 (50.00%),1 (50.00%),
CREDIT_SPREAD,0.2519999999999998,1 (50.00%),1 (50.00%),
CREDIT_SPREAD,0.254,1 (33.33%),2 (66.67%),
CREDIT_SPREAD,0.2559999999999998,1 (50.00%),1 (50.00%),
CREDIT_SPREAD,0.2569999999999999,1 (50.00%),1 (50.00%),
CREDIT_SPREAD,0.258,1 (33.33%),2 (66.67%),
CREDIT_SPREAD,0.26,1 (33.33%),2 (66.67%),
CREDIT_SPREAD,0.262,1 (50.00%),1 (50.00%),
CREDIT_SPREAD,0.2649999999999999,1 (33.33%),2 (66.67%),
CREDIT_SPREAD,0.2650000000000001,1 (33.33%),2 (66.67%),
CREDIT_SPREAD,0.266,1 (50.00%),1 (50.00%),
CREDIT_SPREAD,0.2669999999999999,2 (66.67%),1 (33.33%),
CREDIT_SPREAD,0.27,5 (71.43%),2 (28.57%),
CREDIT_SPREAD,0.2709999999999999,2 (66.67%),1 (33.33%),
CREDIT_SPREAD,0.274,2 (50.00%),2 (50.00%),
CREDIT_SPREAD,0.2770000000000001,1 (50.00%),1 (50.00%),
CREDIT_SPREAD,0.278,1 (33.33%),2 (66.67%),
CREDIT_SPREAD,0.2789999999999999,1 (50.00%),1 (50.00%),
CREDIT_SPREAD,0.282,1 (50.00%),1 (50.00%),
CREDIT_SPREAD,0.286,1 (50.00%),1 (50.00%),
CREDIT_SPREAD,0.2869999999999999,1 (50.00%),1 (50.00%),
CREDIT_SPREAD,0.2879999999999998,1 (50.00%),1 (50.00%),
CREDIT_SPREAD,0.29,3 (60.00%),2 (40.00%),
CREDIT_SPREAD,0.2999999999999998,2 (66.67%),1 (33.33%),
CREDIT_SPREAD,0.3039999999999998,1 (33.33%),2 (66.67%),
CREDIT_SPREAD,0.3129999999999999,1 (50.00%),1 (50.00%),
CREDIT_SPREAD,0.3130000000000001,1 (50.00%),1 (50.00%),
CREDIT_SPREAD,0.3210000000000002,1 (50.00%),1 (50.00%),
CREDIT_SPREAD,0.326,1 (50.00%),1 (50.00%),
CREDIT_SPREAD,0.3479999999999998,1 (50.00%),1 (50.00%),
CREDIT_SPREAD,0.359,1 (50.00%),1 (50.00%),
CREDIT_SPREAD,0.3609999999999997,1 (50.00%),1 (50.00%),
CREDIT_SPREAD,0.3839999999999999,1 (50.00%),1 (50.00%),
CREDIT_SPREAD,0.387,1 (50.00%),1 (50.00%),
CREDIT_SPREAD,0.3879999999999999,1 (25.00%),3 (75.00%),
CREDIT_SPREAD,0.3959999999999999,2 (66.67%),1 (33.33%),
CREDIT_SPREAD,0.399,2 (66.67%),1 (33.33%),
CREDIT_SPREAD,0.405,1 (50.00%),1 (50.00%),
CREDIT_SPREAD,0.419,1 (33.33%),2 (66.67%),
CREDIT_SPREAD,0.431,1 (50.00%),1 (50.00%),
CREDIT_SPREAD,0.443,1 (50.00%),1 (50.00%),
CREDIT_SPREAD,0.4499999999999999,1 (50.00%),1 (50.00%),
CREDIT_SPREAD,0.455,1 (33.33%),2 (66.67%),
CREDIT_SPREAD,0.472,2 (50.00%),2 (50.00%),
CREDIT_SPREAD,0.48,1 (50.00%),1 (50.00%),
CREDIT_SPREAD,0.4950000000000001,1 (50.00%),1 (50.00%),
CREDIT_SPREAD,0.565,1 (50.00%),1 (50.00%),
CREDIT_SPREAD,0.5790000000000002,1 (50.00%),1 (50.00%),
CREDIT_SPREAD,0.5800000000000001,1 (33.33%),2 (66.67%),
CREDIT_SPREAD,0.597,1 (50.00%),1 (50.00%),
CREDIT_SPREAD,0.5990000000000002,2 (66.67%),1 (33.33%),
CREDIT_SPREAD,0.6040000000000001,1 (33.33%),2 (66.67%),
CREDIT_SPREAD,0.6160000000000001,1 (50.00%),1 (50.00%),
CREDIT_SPREAD,0.6190000000000002,1 (50.00%),1 (50.00%),
CREDIT_SPREAD,0.6200000000000001,1 (50.00%),1 (50.00%),
CREDIT_SPREAD,0.625,1 (50.00%),1 (50.00%),
CREDIT_SPREAD,0.6310000000000002,1 (50.00%),1 (50.00%),
CREDIT_SPREAD,0.6390000000000002,1 (50.00%),1 (50.00%),
CREDIT_SPREAD,0.641,1 (50.00%),1 (50.00%),
CREDIT_SPREAD,0.649,1 (50.00%),1 (50.00%),
CREDIT_SPREAD,0.6599999999999999,1 (50.00%),1 (50.00%),
CREDIT_SPREAD,0.6679999999999997,1 (50.00%),1 (50.00%),
CREDIT_SPREAD,0.677,1 (50.00%),1 (50.00%),
CREDIT_SPREAD,0.678,1 (50.00%),1 (50.00%),
CREDIT_SPREAD,0.6889999999999996,1 (50.00%),1 (50.00%),
CREDIT_SPREAD,0.7090000000000001,1 (50.00%),1 (50.00%),
CREDIT_SPREAD,0.7120000000000002,1 (50.00%),1 (50.00%),
CREDIT_SPREAD,0.7130000000000001,1 (50.00%),1 (50.00%),
CREDIT_SPREAD,0.7230000000000001,1 (50.00%),1 (50.00%),
CREDIT_SPREAD,0.7509999999999999,1 (50.00%),1 (50.00%),
CREDIT_SPREAD,0.7679999999999998,2 (66.67%),1 (33.33%),
CREDIT_SPREAD,0.7770000000000001,1 (50.00%),1 (50.00%),
CREDIT_SPREAD,0.7799999999999998,2 (50.00%),2 (50.00%),
CREDIT_SPREAD,0.7949999999999999,1 (50.00%),1 (50.00%),
CREDIT_SPREAD,0.7999999999999998,1 (50.00%),1 (50.00%),
CREDIT_SPREAD,0.8169999999999997,1 (50.00%),1 (50.00%),
CREDIT_SPREAD,0.8179999999999996,1 (50.00%),1 (50.00%),
CREDIT_SPREAD,0.819,1 (50.00%),1 (50.00%),
CREDIT_SPREAD,0.8409999999999997,1 (50.00%),1 (50.00%),
CREDIT_SPREAD,0.8449999999999998,1 (50.00%),1 (50.00%),
CREDIT_SPREAD,0.8750000000000004,2 (66.67%),1 (33.33%),
CREDIT_SPREAD,0.8950000000000005,1 (50.00%),1 (50.00%),
CREDIT_SPREAD,0.8970000000000002,1 (50.00%),1 (50.00%),
CREDIT_SPREAD,0.9010000000000002,1 (50.00%),1 (50.00%),
CREDIT_SPREAD,0.932,1 (50.00%),1 (50.00%),
CREDIT_SPREAD,0.9369999999999998,1 (50.00%),1 (50.00%),
CREDIT_SPREAD,0.983,1 (50.00%),1 (50.00%),
CREDIT_SPREAD,0.9940000000000002,1 (33.33%),2 (66.67%),
CREDIT_SPREAD,1.076,1 (50.00%),1 (50.00%),
CREDIT_SPREAD,1.148,1 (50.00%),1 (50.00%),
USD_CNY,161.05,1 (50.00%),1 (50.00%),"$\chi^2$=26.58, $p$=1.00"
USD_CNY,161.45,1 (50.00%),1 (50.00%),
USD_CNY,163.01,1 (50.00%),1 (50.00%),
USD_CNY,163.42,1 (50.00%),1 (50.00%),
USD_CNY,163.73,1 (50.00%),1 (50.00%),
USD_CNY,163.83,1 (50.00%),1 (50.00%),
USD_CNY,163.96,1 (50.00%),1 (50.00%),
USD_CNY,165.37,1 (50.00%),1 (50.00%),
USD_CNY,165.81,2 (66.67%),1 (33.33%),
USD_CNY,165.85,1 (50.00%),1 (50.00%),
USD_CNY,166.01,1 (50.00%),1 (50.00%),
USD_CNY,166.03,1 (50.00%),1 (50.00%),
USD_CNY,166.06,1 (50.00%),1 (50.00%),
USD_CNY,166.5,1 (50.00%),1 (50.00%),
USD_CNY,166.78,1 (50.00%),1 (50.00%),
USD_CNY,167.25,1 (33.33%),2 (66.67%),
USD_CNY,167.3,1 (50.00%),1 (50.00%),
USD_CNY,167.5,1 (50.00%),1 (50.00%),
USD_CNY,167.51,1 (50.00%),1 (50.00%),
USD_CNY,167.52,1 (33.33%),2 (66.67%),
USD_CNY,167.64,1 (50.00%),1 (50.00%),
USD_CNY,167.7,1 (50.00%),1 (50.00%),
USD_CNY,167.78,1 (50.00%),1 (50.00%),
USD_CNY,167.8,1 (50.00%),1 (50.00%),
USD_CNY,167.92,2 (50.00%),2 (50.00%),
USD_CNY,167.93,1 (50.00%),1 (50.00%),
USD_CNY,168.0,1 (50.00%),1 (50.00%),
USD_CNY,168.05,1 (50.00%),1 (50.00%),
USD_CNY,168.06,1 (50.00%),1 (50.00%),
USD_CNY,168.14,1 (50.00%),1 (50.00%),
USD_CNY,168.17,1 (50.00%),1 (50.00%),
USD_CNY,168.18,2 (50.00%),2 (50.00%),
USD_CNY,168.5,2 (66.67%),1 (33.33%),
USD_CNY,168.59,1 (50.00%),1 (50.00%),
USD_CNY,168.6,3 (75.00%),1 (25.00%),
USD_CNY,168.65,1 (50.00%),1 (50.00%),
USD_CNY,168.67,3 (75.00%),1 (25.00%),
USD_CNY,168.74,1 (33.33%),2 (66.67%),
USD_CNY,168.75,4 (80.00%),1 (20.00%),
USD_CNY,168.89,1 (50.00%),1 (50.00%),
USD_CNY,168.9,1 (50.00%),1 (50.00%),
USD_CNY,168.98,2 (66.67%),1 (33.33%),
USD_CNY,169.15,1 (50.00%),1 (50.00%),
USD_CNY,169.28,1 (50.00%),1 (50.00%),
USD_CNY,169.3,1 (50.00%),1 (50.00%),
USD_CNY,169.31,1 (50.00%),1 (50.00%),
USD_CNY,169.32,2 (66.67%),1 (33.33%),
USD_CNY,169.42,1 (50.00%),1 (50.00%),
USD_CNY,169.43,1 (50.00%),1 (50.00%),
USD_CNY,169.53,2 (66.67%),1 (33.33%),
USD_CNY,169.55,1 (50.00%),1 (50.00%),
USD_CNY,169.68,1 (50.00%),1 (50.00%),
USD_CNY,169.76,2 (66.67%),1 (33.33%),
USD_CNY,169.85,1 (50.00%),1 (50.00%),
USD_CNY,169.88,1 (50.00%),1 (50.00%),
USD_CNY,169.9,1 (50.00%),1 (50.00%),
USD_CNY,169.95,2 (66.67%),1 (33.33%),
USD_CNY,169.98,1 (50.00%),1 (50.00%),
USD_CNY,170.0,1 (33.33%),2 (66.67%),
USD_CNY,170.01,1 (50.00%),1 (50.00%),
USD_CNY,170.05,2 (66.67%),1 (33.33%),
USD_CNY,170.14,1 (50.00%),1 (50.00%),
USD_CNY,170.18,1 (33.33%),2 (66.67%),
USD_CNY,170.2,1 (50.00%),1 (50.00%),
USD_CNY,170.28,2 (50.00%),2 (50.00%),
USD_CNY,170.33,1 (50.00%),1 (50.00%),
USD_CNY,170.43,1 (50.00%),1 (50.00%),
USD_CNY,170.64,1 (33.33%),2 (66.67%),
USD_CNY,170.66,1 (33.33%),2 (66.67%),
USD_CNY,170.72,1 (50.00%),1 (50.00%),
USD_CNY,170.92,1 (33.33%),2 (66.67%),
USD_CNY,171.28,1 (25.00%),3 (75.00%),
USD_CNY,171.3,3 (60.00%),2 (40.00%),
USD_CNY,171.32,2 (66.67%),1 (33.33%),
USD_CNY,171.35,1 (50.00%),1 (50.00%),
USD_CNY,171.47,1 (33.33%),2 (66.67%),
USD_CNY,171.48,1 (33.33%),2 (66.67%),
USD_CNY,171.55,2 (66.67%),1 (33.33%),
USD_CNY,171.6,1 (50.00%),1 (50.00%),
USD_CNY,171.61,1 (33.33%),2 (66.67%),
USD_CNY,171.64,2 (66.67%),1 (33.33%),
USD_CNY,171.7,1 (50.00%),1 (50.00%),
USD_CNY,172.11,1 (50.00%),1 (50.00%),
USD_CNY,172.14,2 (50.00%),2 (50.00%),
USD_CNY,172.23,1 (33.33%),2 (66.67%),
USD_CNY,172.25,3 (75.00%),1 (25.00%),
USD_CNY,172.26,1 (33.33%),2 (66.67%),
USD_CNY,172.47,1 (50.00%),1 (50.00%),
USD_CNY,172.52,1 (50.00%),1 (50.00%),
USD_CNY,172.63,1 (33.33%),2 (66.67%),
USD_CNY,172.87,1 (50.00%),1 (50.00%),
USD_CNY,173.08,1 (50.00%),1 (50.00%),
USD_CNY,173.3,1 (50.00%),1 (50.00%),
USD_CNY,173.38,1 (50.00%),1 (50.00%),
USD_CNY,173.41,3 (75.00%),1 (25.00%),
USD_CNY,173.5,1 (50.00%),1 (50.00%),
USD_CNY,173.56,1 (50.00%),1 (50.00%),
USD_CNY,173.64,1 (50.00%),1 (50.00%),
USD_CNY,176.63,1 (50.00%),1 (50.00%),
USD_CNY,177.05,2 (66.67%),1 (33.33%),
USD_CNY,177.83,1 (50.00%),1 (50.00%),
USD_CNY,178.01,1 (50.00%),1 (50.00%),
USD_CNY,178.24,1 (50.00%),1 (50.00%),
USD_CNY,178.99,1 (50.00%),1 (50.00%),
USD_CNY,180.33,1 (50.00%),1 (50.00%),
USD_CNY,180.59,1 (50.00%),1 (50.00%),
USD_CNY,181.31,1 (50.00%),1 (50.00%),
USD_CNY,181.92,1 (50.00%),1 (50.00%),
USD_CNY,182.0,1 (50.00%),1 (50.00%),
USD_CNY,182.25,1 (50.00%),1 (50.00%),
USD_CNY,182.26,1 (33.33%),2 (66.67%),
USD_CNY,182.57,1 (50.00%),1 (50.00%),
USD_CNY,182.61,1 (50.00%),1 (50.00%),
USD_CNY,182.68,1 (50.00%),1 (50.00%),
USD_CNY,183.18,1 (50.00%),1 (50.00%),
USD_CNY,183.41,1 (50.00%),1 (50.00%),
USD_CNY,184.06,1 (50.00%),1 (50.00%),
USD_CNY,184.18,1 (50.00%),1 (50.00%),
USD_CNY,184.2,1 (50.00%),1 (50.00%),
USD_CNY,184.5,4 (66.67%),2 (33.33%),
USD_CNY,184.55,1 (50.00%),1 (50.00%),
USD_CNY,184.57,1 (50.00%),1 (50.00%),
USD_CNY,184.61,1 (50.00%),1 (50.00%),
USD_CNY,184.64,1 (50.00%),1 (50.00%),
USD_CNY,184.8,1 (50.00%),1 (50.00%),
USD_CNY,185.08,1 (50.00%),1 (50.00%),
USD_CNY,185.14,1 (50.00%),1 (50.00%),
USD_CNY,185.2,1 (50.00%),1 (50.00%),
USD_CNY,185.24,1 (50.00%),1 (50.00%),
USD_CNY,185.6,1 (50.00%),1 (50.00%),
USD_CNY,185.63,1 (50.00%),1 (50.00%),
USD_CNY,185.75,1 (50.00%),1 (50.00%),
USD_CNY,186.29,1 (50.00%),1 (50.00%),
USD_CNY,186.63,1 (50.00%),1 (50.00%),
USD_CNY,186.7,1 (50.00%),1 (50.00%),
USD_CNY,187.04,1 (50.00%),1 (50.00%),
USD_CNY,187.24,1 (50.00%),1 (50.00%),
USD_CNY,187.3,1 (50.00%),1 (50.00%),
USD_CNY,187.8,1 (50.00%),1 (50.00%),
USD_CNY,187.95,1 (50.00%),1 (50.00%),
USD_CNY,188.04,1 (50.00%),1 (50.00%),
USD_CNY,188.05,1 (50.00%),1 (50.00%),
USD_CNY,188.39,1 (50.00%),1 (50.00%),
USD_CNY,188.4,2 (66.67%),1 (33.33%),
USD_CNY,188.7,1 (50.00%),1 (50.00%),
USD_CNY,189.05,1 (50.00%),1 (50.00%),
USD_CNY,189.07,2 (66.67%),1 (33.33%),
USD_CNY,189.24,1 (50.00%),1 (50.00%),
USD_CNY,189.27,1 (50.00%),1 (50.00%),
USD_CNY,189.3,3 (75.00%),1 (25.00%),
USD_CNY,189.31,1 (50.00%),1 (50.00%),
USD_CNY,189.33,1 (50.00%),1 (50.00%),
USD_CNY,189.34,1 (20.00%),4 (80.00%),
USD_CNY,189.6,1 (33.33%),2 (66.67%),
USD_CNY,189.62,3 (60.00%),2 (40.00%),
USD_CNY,189.67,1 (50.00%),1 (50.00%),
USD_CNY,189.76,1 (25.00%),3 (75.00%),
USD_CNY,189.83,1 (50.00%),1 (50.00%),
USD_CNY,189.92,1 (50.00%),1 (50.00%),
USD_CNY,190.08,2 (66.67%),1 (33.33%),
USD_CNY,190.1,2 (66.67%),1 (33.33%),
USD_CNY,190.17,1 (50.00%),1 (50.00%),
USD_CNY,190.3,2 (66.67%),1 (33.33%),
USD_CNY,190.38,1 (50.00%),1 (50.00%),
USD_CNY,190.48,1 (50.00%),1 (50.00%),
USD_CNY,190.49,2 (66.67%),1 (33.33%),
USD_CNY,190.55,1 (50.00%),1 (50.00%),
USD_CNY,190.85,2 (66.67%),1 (33.33%),
USD_CNY,190.96,1 (50.00%),1 (50.00%),
USD_CNY,191.05,1 (50.00%),1 (50.00%),
USD_CNY,191.07,1 (50.00%),1 (50.00%),
USD_CNY,191.12,1 (50.00%),1 (50.00%),
USD_CNY,191.14,1 (50.00%),1 (50.00%),
USD_CNY,191.15,1 (50.00%),1 (50.00%),
USD_CNY,191.64,1 (33.33%),2 (66.67%),
USD_CNY,191.7,1 (50.00%),1 (50.00%),
USD_CNY,191.9,1 (50.00%),1 (50.00%),
USD_CNY,192.13,1 (50.00%),1 (50.00%),
USD_CNY,192.15,1 (33.33%),2 (66.67%),
USD_CNY,192.16,1 (50.00%),1 (50.00%),
USD_CNY,192.24,1 (50.00%),1 (50.00%),
USD_CNY,192.41,1 (50.00%),1 (50.00%),
USD_CNY,192.52,2 (66.67%),1 (33.33%),
USD_CNY,193.01,1 (50.00%),1 (50.00%),
USD_CNY,193.13,1 (50.00%),1 (50.00%),
USD_CNY,193.26,1 (50.00%),1 (50.00%),
USD_CNY,193.34,1 (50.00%),1 (50.00%),
USD_CNY,193.44,1 (50.00%),1 (50.00%),
USD_CNY,193.48,1 (50.00%),1 (50.00%),
USD_CNY,193.8,1 (25.00%),3 (75.00%),
USD_CNY,193.85,1 (50.00%),1 (50.00%),
USD_CNY,193.87,1 (50.00%),1 (50.00%),
USD_CNY,194.2,2 (66.67%),1 (33.33%),
USD_CNY,194.25,1 (50.00%),1 (50.00%),
USD_CNY,194.45,2 (66.67%),1 (33.33%),
USD_CNY,194.85,2 (66.67%),1 (33.33%),
USD_CNY,194.99,2 (66.67%),1 (33.33%),
USD_CNY,195.8,1 (50.00%),1 (50.00%),
USD_CNY,197.05,1 (50.00%),1 (50.00%),
USD_CNY,197.52,1 (50.00%),1 (50.00%),
USD_CNY,198.0,1 (50.00%),1 (50.00%),
USD_CNY,198.32,1 (50.00%),1 (50.00%),
USD_CNY,198.37,1 (50.00%),1 (50.00%),
USD_CNY,198.66,1 (50.00%),1 (50.00%),
USD_CNY,198.85,1 (50.00%),1 (50.00%),
USD_CNY,199.18,2 (66.67%),1 (33.33%),
USD_CNY,200.34,1 (50.00%),1 (50.00%),
USD_CNY,200.48,1 (50.00%),1 (50.00%),
USD_CNY,207.19,1 (50.00%),1 (50.00%),
USD_CNY,207.8,1 (50.00%),1 (50.00%),
USD_CNY,209.94,1 (50.00%),1 (50.00%),
USD_CNY,217.3,1 (50.00%),1 (50.00%),
rn_day,False,872 (59.93%),583 (40.07%),"$\chi^2$=24.99, $p$=1.00"
rn_day,0.1,20 (58.82%),14 (41.18%),
rn_day,0.2,11 (57.89%),8 (42.11%),
rn_day,0.3,10 (55.56%),8 (44.44%),
rn_day,0.4,10 (66.67%),5 (33.33%),
rn_day,0.5,9 (60.00%),6 (40.00%),
rn_day,0.6,6 (85.71%),1 (14.29%),
rn_day,0.7,7 (70.00%),3 (30.00%),
rn_day,0.8,5 (55.56%),4 (44.44%),
rn_day,0.9,5 (83.33%),1 (16.67%),
rn_day,True,13 (65.00%),7 (35.00%),
rn_day,1.1,3 (75.00%),1 (25.00%),
rn_day,1.2,7 (70.00%),3 (30.00%),
rn_day,1.3,9 (64.29%),5 (35.71%),
rn_day,1.4,3 (60.00%),2 (40.00%),
rn_day,1.5,5 (71.43%),2 (28.57%),
rn_day,1.6,3 (60.00%),2 (40.00%),
rn_day,1.7,7 (58.33%),5 (41.67%),
rn_day,1.9,5 (83.33%),1 (16.67%),
rn_day,2.0,4 (57.14%),3 (42.86%),
rn_day,2.1,4 (66.67%),2 (33.33%),
rn_day,2.2,6 (85.71%),1 (14.29%),
rn_day,2.3,7 (87.50%),1 (12.50%),
rn_day,2.4,2 (40.00%),3 (60.00%),
rn_day,2.5,2 (66.67%),1 (33.33%),
rn_day,2.7,1 (33.33%),2 (66.67%),
rn_day,2.9,3 (50.00%),3 (50.00%),
rn_day,3.0,4 (80.00%),1 (20.00%),
rn_day,3.4,2 (66.67%),1 (33.33%),
rn_day,3.5,2 (40.00%),3 (60.00%),
rn_day,3.8,1 (50.00%),1 (50.00%),
rn_day,3.9,5 (83.33%),1 (16.67%),
rn_day,4.0,4 (80.00%),1 (20.00%),
rn_day,4.1,1 (50.00%),1 (50.00%),
rn_day,4.6,2 (66.67%),1 (33.33%),
rn_day,4.9,1 (50.00%),1 (50.00%),
rn_day,5,5 (83.33%),1 (16.67%),
rn_day,5.1,2 (66.67%),1 (33.33%),
rn_day,5.4,2 (66.67%),1 (33.33%),
rn_day,5.6,2 (50.00%),2 (50.00%),
rn_day,6.3,3 (75.00%),1 (25.00%),
rn_day,6.4,2 (66.67%),1 (33.33%),
rn_day,6.5,2 (33.33%),4 (66.67%),
rn_day,7.4,1 (50.00%),1 (50.00%),
rn_day,7.5,1 (33.33%),2 (66.67%),
rn_day,7.6,1 (33.33%),2 (66.67%),
rn_day,8.0,2 (50.00%),2 (50.00%),
rn_day,8.2,1 (50.00%),1 (50.00%),
rn_day,8.8,1 (50.00%),1 (50.00%),
rn_day,10.5,1 (50.00%),1 (50.00%),
rn_day,11.3,1 (50.00%),1 (50.00%),
rn_day,11.5,3 (75.00%),1 (25.00%),
rn_day,12.0,2 (66.67%),1 (33.33%),
rn_day,13.3,1 (50.00%),1 (50.00%),
rn_day,16.1,1 (50.00%),1 (50.00%),
rn_day,17.0,1 (50.00%),1 (50.00%),
rn_day,17.1,1 (50.00%),1 (50.00%),
rn_day,18.5,2 (66.67%),1 (33.33%),
rn_day,20.0,1 (50.00%),1 (50.00%),
rn_day_window_mean,False,782 (59.65%),529 (40.35%),"$\chi^2$=23.57, $p$=1.00"
rn_day_window_mean,0.0333333333333333,5 (62.50%),3 (37.50%),
rn_day_window_mean,0.05,1 (50.00%),1 (50.00%),
rn_day_window_mean,0.0666666666666666,5 (83.33%),1 (16.67%),
rn_day_window_mean,0.0999999999999999,3 (75.00%),1 (25.00%),
rn_day_window_mean,0.1,14 (56.00%),11 (44.00%),
rn_day_window_mean,0.1333333333333333,2 (50.00%),2 (50.00%),
rn_day_window_mean,0.15,1 (50.00%),1 (50.00%),
rn_day_window_mean,0.1666666666666666,3 (60.00%),2 (40.00%),
rn_day_window_mean,0.1999999999999999,2 (50.00%),2 (50.00%),
rn_day_window_mean,0.2,10 (58.82%),7 (41.18%),
rn_day_window_mean,0.2333333333333333,1 (50.00%),1 (50.00%),
rn_day_window_mean,0.3,9 (52.94%),8 (47.06%),
rn_day_window_mean,0.3666666666666667,2 (50.00%),2 (50.00%),
rn_day_window_mean,0.4,7 (58.33%),5 (41.67%),
rn_day_window_mean,0.4333333333333333,1 (50.00%),1 (50.00%),
rn_day_window_mean,0.45,1 (50.00%),1 (50.00%),
rn_day_window_mean,0.5,11 (61.11%),7 (38.89%),
rn_day_window_mean,0.5666666666666667,4 (80.00%),1 (20.00%),
rn_day_window_mean,0.6,9 (81.82%),2 (18.18%),
rn_day_window_mean,0.7,6 (66.67%),3 (33.33%),
rn_day_window_mean,0.8,5 (62.50%),3 (37.50%),
rn_day_window_mean,0.9,4 (80.00%),1 (20.00%),
rn_day_window_mean,0.9666666666666668,1 (50.00%),1 (50.00%),
rn_day_window_mean,True,10 (58.82%),7 (41.18%),
rn_day_window_mean,1.0666666666666669,2 (66.67%),1 (33.33%),
rn_day_window_mean,1.2,7 (70.00%),3 (30.00%),
rn_day_window_mean,1.3,5 (55.56%),4 (44.44%),
rn_day_window_mean,1.4,1 (33.33%),2 (66.67%),
rn_day_window_mean,1.5,5 (71.43%),2 (28.57%),
rn_day_window_mean,1.6,4 (80.00%),1 (20.00%),
rn_day_window_mean,1.7,5 (62.50%),3 (37.50%),
rn_day_window_mean,1.8666666666666665,1 (50.00%),1 (50.00%),
rn_day_window_mean,1.9,4 (80.00%),1 (20.00%),
rn_day_window_mean,2.0,6 (66.67%),3 (33.33%),
rn_day_window_mean,2.1,4 (66.67%),2 (33.33%),
rn_day_window_mean,2.2,3 (75.00%),1 (25.00%),
rn_day_window_mean,2.3,6 (75.00%),2 (25.00%),
rn_day_window_mean,2.4,1 (33.33%),2 (66.67%),
rn_day_window_mean,2.5,3 (75.00%),1 (25.00%),
rn_day_window_mean,2.9,3 (50.00%),3 (50.00%),
rn_day_window_mean,3.2,2 (66.67%),1 (33.33%),
rn_day_window_mean,3.233333333333333,1 (50.00%),1 (50.00%),
rn_day_window_mean,3.4,1 (50.00%),1 (50.00%),
rn_day_window_mean,3.5,2 (40.00%),3 (60.00%),
rn_day_window_mean,3.7,2 (66.67%),1 (33.33%),
rn_day_window_mean,3.8,2 (66.67%),1 (33.33%),
rn_day_window_mean,4.1,1 (50.00%),1 (50.00%),
rn_day_window_mean,4.6,2 (66.67%),1 (33.33%),
rn_day_window_mean,4.7,1 (50.00%),1 (50.00%),
rn_day_window_mean,4.9,1 (50.00%),1 (50.00%),
rn_day_window_mean,5,5 (83.33%),1 (16.67%),
rn_day_window_mean,5.1,3 (75.00%),1 (25.00%),
rn_day_window_mean,5.4,1 (50.00%),1 (50.00%),
rn_day_window_mean,5.6,2 (66.67%),1 (33.33%),
rn_day_window_mean,5.7,1 (50.00%),1 (50.00%),
rn_day_window_mean,6,2 (66.67%),1 (33.33%),
rn_day_window_mean,6.3,3 (75.00%),1 (25.00%),
rn_day_window_mean,6.4,2 (66.67%),1 (33.33%),
rn_day_window_mean,6.5,2 (40.00%),3 (60.00%),
rn_day_window_mean,6.6000000000000005,1 (50.00%),1 (50.00%),
rn_day_window_mean,6.7,1 (50.00%),1 (50.00%),
rn_day_window_mean,7.5,1 (33.33%),2 (66.67%),
rn_day_window_mean,7.6,2 (50.00%),2 (50.00%),
rn_day_window_mean,8.0,2 (50.00%),2 (50.00%),
rn_day_window_mean,8.2,1 (50.00%),1 (50.00%),
rn_day_window_mean,8.8,1 (50.00%),1 (50.00%),
rn_day_window_mean,8.9,1 (50.00%),1 (50.00%),
rn_day_window_mean,9.5,1 (50.00%),1 (50.00%),
rn_day_window_mean,9.7,1 (33.33%),2 (66.67%),
rn_day_window_mean,10.5,1 (50.00%),1 (50.00%),
rn_day_window_mean,10.9,1 (33.33%),2 (66.67%),
rn_day_window_mean,11.3,1 (50.00%),1 (50.00%),
rn_day_window_mean,11.5,3 (75.00%),1 (25.00%),
rn_day_window_mean,13.3,1 (50.00%),1 (50.00%),
rn_day_window_mean,15.9,1 (50.00%),1 (50.00%),
rn_day_window_mean,16.1,1 (50.00%),1 (50.00%),
rn_day_window_mean,17.0,1 (50.00%),1 (50.00%),
rn_day_window_mean,17.8,1 (50.00%),1 (50.00%),
rn_day_window_mean,18.5,3 (75.00%),1 (25.00%),
rn_day_window_mean,22.46666666666667,1 (50.00%),1 (50.00%),
USD,1062.7,2 (66.67%),1 (33.33%),"$\chi^2$=21.59, $p$=1.00"
USD,1068.0,1 (50.00%),1 (50.00%),
USD,1069.5,1 (50.00%),1 (50.00%),
USD,1076.1,1 (50.00%),1 (50.00%),
USD,1082.1,2 (66.67%),1 (33.33%),
USD,1105.9,1 (50.00%),1 (50.00%),
USD,1106.5,1 (50.00%),1 (50.00%),
USD,1107.4,1 (50.00%),1 (50.00%),
USD,1109.3,1 (50.00%),1 (50.00%),
USD,1110.4,2 (66.67%),1 (33.33%),
USD,1112.3,1 (50.00%),1 (50.00%),
USD,1112.7,1 (50.00%),1 (50.00%),
USD,1114.5,1 (50.00%),1 (50.00%),
USD,1114.8,1 (50.00%),1 (50.00%),
USD,1114.9,1 (50.00%),1 (50.00%),
USD,1115.6,1 (50.00%),1 (50.00%),
USD,1116.3,1 (33.33%),2 (66.67%),
USD,1116.5,2 (66.67%),1 (33.33%),
USD,1117.2,3 (60.00%),2 (40.00%),
USD,1117.3,1 (50.00%),1 (50.00%),
USD,1118.1,1 (50.00%),1 (50.00%),
USD,1118.6,2 (50.00%),2 (50.00%),
USD,1119.2,1 (50.00%),1 (50.00%),
USD,1119.6,2 (50.00%),2 (50.00%),
USD,1120.3,1 (50.00%),1 (50.00%),
USD,1121.3,1 (50.00%),1 (50.00%),
USD,1123.7,1 (50.00%),1 (50.00%),
USD,1123.9,1 (50.00%),1 (50.00%),
USD,1124.7,2 (66.67%),1 (33.33%),
USD,1125.1,1 (50.00%),1 (50.00%),
USD,1125.2,2 (66.67%),1 (33.33%),
USD,1125.8,2 (66.67%),1 (33.33%),
USD,1125.9,1 (50.00%),1 (50.00%),
USD,1126.1,1 (33.33%),2 (66.67%),
USD,1126.5,1 (33.33%),2 (66.67%),
USD,1127.7,3 (60.00%),2 (40.00%),
USD,1128.4,2 (66.67%),1 (33.33%),
USD,1128.5,2 (66.67%),1 (33.33%),
USD,1129.2,2 (66.67%),1 (33.33%),
USD,1129.7,1 (33.33%),2 (66.67%),
USD,1130.4,2 (66.67%),1 (33.33%),
USD,1132.1,1 (50.00%),1 (50.00%),
USD,1132.9,1 (50.00%),1 (50.00%),
USD,1133.1,1 (50.00%),1 (50.00%),
USD,1133.6,2 (66.67%),1 (33.33%),
USD,1134.3,2 (66.67%),1 (33.33%),
USD,1135.1,1 (50.00%),1 (50.00%),
USD,1137.7,1 (50.00%),1 (50.00%),
USD,1138.1,1 (50.00%),1 (50.00%),
USD,1139.4,2 (66.67%),1 (33.33%),
USD,1141.5,1 (50.00%),1 (50.00%),
USD,1142.1,1 (50.00%),1 (50.00%),
USD,1161.5,1 (50.00%),1 (50.00%),
USD,1163.4,1 (50.00%),1 (50.00%),
USD,1167.0,1 (50.00%),1 (50.00%),
USD,1169.2,1 (50.00%),1 (50.00%),
USD,1169.7,1 (33.33%),2 (66.67%),
USD,1170.5,1 (50.00%),1 (50.00%),
USD,1170.8,1 (50.00%),1 (50.00%),
USD,1175.9,1 (50.00%),1 (50.00%),
USD,1176.0,1 (50.00%),1 (50.00%),
USD,1176.7,1 (50.00%),1 (50.00%),
USD,1177.2,2 (50.00%),2 (50.00%),
USD,1179.0,1 (50.00%),1 (50.00%),
USD,1179.6,1 (50.00%),1 (50.00%),
USD,1179.8,1 (50.00%),1 (50.00%),
USD,1180.4,1 (50.00%),1 (50.00%),
USD,1180.8,1 (50.00%),1 (50.00%),
USD,1181.2,1 (33.33%),2 (66.67%),
USD,1181.3,1 (50.00%),1 (50.00%),
USD,1181.6,1 (25.00%),3 (75.00%),
USD,1182.6,1 (33.33%),2 (66.67%),
USD,1183.0,2 (66.67%),1 (33.33%),
USD,1183.1,3 (60.00%),2 (40.00%),
USD,1183.5,1 (33.33%),2 (66.67%),
USD,1184.9,1 (50.00%),1 (50.00%),
USD,1185.0,1 (50.00%),1 (50.00%),
USD,1185.1,1 (50.00%),1 (50.00%),
USD,1185.2,1 (25.00%),3 (75.00%),
USD,1185.3,1 (33.33%),2 (66.67%),
USD,1185.6,1 (50.00%),1 (50.00%),
USD,1186.5,1 (25.00%),3 (75.00%),
USD,1186.8,2 (50.00%),2 (50.00%),
USD,1186.9,1 (50.00%),1 (50.00%),
USD,1187.8,1 (33.33%),2 (66.67%),
USD,1187.9,1 (50.00%),1 (50.00%),
USD,1188.3,1 (50.00%),1 (50.00%),
USD,1188.7,1 (50.00%),1 (50.00%),
USD,1188.8,2 (50.00%),2 (50.00%),
USD,1189.1,1 (50.00%),1 (50.00%),
USD,1189.6,1 (50.00%),1 (50.00%),
USD,1191.3,1 (33.33%),2 (66.67%),
USD,1191.8,1 (50.00%),1 (50.00%),
USD,1192.3,1 (50.00%),1 (50.00%),
USD,1193.0,1 (33.33%),2 (66.67%),
USD,1193.1,1 (50.00%),1 (50.00%),
USD,1193.3,1 (50.00%),1 (50.00%),
USD,1193.6,1 (50.00%),1 (50.00%),
USD,1194.0,1 (33.33%),2 (66.67%),
USD,1195.7,2 (66.67%),1 (33.33%),
USD,1196.2,1 (50.00%),1 (50.00%),
USD,1196.9,2 (66.67%),1 (33.33%),
USD,1197.7,1 (33.33%),2 (66.67%),
USD,1198.8,1 (33.33%),2 (66.67%),
USD,1200.9,1 (50.00%),1 (50.00%),
USD,1201.5,1 (50.00%),1 (50.00%),
USD,1210.6,1 (50.00%),1 (50.00%),
USD,1212.7,1 (50.00%),1 (50.00%),
USD,1217.9,1 (50.00%),1 (50.00%),
USD,1219.5,1 (50.00%),1 (50.00%),
USD,1228.0,1 (50.00%),1 (50.00%),
USD,1228.3,1 (50.00%),1 (50.00%),
USD,1230.9,1 (50.00%),1 (50.00%),
USD,1231.3,1 (50.00%),1 (50.00%),
USD,1234.4,1 (50.00%),1 (50.00%),
USD,1235.5,1 (50.00%),1 (50.00%),
USD,1237.0,1 (50.00%),1 (50.00%),
USD,1243.5,1 (50.00%),1 (50.00%),
USD,1260.4,1 (50.00%),1 (50.00%),
USD,1283.4,1 (50.00%),1 (50.00%),
USD,1285.7,1 (50.00%),1 (50.00%),
USD,1289.6,1 (50.00%),1 (50.00%),
USD,1297.1,1 (50.00%),1 (50.00%),
USD,1298.9,1 (50.00%),1 (50.00%),
USD,1299.1,1 (50.00%),1 (50.00%),
USD,1300.3,1 (50.00%),1 (50.00%),
USD,1300.4,1 (50.00%),1 (50.00%),
USD,1303.7,1 (50.00%),1 (50.00%),
USD,1304.0,1 (50.00%),1 (50.00%),
USD,1308.1,1 (50.00%),1 (50.00%),
USD,1310.3,1 (33.33%),2 (66.67%),
USD,1312.1,1 (50.00%),1 (50.00%),
USD,1312.9,1 (50.00%),1 (50.00%),
USD,1313.0,1 (50.00%),1 (50.00%),
USD,1316.0,1 (50.00%),1 (50.00%),
USD,1317.4,1 (50.00%),1 (50.00%),
USD,1322.6,2 (66.67%),1 (33.33%),
USD,1322.8,1 (50.00%),1 (50.00%),
USD,1323.4,1 (50.00%),1 (50.00%),
USD,1325.7,1 (33.33%),2 (66.67%),
USD,1328.2,2 (66.67%),1 (33.33%),
USD,1330.5,1 (50.00%),1 (50.00%),
USD,1330.9,1 (50.00%),1 (50.00%),
USD,1331.0,2 (50.00%),2 (50.00%),
USD,1331.1,1 (50.00%),1 (50.00%),
USD,1331.3,1 (50.00%),1 (50.00%),
USD,1331.8,1 (50.00%),1 (50.00%),
USD,1333.4,1 (50.00%),1 (50.00%),
USD,1333.7,1 (50.00%),1 (50.00%),
USD,1334.0,1 (50.00%),1 (50.00%),
USD,1334.5,1 (33.33%),2 (66.67%),
USD,1335.2,1 (50.00%),1 (50.00%),
USD,1335.4,1 (33.33%),2 (66.67%),
USD,1336.3,1 (50.00%),1 (50.00%),
USD,1337.6,1 (50.00%),1 (50.00%),
USD,1338.7,1 (50.00%),1 (50.00%),
USD,1339.0,2 (66.67%),1 (33.33%),
USD,1339.7,2 (66.67%),1 (33.33%),
USD,1342.1,2 (66.67%),1 (33.33%),
USD,1346.7,1 (50.00%),1 (50.00%),
USD,1349.5,1 (50.00%),1 (50.00%),
USD,1349.7,1 (50.00%),1 (50.00%),
USD,1354.9,1 (33.33%),2 (66.67%),
USD,1355.9,3 (75.00%),1 (25.00%),
USD,1357.4,1 (50.00%),1 (50.00%),
USD,1358.7,1 (50.00%),1 (50.00%),
USD,1362.4,1 (50.00%),1 (50.00%),
USD,1363.8,1 (50.00%),1 (50.00%),
USD,1369.5,2 (66.67%),1 (33.33%),
USD,1375.0,2 (66.67%),1 (33.33%),
USD,1375.4,1 (50.00%),1 (50.00%),
USD,1376.0,1 (50.00%),1 (50.00%),
USD,1376.5,1 (50.00%),1 (50.00%),
USD,1379.3,1 (50.00%),1 (50.00%),
USD,1379.4,1 (50.00%),1 (50.00%),
USD,1380.2,1 (33.33%),2 (66.67%),
USD,1381.2,2 (66.67%),1 (33.33%),
USD,1382.0,1 (33.33%),2 (66.67%),
USD,1384.7,1 (33.33%),2 (66.67%),
USD,1385.0,1 (50.00%),1 (50.00%),
USD,1388.0,1 (50.00%),1 (50.00%),
USD,1388.2,2 (50.00%),2 (50.00%),
USD,1391.0,2 (66.67%),1 (33.33%),
USD,1393.6,1 (50.00%),1 (50.00%),
USD,1394.5,1 (50.00%),1 (50.00%),
USD,1394.7,1 (50.00%),1 (50.00%),
USD,1402.4,1 (50.00%),1 (50.00%),
USD,1402.9,1 (50.00%),1 (50.00%),
USD,1412.4,1 (50.00%),1 (50.00%),
USD,1420.6,1 (50.00%),1 (50.00%),
USD,1425.8,1 (50.00%),1 (50.00%),
USD,1431.7,1 (50.00%),1 (50.00%),
USD,1435.0,1 (50.00%),1 (50.00%),
USD,1437.3,1 (50.00%),1 (50.00%),
USD,1439.5,1 (50.00%),1 (50.00%),
USD,1451.4,1 (50.00%),1 (50.00%),
USD,1466.5,1 (50.00%),1 (50.00%),
USD,1468.4,2 (66.67%),1 (33.33%),
USD,1469.9,1 (50.00%),1 (50.00%),
USD,1473.7,1 (33.33%),2 (66.67%),
USD,1481.2,1 (50.00%),1 (50.00%),
USD,1482.5,1 (50.00%),1 (50.00%),
Oman_lag1,41.5,1 (50.00%),1 (50.00%),"$\chi^2$=20.06, $p$=1.00"
Oman_lag1,43.89,1 (50.00%),1 (50.00%),
Oman_lag1,53.97,1 (50.00%),1 (50.00%),
Oman_lag1,57.52,1 (50.00%),1 (50.00%),
Oman_lag1,59.03,1 (50.00%),1 (50.00%),
Oman_lag1,59.18,1 (50.00%),1 (50.00%),
Oman_lag1,59.68,1 (50.00%),1 (50.00%),
Oman_lag1,59.98,1 (50.00%),1 (50.00%),
Oman_lag1,60.08,1 (50.00%),1 (50.00%),
Oman_lag1,60.32,1 (50.00%),1 (50.00%),
Oman_lag1,60.44,1 (50.00%),1 (50.00%),
Oman_lag1,60.97,1 (50.00%),1 (50.00%),
Oman_lag1,61.19,1 (50.00%),1 (50.00%),
Oman_lag1,61.26,1 (50.00%),1 (50.00%),
Oman_lag1,61.29,1 (33.33%),2 (66.67%),
Oman_lag1,61.57,2 (66.67%),1 (33.33%),
Oman_lag1,61.83,2 (66.67%),1 (33.33%),
Oman_lag1,61.93,1 (50.00%),1 (50.00%),
Oman_lag1,61.95,1 (50.00%),1 (50.00%),
Oman_lag1,61.96,2 (66.67%),1 (33.33%),
Oman_lag1,62.22,3 (75.00%),1 (25.00%),
Oman_lag1,62.26,2 (66.67%),1 (33.33%),
Oman_lag1,62.29,1 (50.00%),1 (50.00%),
Oman_lag1,62.8,1 (50.00%),1 (50.00%),
Oman_lag1,62.88,1 (50.00%),1 (50.00%),
Oman_lag1,62.92,1 (50.00%),1 (50.00%),
Oman_lag1,63.04,1 (50.00%),1 (50.00%),
Oman_lag1,63.33,1 (50.00%),1 (50.00%),
Oman_lag1,63.36,1 (50.00%),1 (50.00%),
Oman_lag1,63.37,1 (50.00%),1 (50.00%),
Oman_lag1,63.52,1 (50.00%),1 (50.00%),
Oman_lag1,63.58,2 (66.67%),1 (33.33%),
Oman_lag1,63.62,2 (66.67%),1 (33.33%),
Oman_lag1,63.71,1 (50.00%),1 (50.00%),
Oman_lag1,63.73,2 (66.67%),1 (33.33%),
Oman_lag1,63.77,1 (50.00%),1 (50.00%),
Oman_lag1,63.94,1 (50.00%),1 (50.00%),
Oman_lag1,64.22,1 (50.00%),1 (50.00%),
Oman_lag1,64.42,1 (50.00%),1 (50.00%),
Oman_lag1,64.5,1 (50.00%),1 (50.00%),
Oman_lag1,64.68,1 (50.00%),1 (50.00%),
Oman_lag1,64.72,1 (50.00%),1 (50.00%),
Oman_lag1,65.21,1 (50.00%),1 (50.00%),
Oman_lag1,65.37,2 (66.67%),1 (33.33%),
Oman_lag1,65.41,2 (50.00%),2 (50.00%),
Oman_lag1,65.84,1 (33.33%),2 (66.67%),
Oman_lag1,65.87,2 (66.67%),1 (33.33%),
Oman_lag1,66.33,1 (50.00%),1 (50.00%),
Oman_lag1,66.41,1 (50.00%),1 (50.00%),
Oman_lag1,66.57,1 (50.00%),1 (50.00%),
Oman_lag1,66.6,2 (66.67%),1 (33.33%),
Oman_lag1,66.63,1 (50.00%),1 (50.00%),
Oman_lag1,66.85,2 (50.00%),2 (50.00%),
Oman_lag1,66.86,1 (50.00%),1 (50.00%),
Oman_lag1,67.23,3 (75.00%),1 (25.00%),
Oman_lag1,67.37,2 (66.67%),1 (33.33%),
Oman_lag1,67.54,1 (50.00%),1 (50.00%),
Oman_lag1,67.59,1 (50.00%),1 (50.00%),
Oman_lag1,67.64,1 (50.00%),1 (50.00%),
Oman_lag1,67.67,2 (66.67%),1 (33.33%),
Oman_lag1,68.23,1 (50.00%),1 (50.00%),
Oman_lag1,68.59,1 (50.00%),1 (50.00%),
Oman_lag1,68.68,1 (50.00%),1 (50.00%),
Oman_lag1,69.24,1 (50.00%),1 (50.00%),
Oman_lag1,69.33,1 (50.00%),1 (50.00%),
Oman_lag1,69.47,1 (50.00%),1 (50.00%),
Oman_lag1,69.77,2 (66.67%),1 (33.33%),
Oman_lag1,70.04,1 (50.00%),1 (50.00%),
Oman_lag1,70.42,1 (50.00%),1 (50.00%),
Oman_lag1,70.5,2 (66.67%),1 (33.33%),
Oman_lag1,70.53,1 (50.00%),1 (50.00%),
Oman_lag1,70.82,1 (50.00%),1 (50.00%),
Oman_lag1,70.83,1 (33.33%),2 (66.67%),
Oman_lag1,70.84,1 (50.00%),1 (50.00%),
Oman_lag1,70.92,1 (50.00%),1 (50.00%),
Oman_lag1,70.93,1 (50.00%),1 (50.00%),
Oman_lag1,71.19,1 (50.00%),1 (50.00%),
Oman_lag1,71.27,1 (50.00%),1 (50.00%),
Oman_lag1,71.28,2 (66.67%),1 (33.33%),
Oman_lag1,71.4,1 (50.00%),1 (50.00%),
Oman_lag1,71.42,1 (33.33%),2 (66.67%),
Oman_lag1,71.52,1 (50.00%),1 (50.00%),
Oman_lag1,71.67,1 (50.00%),1 (50.00%),
Oman_lag1,71.73,2 (66.67%),1 (33.33%),
Oman_lag1,71.82,1 (50.00%),1 (50.00%),
Oman_lag1,71.86,1 (50.00%),1 (50.00%),
Oman_lag1,71.87,2 (66.67%),1 (33.33%),
Oman_lag1,71.9,1 (50.00%),1 (50.00%),
Oman_lag1,72.02,1 (50.00%),1 (50.00%),
Oman_lag1,72.23,1 (50.00%),1 (50.00%),
Oman_lag1,72.58,3 (75.00%),1 (25.00%),
Oman_lag1,72.73,1 (50.00%),1 (50.00%),
Oman_lag1,72.84,1 (25.00%),3 (75.00%),
Oman_lag1,73.08,1 (50.00%),1 (50.00%),
Oman_lag1,73.33,2 (66.67%),1 (33.33%),
Oman_lag1,73.34,1 (50.00%),1 (50.00%),
Oman_lag1,73.36,1 (50.00%),1 (50.00%),
Oman_lag1,73.43,1 (25.00%),3 (75.00%),
Oman_lag1,73.5,2 (66.67%),1 (33.33%),
Oman_lag1,73.63,1 (33.33%),2 (66.67%),
Oman_lag1,73.66,1 (50.00%),1 (50.00%),
Oman_lag1,73.75,1 (25.00%),3 (75.00%),
Oman_lag1,73.82,2 (66.67%),1 (33.33%),
Oman_lag1,74.14,1 (50.00%),1 (50.00%),
Oman_lag1,74.16,1 (50.00%),1 (50.00%),
Oman_lag1,74.18,1 (33.33%),2 (66.67%),
Oman_lag1,74.3,1 (33.33%),2 (66.67%),
Oman_lag1,74.38,3 (75.00%),1 (25.00%),
Oman_lag1,74.39,1 (50.00%),1 (50.00%),
Oman_lag1,74.57,1 (50.00%),1 (50.00%),
Oman_lag1,74.75,1 (50.00%),1 (50.00%),
Oman_lag1,75.08,1 (50.00%),1 (50.00%),
Oman_lag1,75.18,1 (50.00%),1 (50.00%),
Oman_lag1,75.23,1 (33.33%),2 (66.67%),
Oman_lag1,75.38,1 (50.00%),1 (50.00%),
Oman_lag1,75.48,1 (50.00%),1 (50.00%),
Oman_lag1,75.7,1 (50.00%),1 (50.00%),
Oman_lag1,75.88,1 (50.00%),1 (50.00%),
Oman_lag1,76.01,1 (50.00%),1 (50.00%),
Oman_lag1,76.03,1 (50.00%),1 (50.00%),
Oman_lag1,76.3,1 (50.00%),1 (50.00%),
Oman_lag1,76.44,1 (50.00%),1 (50.00%),
Oman_lag1,76.56,1 (50.00%),1 (50.00%),
Oman_lag1,76.63,1 (33.33%),2 (66.67%),
Oman_lag1,76.72,1 (50.00%),1 (50.00%),
Oman_lag1,77.12,1 (50.00%),1 (50.00%),
Oman_lag1,77.45,2 (66.67%),1 (33.33%),
Oman_lag1,77.6,1 (50.00%),1 (50.00%),
Oman_lag1,77.78,1 (50.00%),1 (50.00%),
Oman_lag1,77.8,1 (50.00%),1 (50.00%),
Oman_lag1,77.87,1 (50.00%),1 (50.00%),
Oman_lag1,77.93,1 (50.00%),1 (50.00%),
Oman_lag1,77.98,2 (66.67%),1 (33.33%),
Oman_lag1,78.03,2 (66.67%),1 (33.33%),
Oman_lag1,78.27,1 (50.00%),1 (50.00%),
Oman_lag1,78.67,1 (50.00%),1 (50.00%),
Oman_lag1,79.3,1 (50.00%),1 (50.00%),
Oman_lag1,79.67,2 (66.67%),1 (33.33%),
Oman_lag1,80.41,1 (50.00%),1 (50.00%),
Oman_lag1,80.66,1 (50.00%),1 (50.00%),
Oman_lag1,81.0,1 (50.00%),1 (50.00%),
Oman_lag1,81.79,1 (50.00%),1 (50.00%),
Oman_lag1,81.83,2 (66.67%),1 (33.33%),
Oman_lag1,82.02,2 (66.67%),1 (33.33%),
Oman_lag1,82.09,1 (50.00%),1 (50.00%),
Oman_lag1,82.14,1 (25.00%),3 (75.00%),
Oman_lag1,82.23,1 (33.33%),2 (66.67%),
Oman_lag1,82.66,1 (50.00%),1 (50.00%),
Oman_lag1,82.98,1 (50.00%),1 (50.00%),
Oman_lag1,82.99,1 (50.00%),1 (50.00%),
Oman_lag1,83.47,1 (50.00%),1 (50.00%),
Oman_lag1,83.74,1 (50.00%),1 (50.00%),
Oman_lag1,83.93,2 (50.00%),2 (50.00%),
Oman_lag1,84.08,1 (50.00%),1 (50.00%),
Oman_lag1,84.12,1 (33.33%),2 (66.67%),
Oman_lag1,84.24,1 (50.00%),1 (50.00%),
Oman_lag1,84.27,1 (50.00%),1 (50.00%),
Oman_lag1,84.28,1 (50.00%),1 (50.00%),
Oman_lag1,84.32,1 (50.00%),1 (50.00%),
Oman_lag1,84.54,1 (50.00%),1 (50.00%),
Oman_lag1,84.63,1 (50.00%),1 (50.00%),
Oman_lag1,85.65,2 (66.67%),1 (33.33%),
Oman_lag1,85.78,1 (50.00%),1 (50.00%),
Oman_lag1,87.09,1 (50.00%),1 (50.00%),
Oman_lag1,87.18,1 (50.00%),1 (50.00%),
Oman_lag1,88.2,1 (50.00%),1 (50.00%),
Oman_lag1,90.45,1 (50.00%),1 (50.00%),
Oman_lag1,90.72,1 (50.00%),1 (50.00%),
Oman_lag1,94.67,1 (50.00%),1 (50.00%),
Oman_lag1,105.88,1 (50.00%),1 (50.00%),
Oman_lag1,106.69,1 (50.00%),1 (50.00%),
Oman_lag1,114.6,1 (50.00%),1 (50.00%),
FV_KAU17,False,1120 (59.42%),765 (40.58%),"$\chi^2$=17.96, $p$=0.00"
FV_KAU17,True,116 (77.33%),34 (22.67%),
Oman,32.6,1 (50.00%),1 (50.00%),"$\chi^2$=17.85, $p$=1.00"
Oman,38.92,1 (50.00%),1 (50.00%),
Oman,44.42,1 (50.00%),1 (50.00%),
Oman,53.97,1 (50.00%),1 (50.00%),
Oman,57.52,1 (50.00%),1 (50.00%),
Oman,58.45,1 (50.00%),1 (50.00%),
Oman,59.03,1 (50.00%),1 (50.00%),
Oman,60.48,1 (50.00%),1 (50.00%),
Oman,61.19,1 (50.00%),1 (50.00%),
Oman,61.29,1 (33.33%),2 (66.67%),
Oman,61.57,2 (66.67%),1 (33.33%),
Oman,61.81,1 (50.00%),1 (50.00%),
Oman,61.83,2 (66.67%),1 (33.33%),
Oman,61.93,1 (50.00%),1 (50.00%),
Oman,61.96,2 (66.67%),1 (33.33%),
Oman,62.0,1 (50.00%),1 (50.00%),
Oman,62.16,2 (66.67%),1 (33.33%),
Oman,62.22,2 (50.00%),2 (50.00%),
Oman,62.26,1 (33.33%),2 (66.67%),
Oman,62.29,1 (50.00%),1 (50.00%),
Oman,62.34,1 (50.00%),1 (50.00%),
Oman,62.38,1 (50.00%),1 (50.00%),
Oman,62.53,1 (33.33%),2 (66.67%),
Oman,62.56,1 (50.00%),1 (50.00%),
Oman,62.8,1 (50.00%),1 (50.00%),
Oman,63.04,1 (50.00%),1 (50.00%),
Oman,63.17,1 (50.00%),1 (50.00%),
Oman,63.23,1 (50.00%),1 (50.00%),
Oman,63.36,1 (50.00%),1 (50.00%),
Oman,63.62,1 (33.33%),2 (66.67%),
Oman,63.68,1 (50.00%),1 (50.00%),
Oman,63.71,1 (50.00%),1 (50.00%),
Oman,63.94,1 (50.00%),1 (50.00%),
Oman,64.42,1 (50.00%),1 (50.00%),
Oman,64.62,1 (50.00%),1 (50.00%),
Oman,64.68,1 (50.00%),1 (50.00%),
Oman,64.72,1 (50.00%),1 (50.00%),
Oman,64.8,1 (50.00%),1 (50.00%),
Oman,64.98,1 (50.00%),1 (50.00%),
Oman,65.21,1 (50.00%),1 (50.00%),
Oman,65.31,1 (50.00%),1 (50.00%),
Oman,65.33,1 (50.00%),1 (50.00%),
Oman,65.41,3 (75.00%),1 (25.00%),
Oman,65.84,2 (66.67%),1 (33.33%),
Oman,65.87,2 (66.67%),1 (33.33%),
Oman,66.57,1 (50.00%),1 (50.00%),
Oman,66.6,2 (66.67%),1 (33.33%),
Oman,66.63,1 (50.00%),1 (50.00%),
Oman,66.85,3 (75.00%),1 (25.00%),
Oman,67.19,2 (66.67%),1 (33.33%),
Oman,67.23,3 (75.00%),1 (25.00%),
Oman,67.59,1 (50.00%),1 (50.00%),
Oman,67.67,1 (33.33%),2 (66.67%),
Oman,68.23,1 (50.00%),1 (50.00%),
Oman,68.51,1 (50.00%),1 (50.00%),
Oman,68.68,1 (50.00%),1 (50.00%),
Oman,68.82,1 (50.00%),1 (50.00%),
Oman,68.93,1 (50.00%),1 (50.00%),
Oman,69.19,1 (50.00%),1 (50.00%),
Oman,69.24,1 (50.00%),1 (50.00%),
Oman,69.77,2 (66.67%),1 (33.33%),
Oman,69.88,1 (50.00%),1 (50.00%),
Oman,70.04,1 (50.00%),1 (50.00%),
Oman,70.42,1 (50.00%),1 (50.00%),
Oman,70.5,2 (66.67%),1 (33.33%),
Oman,70.53,1 (50.00%),1 (50.00%),
Oman,70.59,1 (50.00%),1 (50.00%),
Oman,70.66,1 (50.00%),1 (50.00%),
Oman,70.72,1 (50.00%),1 (50.00%),
Oman,70.76,2 (50.00%),2 (50.00%),
Oman,70.78,1 (50.00%),1 (50.00%),
Oman,70.83,2 (66.67%),1 (33.33%),
Oman,70.84,1 (50.00%),1 (50.00%),
Oman,70.93,1 (50.00%),1 (50.00%),
Oman,71.22,1 (50.00%),1 (50.00%),
Oman,71.28,2 (66.67%),1 (33.33%),
Oman,71.39,1 (50.00%),1 (50.00%),
Oman,71.42,2 (66.67%),1 (33.33%),
Oman,71.67,1 (50.00%),1 (50.00%),
Oman,71.73,1 (33.33%),2 (66.67%),
Oman,71.87,2 (66.67%),1 (33.33%),
Oman,71.9,1 (50.00%),1 (50.00%),
Oman,72.05,1 (50.00%),1 (50.00%),
Oman,72.25,1 (50.00%),1 (50.00%),
Oman,72.32,1 (50.00%),1 (50.00%),
Oman,72.77,1 (50.00%),1 (50.00%),
Oman,72.84,2 (50.00%),2 (50.00%),
Oman,72.95,1 (50.00%),1 (50.00%),
Oman,73.08,1 (50.00%),1 (50.00%),
Oman,73.29,1 (50.00%),1 (50.00%),
Oman,73.33,2 (66.67%),1 (33.33%),
Oman,73.34,1 (50.00%),1 (50.00%),
Oman,73.43,3 (75.00%),1 (25.00%),
Oman,73.5,2 (66.67%),1 (33.33%),
Oman,73.54,1 (50.00%),1 (50.00%),
Oman,73.55,1 (50.00%),1 (50.00%),
Oman,73.63,1 (33.33%),2 (66.67%),
Oman,73.66,1 (50.00%),1 (50.00%),
Oman,73.82,2 (66.67%),1 (33.33%),
Oman,73.83,1 (50.00%),1 (50.00%),
Oman,74.14,1 (50.00%),1 (50.00%),
Oman,74.16,1 (50.00%),1 (50.00%),
Oman,74.18,2 (66.67%),1 (33.33%),
Oman,74.24,1 (50.00%),1 (50.00%),
Oman,74.38,3 (75.00%),1 (25.00%),
Oman,74.57,1 (50.00%),1 (50.00%),
Oman,74.69,1 (50.00%),1 (50.00%),
Oman,74.71,1 (50.00%),1 (50.00%),
Oman,74.86,2 (66.67%),1 (33.33%),
Oman,75.18,1 (50.00%),1 (50.00%),
Oman,75.23,2 (66.67%),1 (33.33%),
Oman,75.5,1 (50.00%),1 (50.00%),
Oman,75.88,1 (50.00%),1 (50.00%),
Oman,76.03,1 (50.00%),1 (50.00%),
Oman,76.2,1 (33.33%),2 (66.67%),
Oman,76.26,1 (50.00%),1 (50.00%),
Oman,76.3,1 (50.00%),1 (50.00%),
Oman,76.48,1 (50.00%),1 (50.00%),
Oman,76.56,1 (50.00%),1 (50.00%),
Oman,76.63,2 (66.67%),1 (33.33%),
Oman,77.12,1 (50.00%),1 (50.00%),
Oman,77.6,1 (50.00%),1 (50.00%),
Oman,77.76,1 (50.00%),1 (50.00%),
Oman,77.78,1 (50.00%),1 (50.00%),
Oman,77.8,1 (50.00%),1 (50.00%),
Oman,77.87,1 (50.00%),1 (50.00%),
Oman,78.03,1 (33.33%),2 (66.67%),
Oman,78.27,1 (50.00%),1 (50.00%),
Oman,78.66,1 (50.00%),1 (50.00%),
Oman,78.67,1 (50.00%),1 (50.00%),
Oman,79.06,1 (33.33%),2 (66.67%),
Oman,79.3,1 (50.00%),1 (50.00%),
Oman,79.67,2 (66.67%),1 (33.33%),
Oman,79.91,1 (50.00%),1 (50.00%),
Oman,80.41,1 (50.00%),1 (50.00%),
Oman,81.29,1 (50.00%),1 (50.00%),
Oman,81.83,1 (33.33%),2 (66.67%),
Oman,82.14,1 (25.00%),3 (75.00%),
Oman,82.34,1 (33.33%),2 (66.67%),
Oman,82.46,1 (50.00%),1 (50.00%),
Oman,82.48,1 (33.33%),2 (66.67%),
Oman,82.99,1 (50.00%),1 (50.00%),
Oman,83.31,1 (50.00%),1 (50.00%),
Oman,83.35,1 (50.00%),1 (50.00%),
Oman,83.47,1 (50.00%),1 (50.00%),
Oman,83.74,1 (50.00%),1 (50.00%),
Oman,83.93,2 (50.00%),2 (50.00%),
Oman,84.08,1 (50.00%),1 (50.00%),
Oman,84.12,1 (33.33%),2 (66.67%),
Oman,84.61,1 (50.00%),1 (50.00%),
Oman,84.67,1 (50.00%),1 (50.00%),
Oman,86.31,1 (50.00%),1 (50.00%),
Oman,86.43,1 (50.00%),1 (50.00%),
Oman,87.18,1 (50.00%),1 (50.00%),
Oman,87.93,1 (50.00%),1 (50.00%),
Oman,90.45,1 (50.00%),1 (50.00%),
Oman,90.49,2 (66.67%),1 (33.33%),
Oman,90.72,1 (50.00%),1 (50.00%),
Oman,105.39,2 (66.67%),1 (33.33%),
Dubai,32.62,1 (50.00%),1 (50.00%),"$\chi^2$=16.78, $p$=1.00"
Dubai,41.46,1 (50.00%),1 (50.00%),
Dubai,43.63,2 (66.67%),1 (33.33%),
Dubai,43.78,1 (33.33%),2 (66.67%),
Dubai,43.87,1 (50.00%),1 (50.00%),
Dubai,53.51,2 (66.67%),1 (33.33%),
Dubai,58.07,1 (50.00%),1 (50.00%),
Dubai,59.23,2 (66.67%),1 (33.33%),
Dubai,60.03,4 (80.00%),1 (20.00%),
Dubai,60.29,1 (50.00%),1 (50.00%),
Dubai,60.83,1 (50.00%),1 (50.00%),
Dubai,60.89,1 (50.00%),1 (50.00%),
Dubai,60.98,1 (50.00%),1 (50.00%),
Dubai,61.1,1 (50.00%),1 (50.00%),
Dubai,61.16,1 (50.00%),1 (50.00%),
Dubai,61.22,1 (50.00%),1 (50.00%),
Dubai,61.28,1 (50.00%),1 (50.00%),
Dubai,61.32,1 (50.00%),1 (50.00%),
Dubai,61.34,3 (75.00%),1 (25.00%),
Dubai,61.74,1 (33.33%),2 (66.67%),
Dubai,61.82,1 (33.33%),2 (66.67%),
Dubai,62.14,1 (50.00%),1 (50.00%),
Dubai,62.77,1 (50.00%),1 (50.00%),
Dubai,62.84,1 (50.00%),1 (50.00%),
Dubai,62.89,1 (50.00%),1 (50.00%),
Dubai,63.22,1 (50.00%),1 (50.00%),
Dubai,63.23,1 (50.00%),1 (50.00%),
Dubai,63.54,1 (50.00%),1 (50.00%),
Dubai,63.74,1 (33.33%),2 (66.67%),
Dubai,63.75,2 (66.67%),1 (33.33%),
Dubai,63.78,1 (50.00%),1 (50.00%),
Dubai,63.83,1 (33.33%),2 (66.67%),
Dubai,64.15,2 (66.67%),1 (33.33%),
Dubai,64.26,1 (50.00%),1 (50.00%),
Dubai,64.38,1 (50.00%),1 (50.00%),
Dubai,64.61,1 (50.00%),1 (50.00%),
Dubai,64.92,1 (50.00%),1 (50.00%),
Dubai,65.12,1 (50.00%),1 (50.00%),
Dubai,65.27,1 (50.00%),1 (50.00%),
Dubai,65.3,1 (33.33%),2 (66.67%),
Dubai,65.33,3 (75.00%),1 (25.00%),
Dubai,65.35,1 (50.00%),1 (50.00%),
Dubai,65.54,1 (50.00%),1 (50.00%),
Dubai,65.77,1 (50.00%),1 (50.00%),
Dubai,65.83,1 (33.33%),2 (66.67%),
Dubai,66.09,1 (50.00%),1 (50.00%),
Dubai,66.38,1 (50.00%),1 (50.00%),
Dubai,66.48,1 (50.00%),1 (50.00%),
Dubai,66.49,1 (50.00%),1 (50.00%),
Dubai,66.56,2 (50.00%),2 (50.00%),
Dubai,66.57,1 (50.00%),1 (50.00%),
Dubai,66.81,1 (50.00%),1 (50.00%),
Dubai,67.17,2 (66.67%),1 (33.33%),
Dubai,67.23,1 (50.00%),1 (50.00%),
Dubai,67.37,2 (66.67%),1 (33.33%),
Dubai,67.67,1 (50.00%),1 (50.00%),
Dubai,68.23,3 (75.00%),1 (25.00%),
Dubai,68.52,1 (50.00%),1 (50.00%),
Dubai,68.75,1 (50.00%),1 (50.00%),
Dubai,68.81,1 (33.33%),2 (66.67%),
Dubai,68.82,1 (50.00%),1 (50.00%),
Dubai,69.24,1 (33.33%),2 (66.67%),
Dubai,69.71,1 (50.00%),1 (50.00%),
Dubai,70.1,2 (66.67%),1 (33.33%),
Dubai,70.11,2 (66.67%),1 (33.33%),
Dubai,70.29,2 (66.67%),1 (33.33%),
Dubai,70.36,2 (50.00%),2 (50.00%),
Dubai,70.41,2 (66.67%),1 (33.33%),
Dubai,70.45,1 (50.00%),1 (50.00%),
Dubai,70.47,1 (50.00%),1 (50.00%),
Dubai,70.53,3 (60.00%),2 (40.00%),
Dubai,70.63,1 (50.00%),1 (50.00%),
Dubai,70.72,2 (66.67%),1 (33.33%),
Dubai,70.75,1 (50.00%),1 (50.00%),
Dubai,70.76,1 (50.00%),1 (50.00%),
Dubai,70.97,1 (50.00%),1 (50.00%),
Dubai,71.13,1 (50.00%),1 (50.00%),
Dubai,71.14,1 (50.00%),1 (50.00%),
Dubai,71.18,1 (50.00%),1 (50.00%),
Dubai,71.24,1 (50.00%),1 (50.00%),
Dubai,71.25,1 (50.00%),1 (50.00%),
Dubai,71.43,1 (50.00%),1 (50.00%),
Dubai,71.66,1 (50.00%),1 (50.00%),
Dubai,71.68,1 (50.00%),1 (50.00%),
Dubai,71.88,2 (40.00%),3 (60.00%),
Dubai,72.01,1 (50.00%),1 (50.00%),
Dubai,72.49,1 (50.00%),1 (50.00%),
Dubai,72.73,1 (50.00%),1 (50.00%),
Dubai,72.82,1 (50.00%),1 (50.00%),
Dubai,73.24,1 (50.00%),1 (50.00%),
Dubai,73.28,2 (66.67%),1 (33.33%),
Dubai,73.36,1 (50.00%),1 (50.00%),
Dubai,73.43,2 (66.67%),1 (33.33%),
Dubai,73.54,2 (50.00%),2 (50.00%),
Dubai,73.56,1 (50.00%),1 (50.00%),
Dubai,74.11,1 (50.00%),1 (50.00%),
Dubai,74.24,1 (50.00%),1 (50.00%),
Dubai,74.36,1 (33.33%),2 (66.67%),
Dubai,74.46,1 (50.00%),1 (50.00%),
Dubai,74.73,1 (50.00%),1 (50.00%),
Dubai,74.77,1 (33.33%),2 (66.67%),
Dubai,75.17,1 (50.00%),1 (50.00%),
Dubai,75.19,1 (50.00%),1 (50.00%),
Dubai,75.2,1 (50.00%),1 (50.00%),
Dubai,75.44,1 (50.00%),1 (50.00%),
Dubai,75.83,1 (50.00%),1 (50.00%),
Dubai,75.85,2 (66.67%),1 (33.33%),
Dubai,75.88,1 (33.33%),2 (66.67%),
Dubai,76.01,1 (50.00%),1 (50.00%),
Dubai,76.16,2 (66.67%),1 (33.33%),
Dubai,76.22,1 (50.00%),1 (50.00%),
Dubai,76.3,1 (50.00%),1 (50.00%),
Dubai,76.43,1 (33.33%),2 (66.67%),
Dubai,76.67,1 (50.00%),1 (50.00%),
Dubai,76.84,2 (66.67%),1 (33.33%),
Dubai,77.12,1 (50.00%),1 (50.00%),
Dubai,77.53,1 (50.00%),1 (50.00%),
Dubai,77.78,2 (50.00%),2 (50.00%),
Dubai,77.88,1 (50.00%),1 (50.00%),
Dubai,77.99,1 (50.00%),1 (50.00%),
Dubai,78.11,1 (50.00%),1 (50.00%),
Dubai,78.15,1 (50.00%),1 (50.00%),
Dubai,78.42,1 (50.00%),1 (50.00%),
Dubai,78.83,1 (33.33%),2 (66.67%),
Dubai,78.88,1 (50.00%),1 (50.00%),
Dubai,79.06,1 (50.00%),1 (50.00%),
Dubai,79.2,1 (50.00%),1 (50.00%),
Dubai,79.3,1 (50.00%),1 (50.00%),
Dubai,80.0,1 (50.00%),1 (50.00%),
Dubai,80.23,1 (50.00%),1 (50.00%),
Dubai,80.55,1 (50.00%),1 (50.00%),
Dubai,80.66,1 (50.00%),1 (50.00%),
Dubai,80.89,1 (50.00%),1 (50.00%),
Dubai,81.67,1 (50.00%),1 (50.00%),
Dubai,81.79,1 (50.00%),1 (50.00%),
Dubai,81.93,1 (50.00%),1 (50.00%),
Dubai,82.34,1 (33.33%),2 (66.67%),
Dubai,82.57,1 (50.00%),1 (50.00%),
Dubai,83.23,2 (50.00%),2 (50.00%),
Dubai,83.31,2 (50.00%),2 (50.00%),
Dubai,83.35,2 (66.67%),1 (33.33%),
Dubai,83.58,1 (50.00%),1 (50.00%),
Dubai,83.97,1 (50.00%),1 (50.00%),
Dubai,84.09,1 (50.00%),1 (50.00%),
Dubai,84.12,1 (50.00%),1 (50.00%),
Dubai,84.49,1 (50.00%),1 (50.00%),
Dubai,84.61,1 (50.00%),1 (50.00%),
Dubai,84.86,1 (50.00%),1 (50.00%),
Dubai,86.31,1 (50.00%),1 (50.00%),
Dubai,87.53,1 (50.00%),1 (50.00%),
Dubai,89.03,1 (50.00%),1 (50.00%),
Dubai,90.74,1 (33.33%),2 (66.67%),
Dubai,91.04,1 (50.00%),1 (50.00%),
Dubai,91.19,1 (50.00%),1 (50.00%),
Dubai,92.34,2 (66.67%),1 (33.33%),
Dubai,94.36,1 (50.00%),1 (50.00%),
Dubai,98.14,1 (50.00%),1 (50.00%),
Dubai,105.04,1 (50.00%),1 (50.00%),
Dubai,105.37,2 (66.67%),1 (33.33%),
Dubai,115.6,1 (50.00%),1 (50.00%),
phase_phase4,False,1208 (61.54%),755 (38.46%),"$\chi^2$=14.01, $p$=0.00"
phase_phase4,True,28 (38.89%),44 (61.11%),
Brent,41.73,1 (50.00%),1 (50.00%),"$\chi^2$=13.59, $p$=1.00"
Brent,43.14,1 (50.00%),1 (50.00%),
Brent,43.16,1 (50.00%),1 (50.00%),
Brent,43.3,1 (50.00%),1 (50.00%),
Brent,43.34,1 (50.00%),1 (50.00%),
Brent,43.75,1 (50.00%),1 (50.00%),
Brent,45.09,1 (50.00%),1 (50.00%),
Brent,55.88,1 (50.00%),1 (50.00%),
Brent,59.34,1 (50.00%),1 (50.00%),
Brent,59.51,1 (33.33%),2 (66.67%),
Brent,60.56,1 (50.00%),1 (50.00%),
Brent,61.28,1 (50.00%),1 (50.00%),
Brent,61.29,1 (50.00%),1 (50.00%),
Brent,61.32,2 (66.67%),1 (33.33%),
Brent,61.67,1 (50.00%),1 (50.00%),
Brent,61.69,1 (50.00%),1 (50.00%),
Brent,62.29,1 (33.33%),2 (66.67%),
Brent,62.39,1 (50.00%),1 (50.00%),
Brent,62.59,2 (66.67%),1 (33.33%),
Brent,62.74,2 (66.67%),1 (33.33%),
Brent,63.2,1 (50.00%),1 (50.00%),
Brent,63.28,1 (50.00%),1 (50.00%),
Brent,63.3,2 (66.67%),1 (33.33%),
Brent,63.34,1 (50.00%),1 (50.00%),
Brent,64.06,2 (66.67%),1 (33.33%),
Brent,64.2,1 (33.33%),2 (66.67%),
Brent,64.34,2 (66.67%),1 (33.33%),
Brent,64.39,1 (50.00%),1 (50.00%),
Brent,64.76,1 (50.00%),1 (50.00%),
Brent,64.92,1 (50.00%),1 (50.00%),
Brent,64.98,1 (50.00%),1 (50.00%),
Brent,65.2,1 (50.00%),1 (50.00%),
Brent,65.24,1 (50.00%),1 (50.00%),
Brent,65.34,1 (50.00%),1 (50.00%),
Brent,65.47,1 (50.00%),1 (50.00%),
Brent,65.54,1 (50.00%),1 (50.00%),
Brent,65.79,1 (50.00%),1 (50.00%),
Brent,65.86,1 (50.00%),1 (50.00%),
Brent,66.39,1 (25.00%),3 (75.00%),
Brent,66.45,1 (50.00%),1 (50.00%),
Brent,66.52,1 (50.00%),1 (50.00%),
Brent,66.55,2 (66.67%),1 (33.33%),
Brent,66.57,2 (66.67%),1 (33.33%),
Brent,66.63,1 (33.33%),2 (66.67%),
Brent,66.87,2 (66.67%),1 (33.33%),
Brent,67.44,1 (33.33%),2 (66.67%),
Brent,67.52,1 (50.00%),1 (50.00%),
Brent,67.61,1 (50.00%),1 (50.00%),
Brent,67.62,1 (50.00%),1 (50.00%),
Brent,67.64,1 (50.00%),1 (50.00%),
Brent,67.73,1 (50.00%),1 (50.00%),
Brent,68.05,1 (50.00%),1 (50.00%),
Brent,68.44,1 (50.00%),1 (50.00%),
Brent,68.62,1 (50.00%),1 (50.00%),
Brent,68.8,1 (33.33%),2 (66.67%),
Brent,68.88,1 (50.00%),1 (50.00%),
Brent,69.04,1 (50.00%),1 (50.00%),
Brent,69.21,1 (50.00%),1 (50.00%),
Brent,69.28,1 (50.00%),1 (50.00%),
Brent,69.31,2 (66.67%),1 (33.33%),
Brent,69.32,1 (50.00%),1 (50.00%),
Brent,69.46,4 (80.00%),1 (20.00%),
Brent,70.11,2 (66.67%),1 (33.33%),
Brent,70.12,1 (50.00%),1 (50.00%),
Brent,71.04,2 (66.67%),1 (33.33%),
Brent,71.12,1 (50.00%),1 (50.00%),
Brent,71.42,1 (50.00%),1 (50.00%),
Brent,71.89,1 (50.00%),1 (50.00%),
Brent,71.97,1 (25.00%),3 (75.00%),
Brent,72.22,1 (33.33%),2 (66.67%),
Brent,72.53,1 (50.00%),1 (50.00%),
Brent,72.69,1 (50.00%),1 (50.00%),
Brent,72.83,1 (50.00%),1 (50.00%),
Brent,72.89,1 (50.00%),1 (50.00%),
Brent,73.02,1 (50.00%),1 (50.00%),
Brent,73.24,1 (50.00%),1 (50.00%),
Brent,73.41,1 (50.00%),1 (50.00%),
Brent,73.44,2 (66.67%),1 (33.33%),
Brent,73.52,1 (50.00%),1 (50.00%),
Brent,73.75,1 (50.00%),1 (50.00%),
Brent,73.79,1 (33.33%),2 (66.67%),
Brent,74.03,1 (50.00%),1 (50.00%),
Brent,74.23,1 (50.00%),1 (50.00%),
Brent,74.25,1 (50.00%),1 (50.00%),
Brent,74.29,2 (50.00%),2 (50.00%),
Brent,74.39,2 (66.67%),1 (33.33%),
Brent,74.45,1 (50.00%),1 (50.00%),
Brent,74.73,1 (50.00%),1 (50.00%),
Brent,74.74,3 (60.00%),2 (40.00%),
Brent,74.76,1 (50.00%),1 (50.00%),
Brent,75.17,2 (66.67%),1 (33.33%),
Brent,75.32,1 (50.00%),1 (50.00%),
Brent,75.34,1 (50.00%),1 (50.00%),
Brent,75.55,1 (50.00%),1 (50.00%),
Brent,75.82,1 (50.00%),1 (50.00%),
Brent,75.84,2 (66.67%),1 (33.33%),
Brent,75.91,1 (50.00%),1 (50.00%),
Brent,76.05,1 (33.33%),2 (66.67%),
Brent,76.17,1 (50.00%),1 (50.00%),
Brent,76.3,1 (50.00%),1 (50.00%),
Brent,76.61,1 (50.00%),1 (50.00%),
Brent,76.95,1 (50.00%),1 (50.00%),
Brent,77.01,1 (50.00%),1 (50.00%),
Brent,77.59,1 (33.33%),2 (66.67%),
Brent,77.62,1 (50.00%),1 (50.00%),
Brent,77.99,1 (50.00%),1 (50.00%),
Brent,78.05,1 (50.00%),1 (50.00%),
Brent,78.09,1 (50.00%),1 (50.00%),
Brent,78.29,1 (33.33%),2 (66.67%),
Brent,78.5,1 (50.00%),1 (50.00%),
Brent,78.65,1 (50.00%),1 (50.00%),
Brent,79.04,1 (50.00%),1 (50.00%),
Brent,79.23,1 (50.00%),1 (50.00%),
Brent,79.29,1 (50.00%),1 (50.00%),
Brent,79.4,2 (66.67%),1 (33.33%),
Brent,79.55,1 (50.00%),1 (50.00%),
Brent,79.65,1 (50.00%),1 (50.00%),
Brent,79.7,1 (50.00%),1 (50.00%),
Brent,79.78,1 (50.00%),1 (50.00%),
Brent,79.8,1 (50.00%),1 (50.00%),
Brent,81.07,1 (50.00%),1 (50.00%),
Brent,81.36,1 (50.00%),1 (50.00%),
Brent,81.4,1 (50.00%),1 (50.00%),
Brent,81.43,1 (50.00%),1 (50.00%),
Brent,81.63,1 (50.00%),1 (50.00%),
Brent,81.92,1 (50.00%),1 (50.00%),
Brent,82.17,1 (50.00%),1 (50.00%),
Brent,82.26,1 (50.00%),1 (50.00%),
Brent,82.74,1 (50.00%),1 (50.00%),
Brent,82.87,1 (50.00%),1 (50.00%),
Brent,83.03,1 (50.00%),1 (50.00%),
Brent,83.16,1 (50.00%),1 (50.00%),
Brent,83.36,1 (50.00%),1 (50.00%),
Brent,83.67,1 (50.00%),1 (50.00%),
Brent,83.92,1 (50.00%),1 (50.00%),
Brent,84.03,1 (33.33%),2 (66.67%),
Brent,84.07,1 (50.00%),1 (50.00%),
Brent,86.24,1 (50.00%),1 (50.00%),
Brent,86.27,1 (50.00%),1 (50.00%),
Brent,87.45,1 (50.00%),1 (50.00%),
Brent,87.48,1 (50.00%),1 (50.00%),
Brent,90.03,1 (50.00%),1 (50.00%),
Brent,90.38,1 (50.00%),1 (50.00%),
Brent,92.38,1 (50.00%),1 (50.00%),
Brent,92.69,1 (50.00%),1 (50.00%),
Brent,113.12,1 (50.00%),1 (50.00%),
WTI,33.25,1 (50.00%),1 (50.00%),"$\chi^2$=12.17, $p$=1.00"
WTI,40.29,1 (50.00%),1 (50.00%),
WTI,41.04,1 (50.00%),1 (50.00%),
WTI,45.71,1 (50.00%),1 (50.00%),
WTI,46.78,1 (50.00%),1 (50.00%),
WTI,47.09,1 (50.00%),1 (50.00%),
WTI,47.62,2 (66.67%),1 (33.33%),
WTI,51.56,1 (50.00%),1 (50.00%),
WTI,52.05,2 (66.67%),1 (33.33%),
WTI,52.36,1 (33.33%),2 (66.67%),
WTI,52.64,1 (50.00%),1 (50.00%),
WTI,53.13,1 (50.00%),1 (50.00%),
WTI,53.25,1 (50.00%),1 (50.00%),
WTI,53.31,1 (50.00%),1 (50.00%),
WTI,53.55,1 (50.00%),1 (50.00%),
WTI,53.9,1 (50.00%),1 (50.00%),
WTI,55.1,1 (50.00%),1 (50.00%),
WTI,55.59,2 (66.67%),1 (33.33%),
WTI,55.69,1 (50.00%),1 (50.00%),
WTI,56.25,1 (50.00%),1 (50.00%),
WTI,56.46,1 (50.00%),1 (50.00%),
WTI,56.66,2 (66.67%),1 (33.33%),
WTI,56.74,1 (50.00%),1 (50.00%),
WTI,57.34,1 (50.00%),1 (50.00%),
WTI,57.83,1 (50.00%),1 (50.00%),
WTI,57.95,1 (50.00%),1 (50.00%),
WTI,58.01,1 (50.00%),1 (50.00%),
WTI,58.08,1 (50.00%),1 (50.00%),
WTI,58.11,1 (33.33%),2 (66.67%),
WTI,58.52,1 (50.00%),1 (50.00%),
WTI,58.58,1 (50.00%),1 (50.00%),
WTI,58.64,1 (50.00%),1 (50.00%),
WTI,58.65,2 (66.67%),1 (33.33%),
WTI,58.68,1 (50.00%),1 (50.00%),
WTI,59.04,1 (50.00%),1 (50.00%),
WTI,59.14,1 (50.00%),1 (50.00%),
WTI,59.2,1 (50.00%),1 (50.00%),
WTI,59.44,2 (66.67%),1 (33.33%),
WTI,59.58,1 (50.00%),1 (50.00%),
WTI,59.6,1 (50.00%),1 (50.00%),
WTI,60.07,1 (50.00%),1 (50.00%),
WTI,60.21,1 (50.00%),1 (50.00%),
WTI,60.48,1 (50.00%),1 (50.00%),
WTI,60.52,1 (50.00%),1 (50.00%),
WTI,60.94,1 (50.00%),1 (50.00%),
WTI,61.15,2 (66.67%),1 (33.33%),
WTI,61.18,1 (50.00%),1 (50.00%),
WTI,61.42,1 (50.00%),1 (50.00%),
WTI,61.5,2 (66.67%),1 (33.33%),
WTI,61.68,1 (33.33%),2 (66.67%),
WTI,62.02,1 (50.00%),1 (50.00%),
WTI,62.05,1 (50.00%),1 (50.00%),
WTI,62.14,1 (50.00%),1 (50.00%),
WTI,62.69,1 (50.00%),1 (50.00%),
WTI,63.08,1 (50.00%),1 (50.00%),
WTI,63.15,1 (50.00%),1 (50.00%),
WTI,63.21,1 (33.33%),2 (66.67%),
WTI,63.3,1 (50.00%),1 (50.00%),
WTI,63.57,1 (50.00%),1 (50.00%),
WTI,63.69,1 (50.00%),1 (50.00%),
WTI,63.91,1 (50.00%),1 (50.00%),
WTI,64.01,2 (66.67%),1 (33.33%),
WTI,64.15,1 (50.00%),1 (50.00%),
WTI,64.6,1 (50.00%),1 (50.00%),
WTI,64.8,1 (50.00%),1 (50.00%),
WTI,64.98,1 (50.00%),1 (50.00%),
WTI,65.16,1 (50.00%),1 (50.00%),
WTI,65.21,1 (33.33%),2 (66.67%),
WTI,65.51,1 (50.00%),1 (50.00%),
WTI,65.52,1 (50.00%),1 (50.00%),
WTI,66.18,1 (50.00%),1 (50.00%),
WTI,66.21,1 (50.00%),1 (50.00%),
WTI,66.32,1 (50.00%),1 (50.00%),
WTI,66.43,1 (33.33%),2 (66.67%),
WTI,66.52,1 (50.00%),1 (50.00%),
WTI,67.04,2 (50.00%),2 (50.00%),
WTI,67.2,2 (66.67%),1 (33.33%),
WTI,67.54,2 (66.67%),1 (33.33%),
WTI,67.67,1 (50.00%),1 (50.00%),
WTI,68.04,1 (50.00%),1 (50.00%),
WTI,68.08,1 (50.00%),1 (50.00%),
WTI,68.15,2 (66.67%),1 (33.33%),
WTI,68.28,1 (50.00%),1 (50.00%),
WTI,68.38,1 (50.00%),1 (50.00%),
WTI,68.65,1 (50.00%),1 (50.00%),
WTI,68.72,2 (50.00%),2 (50.00%),
WTI,69.09,1 (50.00%),1 (50.00%),
WTI,69.21,1 (50.00%),1 (50.00%),
WTI,69.3,1 (50.00%),1 (50.00%),
WTI,69.46,1 (33.33%),2 (66.67%),
WTI,69.62,1 (50.00%),1 (50.00%),
WTI,69.79,1 (50.00%),1 (50.00%),
WTI,70.29,1 (50.00%),1 (50.00%),
WTI,70.38,1 (33.33%),2 (66.67%),
WTI,70.58,1 (50.00%),1 (50.00%),
WTI,70.71,1 (50.00%),1 (50.00%),
WTI,70.86,1 (50.00%),1 (50.00%),
WTI,70.87,1 (50.00%),1 (50.00%),
WTI,71.12,1 (50.00%),1 (50.00%),
WTI,71.37,1 (50.00%),1 (50.00%),
WTI,71.77,1 (50.00%),1 (50.00%),
WTI,71.78,3 (75.00%),1 (25.00%),
WTI,71.92,1 (50.00%),1 (50.00%),
WTI,72.24,1 (50.00%),1 (50.00%),
WTI,72.32,1 (50.00%),1 (50.00%),
WTI,72.36,1 (50.00%),1 (50.00%),
WTI,72.53,2 (66.67%),1 (33.33%),
WTI,72.61,1 (50.00%),1 (50.00%),
WTI,72.68,1 (50.00%),1 (50.00%),
WTI,72.76,1 (50.00%),1 (50.00%),
WTI,72.91,1 (50.00%),1 (50.00%),
WTI,72.94,2 (66.67%),1 (33.33%),
WTI,72.98,1 (50.00%),1 (50.00%),
WTI,73.13,1 (50.00%),1 (50.00%),
WTI,73.16,1 (50.00%),1 (50.00%),
WTI,73.2,1 (50.00%),1 (50.00%),
WTI,73.25,1 (50.00%),1 (50.00%),
WTI,73.56,1 (50.00%),1 (50.00%),
WTI,73.95,1 (50.00%),1 (50.00%),
WTI,74.07,1 (50.00%),1 (50.00%),
WTI,74.15,1 (50.00%),1 (50.00%),
WTI,74.25,1 (50.00%),1 (50.00%),
WTI,74.34,1 (50.00%),1 (50.00%),
WTI,74.37,2 (66.67%),1 (33.33%),
WTI,74.56,1 (50.00%),1 (50.00%),
WTI,74.83,2 (66.67%),1 (33.33%),
WTI,75.16,1 (50.00%),1 (50.00%),
WTI,75.19,1 (50.00%),1 (50.00%),
WTI,75.23,2 (66.67%),1 (33.33%),
WTI,75.39,1 (50.00%),1 (50.00%),
WTI,75.57,1 (50.00%),1 (50.00%),
WTI,75.88,1 (50.00%),1 (50.00%),
WTI,75.89,1 (50.00%),1 (50.00%),
WTI,76.34,1 (50.00%),1 (50.00%),
WTI,76.66,1 (50.00%),1 (50.00%),
WTI,76.99,2 (66.67%),1 (33.33%),
WTI,77.87,1 (50.00%),1 (50.00%),
WTI,77.91,1 (33.33%),2 (66.67%),
WTI,77.94,1 (50.00%),1 (50.00%),
WTI,78.01,1 (50.00%),1 (50.00%),
WTI,78.26,3 (75.00%),1 (25.00%),
WTI,78.4,1 (50.00%),1 (50.00%),
WTI,78.5,2 (66.67%),1 (33.33%),
WTI,79.19,1 (50.00%),1 (50.00%),
WTI,79.23,1 (50.00%),1 (50.00%),
WTI,79.26,1 (50.00%),1 (50.00%),
WTI,79.49,1 (50.00%),1 (50.00%),
WTI,79.56,1 (50.00%),1 (50.00%),
WTI,79.72,1 (50.00%),1 (50.00%),
WTI,79.86,1 (50.00%),1 (50.00%),
WTI,80.06,1 (50.00%),1 (50.00%),
WTI,80.33,1 (50.00%),1 (50.00%),
WTI,80.86,1 (50.00%),1 (50.00%),
WTI,81.01,1 (50.00%),1 (50.00%),
WTI,81.22,1 (50.00%),1 (50.00%),
WTI,81.63,1 (50.00%),1 (50.00%),
WTI,82.31,1 (50.00%),1 (50.00%),
WTI,82.81,2 (66.67%),1 (33.33%),
WTI,82.82,3 (75.00%),1 (25.00%),
WTI,82.85,1 (50.00%),1 (50.00%),
WTI,83.17,1 (50.00%),1 (50.00%),
WTI,83.57,1 (50.00%),1 (50.00%),
WTI,83.85,1 (50.00%),1 (50.00%),
WTI,83.88,1 (50.00%),1 (50.00%),
WTI,85.43,1 (50.00%),1 (50.00%),
WTI,86.53,1 (50.00%),1 (50.00%),
WTI,86.87,2 (66.67%),1 (33.33%),
WTI,90.5,1 (50.00%),1 (50.00%),
WTI,91.07,1 (50.00%),1 (50.00%),
WTI,115.07,1 (50.00%),1 (50.00%),
smp_window_days,True,923 (59.13%),638 (40.87%),"$\chi^2$=10.13, $p$=0.07"
weather_window_days,True,923 (59.13%),638 (40.87%),"$\chi^2$=10.13, $p$=0.07"
smp_window_days,2.0,23 (60.53%),15 (39.47%),
weather_window_days,2.0,23 (60.53%),15 (39.47%),
smp_window_days,3.0,255 (66.06%),131 (33.94%),
weather_window_days,3.0,255 (66.06%),131 (33.94%),
smp_window_days,4.0,18 (66.67%),9 (33.33%),
weather_window_days,4.0,18 (66.67%),9 (33.33%),
smp_window_days,5,11 (84.62%),2 (15.38%),
weather_window_days,5,11 (84.62%),2 (15.38%),
smp_window_days,6,5 (71.43%),2 (28.57%),
weather_window_days,6,5 (71.43%),2 (28.57%),
FV_KAU19,False,1114 (61.96%),684 (38.04%),"$\chi^2$=9.21, $p$=0.00"
FV_KAU19,True,122 (51.48%),115 (48.52%),
FV_KAU18,False,1047 (59.59%),710 (40.41%),"$\chi^2$=6.75, $p$=0.01"
FV_KAU18,True,189 (67.99%),89 (32.01%),
FV_KAU20,False,1117 (61.71%),693 (38.29%),"$\chi^2$=6.17, $p$=0.01"
FV_KAU20,True,119 (52.89%),106 (47.11%),
auction_window7,False,926 (62.11%),565 (37.89%),"$\chi^2$=4.17, $p$=0.04"
auction_window7,True,310 (56.99%),234 (43.01%),
auction_window5,False,1017 (61.82%),628 (38.18%),"$\chi^2$=4.02, $p$=0.05"
auction_window5,True,219 (56.15%),171 (43.85%),
FV_KAU22,False,1061 (59.91%),710 (40.09%),"$\chi^2$=3.66, $p$=0.06"
FV_KAU22,True,175 (66.29%),89 (33.71%),
FV_KAU25,False,1154 (61.32%),728 (38.68%),"$\chi^2$=3.22, $p$=0.07"
FV_KAU25,True,82 (53.59%),71 (46.41%),
smp_window_mean_roll20_mean,88.82208333333332,1 (50.00%),1 (50.00%),"$T$=2.30, $p$=0.02"
SMP_MEAN,49.99,1 (50.00%),1 (50.00%),"$\chi^2$=1.97, $p$=1.00"
SMP_MEAN,50.25,2 (66.67%),1 (33.33%),
SMP_MEAN,57.6,1 (50.00%),1 (50.00%),
SMP_MEAN,67.46,1 (50.00%),1 (50.00%),
SMP_MEAN,70.71,1 (50.00%),1 (50.00%),
SMP_MEAN,76.41,1 (50.00%),1 (50.00%),
SMP_MEAN,78.33,1 (50.00%),1 (50.00%),
SMP_MEAN,79.51,1 (50.00%),1 (50.00%),
SMP_MEAN,79.86,1 (50.00%),1 (50.00%),
SMP_MEAN,80.29,1 (50.00%),1 (50.00%),
SMP_MEAN,80.7,1 (50.00%),1 (50.00%),
SMP_MEAN,81.82,1 (50.00%),1 (50.00%),
SMP_MEAN,81.96,1 (50.00%),1 (50.00%),
SMP_MEAN,83.8,1 (50.00%),1 (50.00%),
SMP_MEAN,83.94,1 (33.33%),2 (66.67%),
SMP_MEAN,84.06,1 (50.00%),1 (50.00%),
SMP_MEAN,84.08,1 (50.00%),1 (50.00%),
SMP_MEAN,84.4,1 (50.00%),1 (50.00%),
SMP_MEAN,84.46,1 (50.00%),1 (50.00%),
SMP_MEAN,84.56,2 (66.67%),1 (33.33%),
SMP_MEAN,84.86,1 (50.00%),1 (50.00%),
SMP_MEAN,84.98,1 (50.00%),1 (50.00%),
SMP_MEAN,85.04,1 (50.00%),1 (50.00%),
SMP_MEAN,85.06,1 (33.33%),2 (66.67%),
SMP_MEAN,85.85,1 (50.00%),1 (50.00%),
SMP_MEAN,87.31,1 (50.00%),1 (50.00%),
SMP_MEAN,88.83,1 (50.00%),1 (50.00%),
SMP_MEAN,89.47,1 (50.00%),1 (50.00%),
SMP_MEAN,91.0,1 (50.00%),1 (50.00%),
SMP_MEAN,91.5,1 (50.00%),1 (50.00%),
SMP_MEAN,91.65,1 (50.00%),1 (50.00%),
SMP_MEAN,91.71,1 (50.00%),1 (50.00%),
SMP_MEAN,92.04,1 (50.00%),1 (50.00%),
SMP_MEAN,93.37,1 (50.00%),1 (50.00%),
SMP_MEAN,93.7,1 (50.00%),1 (50.00%),
SMP_MEAN,95.09,1 (50.00%),1 (50.00%),
SMP_MEAN,97.45,1 (50.00%),1 (50.00%),
SMP_MEAN,99.91,1 (50.00%),1 (50.00%),
SMP_MEAN,100.97,1 (50.00%),1 (50.00%),
SMP_MEAN,102.5,1 (50.00%),1 (50.00%),
SMP_MEAN,102.72,1 (50.00%),1 (50.00%),
SMP_MEAN,105.73,1 (50.00%),1 (50.00%),
SMP_MEAN,109.01,1 (50.00%),1 (50.00%),
SMP_MEAN,109.91,1 (50.00%),1 (50.00%),
SMP_MEAN,110.77,1 (50.00%),1 (50.00%),
SMP_MEAN,111.76,1 (50.00%),1 (50.00%),
SMP_MEAN,111.97,1 (50.00%),1 (50.00%),
SMP_MEAN,112.27,1 (50.00%),1 (50.00%),
SMP_MEAN,112.3,1 (50.00%),1 (50.00%),
SMP_MEAN,114.16,1 (50.00%),1 (50.00%),
SMP_MEAN,116.57,1 (50.00%),1 (50.00%),
SMP_MEAN,117.9,1 (50.00%),1 (50.00%),
SMP_MEAN,119.94,1 (50.00%),1 (50.00%),
SMP_MEAN,122.04,1 (50.00%),1 (50.00%),
SMP_MEAN,122.95,1 (50.00%),1 (50.00%),
SMP_MEAN,123.42,1 (50.00%),1 (50.00%),
SMP_MEAN,124.86,1 (50.00%),1 (50.00%),
SMP_MEAN,129.93,1 (50.00%),1 (50.00%),
SMP_MEAN,130.18,1 (50.00%),1 (50.00%),
SMP_MEAN,130.26,1 (50.00%),1 (50.00%),
SMP_MEAN,131.39,1 (50.00%),1 (50.00%),
SMP_MEAN,137.75,1 (33.33%),2 (66.67%),
SMP_MEAN,140.19,1 (50.00%),1 (50.00%),
SMP_MEAN,144.99,1 (50.00%),1 (50.00%),
SMP_MEAN,147.06,1 (50.00%),1 (50.00%),
SMP_MEAN,147.35,1 (50.00%),1 (50.00%),
SMP_MEAN,147.72,1 (50.00%),1 (50.00%),
SMP_MEAN,148.8,1 (33.33%),2 (66.67%),
SMP_MEAN,149.06,1 (50.00%),1 (50.00%),
SMP_MEAN,149.66,1 (50.00%),1 (50.00%),
SMP_MEAN,152.87,1 (50.00%),1 (50.00%),
SMP_MEAN,153.33,1 (50.00%),1 (50.00%),
SMP_MEAN,163.3,1 (50.00%),1 (50.00%),
FV_KAU24,False,1080 (60.17%),715 (39.83%),"$\chi^2$=1.88, $p$=0.17"
FV_KAU24,True,156 (65.00%),84 (35.00%),
FV_KAU21,False,1098 (61.31%),693 (38.69%),"$\chi^2$=1.84, $p$=0.18"
FV_KAU21,True,138 (56.56%),106 (43.44%),
NEWCASTLE_COAL_roll5_mean,49.31,1 (50.00%),1 (50.00%),"$\chi^2$=1.66, $p$=1.00"
NEWCASTLE_COAL_roll5_mean,52.370000000000005,1 (50.00%),1 (50.00%),
NEWCASTLE_COAL_roll5_mean,52.510000000000005,1 (50.00%),1 (50.00%),
NEWCASTLE_COAL_roll5_mean,65.56,1 (50.00%),1 (50.00%),
NEWCASTLE_COAL_roll5_mean,65.88,1 (50.00%),1 (50.00%),
NEWCASTLE_COAL_roll5_mean,66.27,2 (66.67%),1 (33.33%),
NEWCASTLE_COAL_roll5_mean,67.38,1 (50.00%),1 (50.00%),
NEWCASTLE_COAL_roll5_mean,67.39,1 (50.00%),1 (50.00%),
NEWCASTLE_COAL_roll5_mean,67.41,1 (33.33%),2 (66.67%),
NEWCASTLE_COAL_roll5_mean,67.61,1 (50.00%),1 (50.00%),
NEWCASTLE_COAL_roll5_mean,68.47,1 (50.00%),1 (50.00%),
NEWCASTLE_COAL_roll5_mean,68.83,1 (50.00%),1 (50.00%),
NEWCASTLE_COAL_roll5_mean,85.66,1 (50.00%),1 (50.00%),
NEWCASTLE_COAL_roll5_mean,86.31,1 (50.00%),1 (50.00%),
NEWCASTLE_COAL_roll5_mean,87.2,1 (50.00%),1 (50.00%),
NEWCASTLE_COAL_roll5_mean,92.98,1 (50.00%),1 (50.00%),
NEWCASTLE_COAL_roll5_mean,93.0,1 (50.00%),1 (50.00%),
NEWCASTLE_COAL_roll5_mean,93.35,1 (50.00%),1 (50.00%),
NEWCASTLE_COAL_roll5_mean,94.04,1 (50.00%),1 (50.00%),
NEWCASTLE_COAL_roll5_mean,95.72,1 (50.00%),1 (50.00%),
NEWCASTLE_COAL_roll5_mean,97.25,1 (50.00%),1 (50.00%),
NEWCASTLE_COAL_roll5_mean,98.33,2 (66.67%),1 (33.33%),
NEWCASTLE_COAL_roll5_mean,99.16,1 (50.00%),1 (50.00%),
NEWCASTLE_COAL_roll5_mean,101.49,1 (50.00%),1 (50.00%),
NEWCASTLE_COAL_roll5_mean,101.55,1 (50.00%),1 (50.00%),
NEWCASTLE_COAL_roll5_mean,101.88,1 (50.00%),1 (50.00%),
NEWCASTLE_COAL_roll5_mean,103.05,1 (50.00%),1 (50.00%),
NEWCASTLE_COAL_roll5_mean,103.66,1 (50.00%),1 (50.00%),
NEWCASTLE_COAL_roll5_mean,103.97,1 (50.00%),1 (50.00%),
NEWCASTLE_COAL_roll5_mean,104.31,1 (50.00%),1 (50.00%),
NEWCASTLE_COAL_roll5_mean,104.39,1 (50.00%),1 (50.00%),
NEWCASTLE_COAL_roll5_mean,104.69,1 (50.00%),1 (50.00%),
NEWCASTLE_COAL_roll5_mean,105.04,1 (50.00%),1 (50.00%),
NEWCASTLE_COAL_roll5_mean,106.54,1 (50.00%),1 (50.00%),
NEWCASTLE_COAL_roll5_mean,106.6,1 (50.00%),1 (50.00%),
NEWCASTLE_COAL_roll5_mean,107.69,1 (33.33%),2 (66.67%),
NEWCASTLE_COAL_roll5_mean,109.07,1 (50.00%),1 (50.00%),
NEWCASTLE_COAL_roll5_mean,109.36,1 (50.00%),1 (50.00%),
NEWCASTLE_COAL_roll5_mean,109.39,1 (50.00%),1 (50.00%),
NEWCASTLE_COAL_roll5_mean,109.75,1 (50.00%),1 (50.00%),
NEWCASTLE_COAL_roll5_mean,110.15,1 (50.00%),1 (50.00%),
NEWCASTLE_COAL_roll5_mean,111.16,1 (50.00%),1 (50.00%),
NEWCASTLE_COAL_roll5_mean,111.26,1 (50.00%),1 (50.00%),
NEWCASTLE_COAL_roll5_mean,114.34,1 (50.00%),1 (50.00%),
NEWCASTLE_COAL_roll5_mean,115.61,1 (50.00%),1 (50.00%),
NEWCASTLE_COAL_roll5_mean,116.33,1 (50.00%),1 (50.00%),
NEWCASTLE_COAL_roll5_mean,116.95,1 (33.33%),2 (66.67%),
NEWCASTLE_COAL_roll5_mean,125.39,1 (50.00%),1 (50.00%),
NEWCASTLE_COAL_roll5_mean,129.69,1 (50.00%),1 (50.00%),
NEWCASTLE_COAL_roll5_mean,131.94,1 (50.00%),1 (50.00%),
NEWCASTLE_COAL_roll5_mean,133.42000000000002,1 (50.00%),1 (50.00%),
NEWCASTLE_COAL_roll5_mean,134.14,1 (50.00%),1 (50.00%),
NEWCASTLE_COAL_roll5_mean,140.74,1 (50.00%),1 (50.00%),
NEWCASTLE_COAL_roll5_mean,141.94,1 (50.00%),1 (50.00%),
NEWCASTLE_COAL_roll5_mean,142.63000000000002,1 (50.00%),1 (50.00%),
NEWCASTLE_COAL_roll5_mean,143.32,1 (50.00%),1 (50.00%),
NEWCASTLE_COAL_roll5_mean,145.0,1 (50.00%),1 (50.00%),
NEWCASTLE_COAL_roll5_mean,145.91,1 (50.00%),1 (50.00%),
NEWCASTLE_COAL_roll5_mean,158.48,1 (50.00%),1 (50.00%),
NEWCASTLE_COAL_roll5_mean,177.81,1 (50.00%),1 (50.00%),
NEWCASTLE_COAL_roll5_mean,387.98,1 (50.00%),1 (50.00%),
NEWCASTLE_COAL_roll5_mean,389.6,1 (50.00%),1 (50.00%),
KRX_ENERGY_roll5_mean,769.1940000000001,1 (50.00%),1 (50.00%),"$T$=1.49, $p$=0.14"
KRX_ENERGY_roll20_mean,971.5815,1 (50.00%),1 (50.00%),"$T$=1.49, $p$=0.14"
FV_KAU23,False,1097 (61.25%),694 (38.75%),"$\chi^2$=1.48, $p$=0.22"
FV_KAU23,True,139 (56.97%),105 (43.03%),
phase_phase2,False,775 (59.75%),522 (40.25%),"$\chi^2$=1.34, $p$=0.25"
phase_phase2,True,461 (62.47%),277 (37.53%),
smp_window_mean,57.6,1 (50.00%),1 (50.00%),"$\chi^2$=0.63, $p$=1.00"
smp_window_mean,70.71,1 (50.00%),1 (50.00%),
smp_window_mean,76.41,1 (50.00%),1 (50.00%),
smp_window_mean,79.38,1 (33.33%),2 (66.67%),
smp_window_mean,79.41,1 (50.00%),1 (50.00%),
smp_window_mean,79.86,1 (50.00%),1 (50.00%),
smp_window_mean,80.7,1 (50.00%),1 (50.00%),
smp_window_mean,81.96,1 (50.00%),1 (50.00%),
smp_window_mean,83.8,1 (50.00%),1 (50.00%),
smp_window_mean,83.94,1 (50.00%),1 (50.00%),
smp_window_mean,84.08,1 (50.00%),1 (50.00%),
smp_window_mean,84.86,1 (50.00%),1 (50.00%),
smp_window_mean,84.98,1 (50.00%),1 (50.00%),
smp_window_mean,85.04,1 (50.00%),1 (50.00%),
smp_window_mean,85.06,1 (50.00%),1 (50.00%),
smp_window_mean,85.85,1 (50.00%),1 (50.00%),
smp_window_mean,90.6,1 (50.00%),1 (50.00%),
smp_window_mean,91.0,1 (50.00%),1 (50.00%),
smp_window_mean,91.5,1 (50.00%),1 (50.00%),
smp_window_mean,91.65,1 (50.00%),1 (50.00%),
smp_window_mean,91.71,1 (50.00%),1 (50.00%),
smp_window_mean,93.37,1 (50.00%),1 (50.00%),
smp_window_mean,93.7,1 (50.00%),1 (50.00%),
smp_window_mean,95.09,1 (50.00%),1 (50.00%),
smp_window_mean,102.5,1 (50.00%),1 (50.00%),
smp_window_mean,102.72,1 (50.00%),1 (50.00%),
smp_window_mean,105.65,1 (50.00%),1 (50.00%),
smp_window_mean,105.73,1 (50.00%),1 (50.00%),
smp_window_mean,109.01,1 (50.00%),1 (50.00%),
smp_window_mean,109.91,1 (50.00%),1 (50.00%),
smp_window_mean,110.77,1 (50.00%),1 (50.00%),
smp_window_mean,112.01,1 (50.00%),1 (50.00%),
smp_window_mean,112.27,1 (50.00%),1 (50.00%),
smp_window_mean,112.3,1 (50.00%),1 (50.00%),
smp_window_mean,114.24,1 (50.00%),1 (50.00%),
smp_window_mean,116.57,1 (50.00%),1 (50.00%),
smp_window_mean,117.9,1 (50.00%),1 (50.00%),
smp_window_mean,119.94,1 (50.00%),1 (50.00%),
smp_window_mean,122.04,1 (50.00%),1 (50.00%),
smp_window_mean,122.95,1 (50.00%),1 (50.00%),
smp_window_mean,123.13,1 (50.00%),1 (50.00%),
smp_window_mean,124.86,1 (50.00%),1 (50.00%),
smp_window_mean,127.26,1 (50.00%),1 (50.00%),
smp_window_mean,129.93,1 (50.00%),1 (50.00%),
smp_window_mean,130.18,1 (50.00%),1 (50.00%),
smp_window_mean,130.26,1 (50.00%),1 (50.00%),
smp_window_mean,131.39,1 (50.00%),1 (50.00%),
smp_window_mean,137.75,1 (50.00%),1 (50.00%),
smp_window_mean,140.19,1 (50.00%),1 (50.00%),
smp_window_mean,147.06,1 (50.00%),1 (50.00%),
smp_window_mean,147.35,1 (50.00%),1 (50.00%),
smp_window_mean,148.8,1 (33.33%),2 (66.67%),
smp_window_mean,149.06,1 (50.00%),1 (50.00%),
smp_window_mean,152.87,1 (50.00%),1 (50.00%),
smp_window_mean,153.33,1 (50.00%),1 (50.00%),
smp_window_mean_lag1,50.25,1 (50.00%),1 (50.00%),"$\chi^2$=0.33, $p$=1.00"
smp_window_mean_lag1,70.71,1 (50.00%),1 (50.00%),
smp_window_mean_lag1,76.41,1 (50.00%),1 (50.00%),
smp_window_mean_lag1,78.26,1 (50.00%),1 (50.00%),
smp_window_mean_lag1,79.41,1 (50.00%),1 (50.00%),
smp_window_mean_lag1,79.47,1 (50.00%),1 (50.00%),
smp_window_mean_lag1,79.5,1 (50.00%),1 (50.00%),
smp_window_mean_lag1,79.86,1 (50.00%),1 (50.00%),
smp_window_mean_lag1,80.77,1 (50.00%),1 (50.00%),
smp_window_mean_lag1,82.2,1 (50.00%),1 (50.00%),
smp_window_mean_lag1,82.44,1 (50.00%),1 (50.00%),
smp_window_mean_lag1,83.8,1 (50.00%),1 (50.00%),
smp_window_mean_lag1,84.08,1 (50.00%),1 (50.00%),
smp_window_mean_lag1,84.65,1 (50.00%),1 (50.00%),
smp_window_mean_lag1,84.73,1 (50.00%),1 (50.00%),
smp_window_mean_lag1,85.04,1 (50.00%),1 (50.00%),
smp_window_mean_lag1,85.06,1 (50.00%),1 (50.00%),
smp_window_mean_lag1,85.11,1 (50.00%),1 (50.00%),
smp_window_mean_lag1,86.48,1 (50.00%),1 (50.00%),
smp_window_mean_lag1,89.98,1 (50.00%),1 (50.00%),
smp_window_mean_lag1,90.42,1 (50.00%),1 (50.00%),
smp_window_mean_lag1,90.6,1 (50.00%),1 (50.00%),
smp_window_mean_lag1,91.06,1 (50.00%),1 (50.00%),
smp_window_mean_lag1,91.51,2 (66.67%),1 (33.33%),
smp_window_mean_lag1,91.71,1 (50.00%),1 (50.00%),
smp_window_mean_lag1,93.7,1 (50.00%),1 (50.00%),
smp_window_mean_lag1,100.44,1 (50.00%),1 (50.00%),
smp_window_mean_lag1,100.79,1 (50.00%),1 (50.00%),
smp_window_mean_lag1,101.47,1 (50.00%),1 (50.00%),
smp_window_mean_lag1,105.71,1 (50.00%),1 (50.00%),
smp_window_mean_lag1,105.73,1 (50.00%),1 (50.00%),
smp_window_mean_lag1,106.17,1 (50.00%),1 (50.00%),
smp_window_mean_lag1,106.18,1 (50.00%),1 (50.00%),
smp_window_mean_lag1,109.01,1 (50.00%),1 (50.00%),
smp_window_mean_lag1,109.56,1 (50.00%),1 (50.00%),
smp_window_mean_lag1,110.77,1 (50.00%),1 (50.00%),
smp_window_mean_lag1,112.01,1 (50.00%),1 (50.00%),
smp_window_mean_lag1,112.27,1 (50.00%),1 (50.00%),
smp_window_mean_lag1,112.3,1 (50.00%),1 (50.00%),
smp_window_mean_lag1,117.9,1 (50.00%),1 (50.00%),
smp_window_mean_lag1,120.97,1 (50.00%),1 (50.00%),
smp_window_mean_lag1,122.04,1 (50.00%),1 (50.00%),
smp_window_mean_lag1,122.95,1 (50.00%),1 (50.00%),
smp_window_mean_lag1,124.78,1 (50.00%),1 (50.00%),
smp_window_mean_lag1,127.26,1 (50.00%),1 (50.00%),
smp_window_mean_lag1,129.28,1 (50.00%),1 (50.00%),
smp_window_mean_lag1,129.93,1 (50.00%),1 (50.00%),
smp_window_mean_lag1,130.26,1 (50.00%),1 (50.00%),
smp_window_mean_lag1,130.53,1 (50.00%),1 (50.00%),
smp_window_mean_lag1,132.26,1 (50.00%),1 (50.00%),
smp_window_mean_lag1,132.35,1 (50.00%),1 (50.00%),
smp_window_mean_lag1,137.75,1 (50.00%),1 (50.00%),
smp_window_mean_lag1,138.86,1 (50.00%),1 (50.00%),
smp_window_mean_lag1,139.27,1 (50.00%),1 (50.00%),
smp_window_mean_lag1,140.19,1 (50.00%),1 (50.00%),
smp_window_mean_lag1,146.74,1 (50.00%),1 (50.00%),
smp_window_mean_lag1,147.35,1 (50.00%),1 (50.00%),
smp_window_mean_lag1,149.3,1 (50.00%),1 (50.00%),
smp_window_mean_lag1,152.87,1 (50.00%),1 (50.00%),
smp_window_mean_lag1,153.33,1 (50.00%),1 (50.00%),
smp_window_mean_lag1,165.15,1 (50.00%),1 (50.00%),
smp_window_mean_lag1,206.58,1 (50.00%),1 (50.00%),
smp_window_mean_lag1,265.42,1 (50.00%),1 (50.00%),
Oman_roll5_mean,39.716,1 (50.00%),1 (50.00%),"$\chi^2$=0.32, $p$=1.00"
Oman_roll5_mean,43.598,1 (50.00%),1 (50.00%),
Oman_roll5_mean,60.148,1 (50.00%),1 (50.00%),
Oman_roll5_mean,60.228,1 (50.00%),1 (50.00%),
Oman_roll5_mean,61.434000000000005,1 (50.00%),1 (50.00%),
Oman_roll5_mean,61.738,1 (50.00%),1 (50.00%),
Oman_roll5_mean,61.762,1 (50.00%),1 (50.00%),
Oman_roll5_mean,62.448,1 (50.00%),1 (50.00%),
Oman_roll5_mean,63.096,1 (50.00%),1 (50.00%),
Oman_roll5_mean,63.196000000000005,1 (50.00%),1 (50.00%),
Oman_roll5_mean,63.33200000000001,1 (50.00%),1 (50.00%),
Oman_roll5_mean,63.970000000000006,1 (50.00%),1 (50.00%),
Oman_roll5_mean,64.666,1 (50.00%),1 (50.00%),
Oman_roll5_mean,64.796,1 (50.00%),1 (50.00%),
Oman_roll5_mean,65.774,1 (50.00%),1 (50.00%),
Oman_roll5_mean,66.44800000000001,1 (50.00%),1 (50.00%),
Oman_roll5_mean,66.53999999999999,1 (50.00%),1 (50.00%),
Oman_roll5_mean,67.37,1 (50.00%),1 (50.00%),
Oman_roll5_mean,67.748,1 (50.00%),1 (50.00%),
Oman_roll5_mean,69.858,1 (50.00%),1 (50.00%),
Oman_roll5_mean,70.298,1 (50.00%),1 (50.00%),
Oman_roll5_mean,70.47,1 (50.00%),1 (50.00%),
Oman_roll5_mean,70.77799999999999,1 (50.00%),1 (50.00%),
Oman_roll5_mean,71.044,1 (50.00%),1 (50.00%),
Oman_roll5_mean,71.196,1 (50.00%),1 (50.00%),
Oman_roll5_mean,72.166,1 (50.00%),1 (50.00%),
Oman_roll5_mean,72.498,1 (50.00%),1 (50.00%),
Oman_roll5_mean,72.97200000000001,1 (50.00%),1 (50.00%),
Oman_roll5_mean,73.054,1 (50.00%),1 (50.00%),
Oman_roll5_mean,73.104,1 (50.00%),1 (50.00%),
Oman_roll5_mean,73.2,1 (50.00%),1 (50.00%),
Oman_roll5_mean,73.648,1 (50.00%),1 (50.00%),
Oman_roll5_mean,74.226,1 (50.00%),1 (50.00%),
Oman_roll5_mean,74.38,1 (50.00%),1 (50.00%),
Oman_roll5_mean,74.936,1 (50.00%),1 (50.00%),
Oman_roll5_mean,76.714,1 (50.00%),1 (50.00%),
Oman_roll5_mean,79.178,1 (50.00%),1 (50.00%),
Oman_roll5_mean,80.566,1 (50.00%),1 (50.00%),
Oman_roll5_mean,82.024,1 (50.00%),1 (50.00%),
Oman_roll5_mean,82.576,1 (33.33%),2 (66.67%),
phase_phase3,False,489 (60.37%),321 (39.63%),"$\chi^2$=0.05, $p$=0.82"
phase_phase3,True,747 (60.98%),478 (39.02%),
vintage_transition,False,1231 (60.73%),796 (39.27%),"$\chi^2$=0.00, $p$=1.00"
prev_vintage_transition,False,1231 (60.73%),796 (39.27%),"$\chi^2$=0.00, $p$=1.00"
vintage_transition,True,5 (62.50%),3 (37.50%),
prev_vintage_transition,True,5 (62.50%),3 (37.50%),
smp_window_mean_roll5_mean,49.914,1 (50.00%),1 (50.00%),"$\chi^2$=0.00, $p$=1.00"
NEWCASTLE_COAL_roll20_mean,50.475,1 (50.00%),1 (50.00%),"$\chi^2$=0.00, $p$=1.00"
NEWCASTLE_COAL_roll20_mean,53.375,1 (50.00%),1 (50.00%),
Oman_roll20_mean,64.6245,1 (50.00%),1 (50.00%),"$\chi^2$=0.00, $p$=1.00"
Oman_roll20_mean,64.73949999999999,1 (50.00%),1 (50.00%),
NEWCASTLE_COAL_roll20_mean,65.6925,1 (50.00%),1 (50.00%),
NEWCASTLE_COAL_roll20_mean,68.455,1 (50.00%),1 (50.00%),
NEWCASTLE_COAL_roll20_mean,68.6125,1 (50.00%),1 (50.00%),
Oman_roll20_mean,71.68199999999999,1 (50.00%),1 (50.00%),
Oman_roll20_mean,72.6335,1 (50.00%),1 (50.00%),
Oman_roll20_mean,75.3035,1 (50.00%),1 (50.00%),
Oman_roll20_mean,77.06649999999999,1 (50.00%),1 (50.00%),
smp_window_mean_roll5_mean,81.64733333333334,1 (50.00%),1 (50.00%),
NEWCASTLE_COAL_roll20_mean,85.5125,1 (50.00%),1 (50.00%),
NEWCASTLE_COAL_roll20_mean,97.2425,1 (50.00%),1 (50.00%),
smp_window_mean_roll5_mean,100.158,1 (50.00%),1 (50.00%),
NEWCASTLE_COAL_roll20_mean,103.41,1 (50.00%),1 (50.00%),
NEWCASTLE_COAL_roll20_mean,103.755,1 (50.00%),1 (50.00%),
NEWCASTLE_COAL_roll20_mean,106.415,1 (50.00%),1 (50.00%),
NEWCASTLE_COAL_roll20_mean,108.42,1 (50.00%),1 (50.00%),
smp_window_mean_roll5_mean,109.11733333333332,1 (50.00%),1 (50.00%),
NEWCASTLE_COAL_roll20_mean,111.195,1 (50.00%),1 (50.00%),
NEWCASTLE_COAL_roll20_mean,112.725,1 (50.00%),1 (50.00%),
NEWCASTLE_COAL_roll20_mean,113.0375,1 (50.00%),1 (50.00%),
smp_window_mean_roll5_mean,129.55666666666667,1 (50.00%),1 (50.00%),
NEWCASTLE_COAL_roll20_mean,131.8675,1 (50.00%),1 (50.00%),
NEWCASTLE_COAL_roll20_mean,133.3375,1 (50.00%),1 (50.00%),
smp_window_mean_roll5_mean,144.10399999999998,1 (50.00%),1 (50.00%),
NEWCASTLE_COAL_roll20_mean,191.285,1 (50.00%),1 (50.00%),
NEWCASTLE_COAL_roll20_mean,399.585,1 (50.00%),1 (50.00%),
KRX_ENERGY,515.2,1 (50.00%),1 (50.00%),"$\chi^2$=0.00, $p$=1.00"
KRX_ENERGY_lag1,515.2,1 (50.00%),1 (50.00%),"$\chi^2$=0.00, $p$=1.00"
KRX_ENERGY,522.0,1 (50.00%),1 (50.00%),
KRX_ENERGY,525.77,1 (50.00%),1 (50.00%),
KRX_ENERGY_lag1,525.77,1 (50.00%),1 (50.00%),
KRX_ENERGY_lag1,527.34,1 (50.00%),1 (50.00%),
KRX_CEMENT,534.98,1 (50.00%),1 (50.00%),"$\chi^2$=0.00, $p$=1.00"
KRX_CEMENT,565.61,1 (50.00%),1 (50.00%),
KRX_CEMENT,571.21,1 (50.00%),1 (50.00%),
KRX_CEMENT,574.93,1 (50.00%),1 (50.00%),
KRX_CEMENT,597.5,1 (50.00%),1 (50.00%),
KRX_CEMENT,599.92,1 (50.00%),1 (50.00%),
KRX_CEMENT,606.39,1 (50.00%),1 (50.00%),
KRX_CEMENT,606.58,1 (50.00%),1 (50.00%),
KRX_CEMENT,614.16,1 (50.00%),1 (50.00%),
KRX_CEMENT,627.05,1 (50.00%),1 (50.00%),
KRX_CEMENT,639.38,1 (50.00%),1 (50.00%),
KRX_CEMENT,655.61,1 (50.00%),1 (50.00%),
KRX_CEMENT,659.83,1 (50.00%),1 (50.00%),
KRX_CEMENT,666.39,1 (50.00%),1 (50.00%),
KRX_CEMENT,668.37,1 (50.00%),1 (50.00%),
KRX_CEMENT,675.37,1 (50.00%),1 (50.00%),
KRX_CEMENT,697.96,1 (50.00%),1 (50.00%),
KRX_CEMENT,719.54,1 (50.00%),1 (50.00%),
KRX_CEMENT,731.47,1 (50.00%),1 (50.00%),
KRX_CEMENT,785.99,1 (50.00%),1 (50.00%),
KRX_ENERGY,826.52,1 (50.00%),1 (50.00%),
KRX_ENERGY_lag1,877.09,1 (50.00%),1 (50.00%),
KRX_ENERGY,877.53,1 (50.00%),1 (50.00%),
KRX_ENERGY_lag1,877.53,1 (50.00%),1 (50.00%),
KRX_ENERGY_lag1,929.18,1 (50.00%),1 (50.00%),
KRX_ENERGY,971.55,1 (50.00%),1 (50.00%),
KRX_ENERGY_lag1,971.55,1 (50.00%),1 (50.00%),
KRX_ENERGY_lag1,972.86,1 (50.00%),1 (50.00%),
KRX_ENERGY,975.46,1 (50.00%),1 (50.00%),
KRX_ENERGY_lag1,975.46,1 (50.00%),1 (50.00%),
KRX_ENERGY_lag1,984.17,1 (50.00%),1 (50.00%),
KRX_ENERGY,993.8,1 (50.00%),1 (50.00%),
KRX_ENERGY_lag1,1004.0,1 (50.00%),1 (50.00%),
KRX_ENERGY_lag1,1019.21,1 (50.00%),1 (50.00%),
KRX_ENERGY_lag1,1031.56,1 (50.00%),1 (50.00%),
KRX_ENERGY,1085.65,1 (50.00%),1 (50.00%),
KRX_ENERGY_lag1,1085.65,1 (50.00%),1 (50.00%),
KRX_ENERGY_lag1,1214.73,1 (50.00%),1 (50.00%),
KRX_IRON,1242.29,1 (50.00%),1 (50.00%),"$\chi^2$=0.00, $p$=1.00"
KRX_IRON,1590.96,1 (50.00%),1 (50.00%),
KRX_IRON,1605.97,1 (50.00%),1 (50.00%),
KRX_IRON,1796.28,1 (50.00%),1 (50.00%),
KRX_IRON,1829.51,1 (50.00%),1 (50.00%),
KRX_IRON,1926.78,1 (50.00%),1 (50.00%),
KRX_ENG,2075.57,1 (50.00%),1 (50.00%),"$\chi^2$=0.00, $p$=1.00"
KOSPI,2106.1,1 (50.00%),1 (50.00%),"$\chi^2$=0.00, $p$=1.00"
KOSPI,2145.12,1 (50.00%),1 (50.00%),
KRX_IRON,2252.51,1 (50.00%),1 (50.00%),
KOSPI,2574.72,1 (50.00%),1 (50.00%),
KOSPI,2602.59,1 (50.00%),1 (50.00%),
KRX_SEMICON,2736.68,1 (50.00%),1 (50.00%),"$\chi^2$=0.00, $p$=1.00"
KOSPI,3130.09,1 (50.00%),1 (50.00%),
KRX_SEMICON,3633.69,1 (50.00%),1 (50.00%),
KRX_SEMICON,3891.0,1 (50.00%),1 (50.00%),
KRX_SEMICON,3957.14,1 (50.00%),1 (50.00%),
KRX_ENG,4198.21,1 (50.00%),1 (50.00%),
