Feature,Interaction Features,Contribution Importance
VIX_KR,Brent,0.026922228
VIX_KR,WTI,0.02227584
VIX_KR,BOND_BBB_roll20_mean,0.017736174
VIX_KR,ask_ratio_last,0.014413738
VIX_KR,USD,0.013668171
VIX_KR,KRX_ENERGY_roll5_mean,0.013536921
VIX_KR,Oman_roll5_mean,0.0132324295
VIX_KR,GDP,0.012403912
VIX_KR,ta_avg_dev_abs,0.011226753
VIX_KR,PPI,0.011102854
VIX_KR,ta_avg_window_mean,0.009137333
VIX_KR,BSI_E,0.009096782
VIX_KR,KRX_SEMICON,0.008704511
VIX_KR,USD_CNY,0.0081232395
VIX_KR,Oman_lag1,0.007798086
VIX_KR,KRX_ENG,0.007759679
VIX_KR,CREDIT_SPREAD,0.0076603764
VIX_KR,NEWCASTLE_COAL_roll20_mean,0.007363573
VIX_KR,bid_qty_window,0.007314606
VIX_KR,KRX_ENERGY_roll20_mean,0.006640687
VIX_KR,IND_ORDER,0.006419999
VIX_KR,HH_GAS,0.0063686967
VIX_KR,KRX_ENERGY,0.0063303304
VIX_KR,ta_avg_dev_abs_window_mean,0.0062299827
VIX_KR,IIP_CHEM,0.0050434656
VIX_KR,Oman,0.005036904
VIX_KR,ta_avg,0.004569441
VIX_KR,Oman_roll20_mean,0.0045349263
VIX_KR,smp_window_mean,0.003980805
VIX_KR,is_traded,0.0038197574
VIX_KR,CCI,0.0035085853
VIX_KR,EXPORT,0.0034425152
VIX_KR,ta_avg_dev_abs_window_max,0.003130323
VIX_KR,KOSPI,0.002926536
VIX_KR,rn_day_window_sum,0.002655817
VIX_KR,IIP_MFG,0.0024955857
VIX_KR,ta_avg_dev_window_mean,0.0024894732
VIX_KR,smp_window_days,0.0024706046
VIX_KR,NEWCASTLE_COAL_lag1,0.0024346865
VIX_KR,CPI,0.0023677659
VIX_KR,Dubai,0.0020048965
VIX_KR,BOND_3Y,0.001943156
VIX_KR,NEWCASTLE_COAL_roll5_mean,0.0018627102
VIX_KR,smp_window_mean_lag1,0.0017830733
VIX_KR,SMP_MEAN,0.0016870816
VIX_KR,KRX_CEMENT,0.0015915344
VIX_KR,KRX_IRON,0.0015200917
VIX_KR,smp_window_mean_roll5_mean,0.0015160802
VIX_KR,BOND_BBB_roll5_mean,0.0014800273
VIX_KR,BSI_P,0.0014569823
VIX_KR,KRX_ENERGY_lag1,0.0014389335
VIX_KR,BOND_BBB,0.0014171628
VIX_KR,NEWCASTLE_COAL,0.0013861038
VIX_KR,smp_window_mean_roll20_mean,0.001367952
VIX_KR,IIP_STEEL,0.0013547257
VIX_KR,ta_avg_dev,0.0011742044
VIX_KR,CLI,0.0011646608
VIX_KR,IMPORT,0.0009464729
VIX_KR,rn_day_window_mean,0.0009276979
VIX_KR,rn_day,0.000887183
VIX_KR,CAP_UTIL,0.0007847366
VIX_KR,BOND_BBB_lag1,0.0005357439
VIX_KR,weather_window_days,0.0004506279
VIX_KR,FV_KAU22,0.00033389815
VIX_KR,FV_KAU23,0.00030515649
VIX_KR,vintage_bucket,0.00022158415
VIX_KR,FV_KAU24,0.00014245883
VIX_KR,CALL,0.00013464227
VIX_KR,ask_ratio_last_known,0.00012735218
VIX_KR,auction_window7,6.27769e-05
USD_CNY,KRX_ENERGY_roll20_mean,0.041504197
USD_CNY,KRX_ENG,0.0141089205
USD_CNY,VIX_KR,0.008123196
USD_CNY,rn_day_window_mean,0.0070266994
USD_CNY,KRX_ENERGY,0.0065563335
USD_CNY,KRX_ENERGY_roll5_mean,0.0064503956
USD_CNY,HH_GAS,0.005213186
USD_CNY,KRX_IRON,0.004728134
USD_CNY,ask_ratio_last,0.004652821
USD_CNY,smp_window_mean_lag1,0.0036021783
USD_CNY,SMP_MEAN,0.0030903916
USD_CNY,ta_avg_dev_abs,0.0030327828
USD_CNY,NEWCASTLE_COAL_lag1,0.002912425
USD_CNY,KRX_SEMICON,0.0028321347
USD_CNY,CCI,0.0028287268
USD_CNY,IIP_MFG,0.002791851
USD_CNY,Dubai,0.0027365035
USD_CNY,Oman_roll5_mean,0.0024547845
USD_CNY,ta_avg,0.0023880606
USD_CNY,Oman_lag1,0.0020509139
USD_CNY,Oman_roll20_mean,0.001966825
USD_CNY,KRX_ENERGY_lag1,0.0018760238
USD_CNY,CAP_UTIL,0.0018310116
USD_CNY,ta_avg_window_mean,0.0016628663
USD_CNY,KOSPI,0.0016355972
USD_CNY,rn_day_window_sum,0.001625752
USD_CNY,rn_day,0.0014234148
USD_CNY,smp_window_mean,0.0014081498
USD_CNY,ta_avg_dev_abs_window_mean,0.0014020109
USD_CNY,smp_window_days,0.0013333572
USD_CNY,weather_window_days,0.001327321
USD_CNY,ta_avg_dev_window_mean,0.001319233
USD_CNY,CREDIT_SPREAD,0.0012145136
USD_CNY,IIP_CHEM,0.0011933167
USD_CNY,ta_avg_dev_abs_window_max,0.0011549921
USD_CNY,Brent,0.0011364991
USD_CNY,BOND_BBB_roll20_mean,0.0011364461
USD_CNY,IND_ORDER,0.001110441
USD_CNY,ta_avg_dev,0.0011012595
USD_CNY,BOND_BBB,0.0010279968
USD_CNY,IMPORT,0.0009887909
USD_CNY,is_traded,0.0009426834
USD_CNY,NEWCASTLE_COAL_roll5_mean,0.00088748295
USD_CNY,auction_window7,0.0008663014
USD_CNY,BOND_3Y,0.00081171835
USD_CNY,EXPORT,0.00079266547
USD_CNY,NEWCASTLE_COAL,0.00077759894
USD_CNY,IIP_STEEL,0.0007102058
USD_CNY,smp_window_mean_roll20_mean,0.0006831121
USD_CNY,KRX_CEMENT,0.00064068503
USD_CNY,CLI,0.00060947996
USD_CNY,USD,0.0005938499
USD_CNY,NEWCASTLE_COAL_roll20_mean,0.0004394935
USD_CNY,smp_window_mean_roll5_mean,0.00043766323
USD_CNY,WTI,0.00041073715
USD_CNY,GDP,0.0003553709
USD_CNY,BOND_BBB_roll5_mean,0.0003472997
USD_CNY,CPI,0.00025473293
USD_CNY,bid_qty_window,0.00024349634
USD_CNY,PPI,0.00024113375
USD_CNY,BOND_BBB_lag1,0.0002397457
USD_CNY,BSI_E,0.00023428121
USD_CNY,Oman,0.0002114975
USD_CNY,FV_KAU24,0.00014647045
USD_CNY,BSI_P,0.00013823523
USD_CNY,auction_window5,3.1238545e-05
USD_CNY,ask_ratio_last_known,1.1549369e-05
USD_CNY,vintage_bucket,6.2137196e-06
USD_CNY,FV_KAU23,2.9616506e-06
GDP,VIX_KR,0.012403928
GDP,KRX_CEMENT,0.011095629
GDP,KRX_ENERGY,0.010293191
GDP,KOSPI,0.0065522334
GDP,CREDIT_SPREAD,0.0036054677
GDP,ta_avg_dev_abs_window_mean,0.0035368672
GDP,ask_ratio_last,0.0034139832
GDP,ta_avg_window_mean,0.003335119
GDP,Oman_lag1,0.003228039
GDP,WTI,0.002928375
GDP,HH_GAS,0.002741759
GDP,KRX_ENERGY_roll20_mean,0.0027168903
GDP,KRX_IRON,0.0026594803
GDP,Oman_roll5_mean,0.0026115458
GDP,KRX_ENERGY_lag1,0.002527607
GDP,ta_avg_dev_abs_window_max,0.002505267
GDP,smp_window_mean_roll5_mean,0.0023686092
GDP,Dubai,0.0017709668
GDP,BOND_BBB_roll20_mean,0.0017183134
GDP,BOND_3Y,0.001691585
GDP,CLI,0.0016448839
GDP,KRX_SEMICON,0.0016352372
GDP,KRX_ENG,0.0014688324
GDP,is_traded,0.0012542407
GDP,smp_window_days,0.0012279253
GDP,ta_avg,0.0011951772
GDP,smp_window_mean_lag1,0.0010139135
GDP,ta_avg_dev_abs,0.000964294
GDP,NEWCASTLE_COAL_lag1,0.00090266037
GDP,ta_avg_dev_window_mean,0.0008491226
GDP,bid_qty_window,0.0008412111
GDP,BOND_BBB_roll5_mean,0.00074560754
GDP,BOND_BBB_lag1,0.000672518
GDP,USD,0.0006706654
GDP,weather_window_days,0.0006259062
GDP,KRX_ENERGY_roll5_mean,0.00058347906
GDP,BOND_BBB,0.0005710816
GDP,Oman_roll20_mean,0.0005412134
GDP,smp_window_mean,0.00051233586
GDP,rn_day,0.00049742626
GDP,CAP_UTIL,0.0004689192
GDP,smp_window_mean_roll20_mean,0.00044040568
GDP,rn_day_window_mean,0.00042113275
GDP,EXPORT,0.00040689058
GDP,IND_ORDER,0.00037208322
GDP,USD_CNY,0.0003553742
GDP,CCI,0.0002813142
GDP,Brent,0.000264691
GDP,CPI,0.00025396273
GDP,ta_avg_dev,0.00020202565
GDP,SMP_MEAN,0.00016952239
GDP,IIP_MFG,0.00015999205
GDP,IIP_STEEL,0.00014143703
GDP,NEWCASTLE_COAL_roll5_mean,0.00013340818
GDP,IMPORT,0.00011570725
GDP,IIP_CHEM,8.363095e-05
GDP,BSI_E,6.733647e-05
GDP,NEWCASTLE_COAL,6.653733e-05
GDP,BSI_P,5.3088705e-05
GDP,Oman,4.7272373e-05
GDP,NEWCASTLE_COAL_roll20_mean,3.9547132e-05
GDP,CALL,1.1326964e-05
GDP,PPI,1.1300835e-05
GDP,rn_day_window_sum,1.0010091e-05
USD,VIX_KR,0.013668163
USD,KRX_ENERGY_roll20_mean,0.005272341
USD,BOND_BBB_roll20_mean,0.0038752637
USD,KRX_IRON,0.0031674348
USD,ta_avg,0.0030585884
USD,KRX_ENERGY_roll5_mean,0.0029936626
USD,Brent,0.0028895673
USD,KOSPI,0.0027769308
USD,ta_avg_window_mean,0.002653237
USD,KRX_SEMICON,0.00248126
USD,KRX_ENERGY,0.002422528
USD,is_traded,0.0020305705
USD,WTI,0.0019237689
USD,PPI,0.0018905214
USD,IIP_MFG,0.0018871294
USD,SMP_MEAN,0.0016037261
USD,Oman_lag1,0.0014406411
USD,ask_ratio_last,0.0014274913
USD,NEWCASTLE_COAL,0.0013897782
USD,smp_window_mean_lag1,0.001312734
USD,ta_avg_dev,0.0012515478
USD,BOND_BBB_lag1,0.0012330125
USD,KRX_ENERGY_lag1,0.0011340661
USD,CLI,0.0010040298
USD,CPI,0.0009018815
USD,Oman,0.00090116495
USD,IMPORT,0.00090030633
USD,NEWCASTLE_COAL_lag1,0.00087517215
USD,Oman_roll20_mean,0.0008610804
USD,IND_ORDER,0.0008238048
USD,auction_window7,0.00077098794
USD,NEWCASTLE_COAL_roll20_mean,0.00074944086
USD,EXPORT,0.0006919079
USD,GDP,0.000670659
USD,HH_GAS,0.00065895915
USD,BOND_BBB,0.0006505764
USD,KRX_CEMENT,0.0006333843
USD,ta_avg_dev_abs_window_mean,0.0006092825
USD,Oman_roll5_mean,0.00060754456
USD,USD_CNY,0.00059384666
USD,ta_avg_dev_window_mean,0.0005901313
USD,smp_window_mean,0.00056667783
USD,bid_qty_window,0.00056092895
USD,BOND_3Y,0.0005526194
USD,weather_window_days,0.00053202343
USD,CREDIT_SPREAD,0.00050475297
USD,ta_avg_dev_abs,0.0004755337
USD,ta_avg_dev_abs_window_max,0.0004632189
USD,BOND_BBB_roll5_mean,0.00045282138
USD,IIP_STEEL,0.00044505278
USD,CCI,0.00043329617
USD,Dubai,0.00035870913
USD,smp_window_days,0.00030646985
USD,rn_day_window_mean,0.00029501272
USD,rn_day_window_sum,0.00026732983
USD,ask_ratio_last_known,0.000266798
USD,NEWCASTLE_COAL_roll5_mean,0.00026195054
USD,smp_window_mean_roll20_mean,0.00025609956
USD,vintage_bucket,0.00025243635
USD,BSI_E,0.00021593891
USD,KRX_ENG,0.0002108953
USD,rn_day,0.0002021585
USD,IIP_CHEM,0.00019936121
USD,BSI_P,0.00015413815
USD,smp_window_mean_roll5_mean,0.0001477697
USD,CAP_UTIL,9.3735645e-05
USD,FV_KAU23,4.0531966e-05
USD,auction_window5,1.8658311e-05
USD,CALL,1.3742038e-05
USD,FV_KAU19,6.3999514e-06
KRX_ENERGY_roll20_mean,USD_CNY,0.04150418
KRX_ENERGY_roll20_mean,NEWCASTLE_COAL_lag1,0.00824121
KRX_ENERGY_roll20_mean,VIX_KR,0.0066406825
KRX_ENERGY_roll20_mean,is_traded,0.0055144164
KRX_ENERGY_roll20_mean,USD,0.0052723438
KRX_ENERGY_roll20_mean,Oman_lag1,0.004733291
KRX_ENERGY_roll20_mean,Oman_roll5_mean,0.0044663134
KRX_ENERGY_roll20_mean,SMP_MEAN,0.0041213953
KRX_ENERGY_roll20_mean,KRX_ENERGY_lag1,0.004033643
KRX_ENERGY_roll20_mean,IMPORT,0.003613046
KRX_ENERGY_roll20_mean,Dubai,0.0034897104
KRX_ENERGY_roll20_mean,KRX_ENERGY,0.0033038363
KRX_ENERGY_roll20_mean,GDP,0.0027168968
KRX_ENERGY_roll20_mean,NEWCASTLE_COAL,0.0026392646
KRX_ENERGY_roll20_mean,KRX_ENERGY_roll5_mean,0.0025251906
KRX_ENERGY_roll20_mean,Brent,0.0023473373
KRX_ENERGY_roll20_mean,ta_avg_dev_abs_window_mean,0.0022847424
KRX_ENERGY_roll20_mean,IND_ORDER,0.0022586589
KRX_ENERGY_roll20_mean,KRX_IRON,0.00217147
KRX_ENERGY_roll20_mean,BOND_BBB_roll5_mean,0.0021522306
KRX_ENERGY_roll20_mean,PPI,0.002116117
KRX_ENERGY_roll20_mean,ta_avg_window_mean,0.0019636168
KRX_ENERGY_roll20_mean,KRX_CEMENT,0.0018613043
KRX_ENERGY_roll20_mean,smp_window_mean_roll20_mean,0.001852896
KRX_ENERGY_roll20_mean,smp_window_mean,0.001773675
KRX_ENERGY_roll20_mean,WTI,0.0017267431
KRX_ENERGY_roll20_mean,ask_ratio_last,0.0015780058
KRX_ENERGY_roll20_mean,bid_qty_window,0.0014783312
KRX_ENERGY_roll20_mean,HH_GAS,0.0014736532
KRX_ENERGY_roll20_mean,rn_day_window_mean,0.0013799513
KRX_ENERGY_roll20_mean,KRX_SEMICON,0.0013622629
KRX_ENERGY_roll20_mean,Oman,0.001275298
KRX_ENERGY_roll20_mean,ta_avg,0.0012287974
KRX_ENERGY_roll20_mean,NEWCASTLE_COAL_roll5_mean,0.0011715449
KRX_ENERGY_roll20_mean,KOSPI,0.0011244875
KRX_ENERGY_roll20_mean,ta_avg_dev_abs,0.0010016764
KRX_ENERGY_roll20_mean,ta_avg_dev,0.0009979156
KRX_ENERGY_roll20_mean,rn_day_window_sum,0.00096552406
KRX_ENERGY_roll20_mean,smp_window_days,0.0009650419
KRX_ENERGY_roll20_mean,smp_window_mean_roll5_mean,0.00091400323
KRX_ENERGY_roll20_mean,BOND_BBB_roll20_mean,0.00091374543
KRX_ENERGY_roll20_mean,Oman_roll20_mean,0.000893739
KRX_ENERGY_roll20_mean,KRX_ENG,0.0008319152
KRX_ENERGY_roll20_mean,IIP_STEEL,0.00070725055
KRX_ENERGY_roll20_mean,smp_window_mean_lag1,0.0006778588
KRX_ENERGY_roll20_mean,ta_avg_dev_window_mean,0.0006650613
KRX_ENERGY_roll20_mean,ta_avg_dev_abs_window_max,0.0006483779
KRX_ENERGY_roll20_mean,auction_window5,0.0006053334
KRX_ENERGY_roll20_mean,BOND_3Y,0.00053732644
KRX_ENERGY_roll20_mean,IIP_MFG,0.0005344769
KRX_ENERGY_roll20_mean,CREDIT_SPREAD,0.0004919064
KRX_ENERGY_roll20_mean,CLI,0.00040490707
KRX_ENERGY_roll20_mean,BOND_BBB,0.00038812569
KRX_ENERGY_roll20_mean,EXPORT,0.00030873777
KRX_ENERGY_roll20_mean,CCI,0.000300661
KRX_ENERGY_roll20_mean,BSI_E,0.0002949951
KRX_ENERGY_roll20_mean,CPI,0.00022273867
KRX_ENERGY_roll20_mean,NEWCASTLE_COAL_roll20_mean,0.00020879677
KRX_ENERGY_roll20_mean,IIP_CHEM,0.00017188098
KRX_ENERGY_roll20_mean,rn_day,0.00016967754
KRX_ENERGY_roll20_mean,FV_KAU23,0.00014076011
KRX_ENERGY_roll20_mean,BSI_P,0.0001258083
KRX_ENERGY_roll20_mean,weather_window_days,9.6244774e-05
KRX_ENERGY_roll20_mean,CALL,8.653056e-05
KRX_ENERGY_roll20_mean,BOND_BBB_lag1,7.919107e-05
KRX_ENERGY_roll20_mean,CAP_UTIL,6.216963e-05
KRX_ENERGY_roll20_mean,ask_ratio_last_known,4.5377994e-05
KRX_ENERGY_roll20_mean,vintage_bucket,2.5288555e-05
KRX_ENERGY_roll20_mean,FV_KAU22,1.1102054e-05
BOND_BBB_roll20_mean,VIX_KR,0.0177362
BOND_BBB_roll20_mean,NEWCASTLE_COAL_lag1,0.005285216
BOND_BBB_roll20_mean,BOND_3Y,0.0040441253
BOND_BBB_roll20_mean,USD,0.0038752686
BOND_BBB_roll20_mean,KRX_CEMENT,0.0029869748
BOND_BBB_roll20_mean,NEWCASTLE_COAL_roll20_mean,0.0028745695
BOND_BBB_roll20_mean,Oman_roll5_mean,0.0024278124
BOND_BBB_roll20_mean,BSI_E,0.0022544342
BOND_BBB_roll20_mean,ask_ratio_last,0.0021550711
BOND_BBB_roll20_mean,KRX_IRON,0.0021438021
BOND_BBB_roll20_mean,KRX_ENG,0.0021212494
BOND_BBB_roll20_mean,KRX_ENERGY_lag1,0.0019115575
BOND_BBB_roll20_mean,IND_ORDER,0.0017212796
BOND_BBB_roll20_mean,GDP,0.0017183169
BOND_BBB_roll20_mean,Oman_lag1,0.0016352244
BOND_BBB_roll20_mean,ta_avg_dev_abs_window_max,0.0016191348
BOND_BBB_roll20_mean,IIP_CHEM,0.0015272237
BOND_BBB_roll20_mean,NEWCASTLE_COAL,0.0015223242
BOND_BBB_roll20_mean,IIP_MFG,0.0013483585
BOND_BBB_roll20_mean,Dubai,0.0013149558
BOND_BBB_roll20_mean,ta_avg,0.001254117
BOND_BBB_roll20_mean,ta_avg_dev_window_mean,0.0011540846
BOND_BBB_roll20_mean,USD_CNY,0.0011364467
BOND_BBB_roll20_mean,Oman,0.0011280503
BOND_BBB_roll20_mean,ta_avg_window_mean,0.001109833
BOND_BBB_roll20_mean,smp_window_mean_roll5_mean,0.001013582
BOND_BBB_roll20_mean,bid_qty_window,0.0009997714
BOND_BBB_roll20_mean,smp_window_mean_lag1,0.0009349341
BOND_BBB_roll20_mean,KRX_ENERGY_roll20_mean,0.00091374683
BOND_BBB_roll20_mean,NEWCASTLE_COAL_roll5_mean,0.0008428367
BOND_BBB_roll20_mean,KRX_ENERGY_roll5_mean,0.0008377699
BOND_BBB_roll20_mean,KRX_ENERGY,0.0007514202
BOND_BBB_roll20_mean,ta_avg_dev,0.0007349947
BOND_BBB_roll20_mean,Brent,0.00072149036
BOND_BBB_roll20_mean,KOSPI,0.00069494324
BOND_BBB_roll20_mean,Oman_roll20_mean,0.00065023324
BOND_BBB_roll20_mean,smp_window_mean,0.0006265187
BOND_BBB_roll20_mean,HH_GAS,0.00061288074
BOND_BBB_roll20_mean,IIP_STEEL,0.0005768953
BOND_BBB_roll20_mean,SMP_MEAN,0.00052132754
BOND_BBB_roll20_mean,ta_avg_dev_abs_window_mean,0.0005035989
BOND_BBB_roll20_mean,rn_day_window_mean,0.00048976176
BOND_BBB_roll20_mean,smp_window_mean_roll20_mean,0.00045143967
BOND_BBB_roll20_mean,BSI_P,0.00044377786
BOND_BBB_roll20_mean,CREDIT_SPREAD,0.00041190462
BOND_BBB_roll20_mean,vintage_bucket,0.00038914502
BOND_BBB_roll20_mean,KRX_SEMICON,0.0003670923
BOND_BBB_roll20_mean,ta_avg_dev_abs,0.00035183041
BOND_BBB_roll20_mean,smp_window_days,0.00035106743
BOND_BBB_roll20_mean,EXPORT,0.00027584628
BOND_BBB_roll20_mean,rn_day_window_sum,0.000273765
BOND_BBB_roll20_mean,WTI,0.0002672075
BOND_BBB_roll20_mean,is_traded,0.00024767988
BOND_BBB_roll20_mean,CAP_UTIL,0.00023299888
BOND_BBB_roll20_mean,CCI,0.00022732334
BOND_BBB_roll20_mean,BOND_BBB_lag1,0.00022528032
BOND_BBB_roll20_mean,FV_KAU23,0.00020326731
BOND_BBB_roll20_mean,CLI,0.00017708028
BOND_BBB_roll20_mean,rn_day,0.000139461
BOND_BBB_roll20_mean,IMPORT,0.00011358552
BOND_BBB_roll20_mean,BOND_BBB_roll5_mean,0.000112643866
BOND_BBB_roll20_mean,weather_window_days,0.00010344671
BOND_BBB_roll20_mean,PPI,7.129524e-05
BOND_BBB_roll20_mean,BOND_BBB,5.552557e-05
BOND_BBB_roll20_mean,CPI,3.6158777e-05
BOND_BBB_roll20_mean,FV_KAU19,1.0058992e-05
KRX_IRON,USD_CNY,0.004728117
KRX_IRON,KRX_CEMENT,0.003776023
KRX_IRON,ta_avg_dev_abs_window_mean,0.0035403913
KRX_IRON,HH_GAS,0.003519684
KRX_IRON,USD,0.0031674362
KRX_IRON,GDP,0.0026594775
KRX_IRON,KRX_ENERGY_roll5_mean,0.0025547792
KRX_IRON,KRX_ENERGY_roll20_mean,0.002171471
KRX_IRON,BOND_BBB_roll20_mean,0.0021437998
KRX_IRON,IND_ORDER,0.0019520966
KRX_IRON,KRX_ENERGY,0.0018409217
KRX_IRON,bid_qty_window,0.0015466058
KRX_IRON,VIX_KR,0.0015200911
KRX_IRON,Oman_lag1,0.0015175905
KRX_IRON,WTI,0.0014892142
KRX_IRON,ask_ratio_last,0.001358169
KRX_IRON,ta_avg_window_mean,0.0011582521
KRX_IRON,KRX_ENERGY_lag1,0.0009880768
KRX_IRON,CREDIT_SPREAD,0.0009850214
KRX_IRON,IIP_CHEM,0.0009581554
KRX_IRON,ta_avg_dev_abs_window_max,0.00090244535
KRX_IRON,ta_avg,0.0008411295
KRX_IRON,Brent,0.0008098322
KRX_IRON,Dubai,0.00067161967
KRX_IRON,IIP_MFG,0.0006557912
KRX_IRON,ta_avg_dev,0.0005697399
KRX_IRON,ta_avg_dev_abs,0.0005354968
KRX_IRON,smp_window_mean_roll5_mean,0.00049484835
KRX_IRON,NEWCASTLE_COAL_roll5_mean,0.0004774733
KRX_IRON,smp_window_days,0.0004722782
KRX_IRON,KRX_SEMICON,0.00046358796
KRX_IRON,rn_day_window_sum,0.00045267405
KRX_IRON,SMP_MEAN,0.00041489484
KRX_IRON,CCI,0.0004039306
KRX_IRON,KRX_ENG,0.00039277622
KRX_IRON,smp_window_mean_roll20_mean,0.000387866
KRX_IRON,weather_window_days,0.00038766026
KRX_IRON,EXPORT,0.00038221505
KRX_IRON,rn_day_window_mean,0.0003821474
KRX_IRON,BOND_BBB_roll5_mean,0.0003789374
KRX_IRON,is_traded,0.00035036248
KRX_IRON,ta_avg_dev_window_mean,0.00032524663
KRX_IRON,KOSPI,0.00032031848
KRX_IRON,BOND_3Y,0.0002524372
KRX_IRON,Oman_roll5_mean,0.00024402518
KRX_IRON,BSI_P,0.00023117452
KRX_IRON,CLI,0.0001752975
KRX_IRON,Oman_roll20_mean,0.00017289825
KRX_IRON,NEWCASTLE_COAL_lag1,0.0001563074
KRX_IRON,Oman,0.00013606754
KRX_IRON,vintage_bucket,0.00010401522
KRX_IRON,smp_window_mean,0.00010037031
KRX_IRON,rn_day,0.000100202175
KRX_IRON,NEWCASTLE_COAL_roll20_mean,9.531599e-05
KRX_IRON,NEWCASTLE_COAL,9.4771385e-05
KRX_IRON,IMPORT,7.8789184e-05
KRX_IRON,BOND_BBB,7.749933e-05
KRX_IRON,BSI_E,7.730789e-05
KRX_IRON,smp_window_mean_lag1,7.611406e-05
KRX_IRON,CPI,6.990553e-05
KRX_IRON,CAP_UTIL,6.112675e-05
KRX_IRON,BOND_BBB_lag1,4.6265184e-05
KRX_IRON,FV_KAU24,2.1851622e-05
KRX_IRON,IIP_STEEL,2.1174328e-05
ask_ratio_last,VIX_KR,0.014413742
ask_ratio_last,IND_ORDER,0.009070061
ask_ratio_last,KOSPI,0.00785801
ask_ratio_last,ta_avg,0.005233547
ask_ratio_last,KRX_CEMENT,0.0049773115
ask_ratio_last,USD_CNY,0.004652824
ask_ratio_last,HH_GAS,0.004242224
ask_ratio_last,GDP,0.0034139827
ask_ratio_last,KRX_ENERGY_lag1,0.0033871424
ask_ratio_last,ta_avg_window_mean,0.0033170993
ask_ratio_last,KRX_SEMICON,0.0033076263
ask_ratio_last,BOND_3Y,0.003038586
ask_ratio_last,ta_avg_dev_abs_window_mean,0.0028310155
ask_ratio_last,Oman_roll20_mean,0.002512594
ask_ratio_last,BOND_BBB_roll20_mean,0.0021550672
ask_ratio_last,ta_avg_dev_abs_window_max,0.002106862
ask_ratio_last,smp_window_mean_roll5_mean,0.0020728991
ask_ratio_last,bid_qty_window,0.0018497927
ask_ratio_last,ta_avg_dev,0.0017377753
ask_ratio_last,Oman,0.0017350776
ask_ratio_last,ta_avg_dev_abs,0.0016596697
ask_ratio_last,CREDIT_SPREAD,0.0015929228
ask_ratio_last,KRX_ENERGY_roll20_mean,0.0015780065
ask_ratio_last,SMP_MEAN,0.0015568798
ask_ratio_last,IMPORT,0.0015330309
ask_ratio_last,ta_avg_dev_window_mean,0.0014678204
ask_ratio_last,NEWCASTLE_COAL,0.0014497852
ask_ratio_last,USD,0.0014274936
ask_ratio_last,BOND_BBB_lag1,0.0014073601
ask_ratio_last,KRX_IRON,0.001358165
ask_ratio_last,BOND_BBB_roll5_mean,0.0012863862
ask_ratio_last,Oman_lag1,0.0012765862
ask_ratio_last,KRX_ENG,0.0012554636
ask_ratio_last,KRX_ENERGY_roll5_mean,0.0011902851
ask_ratio_last,KRX_ENERGY,0.001066716
ask_ratio_last,NEWCASTLE_COAL_roll20_mean,0.0010609919
ask_ratio_last,smp_window_mean_lag1,0.0010391425
ask_ratio_last,Oman_roll5_mean,0.0010295936
ask_ratio_last,is_traded,0.00088978146
ask_ratio_last,rn_day_window_mean,0.00081505685
ask_ratio_last,IIP_STEEL,0.00081209926
ask_ratio_last,WTI,0.0008036602
ask_ratio_last,Brent,0.00080038176
ask_ratio_last,smp_window_mean,0.00068058545
ask_ratio_last,IIP_MFG,0.0006310745
ask_ratio_last,EXPORT,0.0006261385
ask_ratio_last,NEWCASTLE_COAL_lag1,0.0005975805
ask_ratio_last,CAP_UTIL,0.0005961407
ask_ratio_last,smp_window_days,0.0005868948
ask_ratio_last,CLI,0.0005794746
ask_ratio_last,NEWCASTLE_COAL_roll5_mean,0.00045919238
ask_ratio_last,smp_window_mean_roll20_mean,0.00045226625
ask_ratio_last,weather_window_days,0.00044295663
ask_ratio_last,rn_day_window_sum,0.0004320259
ask_ratio_last,BSI_E,0.00041493328
ask_ratio_last,CPI,0.00036086768
ask_ratio_last,BOND_BBB,0.00035459732
ask_ratio_last,PPI,0.0003524732
ask_ratio_last,IIP_CHEM,0.00031060207
ask_ratio_last,Dubai,0.00030801698
ask_ratio_last,CALL,0.00029430998
ask_ratio_last,CCI,0.00028736543
ask_ratio_last,rn_day,0.00025112476
ask_ratio_last,auction_window5,0.0002175379
ask_ratio_last,FV_KAU22,0.00015664108
ask_ratio_last,vintage_bucket,0.00013708076
ask_ratio_last,BSI_P,4.779403e-05
ask_ratio_last,auction_window7,4.160655e-05
ask_ratio_last,FV_KAU20,1.7559361e-05
ask_ratio_last,FV_KAU24,1.2018618e-05
IND_ORDER,ask_ratio_last,0.009070064
IND_ORDER,VIX_KR,0.006420027
IND_ORDER,Dubai,0.0050700023
IND_ORDER,KOSPI,0.003163381
IND_ORDER,ta_avg_window_mean,0.0027676206
IND_ORDER,Oman_lag1,0.0023882915
IND_ORDER,BOND_3Y,0.002304968
IND_ORDER,KRX_ENERGY_roll20_mean,0.0022586633
IND_ORDER,KRX_IRON,0.0019520948
IND_ORDER,smp_window_days,0.0019211568
IND_ORDER,CREDIT_SPREAD,0.0018566649
IND_ORDER,Oman_roll20_mean,0.0017842625
IND_ORDER,BOND_BBB_roll20_mean,0.0017212806
IND_ORDER,IIP_MFG,0.0016268325
IND_ORDER,Brent,0.0015647289
IND_ORDER,NEWCASTLE_COAL_roll20_mean,0.0014260889
IND_ORDER,smp_window_mean_lag1,0.0013672414
IND_ORDER,WTI,0.001295618
IND_ORDER,ta_avg_dev,0.0012877045
IND_ORDER,NEWCASTLE_COAL_roll5_mean,0.0012441609
IND_ORDER,SMP_MEAN,0.0012292487
IND_ORDER,ta_avg,0.0012086688
IND_ORDER,HH_GAS,0.0011779416
IND_ORDER,Oman,0.0011460959
IND_ORDER,is_traded,0.0011308424
IND_ORDER,USD_CNY,0.001110438
IND_ORDER,bid_qty_window,0.0010790825
IND_ORDER,KRX_SEMICON,0.0010153948
IND_ORDER,smp_window_mean_roll5_mean,0.0010070862
IND_ORDER,ta_avg_dev_abs,0.00097575557
IND_ORDER,KRX_ENERGY,0.0009575818
IND_ORDER,KRX_ENERGY_lag1,0.00091263687
IND_ORDER,ta_avg_dev_abs_window_mean,0.00088554394
IND_ORDER,ta_avg_dev_abs_window_max,0.00084513065
IND_ORDER,USD,0.00082380406
IND_ORDER,NEWCASTLE_COAL_lag1,0.00079949043
IND_ORDER,IIP_STEEL,0.0007795094
IND_ORDER,KRX_ENERGY_roll5_mean,0.000710623
IND_ORDER,BOND_BBB_roll5_mean,0.0006537242
IND_ORDER,NEWCASTLE_COAL,0.0005961321
IND_ORDER,weather_window_days,0.0005941599
IND_ORDER,CLI,0.00058522035
IND_ORDER,Oman_roll5_mean,0.00056386454
IND_ORDER,smp_window_mean,0.0005592141
IND_ORDER,rn_day_window_sum,0.0004955856
IND_ORDER,BSI_P,0.00047842014
IND_ORDER,KRX_CEMENT,0.00042122393
IND_ORDER,GDP,0.000372079
IND_ORDER,rn_day_window_mean,0.00036502167
IND_ORDER,ta_avg_dev_window_mean,0.00036286982
IND_ORDER,smp_window_mean_roll20_mean,0.0003397065
IND_ORDER,IMPORT,0.00026410742
IND_ORDER,BOND_BBB_lag1,0.00024686806
IND_ORDER,FV_KAU23,0.00023495185
IND_ORDER,BSI_E,0.0002335944
IND_ORDER,CCI,0.0002156707
IND_ORDER,KRX_ENG,0.00021166052
IND_ORDER,EXPORT,0.00020368588
IND_ORDER,CALL,0.00013311536
IND_ORDER,CAP_UTIL,0.0001114523
IND_ORDER,BOND_BBB,0.00011038326
IND_ORDER,auction_window5,0.00010190297
IND_ORDER,rn_day,7.824613e-05
IND_ORDER,IIP_CHEM,6.639314e-05
IND_ORDER,CPI,5.2153617e-05
IND_ORDER,auction_window7,4.0637766e-05
IND_ORDER,PPI,2.4227393e-05
IND_ORDER,FV_KAU19,2.2955484e-05
IND_ORDER,FV_KAU22,6.1160067e-06
IND_ORDER,FV_KAU20,5.9283475e-06
ta_avg_dev_abs_window_mean,VIX_KR,0.006230012
ta_avg_dev_abs_window_mean,KRX_IRON,0.0035403904
ta_avg_dev_abs_window_mean,GDP,0.0035368619
ta_avg_dev_abs_window_mean,ask_ratio_last,0.0028310192
ta_avg_dev_abs_window_mean,ta_avg_dev_abs_window_max,0.002517955
ta_avg_dev_abs_window_mean,KRX_ENERGY_roll20_mean,0.002284745
ta_avg_dev_abs_window_mean,smp_window_mean_lag1,0.0022244737
ta_avg_dev_abs_window_mean,ta_avg_dev_abs,0.0019845138
ta_avg_dev_abs_window_mean,Oman_roll20_mean,0.0018192175
ta_avg_dev_abs_window_mean,USD_CNY,0.0014020094
ta_avg_dev_abs_window_mean,WTI,0.0013400734
ta_avg_dev_abs_window_mean,ta_avg_window_mean,0.0012703355
ta_avg_dev_abs_window_mean,HH_GAS,0.001236382
ta_avg_dev_abs_window_mean,KRX_CEMENT,0.0011138681
ta_avg_dev_abs_window_mean,Brent,0.00096033287
ta_avg_dev_abs_window_mean,IND_ORDER,0.0008855428
ta_avg_dev_abs_window_mean,KRX_ENERGY_lag1,0.00084659056
ta_avg_dev_abs_window_mean,NEWCASTLE_COAL,0.00078451
ta_avg_dev_abs_window_mean,smp_window_mean_roll5_mean,0.0007702966
ta_avg_dev_abs_window_mean,Dubai,0.0007436419
ta_avg_dev_abs_window_mean,CCI,0.0007343645
ta_avg_dev_abs_window_mean,IIP_STEEL,0.0007227017
ta_avg_dev_abs_window_mean,PPI,0.00072154106
ta_avg_dev_abs_window_mean,KRX_SEMICON,0.0006823358
ta_avg_dev_abs_window_mean,BSI_E,0.000680807
ta_avg_dev_abs_window_mean,USD,0.000609283
ta_avg_dev_abs_window_mean,Oman_lag1,0.0006082898
ta_avg_dev_abs_window_mean,ta_avg_dev,0.0005381673
ta_avg_dev_abs_window_mean,ta_avg,0.00052841665
ta_avg_dev_abs_window_mean,bid_qty_window,0.0005170905
ta_avg_dev_abs_window_mean,Oman_roll5_mean,0.0005047565
ta_avg_dev_abs_window_mean,SMP_MEAN,0.0005043626
ta_avg_dev_abs_window_mean,BOND_BBB_roll20_mean,0.00050359906
ta_avg_dev_abs_window_mean,smp_window_days,0.00046005187
ta_avg_dev_abs_window_mean,KRX_ENERGY,0.00043956758
ta_avg_dev_abs_window_mean,BOND_BBB_roll5_mean,0.00036750914
ta_avg_dev_abs_window_mean,IMPORT,0.0003651483
ta_avg_dev_abs_window_mean,KOSPI,0.000354105
ta_avg_dev_abs_window_mean,KRX_ENERGY_roll5_mean,0.00035366087
ta_avg_dev_abs_window_mean,smp_window_mean_roll20_mean,0.0003519228
ta_avg_dev_abs_window_mean,NEWCASTLE_COAL_lag1,0.0003256212
ta_avg_dev_abs_window_mean,is_traded,0.00032514325
ta_avg_dev_abs_window_mean,BOND_3Y,0.0003120257
ta_avg_dev_abs_window_mean,smp_window_mean,0.00030924747
ta_avg_dev_abs_window_mean,NEWCASTLE_COAL_roll5_mean,0.0003088307
ta_avg_dev_abs_window_mean,Oman,0.0002704836
ta_avg_dev_abs_window_mean,IIP_MFG,0.00026686979
ta_avg_dev_abs_window_mean,CAP_UTIL,0.0002465154
ta_avg_dev_abs_window_mean,CREDIT_SPREAD,0.00023556745
ta_avg_dev_abs_window_mean,weather_window_days,0.00023473098
ta_avg_dev_abs_window_mean,NEWCASTLE_COAL_roll20_mean,0.00020084486
ta_avg_dev_abs_window_mean,KRX_ENG,0.00019786728
ta_avg_dev_abs_window_mean,IIP_CHEM,0.00019691866
ta_avg_dev_abs_window_mean,EXPORT,0.00017307191
ta_avg_dev_abs_window_mean,CPI,0.0001524691
ta_avg_dev_abs_window_mean,rn_day,0.00014208976
ta_avg_dev_abs_window_mean,BOND_BBB_lag1,0.00014123264
ta_avg_dev_abs_window_mean,CLI,0.00013975761
ta_avg_dev_abs_window_mean,FV_KAU23,0.00013691241
ta_avg_dev_abs_window_mean,BOND_BBB,0.00011500301
ta_avg_dev_abs_window_mean,rn_day_window_sum,0.00011374341
ta_avg_dev_abs_window_mean,rn_day_window_mean,9.542514e-05
ta_avg_dev_abs_window_mean,FV_KAU24,8.014544e-05
ta_avg_dev_abs_window_mean,ta_avg_dev_window_mean,6.60561e-05
ta_avg_dev_abs_window_mean,vintage_bucket,2.7452063e-05
ta_avg_dev_abs_window_mean,BSI_P,2.4993942e-05
ta_avg_dev_abs_window_mean,FV_KAU19,2.3890974e-05
ta_avg_dev_abs_window_mean,auction_window5,1.8479797e-05
ta_avg_dev_abs_window_mean,ask_ratio_last_known,1.5864774e-05
ta_avg_dev_abs_window_mean,auction_window7,1.1139804e-05
bid_qty_window,VIX_KR,0.0073145963
bid_qty_window,PPI,0.0041039754
bid_qty_window,KRX_SEMICON,0.0035977722
bid_qty_window,KOSPI,0.0024179018
bid_qty_window,WTI,0.0022256
bid_qty_window,ask_ratio_last,0.0018497935
bid_qty_window,KRX_IRON,0.0015466021
bid_qty_window,KRX_ENERGY_roll20_mean,0.0014783285
bid_qty_window,KRX_CEMENT,0.0011443347
bid_qty_window,IND_ORDER,0.0010790796
bid_qty_window,Brent,0.0010285759
bid_qty_window,EXPORT,0.0010239778
bid_qty_window,BOND_BBB_roll20_mean,0.0009997722
bid_qty_window,CCI,0.0009318902
bid_qty_window,NEWCASTLE_COAL_roll20_mean,0.00087983353
bid_qty_window,CLI,0.0008639356
bid_qty_window,GDP,0.00084121077
bid_qty_window,CREDIT_SPREAD,0.0008087111
bid_qty_window,BOND_3Y,0.00075812876
bid_qty_window,smp_window_mean_roll5_mean,0.00071635057
bid_qty_window,ta_avg_dev,0.0007091023
bid_qty_window,IIP_MFG,0.00068269443
bid_qty_window,ta_avg,0.00064780936
bid_qty_window,KRX_ENERGY,0.0005992193
bid_qty_window,BSI_P,0.0005651851
bid_qty_window,USD,0.00056092907
bid_qty_window,KRX_ENG,0.00054394454
bid_qty_window,HH_GAS,0.0005375549
bid_qty_window,ta_avg_dev_abs_window_mean,0.0005170909
bid_qty_window,smp_window_mean_lag1,0.00050752476
bid_qty_window,NEWCASTLE_COAL_lag1,0.00047197324
bid_qty_window,Oman_lag1,0.00044302637
bid_qty_window,ta_avg_dev_abs,0.00041887892
bid_qty_window,Oman_roll20_mean,0.00040744193
bid_qty_window,smp_window_mean_roll20_mean,0.00039713425
bid_qty_window,ta_avg_window_mean,0.0003876009
bid_qty_window,SMP_MEAN,0.00037014936
bid_qty_window,Oman_roll5_mean,0.00035726491
bid_qty_window,KRX_ENERGY_roll5_mean,0.00033843485
bid_qty_window,KRX_ENERGY_lag1,0.00028213052
bid_qty_window,ta_avg_dev_abs_window_max,0.00026395856
bid_qty_window,ta_avg_dev_window_mean,0.00026210275
bid_qty_window,BOND_BBB_roll5_mean,0.00026184585
bid_qty_window,auction_window5,0.00025307803
bid_qty_window,USD_CNY,0.0002434915
bid_qty_window,is_traded,0.00022611152
bid_qty_window,rn_day_window_sum,0.0001918291
bid_qty_window,BOND_BBB_lag1,0.00018725496
bid_qty_window,NEWCASTLE_COAL,0.00016824967
bid_qty_window,FV_KAU23,0.00016360416
bid_qty_window,IMPORT,0.0001536848
bid_qty_window,rn_day,0.00012020767
bid_qty_window,NEWCASTLE_COAL_roll5_mean,9.704317e-05
bid_qty_window,smp_window_days,9.278163e-05
bid_qty_window,smp_window_mean,8.800724e-05
bid_qty_window,ask_ratio_last_known,8.6327724e-05
bid_qty_window,rn_day_window_mean,7.1149334e-05
bid_qty_window,Dubai,6.186364e-05
bid_qty_window,CAP_UTIL,5.2945776e-05
bid_qty_window,weather_window_days,4.3438602e-05
bid_qty_window,CPI,4.307958e-05
bid_qty_window,IIP_CHEM,3.131175e-05
bid_qty_window,BSI_E,2.1769723e-05
bid_qty_window,BOND_BBB,1.7491175e-05
bid_qty_window,IIP_STEEL,1.6124957e-05
bid_qty_window,FV_KAU22,8.741728e-06
bid_qty_window,Oman,1.3083294e-06
PPI,VIX_KR,0.011102871
PPI,bid_qty_window,0.0041039744
PPI,smp_window_mean,0.0034618047
PPI,NEWCASTLE_COAL_roll20_mean,0.002617164
PPI,Oman_roll5_mean,0.0021899848
PPI,CCI,0.0021463502
PPI,KRX_ENERGY_roll20_mean,0.0021161134
PPI,USD,0.0018905252
PPI,CREDIT_SPREAD,0.0017521263
PPI,KRX_SEMICON,0.0016241296
PPI,ta_avg_dev_abs_window_max,0.001493003
PPI,smp_window_mean_lag1,0.0014604034
PPI,WTI,0.0013542778
PPI,smp_window_mean_roll5_mean,0.0013051054
PPI,KRX_ENERGY_roll5_mean,0.0008297995
PPI,Dubai,0.00074702856
PPI,IIP_MFG,0.0007372388
PPI,Oman_roll20_mean,0.0007218057
PPI,ta_avg_dev_abs_window_mean,0.00072154135
PPI,KRX_ENERGY,0.0006243801
PPI,ask_ratio_last,0.0003524726
PPI,CLI,0.00029841115
PPI,KRX_CEMENT,0.00028261138
PPI,rn_day_window_sum,0.00028037062
PPI,Oman_lag1,0.00027369894
PPI,USD_CNY,0.00024112833
PPI,ta_avg_window_mean,0.00021760908
PPI,BSI_E,0.00018727717
PPI,KRX_ENG,0.00018714581
PPI,ta_avg_dev_abs,0.00015928142
PPI,SMP_MEAN,0.00014024191
PPI,HH_GAS,0.00012660747
PPI,smp_window_days,0.00010077423
PPI,rn_day_window_mean,7.727744e-05
PPI,BOND_BBB_roll20_mean,7.1297065e-05
PPI,vintage_bucket,6.095207e-05
PPI,NEWCASTLE_COAL_lag1,5.9483962e-05
PPI,KRX_ENERGY_lag1,4.805867e-05
PPI,Brent,3.899921e-05
PPI,is_traded,3.688882e-05
PPI,CAP_UTIL,3.301467e-05
PPI,BOND_BBB_roll5_mean,2.8481662e-05
PPI,rn_day,2.4527215e-05
PPI,IND_ORDER,2.422659e-05
PPI,smp_window_mean_roll20_mean,2.3568331e-05
PPI,Oman,2.2925948e-05
PPI,CPI,1.8800176e-05
PPI,BOND_3Y,1.2416272e-05
PPI,GDP,1.1301126e-05
PPI,ta_avg_dev_window_mean,1.0629002e-05
PPI,ta_avg_dev,6.6719826e-06
PPI,NEWCASTLE_COAL,5.2393466e-06
PPI,KOSPI,4.361217e-06
PPI,ta_avg,3.2444825e-06
PPI,NEWCASTLE_COAL_roll5_mean,3.1166253e-06
PPI,BOND_BBB,1.9452875e-06
PPI,IMPORT,4.4201963e-07
PPI,EXPORT,2.933895e-07
PPI,IIP_STEEL,1.2120498e-07
is_traded,KRX_ENERGY_roll20_mean,0.005514416
is_traded,VIX_KR,0.0038197867
is_traded,IMPORT,0.003313956
is_traded,CLI,0.0031362975
is_traded,HH_GAS,0.0020997215
is_traded,SMP_MEAN,0.002085841
is_traded,USD,0.0020305759
is_traded,smp_window_mean_roll5_mean,0.0017274638
is_traded,smp_window_mean_lag1,0.0017033267
is_traded,KRX_ENERGY_roll5_mean,0.0016515283
is_traded,CCI,0.001610889
is_traded,GDP,0.001254232
is_traded,WTI,0.0011977574
is_traded,BOND_3Y,0.0011423957
is_traded,IND_ORDER,0.0011308427
is_traded,USD_CNY,0.0009427024
is_traded,Oman_lag1,0.0009306272
is_traded,Brent,0.0008959193
is_traded,ask_ratio_last,0.00088978105
is_traded,CREDIT_SPREAD,0.0008620312
is_traded,KRX_CEMENT,0.0008373367
is_traded,KRX_ENG,0.000786407
is_traded,KRX_ENERGY,0.0007663859
is_traded,FV_KAU19,0.0007115481
is_traded,smp_window_mean_roll20_mean,0.0006360061
is_traded,NEWCASTLE_COAL_lag1,0.000597011
is_traded,Dubai,0.0005573669
is_traded,NEWCASTLE_COAL,0.0005460879
is_traded,KRX_SEMICON,0.0005342102
is_traded,Oman_roll5_mean,0.0004639307
is_traded,Oman,0.00044921946
is_traded,smp_window_mean,0.00044577458
is_traded,ask_ratio_last_known,0.00042419645
is_traded,KRX_ENERGY_lag1,0.00039328294
is_traded,BOND_BBB_roll5_mean,0.00038172113
is_traded,Oman_roll20_mean,0.00037214268
is_traded,KRX_IRON,0.0003503664
is_traded,ta_avg_dev_abs_window_mean,0.0003251438
is_traded,ta_avg_dev_abs_window_max,0.00027562256
is_traded,ta_avg,0.00026668425
is_traded,smp_window_days,0.00026020518
is_traded,BOND_BBB_roll20_mean,0.00024768038
is_traded,ta_avg_window_mean,0.00024421915
is_traded,ta_avg_dev_abs,0.00023203193
is_traded,bid_qty_window,0.00022611012
is_traded,IIP_STEEL,0.00019567301
is_traded,rn_day_window_mean,0.0001886858
is_traded,BSI_E,0.00015817618
is_traded,IIP_MFG,0.00015737358
is_traded,rn_day_window_sum,0.00015651833
is_traded,NEWCASTLE_COAL_roll5_mean,0.00015621418
is_traded,BOND_BBB_lag1,0.00015560458
is_traded,CAP_UTIL,0.000118395175
is_traded,KOSPI,0.000101651836
is_traded,BOND_BBB,9.911532e-05
is_traded,NEWCASTLE_COAL_roll20_mean,9.2271766e-05
is_traded,ta_avg_dev,8.819534e-05
is_traded,ta_avg_dev_window_mean,8.1937644e-05
is_traded,rn_day,8.121e-05
is_traded,EXPORT,7.065096e-05
is_traded,auction_window5,6.74563e-05
is_traded,IIP_CHEM,4.38081e-05
is_traded,PPI,3.6888756e-05
is_traded,weather_window_days,3.1396314e-05
is_traded,BSI_P,2.1589e-05
is_traded,auction_window7,1.3872052e-05
is_traded,CALL,1.1512276e-05
is_traded,FV_KAU22,9.812192e-06
is_traded,FV_KAU24,8.599715e-06
is_traded,CPI,7.554874e-06
is_traded,vintage_bucket,9.958474e-07
HH_GAS,VIX_KR,0.006368715
HH_GAS,USD_CNY,0.005213178
HH_GAS,ask_ratio_last,0.004242222
HH_GAS,KRX_IRON,0.003519686
HH_GAS,GDP,0.0027417578
HH_GAS,is_traded,0.0020997191
HH_GAS,KRX_SEMICON,0.0020075797
HH_GAS,ta_avg_dev_abs,0.0017649118
HH_GAS,KRX_ENERGY_roll20_mean,0.0014736546
HH_GAS,WTI,0.0014202818
HH_GAS,Oman_roll5_mean,0.0013544138
HH_GAS,CAP_UTIL,0.0013062728
HH_GAS,Dubai,0.0012441388
HH_GAS,ta_avg_dev_abs_window_mean,0.0012363828
HH_GAS,IND_ORDER,0.0011779441
HH_GAS,KRX_ENERGY,0.0011725926
HH_GAS,ta_avg_dev_abs_window_max,0.0011591117
HH_GAS,KRX_ENERGY_lag1,0.0011295519
HH_GAS,Oman_roll20_mean,0.0010070248
HH_GAS,KRX_ENG,0.0009952168
HH_GAS,KRX_CEMENT,0.00081574585
HH_GAS,ta_avg_window_mean,0.0007973845
HH_GAS,BOND_BBB_roll5_mean,0.0007397744
HH_GAS,ta_avg,0.0007283259
HH_GAS,NEWCASTLE_COAL,0.00067938777
HH_GAS,USD,0.0006589596
HH_GAS,Brent,0.00064465497
HH_GAS,BOND_BBB_roll20_mean,0.00061287975
HH_GAS,weather_window_days,0.00058519933
HH_GAS,smp_window_mean_roll20_mean,0.00058232096
HH_GAS,smp_window_mean_roll5_mean,0.00057552423
HH_GAS,Oman,0.0005584863
HH_GAS,IIP_MFG,0.0005553368
HH_GAS,bid_qty_window,0.00053755473
HH_GAS,Oman_lag1,0.00050690834
HH_GAS,smp_window_days,0.0005032636
HH_GAS,KOSPI,0.0004807737
HH_GAS,EXPORT,0.0004658617
HH_GAS,IIP_CHEM,0.00045453128
HH_GAS,NEWCASTLE_COAL_roll5_mean,0.0004100998
HH_GAS,rn_day,0.00034548124
HH_GAS,KRX_ENERGY_roll5_mean,0.00033536268
HH_GAS,NEWCASTLE_COAL_lag1,0.00033361142
HH_GAS,ta_avg_dev,0.0002918928
HH_GAS,IMPORT,0.00029120225
HH_GAS,BOND_3Y,0.0002782055
HH_GAS,BOND_BBB,0.000263569
HH_GAS,CREDIT_SPREAD,0.00024314481
HH_GAS,CCI,0.0002229859
HH_GAS,smp_window_mean,0.00022170895
HH_GAS,smp_window_mean_lag1,0.00021950772
HH_GAS,BSI_P,0.00020686047
HH_GAS,SMP_MEAN,0.00018854211
HH_GAS,auction_window7,0.00018256354
HH_GAS,rn_day_window_sum,0.00014873294
HH_GAS,rn_day_window_mean,0.00013947417
HH_GAS,ta_avg_dev_window_mean,0.0001347956
HH_GAS,BSI_E,0.000129545
HH_GAS,PPI,0.00012660681
HH_GAS,BOND_BBB_lag1,0.000121359895
HH_GAS,CLI,0.00011744385
HH_GAS,NEWCASTLE_COAL_roll20_mean,0.000116198855
HH_GAS,IIP_STEEL,0.00010355302
HH_GAS,ask_ratio_last_known,9.515802e-05
HH_GAS,CPI,7.806763e-05
HH_GAS,FV_KAU22,2.9593344e-05
HH_GAS,vintage_bucket,1.1911666e-05
ta_avg_dev_abs,VIX_KR,0.011226738
ta_avg_dev_abs,USD_CNY,0.0030327851
ta_avg_dev_abs,ta_avg_dev_abs_window_mean,0.0019845164
ta_avg_dev_abs,KRX_CEMENT,0.0018458636
ta_avg_dev_abs,HH_GAS,0.0017649122
ta_avg_dev_abs,ask_ratio_last,0.0016596679
ta_avg_dev_abs,smp_window_days,0.0012340052
ta_avg_dev_abs,ta_avg_dev_abs_window_max,0.0011632144
ta_avg_dev_abs,KRX_ENERGY_roll20_mean,0.0010016757
ta_avg_dev_abs,IND_ORDER,0.00097575685
ta_avg_dev_abs,GDP,0.0009642925
ta_avg_dev_abs,ta_avg_window_mean,0.00095871324
ta_avg_dev_abs,NEWCASTLE_COAL_roll20_mean,0.00088818616
ta_avg_dev_abs,BSI_E,0.000750782
ta_avg_dev_abs,ta_avg,0.0007380484
ta_avg_dev_abs,Brent,0.00068971794
ta_avg_dev_abs,WTI,0.0006769527
ta_avg_dev_abs,IIP_STEEL,0.0006252883
ta_avg_dev_abs,KRX_ENERGY_roll5_mean,0.00061250635
ta_avg_dev_abs,KRX_IRON,0.0005354943
ta_avg_dev_abs,EXPORT,0.00051681517
ta_avg_dev_abs,BOND_3Y,0.0004859977
ta_avg_dev_abs,USD,0.00047553368
ta_avg_dev_abs,BOND_BBB_roll5_mean,0.00046331628
ta_avg_dev_abs,Dubai,0.0004437476
ta_avg_dev_abs,bid_qty_window,0.00041887962
ta_avg_dev_abs,NEWCASTLE_COAL,0.00038746654
ta_avg_dev_abs,smp_window_mean_lag1,0.0003609586
ta_avg_dev_abs,IIP_CHEM,0.00035567494
ta_avg_dev_abs,BOND_BBB_roll20_mean,0.0003518287
ta_avg_dev_abs,KRX_ENERGY_lag1,0.00034958316
ta_avg_dev_abs,rn_day,0.0003279783
ta_avg_dev_abs,Oman_roll20_mean,0.00032323916
ta_avg_dev_abs,KRX_SEMICON,0.00032062293
ta_avg_dev_abs,weather_window_days,0.00031999606
ta_avg_dev_abs,smp_window_mean_roll5_mean,0.00031567906
ta_avg_dev_abs,Oman_lag1,0.0003080427
ta_avg_dev_abs,BSI_P,0.00028349113
ta_avg_dev_abs,CALL,0.000269621
ta_avg_dev_abs,ta_avg_dev,0.00023945434
ta_avg_dev_abs,IIP_MFG,0.00023368796
ta_avg_dev_abs,is_traded,0.00023203125
ta_avg_dev_abs,CREDIT_SPREAD,0.00020959132
ta_avg_dev_abs,FV_KAU23,0.0002072878
ta_avg_dev_abs,BOND_BBB_lag1,0.00020017686
ta_avg_dev_abs,KOSPI,0.00019764736
ta_avg_dev_abs,CCI,0.00019644885
ta_avg_dev_abs,smp_window_mean_roll20_mean,0.0001927456
ta_avg_dev_abs,smp_window_mean,0.00018995846
ta_avg_dev_abs,BOND_BBB,0.00017982491
ta_avg_dev_abs,KRX_ENERGY,0.0001672895
ta_avg_dev_abs,PPI,0.00015928141
ta_avg_dev_abs,ta_avg_dev_window_mean,0.00015240202
ta_avg_dev_abs,SMP_MEAN,0.00014928856
ta_avg_dev_abs,NEWCASTLE_COAL_lag1,0.00014107034
ta_avg_dev_abs,CLI,0.00013558635
ta_avg_dev_abs,KRX_ENG,0.00012512921
ta_avg_dev_abs,Oman_roll5_mean,0.00012237373
ta_avg_dev_abs,rn_day_window_mean,0.00012200268
ta_avg_dev_abs,IMPORT,0.00011801407
ta_avg_dev_abs,CAP_UTIL,0.00011361549
ta_avg_dev_abs,vintage_bucket,0.00010842258
ta_avg_dev_abs,ask_ratio_last_known,8.6463384e-05
ta_avg_dev_abs,CPI,8.579485e-05
ta_avg_dev_abs,Oman,6.7299334e-05
ta_avg_dev_abs,NEWCASTLE_COAL_roll5_mean,6.184144e-05
ta_avg_dev_abs,FV_KAU24,1.1350289e-05
ta_avg_dev_abs,rn_day_window_sum,1.1040271e-05
ta_avg_dev_abs,FV_KAU22,8.171911e-06
ta_avg_dev_abs,FV_KAU19,7.2887356e-06
ta_avg_window_mean,VIX_KR,0.009137309
ta_avg_window_mean,GDP,0.003335117
ta_avg_window_mean,ask_ratio_last,0.003317098
ta_avg_window_mean,IND_ORDER,0.0027676213
ta_avg_window_mean,USD,0.0026532446
ta_avg_window_mean,KRX_SEMICON,0.001993989
ta_avg_window_mean,KRX_ENERGY_roll20_mean,0.001963618
ta_avg_window_mean,KRX_CEMENT,0.0018978168
ta_avg_window_mean,BOND_BBB_roll5_mean,0.0018799861
ta_avg_window_mean,KRX_ENERGY_roll5_mean,0.0018624179
ta_avg_window_mean,Brent,0.001710537
ta_avg_window_mean,USD_CNY,0.0016628597
ta_avg_window_mean,ta_avg_dev_abs_window_mean,0.0012703361
ta_avg_window_mean,KRX_IRON,0.0011582518
ta_avg_window_mean,Dubai,0.0011524969
ta_avg_window_mean,KRX_ENERGY,0.0011213139
ta_avg_window_mean,BOND_BBB_roll20_mean,0.0011098313
ta_avg_window_mean,smp_window_mean_lag1,0.0010981722
ta_avg_window_mean,Oman_roll20_mean,0.0010818345
ta_avg_window_mean,KOSPI,0.0010768108
ta_avg_window_mean,ta_avg,0.001037623
ta_avg_window_mean,Oman_lag1,0.0010196838
ta_avg_window_mean,ta_avg_dev_abs,0.00095871376
ta_avg_window_mean,HH_GAS,0.0007973833
ta_avg_window_mean,IIP_MFG,0.0007742736
ta_avg_window_mean,KRX_ENG,0.00071468716
ta_avg_window_mean,KRX_ENERGY_lag1,0.0006326319
ta_avg_window_mean,smp_window_days,0.0006198417
ta_avg_window_mean,BSI_E,0.0006197797
ta_avg_window_mean,CREDIT_SPREAD,0.00059781503
ta_avg_window_mean,NEWCASTLE_COAL_lag1,0.0005898764
ta_avg_window_mean,SMP_MEAN,0.0005887823
ta_avg_window_mean,NEWCASTLE_COAL_roll5_mean,0.0005792039
ta_avg_window_mean,EXPORT,0.0005624946
ta_avg_window_mean,BSI_P,0.0005549053
ta_avg_window_mean,ta_avg_dev_abs_window_max,0.00045799045
ta_avg_window_mean,CLI,0.00044883954
ta_avg_window_mean,Oman,0.00043213236
ta_avg_window_mean,WTI,0.0004131983
ta_avg_window_mean,Oman_roll5_mean,0.00040921377
ta_avg_window_mean,rn_day_window_sum,0.0003913548
ta_avg_window_mean,bid_qty_window,0.00038759923
ta_avg_window_mean,CAP_UTIL,0.0003743099
ta_avg_window_mean,smp_window_mean_roll5_mean,0.0003575518
ta_avg_window_mean,smp_window_mean,0.00035119936
ta_avg_window_mean,rn_day_window_mean,0.0003355952
ta_avg_window_mean,BOND_3Y,0.00032454895
ta_avg_window_mean,ta_avg_dev,0.00032044554
ta_avg_window_mean,vintage_bucket,0.00028201236
ta_avg_window_mean,CCI,0.0002604559
ta_avg_window_mean,IIP_CHEM,0.00024864456
ta_avg_window_mean,is_traded,0.00024421624
ta_avg_window_mean,weather_window_days,0.0002331669
ta_avg_window_mean,NEWCASTLE_COAL,0.0002250182
ta_avg_window_mean,PPI,0.00021760908
ta_avg_window_mean,rn_day,0.00018508961
ta_avg_window_mean,BOND_BBB,0.0001222644
ta_avg_window_mean,IIP_STEEL,0.00012191944
ta_avg_window_mean,NEWCASTLE_COAL_roll20_mean,0.00011750338
ta_avg_window_mean,CPI,9.8040146e-05
ta_avg_window_mean,smp_window_mean_roll20_mean,8.5984364e-05
ta_avg_window_mean,IMPORT,7.8519275e-05
ta_avg_window_mean,FV_KAU22,6.800421e-05
ta_avg_window_mean,BOND_BBB_lag1,6.624864e-05
ta_avg_window_mean,ask_ratio_last_known,5.0743256e-05
ta_avg_window_mean,auction_window5,2.6264406e-05
smp_window_days,KRX_SEMICON,0.003194954
smp_window_days,VIX_KR,0.0024705913
smp_window_days,IND_ORDER,0.0019211561
smp_window_days,USD_CNY,0.0013333585
smp_window_days,ta_avg_dev_abs,0.0012340063
smp_window_days,GDP,0.0012279265
smp_window_days,ta_avg,0.0011780275
smp_window_days,KRX_CEMENT,0.0011034369
smp_window_days,KRX_ENERGY_roll20_mean,0.00096504384
smp_window_days,smp_window_mean,0.0008478208
smp_window_days,ta_avg_dev_abs_window_max,0.0007694908
smp_window_days,Oman_roll5_mean,0.0007254532
smp_window_days,ta_avg_dev,0.00069405074
smp_window_days,rn_day_window_sum,0.0006550254
smp_window_days,ta_avg_window_mean,0.0006198408
smp_window_days,ask_ratio_last,0.00058689516
smp_window_days,Dubai,0.0005640193
smp_window_days,Brent,0.00052574027
smp_window_days,smp_window_mean_lag1,0.00051997544
smp_window_days,HH_GAS,0.00050326355
smp_window_days,KRX_IRON,0.00047227737
smp_window_days,ta_avg_dev_abs_window_mean,0.00046005187
smp_window_days,BSI_E,0.00040855625
smp_window_days,NEWCASTLE_COAL_lag1,0.00040017263
smp_window_days,BOND_BBB_roll20_mean,0.0003510675
smp_window_days,KRX_ENERGY_lag1,0.00034526363
smp_window_days,Oman_roll20_mean,0.0003072245
smp_window_days,CLI,0.0003067937
smp_window_days,USD,0.00030646907
smp_window_days,CCI,0.0002938751
smp_window_days,is_traded,0.00026020483
smp_window_days,rn_day_window_mean,0.00023708896
smp_window_days,WTI,0.00020921385
smp_window_days,NEWCASTLE_COAL,0.00019217774
smp_window_days,Oman_lag1,0.00017954184
smp_window_days,ta_avg_dev_window_mean,0.00017604734
smp_window_days,CAP_UTIL,0.00017523674
smp_window_days,BOND_3Y,0.00017279366
smp_window_days,BOND_BBB_roll5_mean,0.00015270617
smp_window_days,KRX_ENG,0.00014105314
smp_window_days,rn_day,0.00013930493
smp_window_days,smp_window_mean_roll5_mean,0.00012506125
smp_window_days,KRX_ENERGY,0.00011555532
smp_window_days,BOND_BBB,0.00011192881
smp_window_days,auction_window5,0.000107234555
smp_window_days,NEWCASTLE_COAL_roll5_mean,0.00010080292
smp_window_days,PPI,0.00010077433
smp_window_days,SMP_MEAN,9.7754295e-05
smp_window_days,NEWCASTLE_COAL_roll20_mean,9.539542e-05
smp_window_days,bid_qty_window,9.2781855e-05
smp_window_days,FV_KAU22,8.0197184e-05
smp_window_days,BOND_BBB_lag1,6.643976e-05
smp_window_days,smp_window_mean_roll20_mean,6.34953e-05
smp_window_days,KRX_ENERGY_roll5_mean,6.0456263e-05
smp_window_days,auction_window7,5.3625397e-05
smp_window_days,BSI_P,5.158794e-05
smp_window_days,Oman,5.0261373e-05
smp_window_days,CREDIT_SPREAD,4.8972724e-05
smp_window_days,IIP_MFG,4.6326237e-05
smp_window_days,IIP_STEEL,4.415589e-05
smp_window_days,KOSPI,3.6240905e-05
smp_window_days,FV_KAU23,3.434777e-05
smp_window_days,EXPORT,2.5828404e-05
smp_window_days,CPI,1.5362104e-05
smp_window_days,IIP_CHEM,1.3161153e-05
smp_window_mean,VIX_KR,0.003980873
smp_window_mean,PPI,0.003461805
smp_window_mean,smp_window_mean_roll5_mean,0.0024708367
smp_window_mean,KRX_ENERGY_roll20_mean,0.0017736756
smp_window_mean,USD_CNY,0.0014081459
smp_window_mean,smp_window_mean_lag1,0.0012731013
smp_window_mean,KOSPI,0.001169637
smp_window_mean,smp_window_mean_roll20_mean,0.0010589346
smp_window_mean,smp_window_days,0.00084782054
smp_window_mean,KRX_ENERGY_roll5_mean,0.0008342109
smp_window_mean,CLI,0.0007874029
smp_window_mean,IIP_STEEL,0.00072824786
smp_window_mean,ask_ratio_last,0.0006805849
smp_window_mean,BOND_BBB_roll5_mean,0.0006428426
smp_window_mean,BOND_BBB_roll20_mean,0.00062651903
smp_window_mean,NEWCASTLE_COAL_lag1,0.00061083457
smp_window_mean,CREDIT_SPREAD,0.00058223866
smp_window_mean,Oman_roll20_mean,0.0005782339
smp_window_mean,USD,0.00056667795
smp_window_mean,IND_ORDER,0.0005592127
smp_window_mean,GDP,0.0005123354
smp_window_mean,CCI,0.00050968176
smp_window_mean,is_traded,0.00044577537
smp_window_mean,KRX_CEMENT,0.0004400035
smp_window_mean,ta_avg_dev_window_mean,0.00042888898
smp_window_mean,Dubai,0.00042528877
smp_window_mean,SMP_MEAN,0.0003963597
smp_window_mean,NEWCASTLE_COAL,0.0003711393
smp_window_mean,BOND_3Y,0.0003583972
smp_window_mean,ta_avg_window_mean,0.00035119822
smp_window_mean,KRX_ENERGY_lag1,0.00031597164
smp_window_mean,ta_avg_dev_abs_window_mean,0.000309247
smp_window_mean,KRX_SEMICON,0.00030673906
smp_window_mean,KRX_ENG,0.00028632837
smp_window_mean,IIP_MFG,0.00024418454
smp_window_mean,WTI,0.0002321582
smp_window_mean,HH_GAS,0.000221709
smp_window_mean,Oman_roll5_mean,0.00021730423
smp_window_mean,Brent,0.00021133448
smp_window_mean,ta_avg_dev_abs_window_max,0.00019763324
smp_window_mean,Oman_lag1,0.00019076327
smp_window_mean,ta_avg_dev_abs,0.00018995814
smp_window_mean,KRX_ENERGY,0.00017341152
smp_window_mean,Oman,0.00016374771
smp_window_mean,NEWCASTLE_COAL_roll5_mean,0.00016359826
smp_window_mean,EXPORT,0.00015287842
smp_window_mean,ta_avg,0.00011839394
smp_window_mean,rn_day,0.000117318225
smp_window_mean,CPI,0.000112889036
smp_window_mean,CAP_UTIL,0.00011127037
smp_window_mean,KRX_IRON,0.000100370096
smp_window_mean,NEWCASTLE_COAL_roll20_mean,9.738966e-05
smp_window_mean,bid_qty_window,8.800702e-05
smp_window_mean,IIP_CHEM,8.610572e-05
smp_window_mean,BOND_BBB,7.742046e-05
smp_window_mean,IMPORT,7.443618e-05
smp_window_mean,ta_avg_dev,7.386496e-05
smp_window_mean,rn_day_window_sum,6.0061844e-05
smp_window_mean,BSI_P,5.9714166e-05
smp_window_mean,rn_day_window_mean,5.6595403e-05
smp_window_mean,BSI_E,4.8886246e-05
smp_window_mean,auction_window5,4.5285644e-05
smp_window_mean,BOND_BBB_lag1,4.29281e-05
smp_window_mean,weather_window_days,3.28567e-05
smp_window_mean,FV_KAU24,2.415771e-05
smp_window_mean,ask_ratio_last_known,1.4251621e-05
smp_window_mean,FV_KAU19,8.075773e-06
smp_window_mean,vintage_bucket,6.163712e-06
smp_window_mean,FV_KAU22,3.6547178e-06
Oman_roll5_mean,VIX_KR,0.013232427
Oman_roll5_mean,KRX_ENERGY_roll20_mean,0.0044663125
Oman_roll5_mean,CPI,0.003112251
Oman_roll5_mean,GDP,0.0026115454
Oman_roll5_mean,USD_CNY,0.0024547756
Oman_roll5_mean,BOND_BBB_roll20_mean,0.0024278148
Oman_roll5_mean,Oman_lag1,0.0023453347
Oman_roll5_mean,PPI,0.002189985
Oman_roll5_mean,Dubai,0.0021278053
Oman_roll5_mean,KRX_SEMICON,0.0013944011
Oman_roll5_mean,BOND_3Y,0.0013831205
Oman_roll5_mean,HH_GAS,0.0013544104
Oman_roll5_mean,KRX_CEMENT,0.0012827376
Oman_roll5_mean,KRX_ENERGY_lag1,0.0011144809
Oman_roll5_mean,ask_ratio_last,0.0010295942
Oman_roll5_mean,smp_window_mean_lag1,0.0009819824
Oman_roll5_mean,NEWCASTLE_COAL_roll5_mean,0.00096787565
Oman_roll5_mean,Oman_roll20_mean,0.00090777845
Oman_roll5_mean,BOND_BBB_roll5_mean,0.0008850574
Oman_roll5_mean,KRX_ENERGY,0.0008828622
Oman_roll5_mean,CLI,0.0008818055
Oman_roll5_mean,smp_window_mean_roll5_mean,0.0007826825
Oman_roll5_mean,ta_avg,0.0007628607
Oman_roll5_mean,smp_window_days,0.00072545244
Oman_roll5_mean,USD,0.00060754706
Oman_roll5_mean,KRX_ENERGY_roll5_mean,0.00059345923
Oman_roll5_mean,IND_ORDER,0.0005638622
Oman_roll5_mean,IIP_STEEL,0.0005627745
Oman_roll5_mean,CREDIT_SPREAD,0.00053737854
Oman_roll5_mean,rn_day_window_sum,0.0005091763
Oman_roll5_mean,ta_avg_dev_abs_window_mean,0.00050475774
Oman_roll5_mean,KRX_ENG,0.00048137302
Oman_roll5_mean,is_traded,0.0004639309
Oman_roll5_mean,weather_window_days,0.00042354155
Oman_roll5_mean,ta_avg_window_mean,0.0004092124
Oman_roll5_mean,NEWCASTLE_COAL_lag1,0.00036918416
Oman_roll5_mean,NEWCASTLE_COAL_roll20_mean,0.00035854848
Oman_roll5_mean,bid_qty_window,0.00035726305
Oman_roll5_mean,WTI,0.00034895274
Oman_roll5_mean,NEWCASTLE_COAL,0.0003457994
Oman_roll5_mean,CCI,0.00033246443
Oman_roll5_mean,ta_avg_dev,0.0003218851
Oman_roll5_mean,BOND_BBB_lag1,0.00026606774
Oman_roll5_mean,Brent,0.00026088353
Oman_roll5_mean,SMP_MEAN,0.00024734437
Oman_roll5_mean,KRX_IRON,0.00024402486
Oman_roll5_mean,BOND_BBB,0.00024302451
Oman_roll5_mean,CAP_UTIL,0.00023923889
Oman_roll5_mean,smp_window_mean_roll20_mean,0.00022996451
Oman_roll5_mean,smp_window_mean,0.00021730452
Oman_roll5_mean,Oman,0.00020421561
Oman_roll5_mean,ta_avg_dev_abs_window_max,0.00020223219
Oman_roll5_mean,ta_avg_dev_window_mean,0.00017924863
Oman_roll5_mean,EXPORT,0.00015316551
Oman_roll5_mean,IIP_MFG,0.00012561593
Oman_roll5_mean,ta_avg_dev_abs,0.00012237296
Oman_roll5_mean,vintage_bucket,0.000114811584
Oman_roll5_mean,IMPORT,0.000100506746
Oman_roll5_mean,rn_day_window_mean,9.816034e-05
Oman_roll5_mean,ask_ratio_last_known,8.713245e-05
Oman_roll5_mean,BSI_E,8.4809544e-05
Oman_roll5_mean,rn_day,2.4210432e-05
Oman_roll5_mean,KOSPI,2.2175136e-05
Oman_roll5_mean,BSI_P,1.7409506e-05
Oman_roll5_mean,IIP_CHEM,1.1580579e-05
Oman_roll5_mean,auction_window7,9.447596e-06
Oman_roll5_mean,FV_KAU23,6.81725e-06
Oman_roll5_mean,FV_KAU19,3.5171906e-06
BSI_E,VIX_KR,0.009096831
BSI_E,BOND_BBB_roll20_mean,0.0022544318
BSI_E,KRX_CEMENT,0.0015822279
BSI_E,BOND_BBB_roll5_mean,0.0013572279
BSI_E,Brent,0.0013328545
BSI_E,ta_avg_dev_abs,0.0007507826
BSI_E,KRX_ENG,0.0007379107
BSI_E,ta_avg_dev_abs_window_mean,0.0006808092
BSI_E,ta_avg_window_mean,0.0006197795
BSI_E,SMP_MEAN,0.00059800193
BSI_E,CREDIT_SPREAD,0.00049631647
BSI_E,ta_avg_dev_window_mean,0.0004719561
BSI_E,ta_avg,0.0004463782
BSI_E,KOSPI,0.0004347514
BSI_E,ask_ratio_last,0.00041493328
BSI_E,smp_window_days,0.00040855538
BSI_E,NEWCASTLE_COAL_roll20_mean,0.00036946192
BSI_E,CLI,0.0003506496
BSI_E,ta_avg_dev_abs_window_max,0.0003334607
BSI_E,NEWCASTLE_COAL,0.00032687947
BSI_E,KRX_ENERGY_roll20_mean,0.00029499843
BSI_E,KRX_ENERGY,0.00026149928
BSI_E,WTI,0.00025960992
BSI_E,smp_window_mean_lag1,0.00025759934
BSI_E,KRX_ENERGY_roll5_mean,0.0002485503
BSI_E,USD_CNY,0.00023427645
BSI_E,IND_ORDER,0.00023359752
BSI_E,KRX_ENERGY_lag1,0.0002225055
BSI_E,Dubai,0.00021867738
BSI_E,USD,0.00021593765
BSI_E,PPI,0.00018727792
BSI_E,ta_avg_dev,0.00017130052
BSI_E,is_traded,0.0001581764
BSI_E,NEWCASTLE_COAL_lag1,0.00014389551
BSI_E,HH_GAS,0.00012954636
BSI_E,smp_window_mean_roll20_mean,0.00012047286
BSI_E,KRX_SEMICON,0.000113303424
BSI_E,smp_window_mean_roll5_mean,9.092883e-05
BSI_E,Oman_roll5_mean,8.480903e-05
BSI_E,rn_day,8.178068e-05
BSI_E,KRX_IRON,7.730866e-05
BSI_E,CCI,6.897999e-05
BSI_E,BOND_BBB,6.741223e-05
BSI_E,GDP,6.733662e-05
BSI_E,rn_day_window_mean,6.641687e-05
BSI_E,IIP_STEEL,5.411698e-05
BSI_E,IIP_MFG,5.1198087e-05
BSI_E,smp_window_mean,4.8886268e-05
BSI_E,IMPORT,4.853125e-05
BSI_E,CPI,4.227577e-05
BSI_E,BSI_P,4.2126816e-05
BSI_E,Oman,3.5272365e-05
BSI_E,weather_window_days,3.395247e-05
BSI_E,EXPORT,3.1143885e-05
BSI_E,Oman_roll20_mean,3.062365e-05
BSI_E,IIP_CHEM,2.791193e-05
BSI_E,Oman_lag1,2.6225569e-05
BSI_E,rn_day_window_sum,2.512193e-05
BSI_E,BOND_3Y,2.2877079e-05
BSI_E,bid_qty_window,2.1770347e-05
BSI_E,BOND_BBB_lag1,2.049009e-05
BSI_E,NEWCASTLE_COAL_roll5_mean,7.772236e-06
BSI_E,CAP_UTIL,4.949732e-06
Oman_lag1,VIX_KR,0.007798127
Oman_lag1,KRX_ENERGY_roll20_mean,0.0047332873
Oman_lag1,GDP,0.0032280385
Oman_lag1,Dubai,0.0026807268
Oman_lag1,IND_ORDER,0.0023882897
Oman_lag1,Oman_roll5_mean,0.002345333
Oman_lag1,USD_CNY,0.00205091
Oman_lag1,KRX_ENG,0.0019803462
Oman_lag1,BOND_BBB_roll20_mean,0.0016352205
Oman_lag1,KRX_IRON,0.0015175872
Oman_lag1,USD,0.0014406416
Oman_lag1,SMP_MEAN,0.0012807258
Oman_lag1,ask_ratio_last,0.0012765846
Oman_lag1,smp_window_mean_roll5_mean,0.0012075689
Oman_lag1,CLI,0.0011725655
Oman_lag1,KRX_ENERGY,0.0011550857
Oman_lag1,BOND_3Y,0.0011073496
Oman_lag1,KRX_ENERGY_roll5_mean,0.0010418833
Oman_lag1,ta_avg_window_mean,0.0010196829
Oman_lag1,smp_window_mean_roll20_mean,0.0010129863
Oman_lag1,is_traded,0.00093062455
Oman_lag1,Oman,0.0008974308
Oman_lag1,BOND_BBB_roll5_mean,0.0008803388
Oman_lag1,KRX_ENERGY_lag1,0.00084371585
Oman_lag1,ta_avg,0.00074378226
Oman_lag1,Brent,0.0006883513
Oman_lag1,CREDIT_SPREAD,0.0006227232
Oman_lag1,rn_day_window_sum,0.0006165243
Oman_lag1,NEWCASTLE_COAL_roll5_mean,0.00061213545
Oman_lag1,ta_avg_dev_abs_window_mean,0.0006082904
Oman_lag1,smp_window_mean_lag1,0.0006075873
Oman_lag1,NEWCASTLE_COAL_roll20_mean,0.00058188423
Oman_lag1,NEWCASTLE_COAL,0.00052776135
Oman_lag1,KRX_SEMICON,0.0005195347
Oman_lag1,HH_GAS,0.0005069087
Oman_lag1,KRX_CEMENT,0.00046861923
Oman_lag1,IIP_CHEM,0.00045056464
Oman_lag1,ta_avg_dev_abs_window_max,0.00044826683
Oman_lag1,bid_qty_window,0.00044302686
Oman_lag1,CCI,0.0004317111
Oman_lag1,WTI,0.00035623115
Oman_lag1,Oman_roll20_mean,0.00035417886
Oman_lag1,CAP_UTIL,0.00034260526
Oman_lag1,BOND_BBB_lag1,0.000322777
Oman_lag1,IIP_STEEL,0.00030962387
Oman_lag1,ta_avg_dev_abs,0.00030804332
Oman_lag1,KOSPI,0.00030282294
Oman_lag1,PPI,0.0002736987
Oman_lag1,IMPORT,0.00019417006
Oman_lag1,smp_window_mean,0.00019076325
Oman_lag1,smp_window_days,0.00017954216
Oman_lag1,CPI,0.0001716336
Oman_lag1,rn_day_window_mean,0.00015514364
Oman_lag1,IIP_MFG,0.0001467505
Oman_lag1,BSI_P,0.0001124741
Oman_lag1,weather_window_days,0.00010325672
Oman_lag1,NEWCASTLE_COAL_lag1,8.59046e-05
Oman_lag1,ta_avg_dev,7.594394e-05
Oman_lag1,rn_day,6.3458996e-05
Oman_lag1,vintage_bucket,6.1424464e-05
Oman_lag1,ask_ratio_last_known,3.0651438e-05
Oman_lag1,BSI_E,2.6225132e-05
Oman_lag1,ta_avg_dev_window_mean,2.4887357e-05
Oman_lag1,BOND_BBB,2.3618488e-05
Oman_lag1,EXPORT,3.0602325e-06
smp_window_mean_roll20_mean,NEWCASTLE_COAL,0.0037350203
smp_window_mean_roll20_mean,NEWCASTLE_COAL_lag1,0.0027212508
smp_window_mean_roll20_mean,KOSPI,0.0026646077
smp_window_mean_roll20_mean,KRX_ENERGY_roll20_mean,0.0018529
smp_window_mean_roll20_mean,VIX_KR,0.0013679255
smp_window_mean_roll20_mean,Oman_roll20_mean,0.0013302912
smp_window_mean_roll20_mean,NEWCASTLE_COAL_roll5_mean,0.0013171289
smp_window_mean_roll20_mean,smp_window_mean_roll5_mean,0.0011285243
smp_window_mean_roll20_mean,SMP_MEAN,0.0011036537
smp_window_mean_roll20_mean,KRX_SEMICON,0.0010874149
smp_window_mean_roll20_mean,BOND_BBB_roll5_mean,0.0010796207
smp_window_mean_roll20_mean,smp_window_mean,0.001058935
smp_window_mean_roll20_mean,NEWCASTLE_COAL_roll20_mean,0.0010506333
smp_window_mean_roll20_mean,KRX_ENERGY_lag1,0.0010364276
smp_window_mean_roll20_mean,Oman_lag1,0.0010129858
smp_window_mean_roll20_mean,USD_CNY,0.00068311475
smp_window_mean_roll20_mean,BOND_3Y,0.00065412093
smp_window_mean_roll20_mean,is_traded,0.0006360056
smp_window_mean_roll20_mean,IIP_CHEM,0.000635256
smp_window_mean_roll20_mean,Dubai,0.0005887927
smp_window_mean_roll20_mean,HH_GAS,0.0005823188
smp_window_mean_roll20_mean,KRX_ENERGY_roll5_mean,0.0005428431
smp_window_mean_roll20_mean,ask_ratio_last,0.00045226555
smp_window_mean_roll20_mean,BOND_BBB_roll20_mean,0.0004514395
smp_window_mean_roll20_mean,GDP,0.00044040443
smp_window_mean_roll20_mean,rn_day,0.00041608544
smp_window_mean_roll20_mean,bid_qty_window,0.00039713457
smp_window_mean_roll20_mean,KRX_IRON,0.00038786794
smp_window_mean_roll20_mean,KRX_ENG,0.00037304268
smp_window_mean_roll20_mean,ta_avg,0.00035841618
smp_window_mean_roll20_mean,ta_avg_dev_abs_window_mean,0.00035192273
smp_window_mean_roll20_mean,KRX_CEMENT,0.0003501613
smp_window_mean_roll20_mean,CCI,0.0003438845
smp_window_mean_roll20_mean,IND_ORDER,0.00033970858
smp_window_mean_roll20_mean,CLI,0.00033310152
smp_window_mean_roll20_mean,ta_avg_dev_window_mean,0.00032286992
smp_window_mean_roll20_mean,Brent,0.0003221237
smp_window_mean_roll20_mean,Oman,0.00031070836
smp_window_mean_roll20_mean,USD,0.00025610067
smp_window_mean_roll20_mean,KRX_ENERGY,0.00025561574
smp_window_mean_roll20_mean,ta_avg_dev_abs_window_max,0.00025158338
smp_window_mean_roll20_mean,Oman_roll5_mean,0.00022996515
smp_window_mean_roll20_mean,ta_avg_dev_abs,0.0001927454
smp_window_mean_roll20_mean,rn_day_window_mean,0.00016487579
smp_window_mean_roll20_mean,IIP_MFG,0.00015070758
smp_window_mean_roll20_mean,CPI,0.0001359413
smp_window_mean_roll20_mean,CREDIT_SPREAD,0.00013195116
smp_window_mean_roll20_mean,BSI_E,0.000120472294
smp_window_mean_roll20_mean,IIP_STEEL,9.077621e-05
smp_window_mean_roll20_mean,ta_avg_window_mean,8.598501e-05
smp_window_mean_roll20_mean,BSI_P,8.0464546e-05
smp_window_mean_roll20_mean,rn_day_window_sum,7.5867305e-05
smp_window_mean_roll20_mean,smp_window_days,6.3495674e-05
smp_window_mean_roll20_mean,WTI,6.3157364e-05
smp_window_mean_roll20_mean,BOND_BBB,6.10315e-05
smp_window_mean_roll20_mean,BOND_BBB_lag1,4.5962373e-05
smp_window_mean_roll20_mean,IMPORT,4.532065e-05
smp_window_mean_roll20_mean,smp_window_mean_lag1,3.786963e-05
smp_window_mean_roll20_mean,ta_avg_dev,3.102259e-05
smp_window_mean_roll20_mean,CAP_UTIL,2.9818986e-05
smp_window_mean_roll20_mean,PPI,2.3567816e-05
smp_window_mean_roll20_mean,FV_KAU19,1.9794257e-05
smp_window_mean_roll20_mean,auction_window7,1.972007e-05
smp_window_mean_roll20_mean,EXPORT,1.2756783e-05
smp_window_mean_roll20_mean,ask_ratio_last_known,5.848015e-06
smp_window_mean_roll20_mean,FV_KAU20,1.4198077e-06
KRX_ENERGY_roll5_mean,VIX_KR,0.013536924
KRX_ENERGY_roll5_mean,USD_CNY,0.006450402
KRX_ENERGY_roll5_mean,KRX_ENERGY_lag1,0.0036287173
KRX_ENERGY_roll5_mean,USD,0.0029936659
KRX_ENERGY_roll5_mean,KRX_IRON,0.0025547815
KRX_ENERGY_roll5_mean,KRX_ENERGY_roll20_mean,0.0025251932
KRX_ENERGY_roll5_mean,KRX_CEMENT,0.001908711
KRX_ENERGY_roll5_mean,ta_avg_window_mean,0.0018624207
KRX_ENERGY_roll5_mean,is_traded,0.0016515272
KRX_ENERGY_roll5_mean,KRX_ENG,0.0015708945
KRX_ENERGY_roll5_mean,SMP_MEAN,0.0014036089
KRX_ENERGY_roll5_mean,KRX_ENERGY,0.0013497667
KRX_ENERGY_roll5_mean,ask_ratio_last,0.0011902851
KRX_ENERGY_roll5_mean,Brent,0.001054369
KRX_ENERGY_roll5_mean,Oman_lag1,0.0010418835
KRX_ENERGY_roll5_mean,NEWCASTLE_COAL_lag1,0.001026552
KRX_ENERGY_roll5_mean,Dubai,0.0009040676
KRX_ENERGY_roll5_mean,ta_avg,0.0008924375
KRX_ENERGY_roll5_mean,BOND_BBB_roll20_mean,0.0008377684
KRX_ENERGY_roll5_mean,smp_window_mean,0.0008342107
KRX_ENERGY_roll5_mean,PPI,0.0008297999
KRX_ENERGY_roll5_mean,KOSPI,0.0007748211
KRX_ENERGY_roll5_mean,IND_ORDER,0.00071062276
KRX_ENERGY_roll5_mean,ta_avg_dev_abs,0.0006125044
KRX_ENERGY_roll5_mean,Oman_roll5_mean,0.0005934601
KRX_ENERGY_roll5_mean,GDP,0.0005834745
KRX_ENERGY_roll5_mean,NEWCASTLE_COAL,0.00057109556
KRX_ENERGY_roll5_mean,smp_window_mean_roll20_mean,0.00054284354
KRX_ENERGY_roll5_mean,CLI,0.0005389682
KRX_ENERGY_roll5_mean,CREDIT_SPREAD,0.0005233331
KRX_ENERGY_roll5_mean,Oman_roll20_mean,0.0004903419
KRX_ENERGY_roll5_mean,KRX_SEMICON,0.00046765278
KRX_ENERGY_roll5_mean,ta_avg_dev_abs_window_mean,0.00035366163
KRX_ENERGY_roll5_mean,bid_qty_window,0.0003384341
KRX_ENERGY_roll5_mean,HH_GAS,0.00033535942
KRX_ENERGY_roll5_mean,smp_window_mean_roll5_mean,0.000328396
KRX_ENERGY_roll5_mean,WTI,0.00030323552
KRX_ENERGY_roll5_mean,rn_day_window_sum,0.00029376656
KRX_ENERGY_roll5_mean,ta_avg_dev_abs_window_max,0.0002853816
KRX_ENERGY_roll5_mean,smp_window_mean_lag1,0.00025419597
KRX_ENERGY_roll5_mean,BSI_E,0.00024854994
KRX_ENERGY_roll5_mean,rn_day_window_mean,0.00023380794
KRX_ENERGY_roll5_mean,NEWCASTLE_COAL_roll5_mean,0.00022345538
KRX_ENERGY_roll5_mean,BOND_BBB_roll5_mean,0.00021007717
KRX_ENERGY_roll5_mean,ta_avg_dev_window_mean,0.00020259699
KRX_ENERGY_roll5_mean,Oman,0.00017813205
KRX_ENERGY_roll5_mean,BOND_BBB_lag1,0.0001527845
KRX_ENERGY_roll5_mean,IMPORT,0.00015027275
KRX_ENERGY_roll5_mean,BOND_3Y,0.000131527
KRX_ENERGY_roll5_mean,CAP_UTIL,0.00013078806
KRX_ENERGY_roll5_mean,weather_window_days,0.0001232414
KRX_ENERGY_roll5_mean,CCI,0.000110027635
KRX_ENERGY_roll5_mean,ta_avg_dev,0.00010860673
KRX_ENERGY_roll5_mean,IIP_MFG,0.000106921034
KRX_ENERGY_roll5_mean,auction_window7,0.00010433402
KRX_ENERGY_roll5_mean,IIP_CHEM,0.00010329141
KRX_ENERGY_roll5_mean,BOND_BBB,9.625865e-05
KRX_ENERGY_roll5_mean,IIP_STEEL,9.425571e-05
KRX_ENERGY_roll5_mean,CPI,7.6981545e-05
KRX_ENERGY_roll5_mean,FV_KAU22,7.657991e-05
KRX_ENERGY_roll5_mean,NEWCASTLE_COAL_roll20_mean,7.56667e-05
KRX_ENERGY_roll5_mean,rn_day,7.059648e-05
KRX_ENERGY_roll5_mean,EXPORT,6.535862e-05
KRX_ENERGY_roll5_mean,smp_window_days,6.045658e-05
KRX_ENERGY_roll5_mean,BSI_P,4.1817828e-05
KRX_ENERGY_roll5_mean,auction_window5,3.8507405e-05
KRX_ENERGY_roll5_mean,FV_KAU23,5.4796938e-06
KRX_ENERGY_roll5_mean,ask_ratio_last_known,4.2160636e-06
KRX_ENERGY_roll5_mean,vintage_bucket,1.252705e-06
KRX_ENERGY_roll5_mean,FV_KAU19,2.5216443e-07
ta_avg,ask_ratio_last,0.005233545
ta_avg,VIX_KR,0.004569455
ta_avg,USD,0.0030585937
ta_avg,USD_CNY,0.0023880694
ta_avg,WTI,0.0020096584
ta_avg,KRX_SEMICON,0.0019702686
ta_avg,ta_avg_dev_window_mean,0.001547757
ta_avg,Dubai,0.0013153905
ta_avg,ta_avg_dev_abs_window_max,0.0012829645
ta_avg,BOND_BBB_roll5_mean,0.0012694754
ta_avg,BOND_BBB_roll20_mean,0.0012541162
ta_avg,KRX_ENERGY_roll20_mean,0.001228798
ta_avg,IND_ORDER,0.0012086682
ta_avg,GDP,0.0011951746
ta_avg,smp_window_days,0.0011780272
ta_avg,Oman_roll20_mean,0.0010723397
ta_avg,ta_avg_window_mean,0.0010376227
ta_avg,NEWCASTLE_COAL_lag1,0.00092009484
ta_avg,KRX_ENERGY_roll5_mean,0.0008924378
ta_avg,BOND_BBB_lag1,0.00085858454
ta_avg,KRX_IRON,0.00084113085
ta_avg,Oman_roll5_mean,0.00076286134
ta_avg,Oman_lag1,0.00074378157
ta_avg,ta_avg_dev_abs,0.0007380468
ta_avg,HH_GAS,0.0007283265
ta_avg,bid_qty_window,0.00064780895
ta_avg,CAP_UTIL,0.00055334496
ta_avg,KRX_CEMENT,0.00053917564
ta_avg,ta_avg_dev_abs_window_mean,0.0005284176
ta_avg,BSI_E,0.00044637854
ta_avg,KRX_ENG,0.00043648804
ta_avg,CREDIT_SPREAD,0.00037538118
ta_avg,smp_window_mean_lag1,0.00037104223
ta_avg,smp_window_mean_roll20_mean,0.00035841583
ta_avg,SMP_MEAN,0.00033158044
ta_avg,IIP_CHEM,0.00032994658
ta_avg,NEWCASTLE_COAL_roll5_mean,0.00032706375
ta_avg,BOND_BBB,0.00030503026
ta_avg,rn_day_window_mean,0.00029561302
ta_avg,rn_day,0.00028541056
ta_avg,IMPORT,0.0002851148
ta_avg,CCI,0.0002740422
ta_avg,KRX_ENERGY,0.00026953642
ta_avg,is_traded,0.00026668343
ta_avg,CLI,0.00026158913
ta_avg,BOND_3Y,0.00026074165
ta_avg,IIP_STEEL,0.00026010105
ta_avg,NEWCASTLE_COAL,0.00023313348
ta_avg,KRX_ENERGY_lag1,0.0002180047
ta_avg,auction_window7,0.00019934568
ta_avg,CALL,0.00018570467
ta_avg,EXPORT,0.00018149565
ta_avg,vintage_bucket,0.00018074394
ta_avg,KOSPI,0.000172115
ta_avg,IIP_MFG,0.00016860904
ta_avg,rn_day_window_sum,0.0001678711
ta_avg,Brent,0.00013626611
ta_avg,weather_window_days,0.00013461917
ta_avg,smp_window_mean_roll5_mean,0.00013054437
ta_avg,FV_KAU23,0.00012250408
ta_avg,CPI,0.00012169283
ta_avg,smp_window_mean,0.00011839372
ta_avg,ask_ratio_last_known,0.00010647665
ta_avg,NEWCASTLE_COAL_roll20_mean,8.407377e-05
ta_avg,Oman,6.45143e-05
ta_avg,BSI_P,2.4693027e-05
ta_avg,PPI,3.2446612e-06
smp_window_mean_roll5_mean,smp_window_mean,0.0024708367
smp_window_mean_roll5_mean,GDP,0.0023686027
smp_window_mean_roll5_mean,KOSPI,0.0022536407
smp_window_mean_roll5_mean,ask_ratio_last,0.002072902
smp_window_mean_roll5_mean,is_traded,0.0017274638
smp_window_mean_roll5_mean,SMP_MEAN,0.001646989
smp_window_mean_roll5_mean,VIX_KR,0.0015160857
smp_window_mean_roll5_mean,PPI,0.001305105
smp_window_mean_roll5_mean,Oman_lag1,0.0012075709
smp_window_mean_roll5_mean,smp_window_mean_roll20_mean,0.0011285243
smp_window_mean_roll5_mean,BOND_BBB_roll20_mean,0.001013585
smp_window_mean_roll5_mean,IND_ORDER,0.0010070873
smp_window_mean_roll5_mean,KRX_ENERGY_roll20_mean,0.00091400143
smp_window_mean_roll5_mean,NEWCASTLE_COAL_roll20_mean,0.0008618237
smp_window_mean_roll5_mean,NEWCASTLE_COAL,0.0008360244
smp_window_mean_roll5_mean,IIP_CHEM,0.0007836981
smp_window_mean_roll5_mean,Oman_roll5_mean,0.0007826826
smp_window_mean_roll5_mean,ta_avg_dev_abs_window_mean,0.00077029614
smp_window_mean_roll5_mean,bid_qty_window,0.0007163502
smp_window_mean_roll5_mean,CPI,0.0005978896
smp_window_mean_roll5_mean,BOND_BBB_roll5_mean,0.0005933428
smp_window_mean_roll5_mean,NEWCASTLE_COAL_lag1,0.0005892686
smp_window_mean_roll5_mean,HH_GAS,0.0005755238
smp_window_mean_roll5_mean,Dubai,0.0005455475
smp_window_mean_roll5_mean,KRX_IRON,0.0004948497
smp_window_mean_roll5_mean,KRX_ENG,0.00047704685
smp_window_mean_roll5_mean,USD_CNY,0.00043767292
smp_window_mean_roll5_mean,KRX_CEMENT,0.00041523346
smp_window_mean_roll5_mean,Oman_roll20_mean,0.00041482286
smp_window_mean_roll5_mean,ta_avg_window_mean,0.00035755197
smp_window_mean_roll5_mean,ta_avg_dev_abs_window_max,0.00033351308
smp_window_mean_roll5_mean,KRX_ENERGY_roll5_mean,0.00032839636
smp_window_mean_roll5_mean,BOND_3Y,0.00032074223
smp_window_mean_roll5_mean,ta_avg_dev_abs,0.00031567924
smp_window_mean_roll5_mean,KRX_SEMICON,0.00031524996
smp_window_mean_roll5_mean,IIP_STEEL,0.00029786577
smp_window_mean_roll5_mean,smp_window_mean_lag1,0.0002681482
smp_window_mean_roll5_mean,KRX_ENERGY_lag1,0.00023503299
smp_window_mean_roll5_mean,ta_avg_dev_window_mean,0.00021739898
smp_window_mean_roll5_mean,Brent,0.00019080788
smp_window_mean_roll5_mean,rn_day_window_mean,0.00015937614
smp_window_mean_roll5_mean,USD,0.00014776869
smp_window_mean_roll5_mean,ta_avg,0.00013054503
smp_window_mean_roll5_mean,IIP_MFG,0.00012986308
smp_window_mean_roll5_mean,smp_window_days,0.00012506216
smp_window_mean_roll5_mean,CREDIT_SPREAD,0.00012451725
smp_window_mean_roll5_mean,IMPORT,0.0001243128
smp_window_mean_roll5_mean,FV_KAU22,0.000114717426
smp_window_mean_roll5_mean,rn_day,9.661795e-05
smp_window_mean_roll5_mean,BSI_E,9.092871e-05
smp_window_mean_roll5_mean,KRX_ENERGY,8.919153e-05
smp_window_mean_roll5_mean,BOND_BBB_lag1,8.503568e-05
smp_window_mean_roll5_mean,BSI_P,7.545509e-05
smp_window_mean_roll5_mean,NEWCASTLE_COAL_roll5_mean,6.238746e-05
smp_window_mean_roll5_mean,CLI,5.9222257e-05
smp_window_mean_roll5_mean,Oman,5.711589e-05
smp_window_mean_roll5_mean,WTI,4.9003436e-05
smp_window_mean_roll5_mean,rn_day_window_sum,3.7528862e-05
smp_window_mean_roll5_mean,ta_avg_dev,3.5390523e-05
smp_window_mean_roll5_mean,BOND_BBB,2.987508e-05
smp_window_mean_roll5_mean,EXPORT,2.3770644e-05
smp_window_mean_roll5_mean,CCI,1.246746e-05
smp_window_mean_roll5_mean,FV_KAU19,1.0026771e-05
smp_window_mean_roll5_mean,FV_KAU23,3.437374e-06
smp_window_mean_roll5_mean,CAP_UTIL,2.4266799e-06
smp_window_mean_roll5_mean,weather_window_days,1.4403486e-06
BOND_BBB_roll5_mean,KRX_ENERGY_roll20_mean,0.002152228
BOND_BBB_roll5_mean,KRX_CEMENT,0.0021195402
BOND_BBB_roll5_mean,ta_avg_window_mean,0.0018799835
BOND_BBB_roll5_mean,BOND_3Y,0.0018029211
BOND_BBB_roll5_mean,VIX_KR,0.0014800249
BOND_BBB_roll5_mean,BSI_E,0.0013572288
BOND_BBB_roll5_mean,ask_ratio_last,0.0012863876
BOND_BBB_roll5_mean,ta_avg,0.0012694764
BOND_BBB_roll5_mean,ta_avg_dev_abs_window_max,0.0012388186
BOND_BBB_roll5_mean,smp_window_mean_roll20_mean,0.001079621
BOND_BBB_roll5_mean,IIP_MFG,0.0009113298
BOND_BBB_roll5_mean,Oman_roll5_mean,0.0008850583
BOND_BBB_roll5_mean,Oman_lag1,0.0008803405
BOND_BBB_roll5_mean,BOND_BBB,0.00081758946
BOND_BBB_roll5_mean,KRX_ENERGY_lag1,0.0008051647
BOND_BBB_roll5_mean,NEWCASTLE_COAL_roll5_mean,0.0007897622
BOND_BBB_roll5_mean,GDP,0.00074561284
BOND_BBB_roll5_mean,HH_GAS,0.00073977234
BOND_BBB_roll5_mean,Brent,0.00070964027
BOND_BBB_roll5_mean,IND_ORDER,0.0006537238
BOND_BBB_roll5_mean,smp_window_mean,0.000642843
BOND_BBB_roll5_mean,Oman_roll20_mean,0.0006218055
BOND_BBB_roll5_mean,smp_window_mean_roll5_mean,0.0005933424
BOND_BBB_roll5_mean,ta_avg_dev_abs,0.0004633164
BOND_BBB_roll5_mean,USD,0.00045282277
BOND_BBB_roll5_mean,KRX_ENERGY,0.000426023
BOND_BBB_roll5_mean,Dubai,0.0003956507
BOND_BBB_roll5_mean,is_traded,0.0003817211
BOND_BBB_roll5_mean,KRX_IRON,0.0003789362
BOND_BBB_roll5_mean,ta_avg_dev_abs_window_mean,0.0003675088
BOND_BBB_roll5_mean,USD_CNY,0.0003473019
BOND_BBB_roll5_mean,SMP_MEAN,0.0003421169
BOND_BBB_roll5_mean,WTI,0.00033939304
BOND_BBB_roll5_mean,KRX_SEMICON,0.0003278889
BOND_BBB_roll5_mean,vintage_bucket,0.0003024322
BOND_BBB_roll5_mean,ta_avg_dev,0.0002974756
BOND_BBB_roll5_mean,NEWCASTLE_COAL_lag1,0.0002679278
BOND_BBB_roll5_mean,bid_qty_window,0.00026184673
BOND_BBB_roll5_mean,smp_window_mean_lag1,0.00024714417
BOND_BBB_roll5_mean,EXPORT,0.00021527223
BOND_BBB_roll5_mean,KRX_ENERGY_roll5_mean,0.00021007677
BOND_BBB_roll5_mean,rn_day_window_mean,0.00019161
BOND_BBB_roll5_mean,weather_window_days,0.00018294131
BOND_BBB_roll5_mean,CAP_UTIL,0.00016806065
BOND_BBB_roll5_mean,smp_window_days,0.00015270627
BOND_BBB_roll5_mean,KRX_ENG,0.00014825667
BOND_BBB_roll5_mean,IIP_CHEM,0.00014373098
BOND_BBB_roll5_mean,IMPORT,0.00014169878
BOND_BBB_roll5_mean,rn_day,0.00014082731
BOND_BBB_roll5_mean,NEWCASTLE_COAL,0.00013634164
BOND_BBB_roll5_mean,ta_avg_dev_window_mean,0.0001341043
BOND_BBB_roll5_mean,CCI,0.00011382506
BOND_BBB_roll5_mean,IIP_STEEL,0.00011313607
BOND_BBB_roll5_mean,BOND_BBB_roll20_mean,0.0001126444
BOND_BBB_roll5_mean,FV_KAU23,0.00010338226
BOND_BBB_roll5_mean,BOND_BBB_lag1,9.848725e-05
BOND_BBB_roll5_mean,BSI_P,9.1125665e-05
BOND_BBB_roll5_mean,KOSPI,8.249948e-05
BOND_BBB_roll5_mean,CREDIT_SPREAD,7.654749e-05
BOND_BBB_roll5_mean,NEWCASTLE_COAL_roll20_mean,5.966542e-05
BOND_BBB_roll5_mean,rn_day_window_sum,5.1847866e-05
BOND_BBB_roll5_mean,ask_ratio_last_known,4.4810615e-05
BOND_BBB_roll5_mean,PPI,2.8481973e-05
BOND_BBB_roll5_mean,auction_window5,2.585107e-05
BOND_BBB_roll5_mean,CLI,1.5026e-05
BOND_BBB_roll5_mean,Oman,1.21438525e-05
BOND_BBB_roll5_mean,auction_window7,9.447596e-06
BOND_BBB_roll5_mean,CPI,5.7548837e-06
SMP_MEAN,KRX_ENERGY_roll20_mean,0.0041213925
SMP_MEAN,USD_CNY,0.0030903888
SMP_MEAN,CLI,0.0027118486
SMP_MEAN,is_traded,0.0020858403
SMP_MEAN,smp_window_mean_lag1,0.0019518934
SMP_MEAN,NEWCASTLE_COAL_lag1,0.0017947452
SMP_MEAN,VIX_KR,0.0016870865
SMP_MEAN,smp_window_mean_roll5_mean,0.0016469884
SMP_MEAN,USD,0.0016037263
SMP_MEAN,ask_ratio_last,0.0015568743
SMP_MEAN,KRX_ENERGY_roll5_mean,0.0014036095
SMP_MEAN,Oman_lag1,0.0012807263
SMP_MEAN,IND_ORDER,0.0012292484
SMP_MEAN,smp_window_mean_roll20_mean,0.0011036532
SMP_MEAN,KRX_ENERGY_lag1,0.0010779874
SMP_MEAN,KOSPI,0.00096976623
SMP_MEAN,NEWCASTLE_COAL,0.0007889075
SMP_MEAN,KRX_ENERGY,0.0007444238
SMP_MEAN,CCI,0.00072795904
SMP_MEAN,KRX_SEMICON,0.000656626
SMP_MEAN,Brent,0.0006528738
SMP_MEAN,ta_avg_dev_window_mean,0.00061981106
SMP_MEAN,KRX_ENG,0.00061926956
SMP_MEAN,BSI_E,0.0005980018
SMP_MEAN,ta_avg_window_mean,0.00058878213
SMP_MEAN,BOND_BBB_roll20_mean,0.00052132516
SMP_MEAN,ta_avg_dev_abs_window_mean,0.0005043614
SMP_MEAN,CREDIT_SPREAD,0.0004753867
SMP_MEAN,BOND_BBB_lag1,0.0004724014
SMP_MEAN,WTI,0.000471861
SMP_MEAN,NEWCASTLE_COAL_roll5_mean,0.0004540345
SMP_MEAN,KRX_IRON,0.00041489184
SMP_MEAN,Oman_roll20_mean,0.0004028626
SMP_MEAN,smp_window_mean,0.00039636
SMP_MEAN,BOND_3Y,0.0003882661
SMP_MEAN,bid_qty_window,0.00037015084
SMP_MEAN,BOND_BBB_roll5_mean,0.00034211684
SMP_MEAN,ta_avg,0.00033158003
SMP_MEAN,BSI_P,0.0002938762
SMP_MEAN,Dubai,0.00028460665
SMP_MEAN,IMPORT,0.00027794213
SMP_MEAN,EXPORT,0.00026245278
SMP_MEAN,Oman_roll5_mean,0.0002473453
SMP_MEAN,IIP_STEEL,0.0002266979
SMP_MEAN,NEWCASTLE_COAL_roll20_mean,0.00020041222
SMP_MEAN,HH_GAS,0.0001885417
SMP_MEAN,GDP,0.00016951842
SMP_MEAN,KRX_CEMENT,0.00016799367
SMP_MEAN,rn_day_window_sum,0.00015333018
SMP_MEAN,ta_avg_dev_abs,0.00014928968
SMP_MEAN,PPI,0.00014024215
SMP_MEAN,rn_day_window_mean,0.0001369979
SMP_MEAN,ta_avg_dev_abs_window_max,0.000115807794
SMP_MEAN,Oman,0.00010574879
SMP_MEAN,smp_window_days,9.7755095e-05
SMP_MEAN,ask_ratio_last_known,9.619763e-05
SMP_MEAN,ta_avg_dev,7.9948055e-05
SMP_MEAN,CAP_UTIL,7.438192e-05
SMP_MEAN,IIP_MFG,6.4066015e-05
SMP_MEAN,BOND_BBB,3.077325e-05
SMP_MEAN,IIP_CHEM,2.6052234e-05
SMP_MEAN,CPI,2.3352355e-05
SMP_MEAN,FV_KAU23,1.8120074e-05
SMP_MEAN,FV_KAU19,1.4782166e-05
SMP_MEAN,auction_window7,1.4124534e-05
SMP_MEAN,rn_day,1.268316e-05
SMP_MEAN,weather_window_days,9.305783e-06
SMP_MEAN,CALL,1.5070093e-06
ta_avg_dev_abs_window_max,VIX_KR,0.0031303305
ta_avg_dev_abs_window_max,ta_avg_dev_abs_window_mean,0.0025179577
ta_avg_dev_abs_window_max,GDP,0.002505267
ta_avg_dev_abs_window_max,ask_ratio_last,0.0021068626
ta_avg_dev_abs_window_max,BOND_BBB_roll20_mean,0.001619135
ta_avg_dev_abs_window_max,PPI,0.0014930036
ta_avg_dev_abs_window_max,ta_avg,0.0012829651
ta_avg_dev_abs_window_max,BOND_BBB_roll5_mean,0.0012388194
ta_avg_dev_abs_window_max,ta_avg_dev_abs,0.0011632136
ta_avg_dev_abs_window_max,HH_GAS,0.0011591105
ta_avg_dev_abs_window_max,USD_CNY,0.0011549902
ta_avg_dev_abs_window_max,KRX_IRON,0.0009024455
ta_avg_dev_abs_window_max,KOSPI,0.0008937968
ta_avg_dev_abs_window_max,IND_ORDER,0.0008451294
ta_avg_dev_abs_window_max,weather_window_days,0.0008438855
ta_avg_dev_abs_window_max,smp_window_days,0.00076948997
ta_avg_dev_abs_window_max,IMPORT,0.000755318
ta_avg_dev_abs_window_max,Oman_roll20_mean,0.0006643475
ta_avg_dev_abs_window_max,IIP_STEEL,0.0006569877
ta_avg_dev_abs_window_max,KRX_ENERGY_roll20_mean,0.0006483772
ta_avg_dev_abs_window_max,CLI,0.00061896903
ta_avg_dev_abs_window_max,KRX_ENERGY,0.00061677716
ta_avg_dev_abs_window_max,Brent,0.0006019541
ta_avg_dev_abs_window_max,IIP_MFG,0.0005979349
ta_avg_dev_abs_window_max,rn_day_window_sum,0.000559004
ta_avg_dev_abs_window_max,BOND_3Y,0.00053251884
ta_avg_dev_abs_window_max,KRX_SEMICON,0.0004813818
ta_avg_dev_abs_window_max,USD,0.0004632207
ta_avg_dev_abs_window_max,ta_avg_window_mean,0.00045798943
ta_avg_dev_abs_window_max,KRX_CEMENT,0.00045315773
ta_avg_dev_abs_window_max,Oman_lag1,0.00044826773
ta_avg_dev_abs_window_max,NEWCASTLE_COAL_lag1,0.00042949035
ta_avg_dev_abs_window_max,KRX_ENERGY_lag1,0.00041900837
ta_avg_dev_abs_window_max,smp_window_mean_roll5_mean,0.0003335134
ta_avg_dev_abs_window_max,BSI_E,0.00033346078
ta_avg_dev_abs_window_max,Oman,0.000309356
ta_avg_dev_abs_window_max,NEWCASTLE_COAL,0.00028641973
ta_avg_dev_abs_window_max,KRX_ENERGY_roll5_mean,0.0002853815
ta_avg_dev_abs_window_max,WTI,0.00028410956
ta_avg_dev_abs_window_max,BOND_BBB_lag1,0.00027741212
ta_avg_dev_abs_window_max,is_traded,0.00027562273
ta_avg_dev_abs_window_max,IIP_CHEM,0.0002726163
ta_avg_dev_abs_window_max,bid_qty_window,0.00026395704
ta_avg_dev_abs_window_max,smp_window_mean_roll20_mean,0.00025158402
ta_avg_dev_abs_window_max,BOND_BBB,0.0002433609
ta_avg_dev_abs_window_max,EXPORT,0.00024186245
ta_avg_dev_abs_window_max,NEWCASTLE_COAL_roll5_mean,0.00023855634
ta_avg_dev_abs_window_max,smp_window_mean_lag1,0.00023779928
ta_avg_dev_abs_window_max,CPI,0.00022797662
ta_avg_dev_abs_window_max,ask_ratio_last_known,0.00022351842
ta_avg_dev_abs_window_max,vintage_bucket,0.00021005876
ta_avg_dev_abs_window_max,Oman_roll5_mean,0.00020223107
ta_avg_dev_abs_window_max,smp_window_mean,0.00019763339
ta_avg_dev_abs_window_max,BSI_P,0.0001969482
ta_avg_dev_abs_window_max,rn_day,0.00018826763
ta_avg_dev_abs_window_max,Dubai,0.00018696468
ta_avg_dev_abs_window_max,KRX_ENG,0.00018149625
ta_avg_dev_abs_window_max,NEWCASTLE_COAL_roll20_mean,0.00013482526
ta_avg_dev_abs_window_max,SMP_MEAN,0.000115807416
ta_avg_dev_abs_window_max,CAP_UTIL,9.010653e-05
ta_avg_dev_abs_window_max,rn_day_window_mean,8.6551714e-05
ta_avg_dev_abs_window_max,CCI,8.605527e-05
ta_avg_dev_abs_window_max,CREDIT_SPREAD,7.828662e-05
ta_avg_dev_abs_window_max,FV_KAU22,6.94436e-05
ta_avg_dev_abs_window_max,ta_avg_dev_window_mean,6.2462954e-05
ta_avg_dev_abs_window_max,FV_KAU24,5.081981e-05
ta_avg_dev_abs_window_max,auction_window7,4.7243837e-05
ta_avg_dev_abs_window_max,ta_avg_dev,3.7917558e-05
ta_avg_dev_abs_window_max,auction_window5,3.430488e-05
ta_avg_dev_abs_window_max,CALL,2.409064e-05
ta_avg_dev_abs_window_max,FV_KAU19,1.4670093e-06
NEWCASTLE_COAL_lag1,KRX_ENERGY_roll20_mean,0.008241213
NEWCASTLE_COAL_lag1,BOND_BBB_roll20_mean,0.005285215
NEWCASTLE_COAL_lag1,CLI,0.004070219
NEWCASTLE_COAL_lag1,CCI,0.003047744
NEWCASTLE_COAL_lag1,USD_CNY,0.0029124154
NEWCASTLE_COAL_lag1,smp_window_mean_roll20_mean,0.0027212515
NEWCASTLE_COAL_lag1,VIX_KR,0.0024346556
NEWCASTLE_COAL_lag1,SMP_MEAN,0.0017947487
NEWCASTLE_COAL_lag1,KRX_ENERGY,0.0011194154
NEWCASTLE_COAL_lag1,KRX_ENERGY_roll5_mean,0.0010265516
NEWCASTLE_COAL_lag1,ta_avg,0.0009200936
NEWCASTLE_COAL_lag1,KRX_ENERGY_lag1,0.00091976003
NEWCASTLE_COAL_lag1,GDP,0.0009026669
NEWCASTLE_COAL_lag1,USD,0.00087517296
NEWCASTLE_COAL_lag1,WTI,0.0008571487
NEWCASTLE_COAL_lag1,KRX_ENG,0.00081481633
NEWCASTLE_COAL_lag1,IND_ORDER,0.0007994886
NEWCASTLE_COAL_lag1,smp_window_mean_lag1,0.0007940881
NEWCASTLE_COAL_lag1,KOSPI,0.00072975765
NEWCASTLE_COAL_lag1,Brent,0.00072108133
NEWCASTLE_COAL_lag1,ta_avg_dev,0.0006734502
NEWCASTLE_COAL_lag1,smp_window_mean,0.00061083597
NEWCASTLE_COAL_lag1,ask_ratio_last,0.00059758086
NEWCASTLE_COAL_lag1,is_traded,0.000597009
NEWCASTLE_COAL_lag1,ta_avg_window_mean,0.00058987585
NEWCASTLE_COAL_lag1,smp_window_mean_roll5_mean,0.00058926904
NEWCASTLE_COAL_lag1,KRX_CEMENT,0.000579555
NEWCASTLE_COAL_lag1,BOND_3Y,0.00054717035
NEWCASTLE_COAL_lag1,bid_qty_window,0.00047197376
NEWCASTLE_COAL_lag1,ta_avg_dev_window_mean,0.0004584928
NEWCASTLE_COAL_lag1,Oman_roll20_mean,0.0004542191
NEWCASTLE_COAL_lag1,ta_avg_dev_abs_window_max,0.00042949038
NEWCASTLE_COAL_lag1,smp_window_days,0.00040017287
NEWCASTLE_COAL_lag1,Oman_roll5_mean,0.00036918302
NEWCASTLE_COAL_lag1,IIP_MFG,0.00033911393
NEWCASTLE_COAL_lag1,Oman,0.0003343354
NEWCASTLE_COAL_lag1,HH_GAS,0.0003336092
NEWCASTLE_COAL_lag1,ta_avg_dev_abs_window_mean,0.00032562125
NEWCASTLE_COAL_lag1,Dubai,0.00029609026
NEWCASTLE_COAL_lag1,IMPORT,0.00029529908
NEWCASTLE_COAL_lag1,BOND_BBB_roll5_mean,0.000267927
NEWCASTLE_COAL_lag1,rn_day_window_mean,0.0002339265
NEWCASTLE_COAL_lag1,weather_window_days,0.00023057743
NEWCASTLE_COAL_lag1,NEWCASTLE_COAL,0.00022899966
NEWCASTLE_COAL_lag1,rn_day_window_sum,0.00020161559
NEWCASTLE_COAL_lag1,NEWCASTLE_COAL_roll5_mean,0.0002012603
NEWCASTLE_COAL_lag1,KRX_IRON,0.0001563088
NEWCASTLE_COAL_lag1,EXPORT,0.00015040208
NEWCASTLE_COAL_lag1,BSI_E,0.00014389565
NEWCASTLE_COAL_lag1,ta_avg_dev_abs,0.00014107025
NEWCASTLE_COAL_lag1,CPI,0.00012850792
NEWCASTLE_COAL_lag1,KRX_SEMICON,0.00012743227
NEWCASTLE_COAL_lag1,FV_KAU23,0.00010409476
NEWCASTLE_COAL_lag1,NEWCASTLE_COAL_roll20_mean,9.773127e-05
NEWCASTLE_COAL_lag1,CREDIT_SPREAD,8.689862e-05
NEWCASTLE_COAL_lag1,Oman_lag1,8.59052e-05
NEWCASTLE_COAL_lag1,IIP_STEEL,8.467341e-05
NEWCASTLE_COAL_lag1,vintage_bucket,7.016731e-05
NEWCASTLE_COAL_lag1,IIP_CHEM,6.426059e-05
NEWCASTLE_COAL_lag1,PPI,5.9484304e-05
NEWCASTLE_COAL_lag1,rn_day,3.9023984e-05
NEWCASTLE_COAL_lag1,CAP_UTIL,3.2965945e-05
NEWCASTLE_COAL_lag1,BOND_BBB,2.7614618e-05
NEWCASTLE_COAL_lag1,BOND_BBB_lag1,2.4610037e-05
NEWCASTLE_COAL_lag1,auction_window5,1.7057118e-05
NEWCASTLE_COAL_lag1,BSI_P,1.4613814e-05
NEWCASTLE_COAL_lag1,FV_KAU19,1.5650969e-06
rn_day_window_mean,USD_CNY,0.0070266873
rn_day_window_mean,KRX_ENERGY_roll20_mean,0.0013799475
rn_day_window_mean,VIX_KR,0.0009276718
rn_day_window_mean,ask_ratio_last,0.0008150572
rn_day_window_mean,WTI,0.00068008836
rn_day_window_mean,CREDIT_SPREAD,0.00052555645
rn_day_window_mean,BOND_BBB_roll20_mean,0.0004897618
rn_day_window_mean,CCI,0.00042138965
rn_day_window_mean,GDP,0.00042113318
rn_day_window_mean,CLI,0.00038426946
rn_day_window_mean,KRX_IRON,0.00038214747
rn_day_window_mean,rn_day_window_sum,0.00037475716
rn_day_window_mean,IND_ORDER,0.00036502103
rn_day_window_mean,ta_avg_window_mean,0.0003355955
rn_day_window_mean,ta_avg_dev,0.0003065722
rn_day_window_mean,rn_day,0.00030288985
rn_day_window_mean,Oman_roll20_mean,0.00029835428
rn_day_window_mean,ta_avg,0.0002956123
rn_day_window_mean,USD,0.00029501453
rn_day_window_mean,Brent,0.00025824888
rn_day_window_mean,KRX_CEMENT,0.00023732947
rn_day_window_mean,smp_window_days,0.00023708885
rn_day_window_mean,NEWCASTLE_COAL_lag1,0.00023392793
rn_day_window_mean,KRX_ENERGY_roll5_mean,0.00023380808
rn_day_window_mean,Dubai,0.00022577344
rn_day_window_mean,weather_window_days,0.00019801194
rn_day_window_mean,BOND_BBB_roll5_mean,0.00019160964
rn_day_window_mean,is_traded,0.00018868553
rn_day_window_mean,smp_window_mean_roll20_mean,0.0001648755
rn_day_window_mean,KRX_SEMICON,0.00016389754
rn_day_window_mean,smp_window_mean_roll5_mean,0.00015937591
rn_day_window_mean,EXPORT,0.00015558572
rn_day_window_mean,Oman_lag1,0.00015514351
rn_day_window_mean,BOND_3Y,0.0001493181
rn_day_window_mean,CAP_UTIL,0.00014317056
rn_day_window_mean,KRX_ENERGY_lag1,0.00014181332
rn_day_window_mean,HH_GAS,0.0001394728
rn_day_window_mean,SMP_MEAN,0.00013699762
rn_day_window_mean,ta_avg_dev_abs,0.000122002944
rn_day_window_mean,KRX_ENERGY,0.000120866964
rn_day_window_mean,IIP_MFG,0.000112021575
rn_day_window_mean,NEWCASTLE_COAL,0.000103566395
rn_day_window_mean,Oman_roll5_mean,9.815976e-05
rn_day_window_mean,ta_avg_dev_abs_window_mean,9.542633e-05
rn_day_window_mean,ta_avg_dev_abs_window_max,8.65518e-05
rn_day_window_mean,Oman,7.822464e-05
rn_day_window_mean,PPI,7.727769e-05
rn_day_window_mean,bid_qty_window,7.114942e-05
rn_day_window_mean,IIP_STEEL,7.0653565e-05
rn_day_window_mean,NEWCASTLE_COAL_roll5_mean,6.873132e-05
rn_day_window_mean,NEWCASTLE_COAL_roll20_mean,6.814279e-05
rn_day_window_mean,BSI_E,6.6417e-05
rn_day_window_mean,KOSPI,5.8933154e-05
rn_day_window_mean,smp_window_mean,5.659545e-05
rn_day_window_mean,KRX_ENG,4.7121528e-05
rn_day_window_mean,ta_avg_dev_window_mean,4.70606e-05
rn_day_window_mean,CPI,4.6081084e-05
rn_day_window_mean,IMPORT,3.9994036e-05
rn_day_window_mean,smp_window_mean_lag1,3.787509e-05
rn_day_window_mean,BOND_BBB,2.175088e-05
rn_day_window_mean,IIP_CHEM,2.156878e-05
rn_day_window_mean,BSI_P,1.5926065e-05
rn_day_window_mean,BOND_BBB_lag1,1.2588779e-05
rn_day_window_mean,ask_ratio_last_known,3.28175e-06
NEWCASTLE_COAL,smp_window_mean_roll20_mean,0.0037350208
NEWCASTLE_COAL,KRX_ENERGY_roll20_mean,0.0026392632
NEWCASTLE_COAL,BOND_BBB_roll20_mean,0.0015223252
NEWCASTLE_COAL,ask_ratio_last,0.0014497822
NEWCASTLE_COAL,USD,0.001389777
NEWCASTLE_COAL,VIX_KR,0.0013861518
NEWCASTLE_COAL,NEWCASTLE_COAL_roll5_mean,0.0011213837
NEWCASTLE_COAL,smp_window_mean_roll5_mean,0.00083602435
NEWCASTLE_COAL,SMP_MEAN,0.00078890834
NEWCASTLE_COAL,ta_avg_dev_abs_window_mean,0.0007845117
NEWCASTLE_COAL,USD_CNY,0.00077759166
NEWCASTLE_COAL,weather_window_days,0.000749785
NEWCASTLE_COAL,HH_GAS,0.0006793863
NEWCASTLE_COAL,CREDIT_SPREAD,0.00066111906
NEWCASTLE_COAL,CLI,0.00063718174
NEWCASTLE_COAL,IND_ORDER,0.00059613585
NEWCASTLE_COAL,NEWCASTLE_COAL_roll20_mean,0.0005941004
NEWCASTLE_COAL,KRX_ENERGY_roll5_mean,0.00057109585
NEWCASTLE_COAL,CCI,0.0005581407
NEWCASTLE_COAL,ta_avg_dev,0.00054816337
NEWCASTLE_COAL,is_traded,0.0005460863
NEWCASTLE_COAL,Oman_lag1,0.00052776287
NEWCASTLE_COAL,WTI,0.0004997478
NEWCASTLE_COAL,KRX_CEMENT,0.00048467476
NEWCASTLE_COAL,Oman_roll20_mean,0.00046425214
NEWCASTLE_COAL,KRX_ENG,0.0004595412
NEWCASTLE_COAL,ta_avg_dev_abs,0.00038746596
NEWCASTLE_COAL,smp_window_mean,0.00037113926
NEWCASTLE_COAL,Oman_roll5_mean,0.0003457991
NEWCASTLE_COAL,BSI_E,0.00032687865
NEWCASTLE_COAL,KRX_ENERGY,0.00028860936
NEWCASTLE_COAL,ta_avg_dev_abs_window_max,0.00028641938
NEWCASTLE_COAL,KOSPI,0.00027465605
NEWCASTLE_COAL,KRX_ENERGY_lag1,0.0002688962
NEWCASTLE_COAL,Brent,0.00025397423
NEWCASTLE_COAL,Dubai,0.00024344296
NEWCASTLE_COAL,BOND_3Y,0.00023944506
NEWCASTLE_COAL,ta_avg,0.00023313236
NEWCASTLE_COAL,NEWCASTLE_COAL_lag1,0.00022899946
NEWCASTLE_COAL,ta_avg_window_mean,0.00022501874
NEWCASTLE_COAL,Oman,0.00020293093
NEWCASTLE_COAL,smp_window_days,0.00019217818
NEWCASTLE_COAL,smp_window_mean_lag1,0.0001811184
NEWCASTLE_COAL,bid_qty_window,0.00016824997
NEWCASTLE_COAL,CPI,0.00016575192
NEWCASTLE_COAL,rn_day_window_sum,0.00014530506
NEWCASTLE_COAL,BOND_BBB_roll5_mean,0.00013634228
NEWCASTLE_COAL,auction_window7,0.00011869691
NEWCASTLE_COAL,BOND_BBB,0.00011381288
NEWCASTLE_COAL,rn_day_window_mean,0.00010356623
NEWCASTLE_COAL,BOND_BBB_lag1,0.000103215934
NEWCASTLE_COAL,KRX_IRON,9.4770854e-05
NEWCASTLE_COAL,rn_day,9.1065165e-05
NEWCASTLE_COAL,CAP_UTIL,8.9077206e-05
NEWCASTLE_COAL,KRX_SEMICON,8.392594e-05
NEWCASTLE_COAL,BSI_P,8.2230064e-05
NEWCASTLE_COAL,GDP,6.653577e-05
NEWCASTLE_COAL,IMPORT,6.283536e-05
NEWCASTLE_COAL,auction_window5,5.904986e-05
NEWCASTLE_COAL,ta_avg_dev_window_mean,5.0642964e-05
NEWCASTLE_COAL,EXPORT,3.7401223e-05
NEWCASTLE_COAL,IIP_STEEL,2.9806908e-05
NEWCASTLE_COAL,ask_ratio_last_known,1.9966752e-05
NEWCASTLE_COAL,IIP_MFG,1.0400399e-05
NEWCASTLE_COAL,IIP_CHEM,8.915282e-06
NEWCASTLE_COAL,PPI,5.238889e-06
NEWCASTLE_COAL,FV_KAU22,9.1331094e-07
NEWCASTLE_COAL,vintage_bucket,6.217407e-07
weather_window_days,KRX_SEMICON,0.0033100124
weather_window_days,USD_CNY,0.0013273217
weather_window_days,CLI,0.001070426
weather_window_days,ta_avg_dev_abs_window_max,0.00084388506
weather_window_days,NEWCASTLE_COAL,0.00074978464
weather_window_days,Oman_roll20_mean,0.0007354999
weather_window_days,GDP,0.00062590645
weather_window_days,IND_ORDER,0.0005941587
weather_window_days,HH_GAS,0.00058519805
weather_window_days,USD,0.0005320237
weather_window_days,VIX_KR,0.00045061804
weather_window_days,BOND_BBB,0.00044585718
weather_window_days,ask_ratio_last,0.00044295652
weather_window_days,Oman_roll5_mean,0.00042354132
weather_window_days,KRX_IRON,0.00038766136
weather_window_days,ta_avg_dev_abs,0.00031999624
weather_window_days,ta_avg_dev,0.0002553047
weather_window_days,ta_avg_dev_abs_window_mean,0.00023473155
weather_window_days,ta_avg_window_mean,0.00023316732
weather_window_days,NEWCASTLE_COAL_lag1,0.00023057779
weather_window_days,rn_day_window_mean,0.0001980121
weather_window_days,IIP_MFG,0.00018767615
weather_window_days,BOND_BBB_roll5_mean,0.00018294097
weather_window_days,Brent,0.00015653227
weather_window_days,KRX_ENERGY_lag1,0.00014844896
weather_window_days,ta_avg_dev_window_mean,0.0001400772
weather_window_days,BSI_P,0.00013753834
weather_window_days,ta_avg,0.00013461913
weather_window_days,BOND_3Y,0.00012954242
weather_window_days,CREDIT_SPREAD,0.00012902627
weather_window_days,KRX_ENERGY_roll5_mean,0.00012324148
weather_window_days,KRX_ENERGY,0.0001222919
weather_window_days,NEWCASTLE_COAL_roll5_mean,0.00011139042
weather_window_days,KRX_ENG,0.00010586427
weather_window_days,Dubai,0.000105494
weather_window_days,BOND_BBB_roll20_mean,0.00010344655
weather_window_days,Oman_lag1,0.00010325678
weather_window_days,KRX_CEMENT,9.804541e-05
weather_window_days,KRX_ENERGY_roll20_mean,9.62444e-05
weather_window_days,vintage_bucket,9.204577e-05
weather_window_days,CPI,7.7911136e-05
weather_window_days,IMPORT,6.471942e-05
weather_window_days,BOND_BBB_lag1,6.437637e-05
weather_window_days,rn_day,4.8811235e-05
weather_window_days,Oman,4.7434554e-05
weather_window_days,bid_qty_window,4.343884e-05
weather_window_days,WTI,3.538657e-05
weather_window_days,auction_window7,3.4931527e-05
weather_window_days,BSI_E,3.395251e-05
weather_window_days,smp_window_mean,3.285665e-05
weather_window_days,is_traded,3.139593e-05
weather_window_days,CAP_UTIL,2.8621182e-05
weather_window_days,KOSPI,1.4664728e-05
weather_window_days,CCI,1.0244698e-05
weather_window_days,SMP_MEAN,9.305544e-06
weather_window_days,smp_window_mean_roll5_mean,1.440228e-06
KRX_ENG,USD_CNY,0.0141089205
KRX_ENG,VIX_KR,0.0077596647
KRX_ENG,KRX_CEMENT,0.0038116886
KRX_ENG,BOND_BBB_roll20_mean,0.0021212487
KRX_ENG,Oman_lag1,0.0019803469
KRX_ENG,KRX_ENERGY_roll5_mean,0.0015708951
KRX_ENG,GDP,0.0014688324
KRX_ENG,ask_ratio_last,0.0012554675
KRX_ENG,Dubai,0.001014124
KRX_ENG,HH_GAS,0.0009952154
KRX_ENG,KRX_ENERGY_lag1,0.0009535834
KRX_ENG,KRX_ENERGY_roll20_mean,0.00083191495
KRX_ENG,NEWCASTLE_COAL_lag1,0.00081481633
KRX_ENG,is_traded,0.00078640477
KRX_ENG,BSI_E,0.00073791074
KRX_ENG,ta_avg_window_mean,0.0007146899
KRX_ENG,IIP_STEEL,0.0006781405
KRX_ENG,SMP_MEAN,0.0006192693
KRX_ENG,Oman_roll20_mean,0.0006019562
KRX_ENG,CPI,0.00055642327
KRX_ENG,bid_qty_window,0.00054394465
KRX_ENG,rn_day_window_sum,0.0005312849
KRX_ENG,NEWCASTLE_COAL_roll5_mean,0.0005217652
KRX_ENG,KRX_ENERGY,0.0005193892
KRX_ENG,Oman_roll5_mean,0.00048137203
KRX_ENG,smp_window_mean_roll5_mean,0.00047704653
KRX_ENG,NEWCASTLE_COAL,0.00045954162
KRX_ENG,ta_avg,0.00043648822
KRX_ENG,KRX_IRON,0.0003927746
KRX_ENG,CREDIT_SPREAD,0.00038796786
KRX_ENG,IIP_CHEM,0.0003833577
KRX_ENG,smp_window_mean_roll20_mean,0.00037304225
KRX_ENG,auction_window7,0.00035704183
KRX_ENG,ta_avg_dev,0.00032039796
KRX_ENG,smp_window_mean,0.0002863284
KRX_ENG,BOND_BBB_lag1,0.00027629695
KRX_ENG,CLI,0.00026577155
KRX_ENG,ta_avg_dev_window_mean,0.0002488768
KRX_ENG,KOSPI,0.00024686856
KRX_ENG,Oman,0.00023042235
KRX_ENG,IND_ORDER,0.00021166356
KRX_ENG,USD,0.0002108929
KRX_ENG,ta_avg_dev_abs_window_mean,0.00019786698
KRX_ENG,PPI,0.00018714555
KRX_ENG,KRX_SEMICON,0.00018598794
KRX_ENG,ta_avg_dev_abs_window_max,0.00018149606
KRX_ENG,WTI,0.00016794952
KRX_ENG,BOND_3Y,0.00015927057
KRX_ENG,IIP_MFG,0.00015852982
KRX_ENG,smp_window_mean_lag1,0.00015097405
KRX_ENG,BOND_BBB_roll5_mean,0.00014825657
KRX_ENG,CCI,0.00014261183
KRX_ENG,smp_window_days,0.00014105304
KRX_ENG,auction_window5,0.0001385961
KRX_ENG,ta_avg_dev_abs,0.00012512914
KRX_ENG,EXPORT,0.00010754693
KRX_ENG,weather_window_days,0.00010586418
KRX_ENG,BOND_BBB,6.4555374e-05
KRX_ENG,rn_day_window_mean,4.7120906e-05
KRX_ENG,Brent,4.497467e-05
KRX_ENG,CAP_UTIL,3.7754446e-05
KRX_ENG,NEWCASTLE_COAL_roll20_mean,3.689205e-05
KRX_ENG,IMPORT,3.5259745e-05
KRX_ENG,BSI_P,2.923797e-05
KRX_ENG,rn_day,1.8114468e-05
KRX_ENG,FV_KAU22,1.8053064e-05
KRX_ENG,FV_KAU23,1.3283226e-05
KRX_ENG,FV_KAU19,3.7073862e-06
CLI,NEWCASTLE_COAL_lag1,0.0040702187
CLI,is_traded,0.0031362951
CLI,SMP_MEAN,0.0027118474
CLI,KRX_ENERGY_lag1,0.0017055672
CLI,GDP,0.0016448811
CLI,Oman_roll20_mean,0.0015553519
CLI,NEWCASTLE_COAL_roll5_mean,0.0012470108
CLI,Oman_lag1,0.001172566
CLI,VIX_KR,0.0011646617
CLI,CPI,0.0011565938
CLI,weather_window_days,0.0010704255
CLI,BSI_P,0.0010228959
CLI,USD,0.0010040324
CLI,IMPORT,0.00092371757
CLI,Oman_roll5_mean,0.00088180613
CLI,bid_qty_window,0.0008639356
CLI,Brent,0.00080008013
CLI,smp_window_mean,0.0007874035
CLI,KRX_CEMENT,0.00072902796
CLI,WTI,0.0006959174
CLI,NEWCASTLE_COAL,0.0006371821
CLI,ta_avg_dev_abs_window_max,0.0006189689
CLI,USD_CNY,0.0006094816
CLI,IND_ORDER,0.0005852199
CLI,ask_ratio_last,0.00057947123
CLI,KRX_ENERGY_roll5_mean,0.00053896836
CLI,Dubai,0.00046029422
CLI,ta_avg_window_mean,0.00044883825
CLI,rn_day_window_sum,0.00042748995
CLI,KRX_ENERGY_roll20_mean,0.00040490646
CLI,rn_day_window_mean,0.0003842697
CLI,BSI_E,0.0003506498
CLI,smp_window_mean_roll20_mean,0.00033310134
CLI,smp_window_days,0.00030679305
CLI,CCI,0.0002996869
CLI,smp_window_mean_lag1,0.0002994353
CLI,PPI,0.00029841225
CLI,NEWCASTLE_COAL_roll20_mean,0.00028759407
CLI,KRX_ENG,0.00026577205
CLI,ta_avg,0.00026158956
CLI,Oman,0.00025668342
CLI,KRX_SEMICON,0.00021473163
CLI,BOND_BBB_roll20_mean,0.00017708051
CLI,KRX_IRON,0.00017529842
CLI,BOND_3Y,0.00017348163
CLI,ta_avg_dev_window_mean,0.00015981868
CLI,IIP_MFG,0.00014832964
CLI,ta_avg_dev_abs_window_mean,0.00013975761
CLI,ta_avg_dev_abs,0.00013558666
CLI,HH_GAS,0.000117445576
CLI,CREDIT_SPREAD,0.00011156862
CLI,ta_avg_dev,0.000104330655
CLI,BOND_BBB,0.00010089897
CLI,CAP_UTIL,0.000100175406
CLI,KRX_ENERGY,9.622559e-05
CLI,KOSPI,9.616657e-05
CLI,smp_window_mean_roll5_mean,5.9221984e-05
CLI,IIP_STEEL,4.599937e-05
CLI,EXPORT,4.0959898e-05
CLI,auction_window5,2.5392119e-05
CLI,rn_day,2.2046663e-05
CLI,IIP_CHEM,1.7644912e-05
CLI,BOND_BBB_roll5_mean,1.5026141e-05
CLI,FV_KAU22,1.1311654e-05
CLI,BOND_BBB_lag1,4.7908898e-06
KRX_ENERGY_lag1,KRX_ENERGY_roll20_mean,0.0040336377
KRX_ENERGY_lag1,KRX_ENERGY_roll5_mean,0.003628717
KRX_ENERGY_lag1,ask_ratio_last,0.0033871408
KRX_ENERGY_lag1,GDP,0.0025276032
KRX_ENERGY_lag1,BOND_BBB_roll20_mean,0.0019115566
KRX_ENERGY_lag1,USD_CNY,0.0018760305
KRX_ENERGY_lag1,KRX_SEMICON,0.001812699
KRX_ENERGY_lag1,CLI,0.0017055672
KRX_ENERGY_lag1,VIX_KR,0.0014389319
KRX_ENERGY_lag1,KRX_ENERGY,0.0012533453
KRX_ENERGY_lag1,CCI,0.0011513523
KRX_ENERGY_lag1,USD,0.0011340659
KRX_ENERGY_lag1,HH_GAS,0.001129552
KRX_ENERGY_lag1,Oman_roll5_mean,0.0011144794
KRX_ENERGY_lag1,SMP_MEAN,0.0010779875
KRX_ENERGY_lag1,smp_window_mean_roll20_mean,0.001036428
KRX_ENERGY_lag1,KRX_IRON,0.0009880766
KRX_ENERGY_lag1,KRX_ENG,0.0009535834
KRX_ENERGY_lag1,NEWCASTLE_COAL_lag1,0.00091976195
KRX_ENERGY_lag1,IND_ORDER,0.0009126346
KRX_ENERGY_lag1,ta_avg_dev_abs_window_mean,0.0008465882
KRX_ENERGY_lag1,Oman_lag1,0.0008437169
KRX_ENERGY_lag1,BOND_BBB_roll5_mean,0.0008051646
KRX_ENERGY_lag1,Oman,0.00077281205
KRX_ENERGY_lag1,Dubai,0.00076989614
KRX_ENERGY_lag1,Oman_roll20_mean,0.0007344564
KRX_ENERGY_lag1,KRX_CEMENT,0.00067788956
KRX_ENERGY_lag1,ta_avg_window_mean,0.0006326303
KRX_ENERGY_lag1,auction_window7,0.0005841333
KRX_ENERGY_lag1,Brent,0.000548523
KRX_ENERGY_lag1,NEWCASTLE_COAL_roll5_mean,0.00049862964
KRX_ENERGY_lag1,ta_avg_dev_abs_window_max,0.00041900808
KRX_ENERGY_lag1,is_traded,0.0003932814
KRX_ENERGY_lag1,ta_avg_dev_abs,0.00034958296
KRX_ENERGY_lag1,smp_window_days,0.00034526325
KRX_ENERGY_lag1,ta_avg_dev,0.0003211253
KRX_ENERGY_lag1,smp_window_mean,0.00031597106
KRX_ENERGY_lag1,WTI,0.0002891215
KRX_ENERGY_lag1,bid_qty_window,0.00028213093
KRX_ENERGY_lag1,NEWCASTLE_COAL,0.00026889608
KRX_ENERGY_lag1,auction_window5,0.00025872973
KRX_ENERGY_lag1,EXPORT,0.00024923115
KRX_ENERGY_lag1,smp_window_mean_roll5_mean,0.00023503277
KRX_ENERGY_lag1,CREDIT_SPREAD,0.00022343367
KRX_ENERGY_lag1,BSI_E,0.00022250584
KRX_ENERGY_lag1,ta_avg,0.00021800466
KRX_ENERGY_lag1,KOSPI,0.00021618628
KRX_ENERGY_lag1,IMPORT,0.00020853287
KRX_ENERGY_lag1,ask_ratio_last_known,0.00017106491
KRX_ENERGY_lag1,BOND_BBB_lag1,0.00017009443
KRX_ENERGY_lag1,IIP_STEEL,0.00016477167
KRX_ENERGY_lag1,BOND_BBB,0.00015702231
KRX_ENERGY_lag1,BOND_3Y,0.00015467565
KRX_ENERGY_lag1,IIP_MFG,0.00015111407
KRX_ENERGY_lag1,weather_window_days,0.00014844885
KRX_ENERGY_lag1,smp_window_mean_lag1,0.00014320157
KRX_ENERGY_lag1,rn_day_window_mean,0.00014181345
KRX_ENERGY_lag1,ta_avg_dev_window_mean,0.00012219916
KRX_ENERGY_lag1,rn_day,0.00010947092
KRX_ENERGY_lag1,CPI,0.00010540377
KRX_ENERGY_lag1,CAP_UTIL,8.687325e-05
KRX_ENERGY_lag1,NEWCASTLE_COAL_roll20_mean,4.8780115e-05
KRX_ENERGY_lag1,PPI,4.805724e-05
KRX_ENERGY_lag1,rn_day_window_sum,3.870122e-05
KRX_ENERGY_lag1,IIP_CHEM,3.4693654e-05
KRX_ENERGY_lag1,FV_KAU23,3.3944107e-05
KRX_ENERGY_lag1,BSI_P,1.4652221e-05
KRX_ENERGY_lag1,vintage_bucket,1.2034305e-05
KRX_ENERGY_lag1,FV_KAU19,6.4832707e-06
Brent,VIX_KR,0.026922261
Brent,USD,0.002889574
Brent,KRX_ENERGY_roll20_mean,0.0023473382
Brent,ta_avg_window_mean,0.0017105376
Brent,IND_ORDER,0.0015647272
Brent,BSI_E,0.0013328538
Brent,USD_CNY,0.0011364883
Brent,KRX_ENERGY_roll5_mean,0.0010543703
Brent,bid_qty_window,0.0010285747
Brent,Dubai,0.0010211653
Brent,ta_avg_dev_abs_window_mean,0.00096033193
Brent,is_traded,0.00089591753
Brent,KRX_IRON,0.00080983184
Brent,ask_ratio_last,0.0008003808
Brent,CLI,0.00080008013
Brent,BOND_3Y,0.0007660586
Brent,BOND_BBB_roll20_mean,0.00072149007
Brent,NEWCASTLE_COAL_lag1,0.0007210798
Brent,BOND_BBB_roll5_mean,0.00070963934
Brent,ta_avg_dev_abs,0.00068971876
Brent,Oman_lag1,0.0006883509
Brent,NEWCASTLE_COAL_roll20_mean,0.0006682166
Brent,SMP_MEAN,0.0006528733
Brent,HH_GAS,0.0006446562
Brent,ta_avg_dev_abs_window_max,0.0006019535
Brent,KRX_CEMENT,0.00058172207
Brent,KRX_ENERGY_lag1,0.0005485226
Brent,smp_window_days,0.00052573916
Brent,IMPORT,0.00046362754
Brent,ta_avg_dev_window_mean,0.00044742695
Brent,Oman_roll20_mean,0.0003918324
Brent,KRX_ENERGY,0.0003514635
Brent,ta_avg_dev,0.00034083295
Brent,smp_window_mean_roll20_mean,0.00032212306
Brent,CCI,0.00030018543
Brent,IIP_MFG,0.0002743823
Brent,GDP,0.000264692
Brent,BOND_BBB,0.000264059
Brent,Oman_roll5_mean,0.0002608824
Brent,rn_day_window_mean,0.00025824938
Brent,EXPORT,0.00025614706
Brent,auction_window5,0.00025593684
Brent,NEWCASTLE_COAL,0.0002539743
Brent,rn_day_window_sum,0.0002453647
Brent,BOND_BBB_lag1,0.00022941704
Brent,smp_window_mean_lag1,0.00021589982
Brent,smp_window_mean,0.00021133419
Brent,smp_window_mean_roll5_mean,0.00019080774
Brent,KRX_SEMICON,0.00018152878
Brent,IIP_STEEL,0.00018065536
Brent,weather_window_days,0.0001565324
Brent,CREDIT_SPREAD,0.00014362029
Brent,NEWCASTLE_COAL_roll5_mean,0.00014118648
Brent,ta_avg,0.0001362666
Brent,ask_ratio_last_known,9.466809e-05
Brent,rn_day,7.5242584e-05
Brent,WTI,7.347924e-05
Brent,KRX_ENG,4.4974913e-05
Brent,PPI,3.8998765e-05
Brent,FV_KAU19,2.5459987e-05
Brent,IIP_CHEM,2.1514017e-05
Brent,BSI_P,1.6625101e-05
Brent,Oman,1.3129704e-05
Brent,KOSPI,1.204037e-05
Brent,CPI,9.0656085e-06
Brent,CAP_UTIL,9.05221e-06
WTI,VIX_KR,0.022275845
WTI,GDP,0.0029283788
WTI,bid_qty_window,0.0022256006
WTI,ta_avg,0.002009658
WTI,KRX_SEMICON,0.001946486
WTI,Dubai,0.0019345575
WTI,USD,0.0019237705
WTI,KRX_ENERGY_roll20_mean,0.0017267436
WTI,BOND_BBB,0.001605007
WTI,KRX_IRON,0.0014892156
WTI,HH_GAS,0.0014202805
WTI,PPI,0.0013542782
WTI,ta_avg_dev_abs_window_mean,0.0013400713
WTI,IND_ORDER,0.0012956175
WTI,is_traded,0.0011977579
WTI,KRX_ENERGY,0.0010264199
WTI,KOSPI,0.0009899222
WTI,NEWCASTLE_COAL_lag1,0.00085714844
WTI,ask_ratio_last,0.0008036606
WTI,BOND_3Y,0.00074488
WTI,CLI,0.0006959169
WTI,rn_day_window_mean,0.00068008853
WTI,ta_avg_dev_abs,0.00067695463
WTI,smp_window_mean_lag1,0.00064434257
WTI,rn_day,0.00063596544
WTI,Oman_roll20_mean,0.0006127615
WTI,ta_avg_dev_window_mean,0.0005734041
WTI,CREDIT_SPREAD,0.0005505056
WTI,KRX_CEMENT,0.0005433936
WTI,Oman,0.0005136673
WTI,NEWCASTLE_COAL,0.0004997489
WTI,SMP_MEAN,0.0004718597
WTI,ta_avg_window_mean,0.00041319788
WTI,USD_CNY,0.00041074347
WTI,rn_day_window_sum,0.00040837718
WTI,IMPORT,0.00039988034
WTI,NEWCASTLE_COAL_roll20_mean,0.00037842005
WTI,CCI,0.00036091078
WTI,Oman_lag1,0.00035623144
WTI,Oman_roll5_mean,0.00034895292
WTI,BOND_BBB_roll5_mean,0.00033939243
WTI,KRX_ENERGY_roll5_mean,0.00030323528
WTI,KRX_ENERGY_lag1,0.00028912062
WTI,ta_avg_dev_abs_window_max,0.000284109
WTI,BOND_BBB_roll20_mean,0.0002672076
WTI,EXPORT,0.00026290453
WTI,BSI_E,0.00025961056
WTI,smp_window_mean,0.00023215821
WTI,smp_window_days,0.00020921355
WTI,BOND_BBB_lag1,0.00018465873
WTI,KRX_ENG,0.00016794949
WTI,IIP_MFG,0.00016694689
WTI,CPI,0.00016417206
WTI,NEWCASTLE_COAL_roll5_mean,0.00015953745
WTI,Brent,7.347931e-05
WTI,IIP_STEEL,7.24409e-05
WTI,IIP_CHEM,6.946935e-05
WTI,smp_window_mean_roll20_mean,6.315721e-05
WTI,CAP_UTIL,5.0044975e-05
WTI,smp_window_mean_roll5_mean,4.9003545e-05
WTI,weather_window_days,3.538647e-05
WTI,auction_window7,1.9720068e-05
WTI,BSI_P,1.1580024e-05
WTI,vintage_bucket,1.0524404e-05
WTI,ta_avg_dev,8.673721e-06
WTI,FV_KAU23,7.3339365e-06
Oman_roll20_mean,VIX_KR,0.00453491
Oman_roll20_mean,ask_ratio_last,0.002512594
Oman_roll20_mean,USD_CNY,0.0019668231
Oman_roll20_mean,ta_avg_dev_abs_window_mean,0.0018192189
Oman_roll20_mean,IND_ORDER,0.0017842596
Oman_roll20_mean,CLI,0.0015553526
Oman_roll20_mean,smp_window_mean_roll20_mean,0.0013302912
Oman_roll20_mean,ta_avg_window_mean,0.0010818333
Oman_roll20_mean,ta_avg,0.0010723403
Oman_roll20_mean,HH_GAS,0.0010070247
Oman_roll20_mean,KRX_SEMICON,0.00091242144
Oman_roll20_mean,Oman_roll5_mean,0.0009077793
Oman_roll20_mean,KRX_ENERGY_roll20_mean,0.0008937373
Oman_roll20_mean,USD,0.00086108304
Oman_roll20_mean,weather_window_days,0.0007354998
Oman_roll20_mean,KRX_ENERGY_lag1,0.00073445553
Oman_roll20_mean,PPI,0.0007218063
Oman_roll20_mean,ta_avg_dev_abs_window_max,0.0006643478
Oman_roll20_mean,BOND_BBB_roll20_mean,0.00065023307
Oman_roll20_mean,ta_avg_dev,0.0006404474
Oman_roll20_mean,BOND_BBB_roll5_mean,0.00062180526
Oman_roll20_mean,Dubai,0.00061307073
Oman_roll20_mean,WTI,0.0006127612
Oman_roll20_mean,KRX_ENG,0.000601956
Oman_roll20_mean,Oman,0.0005866752
Oman_roll20_mean,smp_window_mean,0.0005782334
Oman_roll20_mean,KRX_CEMENT,0.0005736678
Oman_roll20_mean,GDP,0.00054121256
Oman_roll20_mean,KRX_ENERGY,0.0005222405
Oman_roll20_mean,smp_window_mean_lag1,0.0005100101
Oman_roll20_mean,KRX_ENERGY_roll5_mean,0.00049034256
Oman_roll20_mean,NEWCASTLE_COAL,0.0004642512
Oman_roll20_mean,NEWCASTLE_COAL_lag1,0.00045421976
Oman_roll20_mean,BOND_3Y,0.00043136542
Oman_roll20_mean,smp_window_mean_roll5_mean,0.0004148225
Oman_roll20_mean,bid_qty_window,0.00040744338
Oman_roll20_mean,SMP_MEAN,0.000402862
Oman_roll20_mean,Brent,0.00039183203
Oman_roll20_mean,is_traded,0.00037214233
Oman_roll20_mean,Oman_lag1,0.00035417904
Oman_roll20_mean,rn_day_window_sum,0.00033322276
Oman_roll20_mean,ta_avg_dev_abs,0.00032323986
Oman_roll20_mean,CPI,0.00031295352
Oman_roll20_mean,smp_window_days,0.00030722455
Oman_roll20_mean,rn_day_window_mean,0.0002983544
Oman_roll20_mean,KRX_IRON,0.00017289804
Oman_roll20_mean,FV_KAU22,0.00015027953
Oman_roll20_mean,BOND_BBB_lag1,9.7801254e-05
Oman_roll20_mean,rn_day,9.461423e-05
Oman_roll20_mean,CCI,8.6500586e-05
Oman_roll20_mean,ta_avg_dev_window_mean,7.261789e-05
Oman_roll20_mean,KOSPI,7.1536735e-05
Oman_roll20_mean,NEWCASTLE_COAL_roll20_mean,6.743462e-05
Oman_roll20_mean,IIP_STEEL,5.957351e-05
Oman_roll20_mean,IIP_MFG,4.705714e-05
Oman_roll20_mean,NEWCASTLE_COAL_roll5_mean,4.577958e-05
Oman_roll20_mean,CREDIT_SPREAD,3.965412e-05
Oman_roll20_mean,CALL,3.465516e-05
Oman_roll20_mean,BSI_E,3.0623087e-05
Oman_roll20_mean,EXPORT,2.3038e-05
Oman_roll20_mean,IMPORT,1.3822796e-05
Oman_roll20_mean,FV_KAU23,1.1968904e-05
Oman_roll20_mean,auction_window7,9.447596e-06
Oman_roll20_mean,BSI_P,8.262503e-06
Oman_roll20_mean,BOND_BBB,5.9295044e-06
Oman_roll20_mean,IIP_CHEM,2.6237778e-06
Oman_roll20_mean,auction_window5,2.2328466e-06
Oman_roll20_mean,ask_ratio_last_known,1.8433899e-06
Oman_roll20_mean,CAP_UTIL,1.1294734e-06
rn_day_window_sum,VIX_KR,0.0026557927
rn_day_window_sum,USD_CNY,0.0016257529
rn_day_window_sum,KRX_ENERGY_roll20_mean,0.0009655249
rn_day_window_sum,KRX_CEMENT,0.0007227513
rn_day_window_sum,smp_window_days,0.00065502524
rn_day_window_sum,Dubai,0.00063473
rn_day_window_sum,Oman_lag1,0.0006165247
rn_day_window_sum,ta_avg_dev_abs_window_max,0.00055900414
rn_day_window_sum,KRX_ENG,0.0005312848
rn_day_window_sum,Oman_roll5_mean,0.00050917565
rn_day_window_sum,IND_ORDER,0.00049558503
rn_day_window_sum,KRX_IRON,0.00045267463
rn_day_window_sum,ask_ratio_last,0.00043202672
rn_day_window_sum,CLI,0.00042748943
rn_day_window_sum,WTI,0.00040837712
rn_day_window_sum,IIP_CHEM,0.000398007
rn_day_window_sum,ta_avg_window_mean,0.000391354
rn_day_window_sum,rn_day_window_mean,0.00037475742
rn_day_window_sum,Oman_roll20_mean,0.00033322294
rn_day_window_sum,KRX_ENERGY_roll5_mean,0.00029376682
rn_day_window_sum,IIP_MFG,0.0002839522
rn_day_window_sum,PPI,0.0002803701
rn_day_window_sum,BOND_BBB,0.0002782514
rn_day_window_sum,BOND_BBB_roll20_mean,0.000273765
rn_day_window_sum,USD,0.00026732893
rn_day_window_sum,NEWCASTLE_COAL_roll5_mean,0.00025903023
rn_day_window_sum,Brent,0.0002453645
rn_day_window_sum,Oman,0.0002311893
rn_day_window_sum,NEWCASTLE_COAL_lag1,0.00020161523
rn_day_window_sum,bid_qty_window,0.00019182866
rn_day_window_sum,CCI,0.00017657841
rn_day_window_sum,ta_avg,0.00016787111
rn_day_window_sum,is_traded,0.00015651881
rn_day_window_sum,SMP_MEAN,0.00015332973
rn_day_window_sum,HH_GAS,0.00014873235
rn_day_window_sum,IIP_STEEL,0.00014567238
rn_day_window_sum,NEWCASTLE_COAL,0.00014530485
rn_day_window_sum,NEWCASTLE_COAL_roll20_mean,0.00014274391
rn_day_window_sum,BOND_3Y,0.000118696116
rn_day_window_sum,ta_avg_dev_abs_window_mean,0.00011374299
rn_day_window_sum,smp_window_mean_lag1,0.000111269284
rn_day_window_sum,CPI,0.000107308915
rn_day_window_sum,EXPORT,9.983993e-05
rn_day_window_sum,IMPORT,8.626759e-05
rn_day_window_sum,KRX_ENERGY,7.978154e-05
rn_day_window_sum,smp_window_mean_roll20_mean,7.58679e-05
rn_day_window_sum,CREDIT_SPREAD,6.736542e-05
rn_day_window_sum,KRX_SEMICON,6.362171e-05
rn_day_window_sum,smp_window_mean,6.006206e-05
rn_day_window_sum,CAP_UTIL,5.527767e-05
rn_day_window_sum,ask_ratio_last_known,5.5061628e-05
rn_day_window_sum,BOND_BBB_roll5_mean,5.18478e-05
rn_day_window_sum,CALL,4.1987812e-05
rn_day_window_sum,KRX_ENERGY_lag1,3.8701437e-05
rn_day_window_sum,smp_window_mean_roll5_mean,3.7528796e-05
rn_day_window_sum,KOSPI,2.957354e-05
rn_day_window_sum,BOND_BBB_lag1,2.6923184e-05
rn_day_window_sum,BSI_E,2.5121712e-05
rn_day_window_sum,vintage_bucket,2.4894847e-05
rn_day_window_sum,BSI_P,2.16105e-05
rn_day_window_sum,rn_day,2.041572e-05
rn_day_window_sum,FV_KAU22,1.4371989e-05
rn_day_window_sum,ta_avg_dev_abs,1.1039848e-05
rn_day_window_sum,GDP,1.0010583e-05
rn_day_window_sum,ta_avg_dev,9.061733e-06
rn_day_window_sum,ta_avg_dev_window_mean,5.911643e-06
KRX_CEMENT,GDP,0.011095623
KRX_CEMENT,ask_ratio_last,0.0049773087
KRX_CEMENT,KRX_SEMICON,0.0048227077
KRX_CEMENT,KRX_ENG,0.0038116868
KRX_CEMENT,KRX_IRON,0.0037760239
KRX_CEMENT,BOND_BBB_roll20_mean,0.002986969
KRX_CEMENT,CCI,0.002842343
KRX_CEMENT,BOND_BBB_roll5_mean,0.0021195398
KRX_CEMENT,KRX_ENERGY_roll5_mean,0.0019087127
KRX_CEMENT,ta_avg_window_mean,0.0018978174
KRX_CEMENT,KRX_ENERGY_roll20_mean,0.0018613015
KRX_CEMENT,ta_avg_dev_abs,0.0018458647
KRX_CEMENT,NEWCASTLE_COAL_roll5_mean,0.0017501892
KRX_CEMENT,VIX_KR,0.0015915228
KRX_CEMENT,BSI_E,0.0015822285
KRX_CEMENT,Oman_roll5_mean,0.0012827397
KRX_CEMENT,bid_qty_window,0.0011443346
KRX_CEMENT,ta_avg_dev_abs_window_mean,0.0011138677
KRX_CEMENT,smp_window_days,0.0011034374
KRX_CEMENT,is_traded,0.000837336
KRX_CEMENT,HH_GAS,0.0008157455
KRX_CEMENT,CLI,0.00072902895
KRX_CEMENT,rn_day_window_sum,0.0007227501
KRX_CEMENT,IIP_STEEL,0.0006924253
KRX_CEMENT,KRX_ENERGY_lag1,0.00067789026
KRX_CEMENT,smp_window_mean_lag1,0.0006471827
KRX_CEMENT,USD_CNY,0.00064067944
KRX_CEMENT,USD,0.00063338684
KRX_CEMENT,Brent,0.0005817223
KRX_CEMENT,NEWCASTLE_COAL_lag1,0.00057955395
KRX_CEMENT,Oman_roll20_mean,0.0005736665
KRX_CEMENT,WTI,0.00054339244
KRX_CEMENT,ta_avg,0.0005391752
KRX_CEMENT,NEWCASTLE_COAL,0.00048467558
KRX_CEMENT,Oman_lag1,0.00046861992
KRX_CEMENT,ta_avg_dev_abs_window_max,0.0004531575
KRX_CEMENT,KOSPI,0.00045089802
KRX_CEMENT,IIP_MFG,0.00044889355
KRX_CEMENT,smp_window_mean,0.00044000414
KRX_CEMENT,NEWCASTLE_COAL_roll20_mean,0.00042679647
KRX_CEMENT,IND_ORDER,0.00042122393
KRX_CEMENT,Dubai,0.00041547517
KRX_CEMENT,smp_window_mean_roll5_mean,0.0004152348
KRX_CEMENT,smp_window_mean_roll20_mean,0.0003501609
KRX_CEMENT,KRX_ENERGY,0.000345475
KRX_CEMENT,rn_day,0.00034323943
KRX_CEMENT,ta_avg_dev_window_mean,0.00029114072
KRX_CEMENT,PPI,0.000282612
KRX_CEMENT,BSI_P,0.0002737716
KRX_CEMENT,ta_avg_dev,0.00024601864
KRX_CEMENT,rn_day_window_mean,0.00023732916
KRX_CEMENT,BOND_3Y,0.00022130673
KRX_CEMENT,SMP_MEAN,0.00016799281
KRX_CEMENT,IMPORT,0.00016372651
KRX_CEMENT,Oman,0.00015426603
KRX_CEMENT,FV_KAU22,0.00015277948
KRX_CEMENT,EXPORT,0.000129773
KRX_CEMENT,IIP_CHEM,0.00012423967
KRX_CEMENT,weather_window_days,9.804535e-05
KRX_CEMENT,CREDIT_SPREAD,9.336044e-05
KRX_CEMENT,BOND_BBB_lag1,6.343259e-05
KRX_CEMENT,CPI,4.96394e-05
KRX_CEMENT,CAP_UTIL,4.7211422e-05
KRX_CEMENT,FV_KAU23,3.8429425e-05
KRX_CEMENT,FV_KAU19,2.4334844e-05
KRX_CEMENT,vintage_bucket,1.9937925e-05
KRX_CEMENT,BOND_BBB,1.914158e-05
KRX_CEMENT,ask_ratio_last_known,1.8040935e-06
KRX_CEMENT,auction_window5,5.0457487e-07
IIP_MFG,USD_CNY,0.0027918462
IIP_MFG,VIX_KR,0.0024955985
IIP_MFG,USD,0.0018871314
IIP_MFG,IND_ORDER,0.0016268314
IIP_MFG,BOND_BBB_roll20_mean,0.0013483578
IIP_MFG,BOND_3Y,0.00096895697
IIP_MFG,BOND_BBB_roll5_mean,0.0009113295
IIP_MFG,ta_avg_window_mean,0.0007742723
IIP_MFG,PPI,0.0007372387
IIP_MFG,BOND_BBB_lag1,0.00070104847
IIP_MFG,CREDIT_SPREAD,0.0006866989
IIP_MFG,bid_qty_window,0.00068269443
IIP_MFG,KRX_IRON,0.0006557913
IIP_MFG,ask_ratio_last,0.00063107396
IIP_MFG,ta_avg_dev,0.00061558065
IIP_MFG,ta_avg_dev_abs_window_max,0.0005979351
IIP_MFG,HH_GAS,0.00055533665
IIP_MFG,KRX_ENERGY_roll20_mean,0.0005344767
IIP_MFG,smp_window_mean_lag1,0.0004799279
IIP_MFG,IIP_CHEM,0.00046510965
IIP_MFG,KRX_CEMENT,0.00044889396
IIP_MFG,KOSPI,0.00044610558
IIP_MFG,KRX_SEMICON,0.00034866002
IIP_MFG,NEWCASTLE_COAL_lag1,0.00033911387
IIP_MFG,KRX_ENERGY,0.0002909317
IIP_MFG,rn_day_window_sum,0.0002839526
IIP_MFG,Brent,0.00027438172
IIP_MFG,ta_avg_dev_abs_window_mean,0.00026687057
IIP_MFG,smp_window_mean,0.0002441848
IIP_MFG,ta_avg_dev_abs,0.0002336877
IIP_MFG,weather_window_days,0.00018767612
IIP_MFG,ta_avg,0.00016860911
IIP_MFG,WTI,0.00016694737
IIP_MFG,GDP,0.00015999442
IIP_MFG,KRX_ENG,0.00015852926
IIP_MFG,is_traded,0.00015737364
IIP_MFG,KRX_ENERGY_lag1,0.00015111387
IIP_MFG,smp_window_mean_roll20_mean,0.00015070649
IIP_MFG,CLI,0.00014832958
IIP_MFG,Oman_lag1,0.00014675039
IIP_MFG,rn_day,0.0001329579
IIP_MFG,smp_window_mean_roll5_mean,0.00012986308
IIP_MFG,Oman_roll5_mean,0.00012561589
IIP_MFG,rn_day_window_mean,0.00011202153
IIP_MFG,CCI,0.000109004104
IIP_MFG,KRX_ENERGY_roll5_mean,0.00010692086
IIP_MFG,Oman,0.000100286394
IIP_MFG,SMP_MEAN,6.406594e-05
IIP_MFG,IMPORT,6.0163362e-05
IIP_MFG,BSI_E,5.11981e-05
IIP_MFG,NEWCASTLE_COAL_roll5_mean,4.8036283e-05
IIP_MFG,Oman_roll20_mean,4.705718e-05
IIP_MFG,smp_window_days,4.6326844e-05
IIP_MFG,ta_avg_dev_window_mean,3.8105885e-05
IIP_MFG,Dubai,3.246988e-05
IIP_MFG,EXPORT,3.1733787e-05
IIP_MFG,CPI,2.4818879e-05
IIP_MFG,IIP_STEEL,1.890861e-05
IIP_MFG,BOND_BBB,1.2220626e-05
IIP_MFG,NEWCASTLE_COAL,1.0400778e-05
IIP_MFG,BSI_P,1.0278099e-05
IIP_MFG,CAP_UTIL,5.694916e-06
IIP_MFG,FV_KAU19,2.0181615e-06
ta_avg_dev_window_mean,VIX_KR,0.0024894744
ta_avg_dev_window_mean,ta_avg,0.0015477581
ta_avg_dev_window_mean,ask_ratio_last,0.0014678214
ta_avg_dev_window_mean,USD_CNY,0.0013192379
ta_avg_dev_window_mean,BOND_BBB_roll20_mean,0.0011540857
ta_avg_dev_window_mean,EXPORT,0.0009504578
ta_avg_dev_window_mean,GDP,0.00084912323
ta_avg_dev_window_mean,Dubai,0.0007969338
ta_avg_dev_window_mean,KRX_ENERGY_roll20_mean,0.0006650607
ta_avg_dev_window_mean,SMP_MEAN,0.0006198112
ta_avg_dev_window_mean,USD,0.00059013115
ta_avg_dev_window_mean,WTI,0.00057340425
ta_avg_dev_window_mean,BSI_E,0.00047195563
ta_avg_dev_window_mean,KRX_SEMICON,0.00046899324
ta_avg_dev_window_mean,NEWCASTLE_COAL_lag1,0.00045849237
ta_avg_dev_window_mean,Brent,0.00044742692
ta_avg_dev_window_mean,smp_window_mean,0.00042888927
ta_avg_dev_window_mean,IND_ORDER,0.0003628688
ta_avg_dev_window_mean,KRX_IRON,0.00032524785
ta_avg_dev_window_mean,smp_window_mean_roll20_mean,0.0003228705
ta_avg_dev_window_mean,KOSPI,0.00032190295
ta_avg_dev_window_mean,KRX_CEMENT,0.00029114066
ta_avg_dev_window_mean,bid_qty_window,0.000262103
ta_avg_dev_window_mean,CREDIT_SPREAD,0.00025921362
ta_avg_dev_window_mean,KRX_ENG,0.0002488773
ta_avg_dev_window_mean,IMPORT,0.00023873233
ta_avg_dev_window_mean,smp_window_mean_roll5_mean,0.0002173991
ta_avg_dev_window_mean,KRX_ENERGY,0.00020804876
ta_avg_dev_window_mean,vintage_bucket,0.00020283207
ta_avg_dev_window_mean,KRX_ENERGY_roll5_mean,0.00020259763
ta_avg_dev_window_mean,IIP_CHEM,0.00018849723
ta_avg_dev_window_mean,Oman_roll5_mean,0.00017924864
ta_avg_dev_window_mean,smp_window_days,0.00017604775
ta_avg_dev_window_mean,CLI,0.00015981853
ta_avg_dev_window_mean,ta_avg_dev_abs,0.00015240208
ta_avg_dev_window_mean,ta_avg_dev,0.00014173605
ta_avg_dev_window_mean,CPI,0.00014043643
ta_avg_dev_window_mean,weather_window_days,0.00014007713
ta_avg_dev_window_mean,HH_GAS,0.00013479509
ta_avg_dev_window_mean,BOND_BBB_roll5_mean,0.00013410463
ta_avg_dev_window_mean,IIP_STEEL,0.00012748824
ta_avg_dev_window_mean,KRX_ENERGY_lag1,0.00012219949
ta_avg_dev_window_mean,CCI,0.00010838198
ta_avg_dev_window_mean,smp_window_mean_lag1,9.2017974e-05
ta_avg_dev_window_mean,is_traded,8.193807e-05
ta_avg_dev_window_mean,Oman_roll20_mean,7.261818e-05
ta_avg_dev_window_mean,ta_avg_dev_abs_window_mean,6.6056404e-05
ta_avg_dev_window_mean,ta_avg_dev_abs_window_max,6.246315e-05
ta_avg_dev_window_mean,CAP_UTIL,5.88643e-05
ta_avg_dev_window_mean,NEWCASTLE_COAL,5.0643077e-05
ta_avg_dev_window_mean,rn_day_window_mean,4.7060363e-05
ta_avg_dev_window_mean,IIP_MFG,3.8106056e-05
ta_avg_dev_window_mean,Oman,3.788962e-05
ta_avg_dev_window_mean,BSI_P,3.614826e-05
ta_avg_dev_window_mean,BOND_BBB,2.7070595e-05
ta_avg_dev_window_mean,Oman_lag1,2.4887584e-05
ta_avg_dev_window_mean,NEWCASTLE_COAL_roll20_mean,1.9971489e-05
ta_avg_dev_window_mean,BOND_3Y,1.947737e-05
ta_avg_dev_window_mean,PPI,1.0629617e-05
ta_avg_dev_window_mean,rn_day_window_sum,5.911655e-06
ta_avg_dev_window_mean,NEWCASTLE_COAL_roll5_mean,4.921171e-06
ta_avg_dev_window_mean,FV_KAU23,1.7772137e-06
ta_avg_dev_window_mean,auction_window7,2.6623587e-07
KRX_SEMICON,VIX_KR,0.008704526
KRX_SEMICON,KRX_CEMENT,0.0048227073
KRX_SEMICON,bid_qty_window,0.0035977713
KRX_SEMICON,weather_window_days,0.003310012
KRX_SEMICON,ask_ratio_last,0.003307626
KRX_SEMICON,smp_window_days,0.0031949528
KRX_SEMICON,KOSPI,0.003183851
KRX_SEMICON,USD_CNY,0.0028321429
KRX_SEMICON,USD,0.0024812594
KRX_SEMICON,HH_GAS,0.002007579
KRX_SEMICON,ta_avg_window_mean,0.0019939903
KRX_SEMICON,ta_avg,0.00197027
KRX_SEMICON,WTI,0.0019464855
KRX_SEMICON,KRX_ENERGY_lag1,0.0018126993
KRX_SEMICON,GDP,0.0016352434
KRX_SEMICON,PPI,0.0016241287
KRX_SEMICON,Oman_roll5_mean,0.0013944019
KRX_SEMICON,KRX_ENERGY_roll20_mean,0.0013622602
KRX_SEMICON,smp_window_mean_roll20_mean,0.0010874149
KRX_SEMICON,IND_ORDER,0.0010153925
KRX_SEMICON,NEWCASTLE_COAL_roll20_mean,0.0009839897
KRX_SEMICON,Dubai,0.000926712
KRX_SEMICON,Oman_roll20_mean,0.00091242127
KRX_SEMICON,ta_avg_dev_abs_window_mean,0.0006823339
KRX_SEMICON,KRX_ENERGY,0.0006676745
KRX_SEMICON,SMP_MEAN,0.00065662677
KRX_SEMICON,BOND_3Y,0.0006262389
KRX_SEMICON,is_traded,0.0005342086
KRX_SEMICON,CCI,0.00052555476
KRX_SEMICON,Oman_lag1,0.0005195344
KRX_SEMICON,BOND_BBB,0.00050089177
KRX_SEMICON,ta_avg_dev_abs_window_max,0.00048138193
KRX_SEMICON,ta_avg_dev_window_mean,0.0004689924
KRX_SEMICON,KRX_ENERGY_roll5_mean,0.00046765298
KRX_SEMICON,KRX_IRON,0.00046358936
KRX_SEMICON,BOND_BBB_roll20_mean,0.0003670936
KRX_SEMICON,ta_avg_dev,0.0003573447
KRX_SEMICON,IIP_MFG,0.0003486597
KRX_SEMICON,BOND_BBB_roll5_mean,0.0003278886
KRX_SEMICON,ta_avg_dev_abs,0.00032062255
KRX_SEMICON,smp_window_mean_roll5_mean,0.00031524996
KRX_SEMICON,smp_window_mean,0.0003067393
KRX_SEMICON,smp_window_mean_lag1,0.0002798613
KRX_SEMICON,CLI,0.00021473158
KRX_SEMICON,CREDIT_SPREAD,0.00021471565
KRX_SEMICON,ask_ratio_last_known,0.00021014691
KRX_SEMICON,KRX_ENG,0.0001859877
KRX_SEMICON,Brent,0.00018152721
KRX_SEMICON,rn_day_window_mean,0.00016389794
KRX_SEMICON,EXPORT,0.00015552329
KRX_SEMICON,IMPORT,0.00014693588
KRX_SEMICON,NEWCASTLE_COAL_roll5_mean,0.00013881849
KRX_SEMICON,NEWCASTLE_COAL_lag1,0.00012743208
KRX_SEMICON,IIP_CHEM,0.00012415709
KRX_SEMICON,BSI_E,0.00011330324
KRX_SEMICON,NEWCASTLE_COAL,8.3926e-05
KRX_SEMICON,rn_day,7.859388e-05
KRX_SEMICON,IIP_STEEL,7.8207384e-05
KRX_SEMICON,BSI_P,7.689152e-05
KRX_SEMICON,CAP_UTIL,7.515726e-05
KRX_SEMICON,rn_day_window_sum,6.362194e-05
KRX_SEMICON,BOND_BBB_lag1,5.428505e-05
KRX_SEMICON,Oman,4.242059e-05
KRX_SEMICON,CPI,4.1757314e-05
KRX_SEMICON,vintage_bucket,2.4329127e-05
KRX_SEMICON,auction_window5,2.4061646e-05
KRX_SEMICON,FV_KAU20,2.3889268e-05
BOND_3Y,BOND_BBB_roll20_mean,0.0040441253
BOND_3Y,ask_ratio_last,0.0030385866
BOND_3Y,IND_ORDER,0.002304966
BOND_3Y,VIX_KR,0.0019431406
BOND_3Y,BOND_BBB_roll5_mean,0.0018029213
BOND_3Y,GDP,0.001691585
BOND_3Y,Oman_roll5_mean,0.00138312
BOND_3Y,is_traded,0.0011423955
BOND_3Y,Oman_lag1,0.0011073507
BOND_3Y,IIP_MFG,0.00096895685
BOND_3Y,USD_CNY,0.0008117092
BOND_3Y,Brent,0.00076605845
BOND_3Y,bid_qty_window,0.00075812964
BOND_3Y,WTI,0.00074488006
BOND_3Y,BOND_BBB_lag1,0.0006899894
BOND_3Y,ta_avg_dev,0.00067212724
BOND_3Y,smp_window_mean_roll20_mean,0.0006541205
BOND_3Y,KRX_SEMICON,0.0006262387
BOND_3Y,Dubai,0.00061170006
BOND_3Y,USD,0.0005526213
BOND_3Y,NEWCASTLE_COAL_lag1,0.00054716977
BOND_3Y,KRX_ENERGY_roll20_mean,0.00053732673
BOND_3Y,ta_avg_dev_abs_window_max,0.00053251884
BOND_3Y,ta_avg_dev_abs,0.0004859977
BOND_3Y,IIP_STEEL,0.00047477154
BOND_3Y,BOND_BBB,0.0004352197
BOND_3Y,Oman_roll20_mean,0.000431366
BOND_3Y,SMP_MEAN,0.0003882667
BOND_3Y,smp_window_mean,0.0003583973
BOND_3Y,smp_window_mean_lag1,0.00033359742
BOND_3Y,ta_avg_window_mean,0.0003245493
BOND_3Y,smp_window_mean_roll5_mean,0.0003207421
BOND_3Y,ta_avg_dev_abs_window_mean,0.00031202458
BOND_3Y,HH_GAS,0.0002782048
BOND_3Y,ta_avg,0.00026074186
BOND_3Y,CCI,0.00025788814
BOND_3Y,KRX_IRON,0.00025243912
BOND_3Y,CPI,0.00024599727
BOND_3Y,NEWCASTLE_COAL,0.00023944513
BOND_3Y,KRX_CEMENT,0.00022130641
BOND_3Y,CLI,0.00017348143
BOND_3Y,smp_window_days,0.00017279424
BOND_3Y,Oman,0.00017011791
BOND_3Y,KRX_ENG,0.00015927062
BOND_3Y,KRX_ENERGY_lag1,0.00015467589
BOND_3Y,rn_day_window_mean,0.00014931832
BOND_3Y,IMPORT,0.00014285072
BOND_3Y,KRX_ENERGY_roll5_mean,0.00013152715
BOND_3Y,vintage_bucket,0.00012960963
BOND_3Y,weather_window_days,0.00012954239
BOND_3Y,rn_day_window_sum,0.00011869613
BOND_3Y,KRX_ENERGY,0.00010959783
BOND_3Y,rn_day,0.00010614902
BOND_3Y,KOSPI,9.5917894e-05
BOND_3Y,BSI_P,7.3917465e-05
BOND_3Y,NEWCASTLE_COAL_roll5_mean,6.481324e-05
BOND_3Y,CAP_UTIL,5.9086593e-05
BOND_3Y,CREDIT_SPREAD,5.4418604e-05
BOND_3Y,EXPORT,3.7504185e-05
BOND_3Y,BSI_E,2.2877128e-05
BOND_3Y,IIP_CHEM,2.2326745e-05
BOND_3Y,ta_avg_dev_window_mean,1.9477415e-05
BOND_3Y,NEWCASTLE_COAL_roll20_mean,1.5593483e-05
BOND_3Y,PPI,1.2415461e-05
BOND_3Y,auction_window5,1.0360738e-05
BOND_3Y,FV_KAU19,3.5829726e-07
NEWCASTLE_COAL_roll20_mean,VIX_KR,0.007363572
NEWCASTLE_COAL_roll20_mean,BOND_BBB_roll20_mean,0.0028745658
NEWCASTLE_COAL_roll20_mean,PPI,0.0026171643
NEWCASTLE_COAL_roll20_mean,IND_ORDER,0.0014260896
NEWCASTLE_COAL_roll20_mean,ask_ratio_last,0.0010609927
NEWCASTLE_COAL_roll20_mean,smp_window_mean_roll20_mean,0.0010506335
NEWCASTLE_COAL_roll20_mean,KRX_SEMICON,0.00098399
NEWCASTLE_COAL_roll20_mean,ta_avg_dev_abs,0.00088818744
NEWCASTLE_COAL_roll20_mean,bid_qty_window,0.0008798325
NEWCASTLE_COAL_roll20_mean,smp_window_mean_roll5_mean,0.0008618234
NEWCASTLE_COAL_roll20_mean,smp_window_mean_lag1,0.0007550406
NEWCASTLE_COAL_roll20_mean,USD,0.00074944337
NEWCASTLE_COAL_roll20_mean,Brent,0.00066821784
NEWCASTLE_COAL_roll20_mean,NEWCASTLE_COAL,0.0005941001
NEWCASTLE_COAL_roll20_mean,Oman_lag1,0.00058188505
NEWCASTLE_COAL_roll20_mean,USD_CNY,0.00043949657
NEWCASTLE_COAL_roll20_mean,KRX_CEMENT,0.00042679603
NEWCASTLE_COAL_roll20_mean,WTI,0.00037842043
NEWCASTLE_COAL_roll20_mean,BSI_E,0.00036946152
NEWCASTLE_COAL_roll20_mean,Oman_roll5_mean,0.00035854845
NEWCASTLE_COAL_roll20_mean,CLI,0.00028759366
NEWCASTLE_COAL_roll20_mean,Dubai,0.00022108656
NEWCASTLE_COAL_roll20_mean,KRX_ENERGY_roll20_mean,0.0002087975
NEWCASTLE_COAL_roll20_mean,ta_avg_dev_abs_window_mean,0.0002008437
NEWCASTLE_COAL_roll20_mean,SMP_MEAN,0.00020041302
NEWCASTLE_COAL_roll20_mean,CCI,0.00019566191
NEWCASTLE_COAL_roll20_mean,rn_day,0.0001922811
NEWCASTLE_COAL_roll20_mean,KOSPI,0.00018089109
NEWCASTLE_COAL_roll20_mean,rn_day_window_sum,0.00014274419
NEWCASTLE_COAL_roll20_mean,ta_avg_dev_abs_window_max,0.00013482444
NEWCASTLE_COAL_roll20_mean,Oman,0.00012275169
NEWCASTLE_COAL_roll20_mean,ta_avg_window_mean,0.00011750374
NEWCASTLE_COAL_roll20_mean,HH_GAS,0.000116198506
NEWCASTLE_COAL_roll20_mean,NEWCASTLE_COAL_lag1,9.773027e-05
NEWCASTLE_COAL_roll20_mean,smp_window_mean,9.738887e-05
NEWCASTLE_COAL_roll20_mean,smp_window_days,9.53958e-05
NEWCASTLE_COAL_roll20_mean,KRX_IRON,9.531621e-05
NEWCASTLE_COAL_roll20_mean,CREDIT_SPREAD,9.4904026e-05
NEWCASTLE_COAL_roll20_mean,is_traded,9.227205e-05
NEWCASTLE_COAL_roll20_mean,ta_avg,8.407365e-05
NEWCASTLE_COAL_roll20_mean,FV_KAU23,7.653732e-05
NEWCASTLE_COAL_roll20_mean,KRX_ENERGY_roll5_mean,7.56668e-05
NEWCASTLE_COAL_roll20_mean,rn_day_window_mean,6.8142646e-05
NEWCASTLE_COAL_roll20_mean,Oman_roll20_mean,6.743443e-05
NEWCASTLE_COAL_roll20_mean,BOND_BBB_roll5_mean,5.9666323e-05
NEWCASTLE_COAL_roll20_mean,KRX_ENERGY,5.468263e-05
NEWCASTLE_COAL_roll20_mean,KRX_ENERGY_lag1,4.87802e-05
NEWCASTLE_COAL_roll20_mean,CPI,4.5028144e-05
NEWCASTLE_COAL_roll20_mean,ta_avg_dev,4.3459444e-05
NEWCASTLE_COAL_roll20_mean,GDP,3.9547616e-05
NEWCASTLE_COAL_roll20_mean,KRX_ENG,3.6891674e-05
NEWCASTLE_COAL_roll20_mean,IIP_STEEL,3.5933186e-05
NEWCASTLE_COAL_roll20_mean,BSI_P,3.350806e-05
NEWCASTLE_COAL_roll20_mean,CALL,2.4726634e-05
NEWCASTLE_COAL_roll20_mean,ta_avg_dev_window_mean,1.9971225e-05
NEWCASTLE_COAL_roll20_mean,NEWCASTLE_COAL_roll5_mean,1.9563977e-05
NEWCASTLE_COAL_roll20_mean,CAP_UTIL,1.6873015e-05
NEWCASTLE_COAL_roll20_mean,BOND_3Y,1.5593354e-05
NEWCASTLE_COAL_roll20_mean,BOND_BBB,1.1518535e-05
NEWCASTLE_COAL_roll20_mean,IMPORT,9.321916e-06
NEWCASTLE_COAL_roll20_mean,vintage_bucket,5.4938014e-06
NEWCASTLE_COAL_roll20_mean,IIP_CHEM,3.7228424e-06
NEWCASTLE_COAL_roll20_mean,BOND_BBB_lag1,1.4724958e-06
Dubai,IND_ORDER,0.0050700004
Dubai,KRX_ENERGY_roll20_mean,0.0034897097
Dubai,USD_CNY,0.0027364988
Dubai,Oman_lag1,0.002680727
Dubai,Oman_roll5_mean,0.0021278067
Dubai,VIX_KR,0.0020048942
Dubai,WTI,0.0019345575
Dubai,GDP,0.0017709669
Dubai,ta_avg,0.0013153901
Dubai,BOND_BBB_roll20_mean,0.0013149546
Dubai,HH_GAS,0.0012441389
Dubai,ta_avg_window_mean,0.001152497
Dubai,ta_avg_dev,0.0011386295
Dubai,Brent,0.0010211642
Dubai,KRX_ENG,0.0010141243
Dubai,KRX_SEMICON,0.0009267131
Dubai,KRX_ENERGY_roll5_mean,0.00090406835
Dubai,IIP_STEEL,0.0008773641
Dubai,BOND_BBB,0.0008309655
Dubai,ta_avg_dev_window_mean,0.0007969336
Dubai,KRX_ENERGY_lag1,0.0007698961
Dubai,PPI,0.00074702856
Dubai,ta_avg_dev_abs_window_mean,0.00074363966
Dubai,KRX_IRON,0.0006716199
Dubai,auction_window5,0.0006601031
Dubai,rn_day_window_sum,0.0006347303
Dubai,Oman_roll20_mean,0.00061307073
Dubai,BOND_3Y,0.00061170006
Dubai,EXPORT,0.0005909017
Dubai,smp_window_mean_roll20_mean,0.00058879337
Dubai,CREDIT_SPREAD,0.00058323954
Dubai,smp_window_days,0.0005640188
Dubai,is_traded,0.0005573698
Dubai,CAP_UTIL,0.00054595934
Dubai,smp_window_mean_roll5_mean,0.000545548
Dubai,Oman,0.00051134545
Dubai,CCI,0.0004828065
Dubai,CLI,0.0004602939
Dubai,ta_avg_dev_abs,0.00044374823
Dubai,smp_window_mean,0.00042528918
Dubai,KRX_CEMENT,0.00041547624
Dubai,BOND_BBB_roll5_mean,0.00039565074
Dubai,USD,0.00035871155
Dubai,NEWCASTLE_COAL_roll5_mean,0.00032190932
Dubai,ask_ratio_last,0.00030801917
Dubai,ask_ratio_last_known,0.00030142086
Dubai,NEWCASTLE_COAL_lag1,0.0002960908
Dubai,SMP_MEAN,0.0002846066
Dubai,NEWCASTLE_COAL,0.00024344344
Dubai,KOSPI,0.00024332527
Dubai,rn_day_window_mean,0.00022577327
Dubai,NEWCASTLE_COAL_roll20_mean,0.00022108697
Dubai,BSI_E,0.00021867672
Dubai,smp_window_mean_lag1,0.00018867684
Dubai,ta_avg_dev_abs_window_max,0.00018696471
Dubai,BSI_P,0.00014572903
Dubai,IMPORT,0.00013754594
Dubai,KRX_ENERGY,0.00013271546
Dubai,weather_window_days,0.000105494146
Dubai,BOND_BBB_lag1,9.017352e-05
Dubai,bid_qty_window,6.1863786e-05
Dubai,IIP_MFG,3.2469692e-05
Dubai,rn_day,2.7759825e-05
Dubai,IIP_CHEM,2.3450115e-05
Dubai,CPI,1.666723e-05
Dubai,vintage_bucket,1.4041848e-05
Dubai,FV_KAU19,3.422573e-06
KRX_ENERGY,GDP,0.010293192
KRX_ENERGY,USD_CNY,0.006556337
KRX_ENERGY,VIX_KR,0.0063303285
KRX_ENERGY,KRX_ENERGY_roll20_mean,0.0033038354
KRX_ENERGY,USD,0.0024225328
KRX_ENERGY,KRX_IRON,0.0018409232
KRX_ENERGY,KRX_ENERGY_roll5_mean,0.0013497671
KRX_ENERGY,KRX_ENERGY_lag1,0.0012533454
KRX_ENERGY,HH_GAS,0.0011725914
KRX_ENERGY,Oman_lag1,0.0011550862
KRX_ENERGY,ta_avg_window_mean,0.0011213131
KRX_ENERGY,NEWCASTLE_COAL_lag1,0.0011194187
KRX_ENERGY,BOND_BBB,0.0010928725
KRX_ENERGY,ask_ratio_last,0.0010667157
KRX_ENERGY,smp_window_mean_lag1,0.0010573402
KRX_ENERGY,WTI,0.0010264199
KRX_ENERGY,IND_ORDER,0.0009575801
KRX_ENERGY,Oman_roll5_mean,0.0008828612
KRX_ENERGY,is_traded,0.00076638575
KRX_ENERGY,BOND_BBB_roll20_mean,0.0007514205
KRX_ENERGY,SMP_MEAN,0.0007444232
KRX_ENERGY,BSI_P,0.0006761475
KRX_ENERGY,KRX_SEMICON,0.0006676743
KRX_ENERGY,PPI,0.0006243807
KRX_ENERGY,ta_avg_dev_abs_window_max,0.0006167778
KRX_ENERGY,bid_qty_window,0.0005992204
KRX_ENERGY,CCI,0.00058130117
KRX_ENERGY,KOSPI,0.00056149083
KRX_ENERGY,Oman_roll20_mean,0.00052224024
KRX_ENERGY,KRX_ENG,0.0005193888
KRX_ENERGY,ta_avg_dev_abs_window_mean,0.00043956708
KRX_ENERGY,BOND_BBB_roll5_mean,0.00042602274
KRX_ENERGY,Brent,0.0003514618
KRX_ENERGY,KRX_CEMENT,0.00034547393
KRX_ENERGY,IIP_MFG,0.0002909314
KRX_ENERGY,NEWCASTLE_COAL,0.00028860956
KRX_ENERGY,ta_avg,0.00026953718
KRX_ENERGY,BSI_E,0.00026149867
KRX_ENERGY,smp_window_mean_roll20_mean,0.0002556138
KRX_ENERGY,ta_avg_dev_window_mean,0.00020804927
KRX_ENERGY,BOND_BBB_lag1,0.0002043287
KRX_ENERGY,CPI,0.00020110891
KRX_ENERGY,ta_avg_dev,0.00019524324
KRX_ENERGY,NEWCASTLE_COAL_roll5_mean,0.000174557
KRX_ENERGY,CREDIT_SPREAD,0.00017419858
KRX_ENERGY,smp_window_mean,0.00017341156
KRX_ENERGY,ta_avg_dev_abs,0.00016728959
KRX_ENERGY,EXPORT,0.00013942934
KRX_ENERGY,Dubai,0.00013271559
KRX_ENERGY,weather_window_days,0.00012229221
KRX_ENERGY,rn_day_window_mean,0.00012086746
KRX_ENERGY,smp_window_days,0.00011555592
KRX_ENERGY,BOND_3Y,0.00010959773
KRX_ENERGY,Oman,0.000109569206
KRX_ENERGY,CLI,9.622547e-05
KRX_ENERGY,smp_window_mean_roll5_mean,8.919201e-05
KRX_ENERGY,rn_day_window_sum,7.978145e-05
KRX_ENERGY,CAP_UTIL,7.700613e-05
KRX_ENERGY,FV_KAU19,5.782608e-05
KRX_ENERGY,NEWCASTLE_COAL_roll20_mean,5.468282e-05
KRX_ENERGY,rn_day,4.70039e-05
KRX_ENERGY,auction_window5,4.217953e-05
KRX_ENERGY,ask_ratio_last_known,3.6418674e-05
KRX_ENERGY,IMPORT,3.4463716e-05
KRX_ENERGY,IIP_STEEL,3.421395e-05
KRX_ENERGY,IIP_CHEM,1.2198101e-06
KRX_ENERGY,vintage_bucket,1.1011517e-06
CREDIT_SPREAD,VIX_KR,0.007660407
CREDIT_SPREAD,GDP,0.003605463
CREDIT_SPREAD,IND_ORDER,0.0018566627
CREDIT_SPREAD,PPI,0.0017521258
CREDIT_SPREAD,ask_ratio_last,0.0015929217
CREDIT_SPREAD,USD_CNY,0.0012145145
CREDIT_SPREAD,KRX_IRON,0.0009850211
CREDIT_SPREAD,is_traded,0.0008620297
CREDIT_SPREAD,bid_qty_window,0.00080871175
CREDIT_SPREAD,Oman,0.0007802526
CREDIT_SPREAD,IIP_MFG,0.00068669865
CREDIT_SPREAD,NEWCASTLE_COAL,0.0006611201
CREDIT_SPREAD,BOND_BBB,0.00063980086
CREDIT_SPREAD,Oman_lag1,0.0006227243
CREDIT_SPREAD,ta_avg_window_mean,0.00059781474
CREDIT_SPREAD,Dubai,0.00058323995
CREDIT_SPREAD,smp_window_mean,0.00058223866
CREDIT_SPREAD,WTI,0.000550505
CREDIT_SPREAD,Oman_roll5_mean,0.00053737854
CREDIT_SPREAD,rn_day_window_mean,0.0005255569
CREDIT_SPREAD,KRX_ENERGY_roll5_mean,0.0005233335
CREDIT_SPREAD,USD,0.0005047532
CREDIT_SPREAD,BSI_E,0.00049631664
CREDIT_SPREAD,KRX_ENERGY_roll20_mean,0.00049190904
CREDIT_SPREAD,SMP_MEAN,0.00047538715
CREDIT_SPREAD,BOND_BBB_roll20_mean,0.00041190308
CREDIT_SPREAD,KRX_ENG,0.00038796748
CREDIT_SPREAD,ta_avg,0.000375381
CREDIT_SPREAD,ta_avg_dev_window_mean,0.0002592136
CREDIT_SPREAD,HH_GAS,0.00024314687
CREDIT_SPREAD,ta_avg_dev_abs_window_mean,0.0002355671
CREDIT_SPREAD,KRX_ENERGY_lag1,0.0002234337
CREDIT_SPREAD,KRX_SEMICON,0.00021471592
CREDIT_SPREAD,ta_avg_dev_abs,0.00020959091
CREDIT_SPREAD,KRX_ENERGY,0.00017419831
CREDIT_SPREAD,EXPORT,0.00017087521
CREDIT_SPREAD,ta_avg_dev,0.00016705265
CREDIT_SPREAD,Brent,0.00014362032
CREDIT_SPREAD,IIP_STEEL,0.00013536513
CREDIT_SPREAD,smp_window_mean_roll20_mean,0.00013195169
CREDIT_SPREAD,weather_window_days,0.00012902638
CREDIT_SPREAD,smp_window_mean_roll5_mean,0.00012451653
CREDIT_SPREAD,CLI,0.00011156862
CREDIT_SPREAD,CPI,0.00011028118
CREDIT_SPREAD,NEWCASTLE_COAL_roll20_mean,9.490431e-05
CREDIT_SPREAD,KRX_CEMENT,9.3360264e-05
CREDIT_SPREAD,IMPORT,8.963041e-05
CREDIT_SPREAD,BOND_BBB_lag1,8.7082e-05
CREDIT_SPREAD,NEWCASTLE_COAL_lag1,8.689986e-05
CREDIT_SPREAD,KOSPI,7.903291e-05
CREDIT_SPREAD,ta_avg_dev_abs_window_max,7.828657e-05
CREDIT_SPREAD,BOND_BBB_roll5_mean,7.654809e-05
CREDIT_SPREAD,CCI,7.618071e-05
CREDIT_SPREAD,rn_day_window_sum,6.736505e-05
CREDIT_SPREAD,BOND_3Y,5.4418655e-05
CREDIT_SPREAD,smp_window_days,4.8972648e-05
CREDIT_SPREAD,smp_window_mean_lag1,4.2536598e-05
CREDIT_SPREAD,IIP_CHEM,4.1176823e-05
CREDIT_SPREAD,Oman_roll20_mean,3.965396e-05
CREDIT_SPREAD,BSI_P,3.8861243e-05
CREDIT_SPREAD,rn_day,3.0088495e-05
CREDIT_SPREAD,NEWCASTLE_COAL_roll5_mean,2.657832e-05
CREDIT_SPREAD,ask_ratio_last_known,1.0562571e-05
CREDIT_SPREAD,CAP_UTIL,6.02302e-06
CREDIT_SPREAD,FV_KAU19,4.83613e-06
NEWCASTLE_COAL_roll5_mean,VIX_KR,0.0018626861
NEWCASTLE_COAL_roll5_mean,KRX_CEMENT,0.0017501898
NEWCASTLE_COAL_roll5_mean,smp_window_mean_lag1,0.0015858341
NEWCASTLE_COAL_roll5_mean,smp_window_mean_roll20_mean,0.0013171278
NEWCASTLE_COAL_roll5_mean,CLI,0.0012470114
NEWCASTLE_COAL_roll5_mean,IND_ORDER,0.0012441587
NEWCASTLE_COAL_roll5_mean,KRX_ENERGY_roll20_mean,0.001171546
NEWCASTLE_COAL_roll5_mean,NEWCASTLE_COAL,0.001121384
NEWCASTLE_COAL_roll5_mean,Oman_roll5_mean,0.0009678734
NEWCASTLE_COAL_roll5_mean,USD_CNY,0.0008874883
NEWCASTLE_COAL_roll5_mean,BOND_BBB_roll20_mean,0.00084283703
NEWCASTLE_COAL_roll5_mean,IIP_CHEM,0.000822897
NEWCASTLE_COAL_roll5_mean,BOND_BBB_roll5_mean,0.00078976253
NEWCASTLE_COAL_roll5_mean,Oman_lag1,0.0006121356
NEWCASTLE_COAL_roll5_mean,ta_avg_window_mean,0.000579203
NEWCASTLE_COAL_roll5_mean,KRX_ENG,0.0005217656
NEWCASTLE_COAL_roll5_mean,KRX_ENERGY_lag1,0.0004986283
NEWCASTLE_COAL_roll5_mean,KRX_IRON,0.00047747642
NEWCASTLE_COAL_roll5_mean,ask_ratio_last,0.0004591917
NEWCASTLE_COAL_roll5_mean,SMP_MEAN,0.0004540348
NEWCASTLE_COAL_roll5_mean,HH_GAS,0.00041010042
NEWCASTLE_COAL_roll5_mean,CPI,0.00033831704
NEWCASTLE_COAL_roll5_mean,ta_avg,0.00032706262
NEWCASTLE_COAL_roll5_mean,Dubai,0.0003219088
NEWCASTLE_COAL_roll5_mean,ta_avg_dev_abs_window_mean,0.00030883035
NEWCASTLE_COAL_roll5_mean,USD,0.0002619524
NEWCASTLE_COAL_roll5_mean,FV_KAU22,0.0002598265
NEWCASTLE_COAL_roll5_mean,rn_day_window_sum,0.0002590306
NEWCASTLE_COAL_roll5_mean,ta_avg_dev_abs_window_max,0.00023855541
NEWCASTLE_COAL_roll5_mean,KRX_ENERGY_roll5_mean,0.00022345562
NEWCASTLE_COAL_roll5_mean,NEWCASTLE_COAL_lag1,0.00020126175
NEWCASTLE_COAL_roll5_mean,KRX_ENERGY,0.0001745551
NEWCASTLE_COAL_roll5_mean,smp_window_mean,0.00016359826
NEWCASTLE_COAL_roll5_mean,WTI,0.00015953739
NEWCASTLE_COAL_roll5_mean,ask_ratio_last_known,0.000158218
NEWCASTLE_COAL_roll5_mean,is_traded,0.00015621325
NEWCASTLE_COAL_roll5_mean,Brent,0.00014118517
NEWCASTLE_COAL_roll5_mean,KRX_SEMICON,0.0001388186
NEWCASTLE_COAL_roll5_mean,KOSPI,0.00013777472
NEWCASTLE_COAL_roll5_mean,GDP,0.00013340607
NEWCASTLE_COAL_roll5_mean,IMPORT,0.00012778849
NEWCASTLE_COAL_roll5_mean,CCI,0.00012245517
NEWCASTLE_COAL_roll5_mean,IIP_STEEL,0.00011446535
NEWCASTLE_COAL_roll5_mean,weather_window_days,0.00011139058
NEWCASTLE_COAL_roll5_mean,smp_window_days,0.000100802594
NEWCASTLE_COAL_roll5_mean,bid_qty_window,9.704374e-05
NEWCASTLE_COAL_roll5_mean,rn_day_window_mean,6.873117e-05
NEWCASTLE_COAL_roll5_mean,EXPORT,6.827215e-05
NEWCASTLE_COAL_roll5_mean,BOND_3Y,6.4813416e-05
NEWCASTLE_COAL_roll5_mean,smp_window_mean_roll5_mean,6.238754e-05
NEWCASTLE_COAL_roll5_mean,ta_avg_dev_abs,6.184233e-05
NEWCASTLE_COAL_roll5_mean,CAP_UTIL,6.05113e-05
NEWCASTLE_COAL_roll5_mean,auction_window7,5.4962286e-05
NEWCASTLE_COAL_roll5_mean,ta_avg_dev,5.4279844e-05
NEWCASTLE_COAL_roll5_mean,IIP_MFG,4.8036156e-05
NEWCASTLE_COAL_roll5_mean,Oman_roll20_mean,4.5780056e-05
NEWCASTLE_COAL_roll5_mean,Oman,3.8652786e-05
NEWCASTLE_COAL_roll5_mean,rn_day,3.8150145e-05
NEWCASTLE_COAL_roll5_mean,BOND_BBB_lag1,2.8623588e-05
NEWCASTLE_COAL_roll5_mean,CREDIT_SPREAD,2.6578326e-05
NEWCASTLE_COAL_roll5_mean,NEWCASTLE_COAL_roll20_mean,1.9563811e-05
NEWCASTLE_COAL_roll5_mean,vintage_bucket,1.5644879e-05
NEWCASTLE_COAL_roll5_mean,auction_window5,1.5138547e-05
NEWCASTLE_COAL_roll5_mean,BSI_P,9.7594e-06
NEWCASTLE_COAL_roll5_mean,BSI_E,7.771982e-06
NEWCASTLE_COAL_roll5_mean,BOND_BBB,5.6540634e-06
NEWCASTLE_COAL_roll5_mean,ta_avg_dev_window_mean,4.921198e-06
NEWCASTLE_COAL_roll5_mean,PPI,3.1165048e-06
NEWCASTLE_COAL_roll5_mean,FV_KAU19,2.5249974e-06
NEWCASTLE_COAL_roll5_mean,FV_KAU24,1.6197075e-07
KOSPI,ask_ratio_last,0.007858007
KOSPI,GDP,0.0065522306
KOSPI,KRX_SEMICON,0.0031838508
KOSPI,IND_ORDER,0.0031633805
KOSPI,VIX_KR,0.0029265482
KOSPI,USD,0.0027769369
KOSPI,smp_window_mean_roll20_mean,0.0026646077
KOSPI,bid_qty_window,0.0024179008
KOSPI,smp_window_mean_roll5_mean,0.0022536388
KOSPI,USD_CNY,0.0016355896
KOSPI,smp_window_mean,0.0011696365
KOSPI,KRX_ENERGY_roll20_mean,0.0011244884
KOSPI,ta_avg_window_mean,0.0010768084
KOSPI,WTI,0.0009899235
KOSPI,SMP_MEAN,0.0009697647
KOSPI,ta_avg_dev_abs_window_max,0.0008937973
KOSPI,KRX_ENERGY_roll5_mean,0.0007748209
KOSPI,ta_avg_dev,0.0007646909
KOSPI,smp_window_mean_lag1,0.00074043125
KOSPI,NEWCASTLE_COAL_lag1,0.0007297603
KOSPI,BOND_BBB_roll20_mean,0.0006949416
KOSPI,CCI,0.00058804965
KOSPI,KRX_ENERGY,0.00056149194
KOSPI,CPI,0.00051767903
KOSPI,HH_GAS,0.00048077558
KOSPI,KRX_CEMENT,0.00045089764
KOSPI,IIP_MFG,0.00044610532
KOSPI,BOND_BBB_lag1,0.00043713962
KOSPI,BSI_E,0.0004347527
KOSPI,ta_avg_dev_abs_window_mean,0.0003541056
KOSPI,ta_avg_dev_window_mean,0.00032190164
KOSPI,KRX_IRON,0.0003203187
KOSPI,Oman_lag1,0.0003028224
KOSPI,NEWCASTLE_COAL,0.00027465454
KOSPI,KRX_ENG,0.0002468687
KOSPI,Dubai,0.00024332553
KOSPI,IIP_STEEL,0.00022395338
KOSPI,BSI_P,0.00022339224
KOSPI,KRX_ENERGY_lag1,0.00021618659
KOSPI,ta_avg_dev_abs,0.0001976476
KOSPI,NEWCASTLE_COAL_roll20_mean,0.00018089132
KOSPI,ta_avg,0.00017211547
KOSPI,NEWCASTLE_COAL_roll5_mean,0.00013777342
KOSPI,is_traded,0.00010165289
KOSPI,CLI,9.616689e-05
KOSPI,BOND_3Y,9.591783e-05
KOSPI,BOND_BBB,9.187382e-05
KOSPI,BOND_BBB_roll5_mean,8.249936e-05
KOSPI,CREDIT_SPREAD,7.903315e-05
KOSPI,Oman_roll20_mean,7.153623e-05
KOSPI,rn_day_window_mean,5.8932837e-05
KOSPI,Oman,5.3994452e-05
KOSPI,ask_ratio_last_known,4.731977e-05
KOSPI,rn_day,3.8495862e-05
KOSPI,smp_window_days,3.6240905e-05
KOSPI,rn_day_window_sum,2.9573433e-05
KOSPI,Oman_roll5_mean,2.2175702e-05
KOSPI,IMPORT,1.9794685e-05
KOSPI,IIP_CHEM,1.6391505e-05
KOSPI,weather_window_days,1.466456e-05
KOSPI,Brent,1.2040846e-05
KOSPI,EXPORT,9.935499e-06
KOSPI,auction_window5,4.9762793e-06
KOSPI,PPI,4.3613504e-06
KOSPI,CAP_UTIL,3.1852037e-06
EXPORT,VIX_KR,0.0034425184
EXPORT,bid_qty_window,0.0010239768
EXPORT,ta_avg_dev_window_mean,0.0009504571
EXPORT,USD_CNY,0.0007926634
EXPORT,USD,0.0006919102
EXPORT,ask_ratio_last,0.00062613626
EXPORT,Dubai,0.0005909018
EXPORT,ta_avg_window_mean,0.0005624943
EXPORT,ta_avg_dev_abs,0.000516815
EXPORT,HH_GAS,0.00046586027
EXPORT,GDP,0.00040689358
EXPORT,KRX_IRON,0.0003822126
EXPORT,KRX_ENERGY_roll20_mean,0.00030873955
EXPORT,BOND_BBB_roll20_mean,0.0002758451
EXPORT,WTI,0.00026290482
EXPORT,SMP_MEAN,0.00026245255
EXPORT,Brent,0.0002561475
EXPORT,KRX_ENERGY_lag1,0.00024923106
EXPORT,ta_avg_dev_abs_window_max,0.00024186264
EXPORT,BOND_BBB_roll5_mean,0.00021527277
EXPORT,IND_ORDER,0.00020368687
EXPORT,ta_avg,0.00018149603
EXPORT,ta_avg_dev_abs_window_mean,0.00017307173
EXPORT,CREDIT_SPREAD,0.00017087514
EXPORT,rn_day_window_mean,0.00015558573
EXPORT,KRX_SEMICON,0.00015552346
EXPORT,Oman_roll5_mean,0.00015316528
EXPORT,smp_window_mean,0.00015287846
EXPORT,NEWCASTLE_COAL_lag1,0.00015040257
EXPORT,KRX_ENERGY,0.00013942926
EXPORT,KRX_CEMENT,0.0001297733
EXPORT,KRX_ENG,0.00010754696
EXPORT,rn_day_window_sum,9.9839985e-05
EXPORT,is_traded,7.0649716e-05
EXPORT,IIP_CHEM,6.8720816e-05
EXPORT,NEWCASTLE_COAL_roll5_mean,6.827228e-05
EXPORT,KRX_ENERGY_roll5_mean,6.535877e-05
EXPORT,rn_day,4.5890505e-05
EXPORT,CLI,4.0959858e-05
EXPORT,BOND_3Y,3.7504167e-05
EXPORT,NEWCASTLE_COAL,3.7401234e-05
EXPORT,IIP_MFG,3.1733824e-05
EXPORT,BSI_E,3.114369e-05
EXPORT,CPI,2.907881e-05
EXPORT,smp_window_days,2.5827878e-05
EXPORT,smp_window_mean_roll5_mean,2.3770539e-05
EXPORT,vintage_bucket,2.3351051e-05
EXPORT,Oman_roll20_mean,2.3038094e-05
EXPORT,IIP_STEEL,1.4808312e-05
EXPORT,BSI_P,1.4304734e-05
EXPORT,smp_window_mean_roll20_mean,1.27566e-05
EXPORT,IMPORT,1.1677387e-05
EXPORT,KOSPI,9.9354365e-06
EXPORT,smp_window_mean_lag1,6.115008e-06
EXPORT,Oman_lag1,3.0595693e-06
EXPORT,FV_KAU23,2.5052816e-06
EXPORT,BOND_BBB,1.7200717e-06
EXPORT,CCI,1.2235416e-06
EXPORT,PPI,2.9413164e-07
ta_avg_dev,ask_ratio_last,0.0017377756
ta_avg_dev,IND_ORDER,0.0012877032
ta_avg_dev,USD,0.0012515472
ta_avg_dev,VIX_KR,0.0011741982
ta_avg_dev,Dubai,0.001138629
ta_avg_dev,USD_CNY,0.0011012588
ta_avg_dev,KRX_ENERGY_roll20_mean,0.0009979155
ta_avg_dev,KOSPI,0.000764691
ta_avg_dev,BOND_BBB_roll20_mean,0.0007349941
ta_avg_dev,bid_qty_window,0.0007091029
ta_avg_dev,smp_window_days,0.0006940506
ta_avg_dev,NEWCASTLE_COAL_lag1,0.0006734504
ta_avg_dev,BOND_3Y,0.0006721274
ta_avg_dev,Oman_roll20_mean,0.00064044853
ta_avg_dev,IIP_MFG,0.0006155809
ta_avg_dev,KRX_IRON,0.00056974037
ta_avg_dev,NEWCASTLE_COAL,0.00054816325
ta_avg_dev,ta_avg_dev_abs_window_mean,0.00053816737
ta_avg_dev,IMPORT,0.0004484701
ta_avg_dev,BOND_BBB_lag1,0.0003737428
ta_avg_dev,smp_window_mean_lag1,0.00035782252
ta_avg_dev,KRX_SEMICON,0.0003573447
ta_avg_dev,Brent,0.00034083246
ta_avg_dev,IIP_STEEL,0.0003345631
ta_avg_dev,Oman_roll5_mean,0.00032188348
ta_avg_dev,KRX_ENERGY_lag1,0.0003211249
ta_avg_dev,ta_avg_window_mean,0.000320446
ta_avg_dev,KRX_ENG,0.00032039805
ta_avg_dev,rn_day_window_mean,0.000306572
ta_avg_dev,BOND_BBB_roll5_mean,0.00029747555
ta_avg_dev,HH_GAS,0.00029189241
ta_avg_dev,weather_window_days,0.0002553047
ta_avg_dev,KRX_CEMENT,0.000246019
ta_avg_dev,ta_avg_dev_abs,0.00023945385
ta_avg_dev,GDP,0.00020202404
ta_avg_dev,KRX_ENERGY,0.00019524305
ta_avg_dev,BSI_E,0.00017130059
ta_avg_dev,CREDIT_SPREAD,0.00016705316
ta_avg_dev,CCI,0.00014617387
ta_avg_dev,ta_avg_dev_window_mean,0.00014173564
ta_avg_dev,KRX_ENERGY_roll5_mean,0.00010860661
ta_avg_dev,CLI,0.00010433052
ta_avg_dev,vintage_bucket,9.223233e-05
ta_avg_dev,is_traded,8.819608e-05
ta_avg_dev,SMP_MEAN,7.9947946e-05
ta_avg_dev,Oman_lag1,7.594442e-05
ta_avg_dev,smp_window_mean,7.386478e-05
ta_avg_dev,BOND_BBB,7.026511e-05
ta_avg_dev,IIP_CHEM,5.6141005e-05
ta_avg_dev,NEWCASTLE_COAL_roll5_mean,5.4279866e-05
ta_avg_dev,NEWCASTLE_COAL_roll20_mean,4.3459353e-05
ta_avg_dev,CPI,4.2572217e-05
ta_avg_dev,ta_avg_dev_abs_window_max,3.7917667e-05
ta_avg_dev,smp_window_mean_roll5_mean,3.539058e-05
ta_avg_dev,CAP_UTIL,3.3652024e-05
ta_avg_dev,rn_day,3.1930955e-05
ta_avg_dev,smp_window_mean_roll20_mean,3.102268e-05
ta_avg_dev,ask_ratio_last_known,1.4675717e-05
ta_avg_dev,Oman,1.2078396e-05
ta_avg_dev,rn_day_window_sum,9.0618105e-06
ta_avg_dev,WTI,8.673806e-06
ta_avg_dev,PPI,6.671729e-06
ta_avg_dev,BSI_P,3.5005307e-06
BOND_BBB_lag1,ask_ratio_last,0.0014073594
BOND_BBB_lag1,USD,0.0012330145
BOND_BBB_lag1,ta_avg,0.0008585847
BOND_BBB_lag1,IIP_MFG,0.0007010488
BOND_BBB_lag1,BOND_3Y,0.0006899894
BOND_BBB_lag1,GDP,0.00067251653
BOND_BBB_lag1,VIX_KR,0.0005357433
BOND_BBB_lag1,SMP_MEAN,0.00047240173
BOND_BBB_lag1,KOSPI,0.00043713997
BOND_BBB_lag1,ta_avg_dev,0.0003737426
BOND_BBB_lag1,BOND_BBB,0.00033266243
BOND_BBB_lag1,smp_window_mean_lag1,0.00032389702
BOND_BBB_lag1,Oman_lag1,0.00032277693
BOND_BBB_lag1,ta_avg_dev_abs_window_max,0.00027741163
BOND_BBB_lag1,KRX_ENG,0.00027629716
BOND_BBB_lag1,Oman_roll5_mean,0.0002660671
BOND_BBB_lag1,IND_ORDER,0.0002468667
BOND_BBB_lag1,USD_CNY,0.00023974545
BOND_BBB_lag1,Brent,0.00022941633
BOND_BBB_lag1,BOND_BBB_roll20_mean,0.0002252791
BOND_BBB_lag1,CCI,0.00020507953
BOND_BBB_lag1,KRX_ENERGY,0.00020432784
BOND_BBB_lag1,ta_avg_dev_abs,0.00020017606
BOND_BBB_lag1,bid_qty_window,0.00018725508
BOND_BBB_lag1,WTI,0.0001846589
BOND_BBB_lag1,KRX_ENERGY_lag1,0.00017009443
BOND_BBB_lag1,is_traded,0.00015560538
BOND_BBB_lag1,KRX_ENERGY_roll5_mean,0.00015278455
BOND_BBB_lag1,ta_avg_dev_abs_window_mean,0.00014123214
BOND_BBB_lag1,HH_GAS,0.00012136001
BOND_BBB_lag1,NEWCASTLE_COAL,0.00010321574
BOND_BBB_lag1,CAP_UTIL,0.00010149989
BOND_BBB_lag1,BOND_BBB_roll5_mean,9.848731e-05
BOND_BBB_lag1,Oman_roll20_mean,9.780138e-05
BOND_BBB_lag1,Dubai,9.017364e-05
BOND_BBB_lag1,IMPORT,9.000267e-05
BOND_BBB_lag1,CREDIT_SPREAD,8.708165e-05
BOND_BBB_lag1,smp_window_mean_roll5_mean,8.5035594e-05
BOND_BBB_lag1,KRX_ENERGY_roll20_mean,7.9190526e-05
BOND_BBB_lag1,IIP_CHEM,6.7717796e-05
BOND_BBB_lag1,smp_window_days,6.643987e-05
BOND_BBB_lag1,ta_avg_window_mean,6.624749e-05
BOND_BBB_lag1,weather_window_days,6.437624e-05
BOND_BBB_lag1,KRX_CEMENT,6.343144e-05
BOND_BBB_lag1,KRX_SEMICON,5.4285043e-05
BOND_BBB_lag1,KRX_IRON,4.6265526e-05
BOND_BBB_lag1,smp_window_mean_roll20_mean,4.5962515e-05
BOND_BBB_lag1,CPI,4.4434924e-05
BOND_BBB_lag1,smp_window_mean,4.2928117e-05
BOND_BBB_lag1,IIP_STEEL,4.1487197e-05
BOND_BBB_lag1,NEWCASTLE_COAL_roll5_mean,2.8623788e-05
BOND_BBB_lag1,auction_window5,2.6962089e-05
BOND_BBB_lag1,rn_day_window_sum,2.6923259e-05
BOND_BBB_lag1,NEWCASTLE_COAL_lag1,2.4610988e-05
BOND_BBB_lag1,BSI_E,2.0489908e-05
BOND_BBB_lag1,BSI_P,1.7405318e-05
BOND_BBB_lag1,Oman,1.5763846e-05
BOND_BBB_lag1,rn_day_window_mean,1.2589166e-05
BOND_BBB_lag1,CLI,4.7907315e-06
BOND_BBB_lag1,rn_day,2.511169e-06
BOND_BBB_lag1,NEWCASTLE_COAL_roll20_mean,1.4722713e-06
IIP_STEEL,VIX_KR,0.0013547407
IIP_STEEL,Dubai,0.00087736413
IIP_STEEL,ask_ratio_last,0.00081209757
IIP_STEEL,IND_ORDER,0.00077951106
IIP_STEEL,smp_window_mean,0.0007282481
IIP_STEEL,ta_avg_dev_abs_window_mean,0.00072270044
IIP_STEEL,USD_CNY,0.00071019813
IIP_STEEL,KRX_ENERGY_roll20_mean,0.0007072498
IIP_STEEL,KRX_CEMENT,0.00069242594
IIP_STEEL,KRX_ENG,0.00067814055
IIP_STEEL,ta_avg_dev_abs_window_max,0.00065698795
IIP_STEEL,ta_avg_dev_abs,0.0006252883
IIP_STEEL,BOND_BBB_roll20_mean,0.0005768961
IIP_STEEL,Oman_roll5_mean,0.00056277495
IIP_STEEL,BOND_BBB,0.0005514174
IIP_STEEL,BOND_3Y,0.00047477175
IIP_STEEL,USD,0.00044505272
IIP_STEEL,IMPORT,0.00039872594
IIP_STEEL,ta_avg_dev,0.0003345632
IIP_STEEL,Oman_lag1,0.00030962419
IIP_STEEL,smp_window_mean_roll5_mean,0.00029786545
IIP_STEEL,Oman,0.00028491145
IIP_STEEL,ta_avg,0.00026010151
IIP_STEEL,SMP_MEAN,0.00022669796
IIP_STEEL,KOSPI,0.00022395358
IIP_STEEL,is_traded,0.00019567204
IIP_STEEL,Brent,0.0001806549
IIP_STEEL,IIP_CHEM,0.00017610773
IIP_STEEL,CCI,0.00016996649
IIP_STEEL,KRX_ENERGY_lag1,0.00016477179
IIP_STEEL,rn_day_window_sum,0.00014567259
IIP_STEEL,GDP,0.00014143712
IIP_STEEL,CREDIT_SPREAD,0.00013536554
IIP_STEEL,CPI,0.00012757936
IIP_STEEL,ta_avg_dev_window_mean,0.00012748818
IIP_STEEL,ta_avg_window_mean,0.000121920384
IIP_STEEL,NEWCASTLE_COAL_roll5_mean,0.0001144657
IIP_STEEL,BOND_BBB_roll5_mean,0.00011313632
IIP_STEEL,HH_GAS,0.000103552724
IIP_STEEL,rn_day,0.00010227166
IIP_STEEL,KRX_ENERGY_roll5_mean,9.425554e-05
IIP_STEEL,smp_window_mean_roll20_mean,9.077622e-05
IIP_STEEL,NEWCASTLE_COAL_lag1,8.467464e-05
IIP_STEEL,KRX_SEMICON,7.820736e-05
IIP_STEEL,WTI,7.2439885e-05
IIP_STEEL,rn_day_window_mean,7.065355e-05
IIP_STEEL,CAP_UTIL,6.2244435e-05
IIP_STEEL,Oman_roll20_mean,5.9574093e-05
IIP_STEEL,BSI_E,5.411664e-05
IIP_STEEL,CLI,4.599942e-05
IIP_STEEL,smp_window_days,4.415659e-05
IIP_STEEL,BOND_BBB_lag1,4.148721e-05
IIP_STEEL,NEWCASTLE_COAL_roll20_mean,3.5933503e-05
IIP_STEEL,KRX_ENERGY,3.421401e-05
IIP_STEEL,smp_window_mean_lag1,3.322501e-05
IIP_STEEL,NEWCASTLE_COAL,2.9806572e-05
IIP_STEEL,KRX_IRON,2.1174501e-05
IIP_STEEL,FV_KAU19,1.9110897e-05
IIP_STEEL,IIP_MFG,1.8908526e-05
IIP_STEEL,bid_qty_window,1.6126349e-05
IIP_STEEL,EXPORT,1.4808449e-05
IIP_STEEL,BSI_P,4.508675e-06
IIP_STEEL,vintage_bucket,1.1403406e-06
IIP_STEEL,PPI,1.1970822e-07
smp_window_mean_lag1,USD_CNY,0.0036021804
smp_window_mean_lag1,ta_avg_dev_abs_window_mean,0.002224476
smp_window_mean_lag1,SMP_MEAN,0.0019518944
smp_window_mean_lag1,VIX_KR,0.0017830825
smp_window_mean_lag1,is_traded,0.0017033253
smp_window_mean_lag1,NEWCASTLE_COAL_roll5_mean,0.0015858337
smp_window_mean_lag1,PPI,0.0014604038
smp_window_mean_lag1,IND_ORDER,0.0013672413
smp_window_mean_lag1,USD,0.0013127344
smp_window_mean_lag1,smp_window_mean,0.0012731012
smp_window_mean_lag1,ta_avg_window_mean,0.0010981725
smp_window_mean_lag1,KRX_ENERGY,0.0010573401
smp_window_mean_lag1,ask_ratio_last,0.0010391427
smp_window_mean_lag1,GDP,0.0010139121
smp_window_mean_lag1,Oman_roll5_mean,0.0009819814
smp_window_mean_lag1,BOND_BBB_roll20_mean,0.00093493535
smp_window_mean_lag1,NEWCASTLE_COAL_lag1,0.000794089
smp_window_mean_lag1,NEWCASTLE_COAL_roll20_mean,0.0007550405
smp_window_mean_lag1,KOSPI,0.00074043154
smp_window_mean_lag1,KRX_ENERGY_roll20_mean,0.0006778586
smp_window_mean_lag1,KRX_CEMENT,0.00064718287
smp_window_mean_lag1,WTI,0.00064434257
smp_window_mean_lag1,Oman_lag1,0.00060758647
smp_window_mean_lag1,smp_window_days,0.0005199752
smp_window_mean_lag1,Oman_roll20_mean,0.0005100099
smp_window_mean_lag1,bid_qty_window,0.00050752563
smp_window_mean_lag1,IIP_MFG,0.000479928
smp_window_mean_lag1,Oman,0.00042473437
smp_window_mean_lag1,CPI,0.00039043132
smp_window_mean_lag1,ta_avg,0.0003710421
smp_window_mean_lag1,ta_avg_dev_abs,0.00036095743
smp_window_mean_lag1,ta_avg_dev,0.00035782307
smp_window_mean_lag1,BOND_3Y,0.00033359768
smp_window_mean_lag1,BOND_BBB_lag1,0.0003238972
smp_window_mean_lag1,CLI,0.00029943537
smp_window_mean_lag1,CAP_UTIL,0.0002900848
smp_window_mean_lag1,KRX_SEMICON,0.0002798615
smp_window_mean_lag1,BOND_BBB,0.00027045517
smp_window_mean_lag1,smp_window_mean_roll5_mean,0.0002681483
smp_window_mean_lag1,BSI_E,0.0002575991
smp_window_mean_lag1,KRX_ENERGY_roll5_mean,0.00025419606
smp_window_mean_lag1,IMPORT,0.00024917882
smp_window_mean_lag1,BOND_BBB_roll5_mean,0.00024714405
smp_window_mean_lag1,ta_avg_dev_abs_window_max,0.00023779982
smp_window_mean_lag1,HH_GAS,0.000219508
smp_window_mean_lag1,Brent,0.00021589927
smp_window_mean_lag1,CCI,0.00020527844
smp_window_mean_lag1,Dubai,0.00018867725
smp_window_mean_lag1,NEWCASTLE_COAL,0.00018111861
smp_window_mean_lag1,KRX_ENG,0.00015097405
smp_window_mean_lag1,KRX_ENERGY_lag1,0.00014320125
smp_window_mean_lag1,rn_day_window_sum,0.000111269255
smp_window_mean_lag1,ta_avg_dev_window_mean,9.20177e-05
smp_window_mean_lag1,BSI_P,7.6156655e-05
smp_window_mean_lag1,KRX_IRON,7.611182e-05
smp_window_mean_lag1,CREDIT_SPREAD,4.2536816e-05
smp_window_mean_lag1,rn_day_window_mean,3.7875132e-05
smp_window_mean_lag1,smp_window_mean_roll20_mean,3.7869573e-05
smp_window_mean_lag1,IIP_STEEL,3.322465e-05
smp_window_mean_lag1,IIP_CHEM,2.7806489e-05
smp_window_mean_lag1,rn_day,1.7593755e-05
smp_window_mean_lag1,FV_KAU19,8.207041e-06
smp_window_mean_lag1,EXPORT,6.114748e-06
BSI_P,VIX_KR,0.0014569765
BSI_P,CPI,0.0012126865
BSI_P,CLI,0.001022896
BSI_P,KRX_ENERGY,0.0006761477
BSI_P,bid_qty_window,0.0005651857
BSI_P,ta_avg_window_mean,0.00055490603
BSI_P,IND_ORDER,0.000478419
BSI_P,BOND_BBB_roll20_mean,0.0004437794
BSI_P,SMP_MEAN,0.00029387604
BSI_P,ta_avg_dev_abs,0.0002834913
BSI_P,KRX_CEMENT,0.00027377083
BSI_P,KRX_IRON,0.0002311749
BSI_P,KOSPI,0.00022339098
BSI_P,HH_GAS,0.00020686023
BSI_P,ta_avg_dev_abs_window_max,0.00019694804
BSI_P,IIP_CHEM,0.00019191125
BSI_P,USD,0.00015413904
BSI_P,Dubai,0.00014572898
BSI_P,USD_CNY,0.00013823409
BSI_P,weather_window_days,0.00013753845
BSI_P,KRX_ENERGY_roll20_mean,0.00012580938
BSI_P,Oman_lag1,0.00011247451
BSI_P,rn_day,0.00010062822
BSI_P,IMPORT,9.575721e-05
BSI_P,FV_KAU24,9.122668e-05
BSI_P,BOND_BBB_roll5_mean,9.1125796e-05
BSI_P,BOND_BBB,8.474511e-05
BSI_P,NEWCASTLE_COAL,8.223032e-05
BSI_P,smp_window_mean_roll20_mean,8.0464626e-05
BSI_P,KRX_SEMICON,7.689133e-05
BSI_P,smp_window_mean_lag1,7.615628e-05
BSI_P,smp_window_mean_roll5_mean,7.54551e-05
BSI_P,BOND_3Y,7.391737e-05
BSI_P,smp_window_mean,5.971395e-05
BSI_P,GDP,5.3088057e-05
BSI_P,smp_window_days,5.1588304e-05
BSI_P,ask_ratio_last,4.779115e-05
BSI_P,auction_window7,4.3122458e-05
BSI_P,BSI_E,4.2127074e-05
BSI_P,KRX_ENERGY_roll5_mean,4.181783e-05
BSI_P,CREDIT_SPREAD,3.8860606e-05
BSI_P,ta_avg_dev_window_mean,3.614798e-05
BSI_P,NEWCASTLE_COAL_roll20_mean,3.3508164e-05
BSI_P,KRX_ENG,2.9237935e-05
BSI_P,ta_avg_dev_abs_window_mean,2.499383e-05
BSI_P,ta_avg,2.4693722e-05
BSI_P,rn_day_window_sum,2.1610555e-05
BSI_P,is_traded,2.158819e-05
BSI_P,vintage_bucket,2.0109861e-05
BSI_P,Oman,2.0022326e-05
BSI_P,Oman_roll5_mean,1.7409786e-05
BSI_P,BOND_BBB_lag1,1.7405317e-05
BSI_P,Brent,1.6623306e-05
BSI_P,rn_day_window_mean,1.5926276e-05
BSI_P,KRX_ENERGY_lag1,1.4652265e-05
BSI_P,NEWCASTLE_COAL_lag1,1.4613056e-05
BSI_P,EXPORT,1.4304722e-05
BSI_P,WTI,1.1580472e-05
BSI_P,IIP_MFG,1.0278186e-05
BSI_P,NEWCASTLE_COAL_roll5_mean,9.758739e-06
BSI_P,ask_ratio_last_known,8.335076e-06
BSI_P,Oman_roll20_mean,8.2637e-06
BSI_P,CCI,6.023774e-06
BSI_P,IIP_STEEL,4.508572e-06
BSI_P,ta_avg_dev,3.5006171e-06
CPI,Oman_roll5_mean,0.003112251
CPI,VIX_KR,0.0023677435
CPI,BSI_P,0.0012126863
CPI,CLI,0.0011565938
CPI,USD,0.00090188376
CPI,smp_window_mean_roll5_mean,0.00059788936
CPI,KRX_ENG,0.00055642345
CPI,KOSPI,0.00051767984
CPI,smp_window_mean_lag1,0.00039043117
CPI,ask_ratio_last,0.00036087033
CPI,NEWCASTLE_COAL_roll5_mean,0.0003383167
CPI,Oman_roll20_mean,0.0003129532
CPI,USD_CNY,0.00025473707
CPI,GDP,0.00025396104
CPI,BOND_3Y,0.0002459972
CPI,ta_avg_dev_abs_window_max,0.00022797596
CPI,KRX_ENERGY_roll20_mean,0.00022273893
CPI,KRX_ENERGY,0.00020110792
CPI,Oman_lag1,0.0001716345
CPI,NEWCASTLE_COAL,0.00016575225
CPI,WTI,0.00016417202
CPI,ta_avg_dev_abs_window_mean,0.00015246987
CPI,ta_avg_dev_window_mean,0.00014043655
CPI,smp_window_mean_roll20_mean,0.00013594136
CPI,NEWCASTLE_COAL_lag1,0.00012850708
CPI,IIP_STEEL,0.00012757951
CPI,ta_avg,0.000121692996
CPI,smp_window_mean,0.00011288899
CPI,CREDIT_SPREAD,0.00011028078
CPI,rn_day_window_sum,0.00010730896
CPI,KRX_ENERGY_lag1,0.00010540344
CPI,ta_avg_window_mean,9.803913e-05
CPI,ta_avg_dev_abs,8.579519e-05
CPI,HH_GAS,7.806668e-05
CPI,weather_window_days,7.791129e-05
CPI,KRX_ENERGY_roll5_mean,7.698173e-05
CPI,KRX_IRON,6.9906884e-05
CPI,CCI,6.5422166e-05
CPI,IMPORT,6.475213e-05
CPI,CAP_UTIL,5.520879e-05
CPI,IND_ORDER,5.2152533e-05
CPI,KRX_CEMENT,4.963979e-05
CPI,rn_day_window_mean,4.608079e-05
CPI,NEWCASTLE_COAL_roll20_mean,4.5028373e-05
CPI,BOND_BBB_lag1,4.443497e-05
CPI,bid_qty_window,4.3079697e-05
CPI,ta_avg_dev,4.2572345e-05
CPI,BSI_E,4.2275926e-05
CPI,KRX_SEMICON,4.1757645e-05
CPI,BOND_BBB_roll20_mean,3.6158068e-05
CPI,EXPORT,2.9078845e-05
CPI,IIP_MFG,2.4818873e-05
CPI,IIP_CHEM,2.4688985e-05
CPI,SMP_MEAN,2.3352235e-05
CPI,Oman,2.02346e-05
CPI,PPI,1.8800076e-05
CPI,Dubai,1.6667243e-05
CPI,smp_window_days,1.5362117e-05
CPI,Brent,9.065292e-06
CPI,is_traded,7.5568014e-06
CPI,BOND_BBB,5.991026e-06
CPI,BOND_BBB_roll5_mean,5.7547504e-06
CPI,rn_day,4.752263e-06
CPI,vintage_bucket,1.7960128e-06
CPI,auction_window7,1.5760959e-06
CPI,FV_KAU22,7.8482975e-07
CPI,FV_KAU19,5.170353e-07
CPI,FV_KAU24,3.617254e-07
rn_day,USD_CNY,0.0014234124
rn_day,VIX_KR,0.0008871686
rn_day,WTI,0.0006359656
rn_day,GDP,0.0004974257
rn_day,smp_window_mean_roll20_mean,0.0004160859
rn_day,HH_GAS,0.0003454809
rn_day,KRX_CEMENT,0.0003432384
rn_day,ta_avg_dev_abs,0.00032797776
rn_day,rn_day_window_mean,0.00030288994
rn_day,ta_avg,0.00028541085
rn_day,ask_ratio_last,0.00025112458
rn_day,USD,0.0002021601
rn_day,NEWCASTLE_COAL_roll20_mean,0.00019228157
rn_day,ta_avg_dev_abs_window_max,0.00018826728
rn_day,ta_avg_window_mean,0.00018508904
rn_day,KRX_ENERGY_roll20_mean,0.00016967594
rn_day,ta_avg_dev_abs_window_mean,0.00014208995
rn_day,BOND_BBB_roll5_mean,0.00014082708
rn_day,BOND_BBB_roll20_mean,0.00013945946
rn_day,smp_window_days,0.00013930522
rn_day,IIP_MFG,0.00013295781
rn_day,bid_qty_window,0.000120207966
rn_day,IIP_CHEM,0.00011859399
rn_day,smp_window_mean,0.00011731822
rn_day,vintage_bucket,0.00011161247
rn_day,KRX_ENERGY_lag1,0.0001094711
rn_day,BOND_3Y,0.00010614896
rn_day,IIP_STEEL,0.000102271624
rn_day,BSI_P,0.00010062812
rn_day,KRX_IRON,0.00010020189
rn_day,smp_window_mean_roll5_mean,9.661793e-05
rn_day,Oman_roll20_mean,9.461415e-05
rn_day,NEWCASTLE_COAL,9.106536e-05
rn_day,BSI_E,8.1780796e-05
rn_day,is_traded,8.12096e-05
rn_day,IMPORT,7.9854006e-05
rn_day,CCI,7.937849e-05
rn_day,KRX_SEMICON,7.859378e-05
rn_day,IND_ORDER,7.824622e-05
rn_day,Brent,7.5242475e-05
rn_day,FV_KAU22,7.362437e-05
rn_day,KRX_ENERGY_roll5_mean,7.059642e-05
rn_day,Oman_lag1,6.34592e-05
rn_day,weather_window_days,4.881112e-05
rn_day,BOND_BBB,4.866108e-05
rn_day,KRX_ENERGY,4.7003585e-05
rn_day,EXPORT,4.5890534e-05
rn_day,NEWCASTLE_COAL_lag1,3.902354e-05
rn_day,KOSPI,3.8496048e-05
rn_day,NEWCASTLE_COAL_roll5_mean,3.814994e-05
rn_day,ta_avg_dev,3.193107e-05
rn_day,CREDIT_SPREAD,3.0088753e-05
rn_day,Dubai,2.7760008e-05
rn_day,PPI,2.452608e-05
rn_day,Oman_roll5_mean,2.4210105e-05
rn_day,FV_KAU23,2.351665e-05
rn_day,CLI,2.204662e-05
rn_day,rn_day_window_sum,2.0415644e-05
rn_day,KRX_ENG,1.8114266e-05
rn_day,smp_window_mean_lag1,1.7593582e-05
rn_day,SMP_MEAN,1.26831055e-05
rn_day,Oman,9.877363e-06
rn_day,CPI,4.7523704e-06
rn_day,BOND_BBB_lag1,2.51107e-06
IMPORT,KRX_ENERGY_roll20_mean,0.0036130447
IMPORT,is_traded,0.0033139526
IMPORT,ask_ratio_last,0.0015330297
IMPORT,USD_CNY,0.0009887941
IMPORT,VIX_KR,0.0009464712
IMPORT,CLI,0.00092371774
IMPORT,USD,0.0009003074
IMPORT,ta_avg_dev_abs_window_max,0.0007553177
IMPORT,Brent,0.0004636279
IMPORT,ta_avg_dev,0.0004484701
IMPORT,Oman,0.00043959098
IMPORT,WTI,0.0003998802
IMPORT,IIP_STEEL,0.00039872588
IMPORT,ta_avg_dev_abs_window_mean,0.00036514824
IMPORT,CALL,0.0003585453
IMPORT,NEWCASTLE_COAL_lag1,0.00029529957
IMPORT,HH_GAS,0.00029120228
IMPORT,ta_avg,0.00028511515
IMPORT,SMP_MEAN,0.00027794187
IMPORT,IND_ORDER,0.00026410687
IMPORT,smp_window_mean_lag1,0.00024917864
IMPORT,ta_avg_dev_window_mean,0.00023873178
IMPORT,KRX_ENERGY_lag1,0.00020853267
IMPORT,Oman_lag1,0.00019417015
IMPORT,FV_KAU24,0.00019113744
IMPORT,KRX_CEMENT,0.00016372671
IMPORT,bid_qty_window,0.00015368468
IMPORT,KRX_ENERGY_roll5_mean,0.00015027286
IMPORT,KRX_SEMICON,0.0001469362
IMPORT,BOND_3Y,0.00014285067
IMPORT,BOND_BBB_roll5_mean,0.00014169877
IMPORT,Dubai,0.0001375463
IMPORT,NEWCASTLE_COAL_roll5_mean,0.00012778865
IMPORT,smp_window_mean_roll5_mean,0.0001243129
IMPORT,ta_avg_dev_abs,0.00011801454
IMPORT,GDP,0.000115706134
IMPORT,BOND_BBB_roll20_mean,0.0001135837
IMPORT,Oman_roll5_mean,0.0001005066
IMPORT,BSI_P,9.575719e-05
IMPORT,BOND_BBB_lag1,9.00027e-05
IMPORT,CREDIT_SPREAD,8.962982e-05
IMPORT,rn_day_window_sum,8.626748e-05
IMPORT,IIP_CHEM,8.2331775e-05
IMPORT,rn_day,7.9853926e-05
IMPORT,KRX_IRON,7.8788806e-05
IMPORT,ta_avg_window_mean,7.85193e-05
IMPORT,vintage_bucket,7.45335e-05
IMPORT,smp_window_mean,7.443608e-05
IMPORT,CCI,7.370197e-05
IMPORT,CPI,6.4752094e-05
IMPORT,weather_window_days,6.471947e-05
IMPORT,NEWCASTLE_COAL,6.283529e-05
IMPORT,IIP_MFG,6.0163024e-05
IMPORT,FV_KAU23,5.819389e-05
IMPORT,BSI_E,4.8531278e-05
IMPORT,smp_window_mean_roll20_mean,4.5320776e-05
IMPORT,rn_day_window_mean,3.9994204e-05
IMPORT,KRX_ENG,3.5259738e-05
IMPORT,KRX_ENERGY,3.4463494e-05
IMPORT,FV_KAU19,2.4306917e-05
IMPORT,KOSPI,1.9794863e-05
IMPORT,auction_window7,1.9058187e-05
IMPORT,auction_window5,1.5426147e-05
IMPORT,Oman_roll20_mean,1.3822864e-05
IMPORT,EXPORT,1.16774045e-05
IMPORT,NEWCASTLE_COAL_roll20_mean,9.321682e-06
IMPORT,CAP_UTIL,2.3430819e-06
IMPORT,PPI,4.4171298e-07
Oman,VIX_KR,0.0050369003
Oman,ask_ratio_last,0.00173508
Oman,KRX_ENERGY_roll20_mean,0.0012752973
Oman,IND_ORDER,0.0011460949
Oman,BOND_BBB_roll20_mean,0.0011280484
Oman,USD,0.0009011659
Oman,Oman_lag1,0.0008974305
Oman,CREDIT_SPREAD,0.0007802523
Oman,KRX_ENERGY_lag1,0.000772812
Oman,Oman_roll20_mean,0.0005866753
Oman,HH_GAS,0.0005584853
Oman,WTI,0.0005136671
Oman,Dubai,0.00051134534
Oman,is_traded,0.00044921858
Oman,CCI,0.00044184408
Oman,IMPORT,0.00043959107
Oman,ta_avg_window_mean,0.00043213242
Oman,smp_window_mean_lag1,0.00042473446
Oman,NEWCASTLE_COAL_lag1,0.00033433505
Oman,smp_window_mean_roll20_mean,0.00031070778
Oman,ta_avg_dev_abs_window_max,0.00030935588
Oman,IIP_STEEL,0.00028491122
Oman,ta_avg_dev_abs_window_mean,0.00027048457
Oman,CLI,0.00025668353
Oman,CAP_UTIL,0.00024133862
Oman,rn_day_window_sum,0.00023118935
Oman,KRX_ENG,0.00023042235
Oman,USD_CNY,0.00021149378
Oman,Oman_roll5_mean,0.00020421624
Oman,NEWCASTLE_COAL,0.00020293138
Oman,KRX_ENERGY_roll5_mean,0.00017813212
Oman,BOND_3Y,0.0001701182
Oman,smp_window_mean,0.00016374754
Oman,KRX_CEMENT,0.00015426587
Oman,KRX_IRON,0.00013606659
Oman,NEWCASTLE_COAL_roll20_mean,0.0001227517
Oman,KRX_ENERGY,0.00010956929
Oman,SMP_MEAN,0.000105748644
Oman,IIP_MFG,0.00010028616
Oman,rn_day_window_mean,7.82247e-05
Oman,ta_avg_dev_abs,6.729971e-05
Oman,ta_avg,6.451423e-05
Oman,smp_window_mean_roll5_mean,5.711592e-05
Oman,KOSPI,5.3994765e-05
Oman,smp_window_days,5.0260944e-05
Oman,weather_window_days,4.743438e-05
Oman,GDP,4.7274192e-05
Oman,KRX_SEMICON,4.242037e-05
Oman,NEWCASTLE_COAL_roll5_mean,3.86533e-05
Oman,ta_avg_dev_window_mean,3.788947e-05
Oman,BSI_E,3.5272133e-05
Oman,PPI,2.2926568e-05
Oman,BOND_BBB,2.102373e-05
Oman,CPI,2.0234587e-05
Oman,BSI_P,2.0022224e-05
Oman,IIP_CHEM,1.7209031e-05
Oman,BOND_BBB_lag1,1.5763877e-05
Oman,FV_KAU24,1.3130089e-05
Oman,Brent,1.3129777e-05
Oman,BOND_BBB_roll5_mean,1.2143823e-05
Oman,ta_avg_dev,1.2078393e-05
Oman,rn_day,9.8774135e-06
Oman,bid_qty_window,1.3080759e-06
IIP_CHEM,VIX_KR,0.005043461
IIP_CHEM,BOND_BBB_roll20_mean,0.0015272216
IIP_CHEM,USD_CNY,0.0011933185
IIP_CHEM,KRX_IRON,0.00095815567
IIP_CHEM,NEWCASTLE_COAL_roll5_mean,0.00082289707
IIP_CHEM,smp_window_mean_roll5_mean,0.0007836981
IIP_CHEM,smp_window_mean_roll20_mean,0.0006352552
IIP_CHEM,IIP_MFG,0.00046510974
IIP_CHEM,HH_GAS,0.00045453053
IIP_CHEM,Oman_lag1,0.00045056545
IIP_CHEM,rn_day_window_sum,0.00039800708
IIP_CHEM,KRX_ENG,0.00038335792
IIP_CHEM,ta_avg_dev_abs,0.00035567486
IIP_CHEM,ta_avg,0.00032994663
IIP_CHEM,ask_ratio_last,0.00031060356
IIP_CHEM,ta_avg_dev_abs_window_max,0.00027261666
IIP_CHEM,ta_avg_window_mean,0.0002486442
IIP_CHEM,USD,0.00019936191
IIP_CHEM,ta_avg_dev_abs_window_mean,0.0001969176
IIP_CHEM,BSI_P,0.00019191139
IIP_CHEM,ta_avg_dev_window_mean,0.00018849669
IIP_CHEM,IIP_STEEL,0.0001761077
IIP_CHEM,KRX_ENERGY_roll20_mean,0.00017188165
IIP_CHEM,auction_window7,0.00014742945
IIP_CHEM,BOND_BBB_roll5_mean,0.00014373113
IIP_CHEM,KRX_CEMENT,0.00012423967
IIP_CHEM,KRX_SEMICON,0.00012415652
IIP_CHEM,rn_day,0.0001185941
IIP_CHEM,KRX_ENERGY_roll5_mean,0.00010329124
IIP_CHEM,smp_window_mean,8.610571e-05
IIP_CHEM,CCI,8.414036e-05
IIP_CHEM,GDP,8.363119e-05
IIP_CHEM,IMPORT,8.233175e-05
IIP_CHEM,WTI,6.946943e-05
IIP_CHEM,EXPORT,6.8720845e-05
IIP_CHEM,BOND_BBB_lag1,6.771777e-05
IIP_CHEM,IND_ORDER,6.639567e-05
IIP_CHEM,NEWCASTLE_COAL_lag1,6.426052e-05
IIP_CHEM,ta_avg_dev,5.6141165e-05
IIP_CHEM,is_traded,4.3807202e-05
IIP_CHEM,CREDIT_SPREAD,4.1177154e-05
IIP_CHEM,vintage_bucket,3.600268e-05
IIP_CHEM,KRX_ENERGY_lag1,3.4693443e-05
IIP_CHEM,bid_qty_window,3.1310832e-05
IIP_CHEM,BOND_BBB,2.9641642e-05
IIP_CHEM,BSI_E,2.791197e-05
IIP_CHEM,smp_window_mean_lag1,2.7806576e-05
IIP_CHEM,SMP_MEAN,2.6052428e-05
IIP_CHEM,CPI,2.468917e-05
IIP_CHEM,Dubai,2.3450095e-05
IIP_CHEM,BOND_3Y,2.2326609e-05
IIP_CHEM,rn_day_window_mean,2.1568741e-05
IIP_CHEM,Brent,2.1513584e-05
IIP_CHEM,CLI,1.7644867e-05
IIP_CHEM,Oman,1.7209091e-05
IIP_CHEM,KOSPI,1.6391547e-05
IIP_CHEM,smp_window_days,1.3161093e-05
IIP_CHEM,Oman_roll5_mean,1.1581562e-05
IIP_CHEM,NEWCASTLE_COAL,8.915235e-06
IIP_CHEM,NEWCASTLE_COAL_roll20_mean,3.7227624e-06
IIP_CHEM,Oman_roll20_mean,2.6236105e-06
IIP_CHEM,KRX_ENERGY,1.22023e-06
IIP_CHEM,FV_KAU19,7.641211e-08
CCI,VIX_KR,0.0035085878
CCI,NEWCASTLE_COAL_lag1,0.0030477417
CCI,KRX_CEMENT,0.0028423439
CCI,USD_CNY,0.0028287286
CCI,PPI,0.0021463495
CCI,is_traded,0.0016108879
CCI,KRX_ENERGY_lag1,0.0011513522
CCI,bid_qty_window,0.0009318911
CCI,ta_avg_dev_abs_window_mean,0.0007343646
CCI,SMP_MEAN,0.0007279586
CCI,KOSPI,0.0005880497
CCI,KRX_ENERGY,0.0005813007
CCI,NEWCASTLE_COAL,0.000558141
CCI,KRX_SEMICON,0.0005255548
CCI,smp_window_mean,0.00050968217
CCI,Dubai,0.00048280662
CCI,Oman,0.00044184396
CCI,USD,0.0004332972
CCI,Oman_lag1,0.00043170975
CCI,rn_day_window_mean,0.00042138962
CCI,KRX_IRON,0.00040393072
CCI,WTI,0.00036091064
CCI,smp_window_mean_roll20_mean,0.0003438839
CCI,Oman_roll5_mean,0.0003324626
CCI,KRX_ENERGY_roll20_mean,0.00030066047
CCI,Brent,0.0003001843
CCI,CLI,0.00029968718
CCI,smp_window_days,0.00029387535
CCI,ask_ratio_last,0.00028736875
CCI,GDP,0.00028131335
CCI,ta_avg,0.00027404208
CCI,ta_avg_window_mean,0.00026045588
CCI,BOND_3Y,0.00025788785
CCI,BOND_BBB_roll20_mean,0.00022732327
CCI,HH_GAS,0.00022298477
CCI,IND_ORDER,0.0002156715
CCI,smp_window_mean_lag1,0.00020527872
CCI,BOND_BBB_lag1,0.00020507941
CCI,ta_avg_dev_abs,0.00019644883
CCI,NEWCASTLE_COAL_roll20_mean,0.00019566188
CCI,rn_day_window_sum,0.00017657832
CCI,IIP_STEEL,0.0001699664
CCI,ta_avg_dev,0.00014617377
CCI,KRX_ENG,0.00014261207
CCI,NEWCASTLE_COAL_roll5_mean,0.00012245563
CCI,BOND_BBB_roll5_mean,0.00011382515
CCI,KRX_ENERGY_roll5_mean,0.000110027424
CCI,IIP_MFG,0.000109004075
CCI,ta_avg_dev_window_mean,0.00010838185
CCI,Oman_roll20_mean,8.6500964e-05
CCI,ta_avg_dev_abs_window_max,8.6055305e-05
CCI,IIP_CHEM,8.414042e-05
CCI,rn_day,7.937848e-05
CCI,CREDIT_SPREAD,7.6180775e-05
CCI,IMPORT,7.370201e-05
CCI,BSI_E,6.898049e-05
CCI,CPI,6.542221e-05
CCI,CAP_UTIL,4.0120383e-05
CCI,BOND_BBB,3.5237408e-05
CCI,vintage_bucket,1.9322193e-05
CCI,smp_window_mean_roll5_mean,1.2467507e-05
CCI,weather_window_days,1.0244689e-05
CCI,BSI_P,6.0237685e-06
CCI,auction_window5,5.42187e-06
CCI,EXPORT,1.2235749e-06
CCI,CALL,4.7465957e-07
BOND_BBB,WTI,0.0016050071
BOND_BBB,VIX_KR,0.0014171532
BOND_BBB,KRX_ENERGY,0.0010928736
BOND_BBB,USD_CNY,0.0010279941
BOND_BBB,Dubai,0.00083096593
BOND_BBB,BOND_BBB_roll5_mean,0.00081759004
BOND_BBB,USD,0.0006505783
BOND_BBB,CREDIT_SPREAD,0.00063980103
BOND_BBB,GDP,0.00057107786
BOND_BBB,IIP_STEEL,0.00055141735
BOND_BBB,KRX_SEMICON,0.0005008918
BOND_BBB,weather_window_days,0.00044585718
BOND_BBB,BOND_3Y,0.00043521967
BOND_BBB,KRX_ENERGY_roll20_mean,0.00038812705
BOND_BBB,ask_ratio_last,0.0003545958
BOND_BBB,BOND_BBB_lag1,0.00033266243
BOND_BBB,ta_avg,0.00030503032
BOND_BBB,rn_day_window_sum,0.00027825127
BOND_BBB,smp_window_mean_lag1,0.00027045514
BOND_BBB,Brent,0.00026405897
BOND_BBB,HH_GAS,0.0002635687
BOND_BBB,ta_avg_dev_abs_window_max,0.00024336086
BOND_BBB,Oman_roll5_mean,0.00024302395
BOND_BBB,ta_avg_dev_abs,0.00017982403
BOND_BBB,KRX_ENERGY_lag1,0.00015702218
BOND_BBB,ta_avg_window_mean,0.0001222651
BOND_BBB,ta_avg_dev_abs_window_mean,0.000115002964
BOND_BBB,NEWCASTLE_COAL,0.000113811984
BOND_BBB,smp_window_days,0.0001119284
BOND_BBB,IND_ORDER,0.00011038258
BOND_BBB,CLI,0.00010089906
BOND_BBB,is_traded,9.911647e-05
BOND_BBB,KRX_ENERGY_roll5_mean,9.625861e-05
BOND_BBB,KOSPI,9.1873444e-05
BOND_BBB,BSI_P,8.47451e-05
BOND_BBB,KRX_IRON,7.750071e-05
BOND_BBB,smp_window_mean,7.742037e-05
BOND_BBB,ta_avg_dev,7.0265145e-05
BOND_BBB,BSI_E,6.741219e-05
BOND_BBB,KRX_ENG,6.4555636e-05
BOND_BBB,smp_window_mean_roll20_mean,6.1031587e-05
BOND_BBB,BOND_BBB_roll20_mean,5.5526085e-05
BOND_BBB,rn_day,4.8661113e-05
BOND_BBB,CCI,3.523738e-05
BOND_BBB,SMP_MEAN,3.0773117e-05
BOND_BBB,smp_window_mean_roll5_mean,2.9875036e-05
BOND_BBB,IIP_CHEM,2.9641726e-05
BOND_BBB,NEWCASTLE_COAL_lag1,2.7614804e-05
BOND_BBB,ta_avg_dev_window_mean,2.7070293e-05
BOND_BBB,Oman_lag1,2.3618286e-05
BOND_BBB,rn_day_window_mean,2.1750797e-05
BOND_BBB,Oman,2.1023738e-05
BOND_BBB,KRX_CEMENT,1.9141527e-05
BOND_BBB,bid_qty_window,1.7490496e-05
BOND_BBB,IIP_MFG,1.22203355e-05
BOND_BBB,ask_ratio_last_known,1.2118935e-05
BOND_BBB,NEWCASTLE_COAL_roll20_mean,1.1518489e-05
BOND_BBB,vintage_bucket,9.9511235e-06
BOND_BBB,CPI,5.990689e-06
BOND_BBB,Oman_roll20_mean,5.9293234e-06
BOND_BBB,NEWCASTLE_COAL_roll5_mean,5.6538183e-06
BOND_BBB,CAP_UTIL,2.7417352e-06
BOND_BBB,PPI,1.9452002e-06
BOND_BBB,EXPORT,1.7200977e-06
FV_KAU19,is_traded,0.000711548
FV_KAU19,KRX_ENERGY,5.7826e-05
FV_KAU19,Brent,2.545972e-05
FV_KAU19,KRX_CEMENT,2.4334915e-05
FV_KAU19,IMPORT,2.430688e-05
FV_KAU19,ta_avg_dev_abs_window_mean,2.3891726e-05
FV_KAU19,IND_ORDER,2.2956507e-05
FV_KAU19,smp_window_mean_roll20_mean,1.9794372e-05
FV_KAU19,IIP_STEEL,1.9110923e-05
FV_KAU19,SMP_MEAN,1.4782093e-05
FV_KAU19,BOND_BBB_roll20_mean,1.0059016e-05
FV_KAU19,smp_window_mean_roll5_mean,1.0026735e-05
FV_KAU19,smp_window_mean_lag1,8.2070765e-06
FV_KAU19,smp_window_mean,8.0757145e-06
FV_KAU19,CAP_UTIL,7.3681354e-06
FV_KAU19,ta_avg_dev_abs,7.288913e-06
FV_KAU19,KRX_ENERGY_lag1,6.4833316e-06
FV_KAU19,USD,6.400115e-06
FV_KAU19,CREDIT_SPREAD,4.836094e-06
FV_KAU19,KRX_ENG,3.7073457e-06
FV_KAU19,Oman_roll5_mean,3.5174392e-06
FV_KAU19,Dubai,3.4226189e-06
FV_KAU19,NEWCASTLE_COAL_roll5_mean,2.5253187e-06
FV_KAU19,IIP_MFG,2.0181594e-06
FV_KAU19,NEWCASTLE_COAL_lag1,1.5652976e-06
FV_KAU19,ta_avg_dev_abs_window_max,1.4666772e-06
FV_KAU19,CPI,5.169121e-07
FV_KAU19,BOND_3Y,3.5828893e-07
FV_KAU19,KRX_ENERGY_roll5_mean,2.5227823e-07
FV_KAU19,IIP_CHEM,7.6418345e-08
CAP_UTIL,USD_CNY,0.0018310143
CAP_UTIL,HH_GAS,0.0013062711
CAP_UTIL,VIX_KR,0.0007847207
CAP_UTIL,ask_ratio_last,0.00059613766
CAP_UTIL,ta_avg,0.0005533446
CAP_UTIL,Dubai,0.00054595916
CAP_UTIL,GDP,0.00046891937
CAP_UTIL,ta_avg_window_mean,0.00037430975
CAP_UTIL,Oman_lag1,0.00034260558
CAP_UTIL,smp_window_mean_lag1,0.00029008472
CAP_UTIL,ta_avg_dev_abs_window_mean,0.00024651497
CAP_UTIL,Oman,0.00024133864
CAP_UTIL,Oman_roll5_mean,0.00023923845
CAP_UTIL,BOND_BBB_roll20_mean,0.00023299782
CAP_UTIL,smp_window_days,0.00017523639
CAP_UTIL,BOND_BBB_roll5_mean,0.00016806068
CAP_UTIL,rn_day_window_mean,0.00014317043
CAP_UTIL,KRX_ENERGY_roll5_mean,0.00013078816
CAP_UTIL,is_traded,0.00011839415
CAP_UTIL,ta_avg_dev_abs,0.0001136154
CAP_UTIL,IND_ORDER,0.000111452355
CAP_UTIL,smp_window_mean,0.00011127038
CAP_UTIL,BOND_BBB_lag1,0.000101499914
CAP_UTIL,CLI,0.000100175326
CAP_UTIL,USD,9.373396e-05
CAP_UTIL,ta_avg_dev_abs_window_max,9.0106354e-05
CAP_UTIL,NEWCASTLE_COAL,8.9077235e-05
CAP_UTIL,KRX_ENERGY_lag1,8.687321e-05
CAP_UTIL,KRX_ENERGY,7.7005956e-05
CAP_UTIL,KRX_SEMICON,7.515773e-05
CAP_UTIL,SMP_MEAN,7.438178e-05
CAP_UTIL,IIP_STEEL,6.2244384e-05
CAP_UTIL,KRX_ENERGY_roll20_mean,6.2168656e-05
CAP_UTIL,KRX_IRON,6.1127175e-05
CAP_UTIL,NEWCASTLE_COAL_roll5_mean,6.0511484e-05
CAP_UTIL,BOND_3Y,5.9086542e-05
CAP_UTIL,ta_avg_dev_window_mean,5.8864276e-05
CAP_UTIL,rn_day_window_sum,5.527771e-05
CAP_UTIL,CPI,5.5208886e-05
CAP_UTIL,bid_qty_window,5.2945707e-05
CAP_UTIL,WTI,5.0045084e-05
CAP_UTIL,KRX_CEMENT,4.721188e-05
CAP_UTIL,CCI,4.0120394e-05
CAP_UTIL,KRX_ENG,3.7754504e-05
CAP_UTIL,ta_avg_dev,3.3652086e-05
CAP_UTIL,PPI,3.3014087e-05
CAP_UTIL,NEWCASTLE_COAL_lag1,3.2965752e-05
CAP_UTIL,smp_window_mean_roll20_mean,2.9818537e-05
CAP_UTIL,weather_window_days,2.8621105e-05
CAP_UTIL,NEWCASTLE_COAL_roll20_mean,1.6873046e-05
CAP_UTIL,Brent,9.052298e-06
CAP_UTIL,FV_KAU19,7.3681335e-06
CAP_UTIL,CREDIT_SPREAD,6.0227926e-06
CAP_UTIL,IIP_MFG,5.6947297e-06
CAP_UTIL,BSI_E,4.9497257e-06
CAP_UTIL,ask_ratio_last_known,4.2814686e-06
CAP_UTIL,KOSPI,3.1853685e-06
CAP_UTIL,BOND_BBB,2.741795e-06
CAP_UTIL,smp_window_mean_roll5_mean,2.4266587e-06
CAP_UTIL,IMPORT,2.3431007e-06
CAP_UTIL,Oman_roll20_mean,1.1292203e-06
auction_window7,USD_CNY,0.00086630095
auction_window7,USD,0.0007709889
auction_window7,KRX_ENERGY_lag1,0.0005841334
auction_window7,KRX_ENG,0.00035704198
auction_window7,ta_avg,0.0001993456
auction_window7,HH_GAS,0.00018256306
auction_window7,IIP_CHEM,0.00014742945
auction_window7,NEWCASTLE_COAL,0.0001186967
auction_window7,KRX_ENERGY_roll5_mean,0.00010433398
auction_window7,VIX_KR,6.27746e-05
auction_window7,NEWCASTLE_COAL_roll5_mean,5.4962216e-05
auction_window7,smp_window_days,5.3625154e-05
auction_window7,ta_avg_dev_abs_window_max,4.7243655e-05
auction_window7,BSI_P,4.312247e-05
auction_window7,ask_ratio_last,4.1606338e-05
auction_window7,IND_ORDER,4.0638133e-05
auction_window7,weather_window_days,3.493139e-05
auction_window7,WTI,1.9720319e-05
auction_window7,smp_window_mean_roll20_mean,1.9720306e-05
auction_window7,IMPORT,1.9058194e-05
auction_window7,SMP_MEAN,1.41247065e-05
auction_window7,is_traded,1.3871717e-05
auction_window7,ta_avg_dev_abs_window_mean,1.1140505e-05
auction_window7,BOND_BBB_roll5_mean,9.447582e-06
auction_window7,Oman_roll20_mean,9.447361e-06
auction_window7,Oman_roll5_mean,9.447003e-06
auction_window7,CPI,1.5760104e-06
auction_window7,ta_avg_dev_window_mean,2.662086e-07
auction_window5,Dubai,0.0006601024
auction_window5,KRX_ENERGY_roll20_mean,0.0006053332
auction_window5,KRX_ENERGY_lag1,0.00025872965
auction_window5,Brent,0.00025593612
auction_window5,bid_qty_window,0.00025307806
auction_window5,ask_ratio_last,0.00021753876
auction_window5,KRX_ENG,0.0001385961
auction_window5,smp_window_days,0.000107234686
auction_window5,IND_ORDER,0.00010190264
auction_window5,is_traded,6.745616e-05
auction_window5,NEWCASTLE_COAL,5.9049842e-05
auction_window5,smp_window_mean,4.528562e-05
auction_window5,KRX_ENERGY,4.2179567e-05
auction_window5,KRX_ENERGY_roll5_mean,3.8507453e-05
auction_window5,ta_avg_dev_abs_window_max,3.4304827e-05
auction_window5,USD_CNY,3.1238953e-05
auction_window5,BOND_BBB_lag1,2.6962121e-05
auction_window5,ta_avg_window_mean,2.6264157e-05
auction_window5,BOND_BBB_roll5_mean,2.5851086e-05
auction_window5,CLI,2.5392152e-05
auction_window5,KRX_SEMICON,2.4061721e-05
auction_window5,USD,1.8658715e-05
auction_window5,ta_avg_dev_abs_window_mean,1.8480005e-05
auction_window5,NEWCASTLE_COAL_lag1,1.7057055e-05
auction_window5,IMPORT,1.5426145e-05
auction_window5,NEWCASTLE_COAL_roll5_mean,1.5138707e-05
auction_window5,BOND_3Y,1.0360776e-05
auction_window5,CCI,5.42184e-06
auction_window5,KOSPI,4.9763557e-06
auction_window5,Oman_roll20_mean,2.2326878e-06
auction_window5,KRX_CEMENT,5.0452735e-07
FV_KAU23,VIX_KR,0.00030515663
FV_KAU23,IND_ORDER,0.00023495193
FV_KAU23,ta_avg_dev_abs,0.00020728784
FV_KAU23,BOND_BBB_roll20_mean,0.0002032664
FV_KAU23,bid_qty_window,0.00016360465
FV_KAU23,KRX_ENERGY_roll20_mean,0.0001407604
FV_KAU23,ta_avg_dev_abs_window_mean,0.0001369129
FV_KAU23,ta_avg,0.00012250418
FV_KAU23,NEWCASTLE_COAL_lag1,0.00010409515
FV_KAU23,BOND_BBB_roll5_mean,0.000103382125
FV_KAU23,NEWCASTLE_COAL_roll20_mean,7.65375e-05
FV_KAU23,IMPORT,5.819389e-05
FV_KAU23,USD,4.0533287e-05
FV_KAU23,KRX_CEMENT,3.842925e-05
FV_KAU23,smp_window_days,3.4347668e-05
FV_KAU23,KRX_ENERGY_lag1,3.394407e-05
FV_KAU23,rn_day,2.3516666e-05
FV_KAU23,SMP_MEAN,1.8119954e-05
FV_KAU23,KRX_ENG,1.3283342e-05
FV_KAU23,Oman_roll20_mean,1.196885e-05
FV_KAU23,WTI,7.333525e-06
FV_KAU23,Oman_roll5_mean,6.8174145e-06
FV_KAU23,KRX_ENERGY_roll5_mean,5.479645e-06
FV_KAU23,smp_window_mean_roll5_mean,3.4374036e-06
FV_KAU23,USD_CNY,2.9566831e-06
FV_KAU23,EXPORT,2.5052743e-06
FV_KAU23,ta_avg_dev_window_mean,1.7772608e-06
ask_ratio_last_known,is_traded,0.00042419587
ask_ratio_last_known,Dubai,0.0003014207
ask_ratio_last_known,USD,0.00026679813
ask_ratio_last_known,ta_avg_dev_abs_window_max,0.00022351889
ask_ratio_last_known,KRX_SEMICON,0.0002101468
ask_ratio_last_known,KRX_ENERGY_lag1,0.00017106491
ask_ratio_last_known,NEWCASTLE_COAL_roll5_mean,0.00015821827
ask_ratio_last_known,VIX_KR,0.00012735117
ask_ratio_last_known,ta_avg,0.00010647663
ask_ratio_last_known,SMP_MEAN,9.6197524e-05
ask_ratio_last_known,HH_GAS,9.515786e-05
ask_ratio_last_known,Brent,9.466761e-05
ask_ratio_last_known,Oman_roll5_mean,8.713268e-05
ask_ratio_last_known,ta_avg_dev_abs,8.646322e-05
ask_ratio_last_known,bid_qty_window,8.6328284e-05
ask_ratio_last_known,rn_day_window_sum,5.506167e-05
ask_ratio_last_known,ta_avg_window_mean,5.0742943e-05
ask_ratio_last_known,KOSPI,4.7319747e-05
ask_ratio_last_known,KRX_ENERGY_roll20_mean,4.5377896e-05
ask_ratio_last_known,BOND_BBB_roll5_mean,4.481054e-05
ask_ratio_last_known,KRX_ENERGY,3.641873e-05
ask_ratio_last_known,Oman_lag1,3.065141e-05
ask_ratio_last_known,NEWCASTLE_COAL,1.9966592e-05
ask_ratio_last_known,ta_avg_dev_abs_window_mean,1.5864947e-05
ask_ratio_last_known,ta_avg_dev,1.4675707e-05
ask_ratio_last_known,smp_window_mean,1.4251646e-05
ask_ratio_last_known,BOND_BBB,1.2118883e-05
ask_ratio_last_known,USD_CNY,1.1547735e-05
ask_ratio_last_known,CREDIT_SPREAD,1.0562408e-05
ask_ratio_last_known,BSI_P,8.335073e-06
ask_ratio_last_known,smp_window_mean_roll20_mean,5.8480823e-06
ask_ratio_last_known,CAP_UTIL,4.281471e-06
ask_ratio_last_known,KRX_ENERGY_roll5_mean,4.215952e-06
ask_ratio_last_known,rn_day_window_mean,3.2817811e-06
ask_ratio_last_known,Oman_roll20_mean,1.843104e-06
ask_ratio_last_known,KRX_CEMENT,1.8040051e-06
FV_KAU22,VIX_KR,0.0003338967
FV_KAU22,NEWCASTLE_COAL_roll5_mean,0.00025982654
FV_KAU22,ask_ratio_last,0.00015664041
FV_KAU22,KRX_CEMENT,0.00015277935
FV_KAU22,Oman_roll20_mean,0.0001502796
FV_KAU22,smp_window_mean_roll5_mean,0.00011471747
FV_KAU22,smp_window_days,8.019687e-05
FV_KAU22,KRX_ENERGY_roll5_mean,7.657981e-05
FV_KAU22,rn_day,7.362441e-05
FV_KAU22,ta_avg_dev_abs_window_max,6.944365e-05
FV_KAU22,ta_avg_window_mean,6.800421e-05
FV_KAU22,HH_GAS,2.9593182e-05
FV_KAU22,KRX_ENG,1.8053152e-05
FV_KAU22,rn_day_window_sum,1.4372014e-05
FV_KAU22,CLI,1.1311728e-05
FV_KAU22,KRX_ENERGY_roll20_mean,1.1102196e-05
FV_KAU22,is_traded,9.811999e-06
FV_KAU22,bid_qty_window,8.741777e-06
FV_KAU22,ta_avg_dev_abs,8.171694e-06
FV_KAU22,IND_ORDER,6.1155483e-06
FV_KAU22,smp_window_mean,3.6545919e-06
FV_KAU22,NEWCASTLE_COAL,9.1331975e-07
FV_KAU22,CPI,7.8479985e-07
vintage_bucket,BOND_BBB_roll20_mean,0.00038914563
vintage_bucket,BOND_BBB_roll5_mean,0.00030243205
vintage_bucket,ta_avg_window_mean,0.0002820122
vintage_bucket,USD,0.0002524355
vintage_bucket,VIX_KR,0.00022158612
vintage_bucket,ta_avg_dev_abs_window_max,0.0002100585
vintage_bucket,ta_avg_dev_window_mean,0.00020283178
vintage_bucket,ta_avg,0.000180744
vintage_bucket,ask_ratio_last,0.00013708
vintage_bucket,BOND_3Y,0.00012960969
vintage_bucket,Oman_roll5_mean,0.00011481125
vintage_bucket,rn_day,0.000111612455
vintage_bucket,ta_avg_dev_abs,0.000108422355
vintage_bucket,KRX_IRON,0.00010401531
vintage_bucket,ta_avg_dev,9.223241e-05
vintage_bucket,weather_window_days,9.204582e-05
vintage_bucket,IMPORT,7.453353e-05
vintage_bucket,NEWCASTLE_COAL_lag1,7.01678e-05
vintage_bucket,Oman_lag1,6.142469e-05
vintage_bucket,PPI,6.09521e-05
vintage_bucket,IIP_CHEM,3.6002584e-05
vintage_bucket,ta_avg_dev_abs_window_mean,2.7452092e-05
vintage_bucket,KRX_ENERGY_roll20_mean,2.5287536e-05
vintage_bucket,rn_day_window_sum,2.489488e-05
vintage_bucket,KRX_SEMICON,2.4328954e-05
vintage_bucket,EXPORT,2.3351051e-05
vintage_bucket,BSI_P,2.0109894e-05
vintage_bucket,KRX_CEMENT,1.9938148e-05
vintage_bucket,CCI,1.9322168e-05
vintage_bucket,NEWCASTLE_COAL_roll5_mean,1.564461e-05
vintage_bucket,Dubai,1.4041609e-05
vintage_bucket,KRX_ENERGY_lag1,1.2034326e-05
vintage_bucket,HH_GAS,1.19116785e-05
vintage_bucket,WTI,1.0524444e-05
vintage_bucket,BOND_BBB,9.951169e-06
vintage_bucket,USD_CNY,6.212321e-06
vintage_bucket,smp_window_mean,6.163656e-06
vintage_bucket,NEWCASTLE_COAL_roll20_mean,5.4938887e-06
vintage_bucket,CPI,1.7960477e-06
vintage_bucket,KRX_ENERGY_roll5_mean,1.2526697e-06
vintage_bucket,IIP_STEEL,1.1403546e-06
vintage_bucket,KRX_ENERGY,1.1012515e-06
vintage_bucket,is_traded,9.95983e-07
vintage_bucket,NEWCASTLE_COAL,6.216745e-07
FV_KAU24,IMPORT,0.00019113746
FV_KAU24,USD_CNY,0.0001464699
FV_KAU24,VIX_KR,0.00014245776
FV_KAU24,BSI_P,9.122667e-05
FV_KAU24,ta_avg_dev_abs_window_mean,8.014527e-05
FV_KAU24,ta_avg_dev_abs_window_max,5.0819806e-05
FV_KAU24,smp_window_mean,2.415771e-05
FV_KAU24,KRX_IRON,2.185237e-05
FV_KAU24,Oman,1.3129974e-05
FV_KAU24,ask_ratio_last,1.2018551e-05
FV_KAU24,ta_avg_dev_abs,1.135028e-05
FV_KAU24,is_traded,8.59955e-06
FV_KAU24,CPI,3.616759e-07
FV_KAU24,NEWCASTLE_COAL_roll5_mean,1.6216654e-07
CALL,IMPORT,0.0003585453
CALL,ask_ratio_last,0.00029431065
CALL,ta_avg_dev_abs,0.00026962082
CALL,ta_avg,0.00018570472
CALL,VIX_KR,0.00013464795
CALL,IND_ORDER,0.00013311573
CALL,KRX_ENERGY_roll20_mean,8.653101e-05
CALL,rn_day_window_sum,4.1987827e-05
CALL,Oman_roll20_mean,3.465521e-05
CALL,NEWCASTLE_COAL_roll20_mean,2.4727005e-05
CALL,ta_avg_dev_abs_window_max,2.4090476e-05
CALL,USD,1.3741797e-05
CALL,is_traded,1.1512178e-05
CALL,GDP,1.132726e-05
CALL,SMP_MEAN,1.507038e-06
CALL,CCI,4.7465957e-07
FV_KAU20,KRX_SEMICON,2.3889264e-05
FV_KAU20,ask_ratio_last,1.7558823e-05
FV_KAU20,IND_ORDER,5.927777e-06
FV_KAU20,smp_window_mean_roll20_mean,1.4198512e-06
